{"lr": 0.005040144980500798, "data_time": 0.0771183967590332, "loss": 8.086823558807373, "decode.loss_ce": 1.5455387711524964, "decode.acc_seg": 51.93866729736328, "aux_0.loss_ce": 1.752561056613922, "aux_0.acc_seg": 35.75955581665039, "aux_1.loss_ce": 1.608148741722107, "aux_1.acc_seg": 38.79488754272461, "aux_2.loss_ce": 1.5405746817588806, "aux_2.acc_seg": 42.66688919067383, "aux_3.loss_ce": 1.640000581741333, "aux_3.acc_seg": 44.17244338989258, "time": 0.19347822666168213, "iter": 100, "memory": 17403, "step": 100}
{"lr": 0.005080615216132712, "data_time": 0.12470269203186035, "loss": 7.907140398025513, "decode.loss_ce": 1.4142051875591277, "decode.acc_seg": 61.42333221435547, "aux_0.loss_ce": 1.621672511100769, "aux_0.acc_seg": 48.5706672668457, "aux_1.loss_ce": 1.5948769092559814, "aux_1.acc_seg": 49.6075553894043, "aux_2.loss_ce": 1.5333585143089294, "aux_2.acc_seg": 47.332889556884766, "aux_3.loss_ce": 1.743027114868164, "aux_3.acc_seg": 46.4924430847168, "time": 0.19368631839752198, "iter": 200, "memory": 896, "step": 200}
