{"lr": 0.0015943962641761188, "data_time": 0.543449878692627, "loss": 5.28222246170044, "decode.loss_ce": 2.6481420278549193, "decode.acc_seg": 73.20305633544922, "aux_0.loss_ce": 0.5350315898656846, "aux_0.acc_seg": 75.69233703613281, "aux_1.loss_seg": 0.7031543731689454, "aux_2.loss_ce": 0.6506714344024658, "aux_2.acc_seg": 55.3223876953125, "aux_3.loss_ce": 0.7452230989933014, "aux_3.acc_seg": 52.283390045166016, "time": 0.6887076377868653, "iter": 100, "memory": 4875, "step": 100}
{"aAcc": 56.73, "mIoU": 40.15, "mAcc": 57.81, "avg_val_loss": 8.418778281811385, "data_time": 0.05286482323047727, "time": 0.10416541265886883, "step": 100}
{"lr": 0.002194796531020685, "data_time": 0.4606184005737305, "loss": 4.295978283882141, "decode.loss_ce": 2.1192588090896605, "decode.acc_seg": 83.75077819824219, "aux_0.loss_ce": 0.42099371254444123, "aux_0.acc_seg": 81.255615234375, "aux_1.loss_seg": 0.597826486825943, "aux_2.loss_ce": 0.5405930310487748, "aux_2.acc_seg": 72.83433532714844, "aux_3.loss_ce": 0.6173061668872833, "aux_3.acc_seg": 61.903724670410156, "time": 0.6128232717514038, "iter": 200, "memory": 9040, "step": 200}
{"aAcc": 68.82, "mIoU": 52.73, "mAcc": 68.79, "avg_val_loss": 7.778637002870353, "data_time": 0.04663102654204972, "time": 0.09628946205665326, "step": 200}
{"lr": 0.0027951967978652476, "data_time": 0.22395179271697999, "loss": 3.7741829633712767, "decode.loss_ce": 1.869636595249176, "decode.acc_seg": 84.345947265625, "aux_0.loss_ce": 0.35129607319831846, "aux_0.acc_seg": 86.40816497802734, "aux_1.loss_seg": 0.481517368555069, "aux_2.loss_ce": 0.4932799875736237, "aux_2.acc_seg": 78.3673324584961, "aux_3.loss_ce": 0.5784529387950897, "aux_3.acc_seg": 73.23916625976562, "time": 0.6568526029586792, "iter": 300, "memory": 924, "step": 300}
{"aAcc": 71.4, "mIoU": 55.86, "mAcc": 71.45, "avg_val_loss": 7.253254210333146, "data_time": 0.044488890417690934, "time": 0.09543680870670011, "step": 300}
{"lr": 0.0033955970647098093, "data_time": 0.13831145763397218, "loss": 3.5644001722335816, "decode.loss_ce": 1.7425321340560913, "decode.acc_seg": 80.05716705322266, "aux_0.loss_ce": 0.33630783557891847, "aux_0.acc_seg": 80.16627502441406, "aux_1.loss_seg": 0.4274223268032074, "aux_2.loss_ce": 0.4929890275001526, "aux_2.acc_seg": 76.53255462646484, "aux_3.loss_ce": 0.5651488304138184, "aux_3.acc_seg": 69.2877197265625, "time": 0.7195432901382446, "iter": 400, "memory": 924, "step": 400}
{"aAcc": 63.1, "mIoU": 46.1, "mAcc": 63.09, "avg_val_loss": 7.531257086896408, "data_time": 0.04985236025404656, "time": 0.1007505203115529, "step": 400}
{"lr": 0.003995997331554373, "data_time": 0.04379861354827881, "loss": 3.4250784873962403, "decode.loss_ce": 1.7283057570457458, "decode.acc_seg": 79.88922119140625, "aux_0.loss_ce": 0.3279857009649277, "aux_0.acc_seg": 81.9808349609375, "aux_1.loss_seg": 0.4006062388420105, "aux_2.loss_ce": 0.4459580987691879, "aux_2.acc_seg": 65.75355529785156, "aux_3.loss_ce": 0.5222225964069367, "aux_3.acc_seg": 59.52400207519531, "time": 0.8219660997390748, "iter": 500, "memory": 924, "step": 500}
{"aAcc": 65.73, "mIoU": 50.04, "mAcc": 67.18, "avg_val_loss": 7.808976791197793, "data_time": 0.036488966010082724, "time": 0.08685926185257134, "step": 500}
{"lr": 0.0045963975983989375, "data_time": 0.07144229412078858, "loss": 3.6047091245651246, "decode.loss_ce": 1.8976030230522156, "decode.acc_seg": 79.00355529785156, "aux_0.loss_ce": 0.33171309530735016, "aux_0.acc_seg": 82.31905364990234, "aux_1.loss_seg": 0.39604927599430084, "aux_2.loss_ce": 0.4614706724882126, "aux_2.acc_seg": 85.70127868652344, "aux_3.loss_ce": 0.5178730636835098, "aux_3.acc_seg": 79.22305297851562, "time": 0.6419132232666016, "iter": 600, "memory": 924, "step": 600}
{"aAcc": 75.63, "mIoU": 59.79, "mAcc": 73.96, "avg_val_loss": 7.587740623172496, "data_time": 0.04995837704888705, "time": 0.10155376072587638, "step": 600}
{"lr": 0.005196797865243495, "data_time": 0.4363807201385498, "loss": 3.122934412956238, "decode.loss_ce": 1.497162938117981, "decode.acc_seg": 85.45255279541016, "aux_0.loss_ce": 0.29481190592050555, "aux_0.acc_seg": 85.53461456298828, "aux_1.loss_seg": 0.3756673961877823, "aux_2.loss_ce": 0.43938638269901276, "aux_2.acc_seg": 78.63555908203125, "aux_3.loss_ce": 0.5159058123826981, "aux_3.acc_seg": 80.27078247070312, "time": 0.7319708108901978, "iter": 700, "memory": 924, "step": 700}
{"aAcc": 73.4, "mIoU": 57.38, "mAcc": 72.03, "avg_val_loss": 7.338483512077913, "data_time": 0.04731209250702255, "time": 0.09991926434396327, "step": 700}
{"lr": 0.005797198132088056, "data_time": 0.5016004562377929, "loss": 3.236487030982971, "decode.loss_ce": 1.5576383352279664, "decode.acc_seg": 88.63866424560547, "aux_0.loss_ce": 0.3043160140514374, "aux_0.acc_seg": 88.78988647460938, "aux_1.loss_seg": 0.42247033715248106, "aux_2.loss_ce": 0.4495092839002609, "aux_2.acc_seg": 73.7223892211914, "aux_3.loss_ce": 0.5025530517101288, "aux_3.acc_seg": 66.81522369384766, "time": 0.6771165370941162, "iter": 800, "memory": 924, "step": 800}
{"aAcc": 45.71, "mIoU": 21.49, "mAcc": 41.77, "avg_val_loss": 8.857920850251329, "data_time": 0.044542071463047776, "time": 0.09499216353756258, "step": 800}
{"lr": 0.006397598398932616, "data_time": 0.33264641761779784, "loss": 2.9425382137298586, "decode.loss_ce": 1.4292244911193848, "decode.acc_seg": 84.8098373413086, "aux_0.loss_ce": 0.28133115023374555, "aux_0.acc_seg": 85.99422454833984, "aux_1.loss_seg": 0.30876638889312746, "aux_2.loss_ce": 0.42252843976020815, "aux_2.acc_seg": 72.1163330078125, "aux_3.loss_ce": 0.5006877362728119, "aux_3.acc_seg": 65.91638946533203, "time": 0.8300763607025147, "iter": 900, "memory": 924, "step": 900}
{"aAcc": 66.52, "mIoU": 50.63, "mAcc": 67.04, "avg_val_loss": 9.091815734331758, "data_time": 0.030279493879997867, "time": 0.08184491628888009, "step": 900}
{"lr": 0.0069979986657771765, "data_time": 0.01835620403289795, "loss": 3.0910070180892943, "decode.loss_ce": 1.4988929629325867, "decode.acc_seg": 88.28272247314453, "aux_0.loss_ce": 0.29292214661836624, "aux_0.acc_seg": 87.82971954345703, "aux_1.loss_seg": 0.3329484313726425, "aux_2.loss_ce": 0.4570833593606949, "aux_2.acc_seg": 73.9199447631836, "aux_3.loss_ce": 0.5091601520776748, "aux_3.acc_seg": 75.9433364868164, "time": 0.5897751808166504, "iter": 1000, "memory": 924, "step": 1000}
{"aAcc": 62.77, "mIoU": 38.11, "mAcc": 54.89, "avg_val_loss": 9.29588944680161, "data_time": 0.03619375448117311, "time": 0.0878140926361084, "step": 1000}
{"lr": 0.0075983989326217465, "data_time": 0.20813586711883544, "loss": 2.9620298862457277, "decode.loss_ce": 1.474401021003723, "decode.acc_seg": 91.98600006103516, "aux_0.loss_ce": 0.27740348130464554, "aux_0.acc_seg": 91.16755676269531, "aux_1.loss_seg": 0.3416444331407547, "aux_2.loss_ce": 0.4055797815322876, "aux_2.acc_seg": 81.91378021240234, "aux_3.loss_ce": 0.4630011647939682, "aux_3.acc_seg": 76.6130599975586, "time": 0.7177669048309326, "iter": 1100, "memory": 924, "step": 1100}
{"aAcc": 66.51, "mIoU": 50.78, "mAcc": 67.49, "avg_val_loss": 9.442557690549663, "data_time": 0.045616500679103805, "time": 0.09667340092275334, "step": 1100}
{"lr": 0.008198799199466306, "data_time": 0.013776683807373047, "loss": 2.8266184329986572, "decode.loss_ce": 1.3889684677124023, "decode.acc_seg": 89.0951156616211, "aux_0.loss_ce": 0.27128004282712936, "aux_0.acc_seg": 89.75089263916016, "aux_1.loss_seg": 0.3149790406227112, "aux_2.loss_ce": 0.39244510531425475, "aux_2.acc_seg": 85.51533508300781, "aux_3.loss_ce": 0.45894575119018555, "aux_3.acc_seg": 82.77366638183594, "time": 0.5948039054870605, "iter": 1200, "memory": 924, "step": 1200}
{"aAcc": 80.35, "mIoU": 64.95, "mAcc": 77.86, "avg_val_loss": 9.346682101827964, "data_time": 0.03637492793729936, "time": 0.087173815431266, "step": 1200}
{"lr": 0.008799199466310867, "data_time": 0.011874914169311523, "loss": 2.868792462348938, "decode.loss_ce": 1.363145077228546, "decode.acc_seg": 87.58900451660156, "aux_0.loss_ce": 0.2634943976998329,