{"lr": 0.0015930867963809803, "data_time": 0.696472454071045, "loss": 8.51368007659912, "decode.loss_ce": 1.3989223122596741, "decode.acc_seg": 61.17616653442383, "aux_0.loss_ce": 2.2767111539840696, "aux_0.acc_seg": 44.78877639770508, "aux_1.loss_ce": 1.7699262261390687, "aux_1.acc_seg": 51.896278381347656, "aux_2.loss_ce": 1.5934274673461915, "aux_2.acc_seg": 53.9095573425293, "aux_3.loss_ce": 1.474692714214325, "aux_3.acc_seg": 56.53761291503906, "time": 0.8895038843154908, "iter": 100, "memory": 19198, "step": 100}
