{"lr": 0.0015943962641761188, "data_time": 0.39111177921295165, "loss": 4.459250283241272, "decode.loss_ce": 0.5849787294864655, "decode.acc_seg": 80.258056640625, "aux_0.loss_ce": 1.650272834300995, "aux_0.acc_seg": 73.7435531616211, "aux_1.loss_ce": 0.892874675989151, "aux_1.acc_seg": 80.28327941894531, "aux_2.loss_ce": 0.6778304696083068, "aux_2.acc_seg": 79.2137222290039, "aux_3.loss_ce": 0.6532935351133347, "aux_3.acc_seg": 72.0777816772461, "time": 0.9538655042648315, "iter": 100, "memory": 19198, "step": 100}
{"aAcc": 78.69, "mIoU": 61.61, "mAcc": 73.78, "avg_val_loss": 4.279143703545918, "data_time": 0.12204438586567723, "time": 0.20970944193906563, "step": 100}
{"lr": 0.002194796531020685, "data_time": 0.41889898777008056, "loss": 2.723961091041565, "decode.loss_ce": 0.4297842651605606, "decode.acc_seg": 79.0733871459961, "aux_0.loss_ce": 0.7847227573394775, "aux_0.acc_seg": 75.34400177001953, "aux_1.loss_ce": 0.5633568286895752, "aux_1.acc_seg": 77.24272155761719, "aux_2.loss_ce": 0.473896849155426, "aux_2.acc_seg": 76.54177856445312, "aux_3.loss_ce": 0.47220040261745455, "aux_3.acc_seg": 76.4276123046875, "time": 1.0202928066253663, "iter": 200, "memory": 10746, "step": 200}
{"aAcc": 75.43, "mIoU": 57.79, "mAcc": 71.29, "avg_val_loss": 4.108812507187501, "data_time": 0.12290934858650997, "time": 0.20545000591497312, "step": 200}
{"lr": 0.0027951967978652476, "data_time": 0.03695633411407471, "loss": 2.3912124276161193, "decode.loss_ce": 0.40411322712898257, "decode.acc_seg": 76.15066528320312, "aux_0.loss_ce": 0.6382031947374344, "aux_0.acc_seg": 68.07694244384766, "aux_1.loss_ce": 0.4851700752973557, "aux_1.acc_seg": 76.67605590820312, "aux_2.loss_ce": 0.4279646098613739, "aux_2.acc_seg": 78.39827728271484, "aux_3.loss_ce": 0.4357613444328308, "aux_3.acc_seg": 80.14277648925781, "time": 0.9388612747192383, "iter": 300, "memory": 2889, "step": 300}
{"aAcc": 78.85, "mIoU": 60.44, "mAcc": 72.6, "avg_val_loss": 3.8478062216838786, "data_time": 0.10585489492306764, "time": 0.18884254049980778, "step": 300}
{"lr": 0.0033955970647098093, "data_time": 0.008206033706665039, "loss": 2.160884606838226, "decode.loss_ce": 0.36627172231674193, "decode.acc_seg": 84.16355895996094, "aux_0.loss_ce": 0.5356217294931411, "aux_0.acc_seg": 80.80977630615234, "aux_1.loss_ce": 0.4346935302019119, "aux_1.acc_seg": 78.20555877685547, "aux_2.loss_ce": 0.4032989054918289, "aux_2.acc_seg": 76.91294860839844, "aux_3.loss_ce": 0.42099873125553133, "aux_3.acc_seg": 74.50366973876953, "time": 0.8445586442947388, "iter": 400, "memory": 2889, "step": 400}
{"aAcc": 79.33, "mIoU": 61.14, "mAcc": 73.19, "avg_val_loss": 3.77623593220106, "data_time": 0.10349665016963563, "time": 0.18660137297093182, "step": 400}
{"lr": 0.003995997331554373, "data_time": 0.35779805183410646, "loss": 2.0860517978668214, "decode.loss_ce": 0.362332384288311, "decode.acc_seg": 88.25005340576172, "aux_0.loss_ce": 0.49564084112644197, "aux_0.acc_seg": 82.68433380126953, "aux_1.loss_ce": 0.4167328864336014, "aux_1.acc_seg": 85.28844451904297, "aux_2.loss_ce": 0.3989980399608612, "aux_2.acc_seg": 86.95616912841797, "aux_3.loss_ce": 0.412347686290741, "aux_3.acc_seg": 86.774169921875, "time": 1.0938881874084472, "iter": 500, "memory": 2889, "step": 500}
{"aAcc": 79.16, "mIoU": 61.58, "mAcc": 73.74, "avg_val_loss": 3.784237599085298, "data_time": 0.11657638385378082, "time": 0.19968086275561103, "step": 500}
{"lr": 0.0045963975983989375, "data_time": 0.9623376846313476, "loss": 1.9403203129768372, "decode.loss_ce": 0.3151813417673111, "decode.acc_seg": 89.10138702392578, "aux_0.loss_ce": 0.5000423282384873, "aux_0.acc_seg": 81.07933044433594, "aux_1.loss_ce": 0.3988844305276871, "aux_1.acc_seg": 85.91016387939453, "aux_2.loss_ce": 0.36581996381282805, "aux_2.acc_seg": 87.26599884033203, "aux_3.loss_ce": 0.36039220094680785, "aux_3.acc_seg": 86.04161071777344, "time": 1.1808281660079956, "iter": 600, "memory": 2889, "step": 600}
{"aAcc": 80.5, "mIoU": 63.44, "mAcc": 75.21, "avg_val_loss": 3.7207055180378945, "data_time": 0.11278228650147888, "time": 0.19553304266655583, "step": 600}
{"lr": 0.005196797865243495, "data_time": 0.22638909816741942, "loss": 1.9259077191352845, "decode.loss_ce": 0.3224937230348587, "decode.acc_seg": 87.50016784667969, "aux_0.loss_ce": 0.4653916984796524, "aux_0.acc_seg": 84.79939270019531, "aux_1.loss_ce": 0.39156533479690553, "aux_1.acc_seg": 86.72083282470703, "aux_2.loss_ce": 0.3705208361148834, "aux_2.acc_seg": 86.7243881225586, "aux_3.loss_ce": 0.3759361237287521, "aux_3.acc_seg": 85.12667083740234, "time": 0.93652822971344, "iter": 700, "memory": 2889, "step": 700}
{"aAcc": 73.84, "mIoU": 56.73, "mAcc": 70.9, "avg_val_loss": 3.7106460170103004, "data_time": 0.12975379242294136, "time": 0.21290938881621962, "step": 700}
{"lr": 0.005797198132088056, "data_time": 0.7328263521194458, "loss": 1.715813970565796, "decode.loss_ce": 0.2798639416694641, "decode.acc_seg": 87.5441665649414, "aux_0.loss_ce": 0.42154247760772706, "aux_0.acc_seg": 83.7435531616211, "aux_1.loss_ce": 0.35200255513191225, "aux_1.acc_seg": 85.84149932861328, "aux_2.loss_ce": 0.32708964347839353, "aux_2.acc_seg": 85.49533081054688, "aux_3.loss_ce": 0.33531534373760224, "aux_3.acc_seg": 85.39461517333984, "time": 0.9343644618988037, "iter": 800, "memory": 2889, "step": 800}
{"aAcc": 77.25, "mIoU": 59.12, "mAcc": 71.6, "avg_val_loss": 3.7006381377251003, "data_time": 0.12606319339796043, "time": 0.20895792149949347, "step": 800}
{"lr": 0.006397598398932616, "data_time": 0.6413389205932617, "loss": 1.7097173810005188, "decode.loss_ce": 0.26980826407670977, "decode.acc_seg": 87.3554458618164, "aux_0.loss_ce": 0.4411297619342804, "aux_0.acc_seg": 87.90438842773438, "aux_1.loss_ce": 0.35427470654249194, "aux_1.acc_seg": 83.53927612304688, "aux_2.loss_ce": 0.3243104174733162, "aux_2.acc_seg": 84.0062255859375, "aux_3.loss_ce": 0.3201942190527916, "aux_3.acc_seg": 84.41644287109375, "time": 1.031574583053589, "iter": 900, "memory": 2889, "step": 900}
{"aAcc": 78.71, "mIoU": 60.97, "mAcc": 73.19, "avg_val_loss": 3.7072957196963383, "data_time": 0.12133065037343693, "time": 0.20418419235054103, "step": 900}
{"lr": 0.0069979986657771765, "data_time": 0.05093545913696289, "loss": 1.4873774766921997, "decode.loss_ce": 0.24189769625663757, "decode.acc_seg": 88.22450256347656, "aux_0.loss_ce": 0.37984510958194734, "aux_0.acc_seg": 77.54622650146484, "aux_1.loss_ce": 0.30417729169130325, "aux_1.acc_seg": 81.76355743408203, "aux_2.loss_ce": 0.2784599393606186, "aux_2.acc_seg": 84.6259994506836, "aux_3.loss_ce": 0.2829974368214607, "aux_3.acc_seg": 85.0816650390625, "time": 1.1033937454223632, "iter": 1000, "memory": 2889, "step": 1000}
{"aAcc": 73.23, "mIoU": 54.52, "mAcc": 67.93, "avg_val_loss": 3.7436446490082127, "data_time": 0.11008872656986632, "time": 0.19265525094394026, "step": 1000}
{"lr": 0.0075983989326217465, "data_time": 0.6405574321746826, "loss": 1.7630780696868897, "decode.loss_ce": 0.2889727160334587, "decode.acc_seg": 88.4205551147461, "aux_0.loss_ce": 0.42017297744750975, "aux_0.acc_seg": 84.7953872680664, "aux_1.loss_ce": 0.36569979786872864, "aux_1.acc_seg": 84.54722595214844, "aux_2.loss_ce": 0.34662051051855086, "aux_2.acc_seg": 86.24894714355469, "aux_3.loss_ce": 0.34161209017038346, "aux_3.acc_seg": 84.9445571899414, "time": 0.9335650205612183, "iter": 1100, "memory": 2889, "step": 1100}
{"aAcc": 74.73, "mIoU": 55.07, "mAcc": 68.05, "avg_val_loss": 3.755691823752172, "data_time": 0.13150649509210696, "time": 0.2141682690587537, "step": 1100}
{"lr": 0.008198799199466306, "data_time": 0.4215677499771118, "loss": 1.7146718144416808, "decode.loss_ce": 0.3016128197312355, "decode.acc_seg": 86.59272003173828, "aux_0.loss_ce": 0.39393649697303773, "aux_0.acc_seg": 84.85600280761719, "aux_1.loss_ce": 0.3415322482585907, "aux_1.acc_seg": 86.67439270019531, "aux_2.loss_ce": 0.32800379395484924, "aux_2.acc_seg": 86.20899963378906, "aux_3.loss_ce": 0.3495864897966385, "aux_3.acc_seg": 82.56500244140625,