{"lr": 0.004305588208529339, "data_time": 0.30414228439331054, "loss": 4.408600330352783, "decode.loss_ce": 0.7853105068206787, "decode.acc_seg": 75.81783294677734, "aux_0.loss_ce": 1.1423543334007262, "aux_0.acc_seg": 49.023887634277344, "aux_1.loss_ce": 0.9163595557212829, "aux_1.acc_seg": 68.69005584716797, "aux_2.loss_ce": 0.8081869602203369, "aux_2.acc_seg": 72.83088684082031, "aux_3.loss_ce": 0.75638906955719, "aux_3.acc_seg": 73.73544311523438, "time": 0.5099483728408813, "iter": 555, "memory": 19198, "step": 555}
{"lr": 0.009106373674004149, "data_time": 0.03909957408905029, "loss": 3.7472042083740233, "decode.loss_ce": 0.6001635700464248, "decode.acc_seg": 76.94677734375, "aux_0.loss_ce": 0.9933809995651245, "aux_0.acc_seg": 61.67316818237305, "aux_1.loss_ce": 0.8257129848003387, "aux_1.acc_seg": 71.25971984863281, "aux_2.loss_ce": 0.7118930995464325, "aux_2.acc_seg": 76.91905975341797, "aux_3.loss_ce": 0.6160535246133805, "aux_3.acc_seg": 78.49522399902344, "time": 0.5211111068725586, "iter": 10000, "memory": 2889, "step": 10000}
{"aAcc": 73.04, "mIoU": 45.21, "mAcc": 56.79, "avg_val_loss": 3.1776075460455973, "data_time": 0.004229721493191189, "time": 0.3437232944700453, "step": 10000}
{"lr": 0.008200516139713258, "data_time": 0.008189249038696288, "loss": 3.5074521780014036, "decode.loss_ce": 0.5579592168331147, "decode.acc_seg": 88.62239074707031, "aux_0.loss_ce": 0.9411654055118561, "aux_0.acc_seg": 70.7508316040039, "aux_1.loss_ce": 0.7737629652023316, "aux_1.acc_seg": 81.61077880859375, "aux_2.loss_ce": 0.6770352482795715, "aux_2.acc_seg": 83.9072265625, "aux_3.loss_ce": 0.5575293362140655, "aux_3.acc_seg": 88.48377990722656, "time": 0.45830087661743163, "iter": 20000, "memory": 10746, "step": 20000}
{"aAcc": 84.36, "mIoU": 55.04, "mAcc": 63.21, "avg_val_loss": 2.7930651932656434, "data_time": 0.0036312069438249202, "time": 0.343708922223347, "step": 20000}
{"lr": 0.007283232762750171, "data_time": 0.19609456062316893, "loss": 3.1861991405487062, "decode.loss_ce": 0.4979720592498779, "decode.acc_seg": 86.20694732666016, "aux_0.loss_ce": 0.8573212921619415, "aux_0.acc_seg": 65.54783630371094, "aux_1.loss_ce": 0.7180000364780426, "aux_1.acc_seg": 74.65499877929688, "aux_2.loss_ce": 0.6047775119543075, "aux_2.acc_seg": 78.6256103515625, "aux_3.loss_ce": 0.5081282615661621, "aux_3.acc_seg": 84.38583374023438, "time": 0.3970345973968506, "iter": 30000, "memory": 2889, "step": 30000}
{"aAcc": 55.08, "mIoU": 29.89, "mAcc": 44.45, "avg_val_loss": 4.576844016931921, "data_time": 0.0034658544079427442, "time": 0.34216858595279265, "step": 30000}
{"lr": 0.006352703407289149, "data_time": 0.33579587936401367, "loss": 3.486529588699341, "decode.loss_ce": 0.5424615055322647, "decode.acc_seg": 76.00211334228516, "aux_0.loss_ce": 0.9143476605415344, "aux_0.acc_seg": 55.5537223815918, "aux_1.loss_ce": 0.7724945843219757, "aux_1.acc_seg": 63.9011116027832, "aux_2.loss_ce": 0.687378466129303, "aux_2.acc_seg": 67.51728057861328, "aux_3.loss_ce": 0.5698473334312439, "aux_3.acc_seg": 72.83294677734375, "time": 0.5367151737213135, "iter": 40000, "memory": 2889, "step": 40000}
{"aAcc": 79.69, "mIoU": 50.91, "mAcc": 60.95, "avg_val_loss": 4.734655178594377, "data_time": 0.003417521516922572, "time": 0.34409919440614145, "step": 40000}
{"lr": 0.0054064577076796795, "data_time": 0.044710946083068845, "loss": 3.0585602283477784, "decode.loss_ce": 0.43254474401473997, "decode.acc_seg": 83.14866638183594, "aux_0.loss_ce": 0.8863670825958252, "aux_0.acc_seg": 66.06922149658203, "aux_1.loss_ce": 0.7076269209384918, "aux_1.acc_seg": 75.9786148071289, "aux_2.loss_ce": 0.5885296821594238, "aux_2.acc_seg": 81.12905883789062, "aux_3.loss_ce": 0.4434917658567429, "aux_3.acc_seg": 82.56727600097656, "time": 0.4448696136474609, "iter": 50000, "memory": 2889, "step": 50000}
{"aAcc": 59.82, "mIoU": 35.9, "mAcc": 50.37, "avg_val_loss": 4.384070025004852, "data_time": 0.0035315416340288724, "time": 0.34083622892257115, "step": 50000}
