{"lr": 0.0015943962641761188, "data_time": 0.04861171245574951, "loss": 3.139284873008728, "decode.loss_ce": 0.6681984961032867, "decode.acc_seg": 81.07644653320312, "aux_0.loss_ce": 0.8641695618629456, "aux_0.acc_seg": 75.03067016601562, "aux_1.loss_ce": 0.6278016597032547, "aux_1.acc_seg": 82.8572769165039, "aux_2.loss_ce": 0.4998622536659241, "aux_2.acc_seg": 85.98355865478516, "aux_3.loss_ce": 0.47925289273262023, "aux_3.acc_seg": 87.61316680908203, "time": 0.6358183860778809, "iter": 100, "memory": 19637, "step": 100}
{"aAcc": 55.52, "mIoU": 41.09, "mAcc": 56.7, "avg_val_loss": 4.271362925394934, "data_time": 0.01165567165197328, "time": 0.12758613741675087, "step": 100}
{"lr": 0.002194796531020685, "data_time": 0.37208263874053954, "loss": 2.430031991004944, "decode.loss_ce": 0.5694333523511886, "decode.acc_seg": 82.46216583251953, "aux_0.loss_ce": 0.6071134626865387, "aux_0.acc_seg": 81.18994903564453, "aux_1.loss_ce": 0.4587311863899231, "aux_1.acc_seg": 86.90377807617188, "aux_2.loss_ce": 0.4004335135221481, "aux_2.acc_seg": 88.14033508300781, "aux_3.loss_ce": 0.3943205028772354, "aux_3.acc_seg": 87.4195556640625, "time": 0.5357076168060303, "iter": 200, "memory": 34216, "step": 200}
{"aAcc": 56.71, "mIoU": 41.44, "mAcc": 58.61, "avg_val_loss": 4.688876730308198, "data_time": 0.0068059789723363415, "time": 0.0939173342167646, "step": 200}
{"lr": 0.0027951967978652476, "data_time": 0.2980979919433594, "loss": 2.1401447534561155, "decode.loss_ce": 0.5073750734329223, "decode.acc_seg": 77.4378890991211, "aux_0.loss_ce": 0.5324765533208847, "aux_0.acc_seg": 77.65872192382812, "aux_1.loss_ce": 0.39843654334545137, "aux_1.acc_seg": 84.95905303955078, "aux_2.loss_ce": 0.3540643140673637, "aux_2.acc_seg": 83.5142822265625, "aux_3.loss_ce": 0.34779229909181597, "aux_3.acc_seg": 83.60578155517578, "time": 0.5833827733993531, "iter": 300, "memory": 2735, "step": 300}
{"aAcc": 49.6, "mIoU": 33.4, "mAcc": 54.41, "avg_val_loss": 4.619079989270393, "data_time": 0.007399608348977977, "time": 0.09673051450444364, "step": 300}
{"lr": 0.0033955970647098093, "data_time": 0.3568519830703735, "loss": 2.163476252555847, "decode.loss_ce": 0.5142401933670044, "decode.acc_seg": 71.67916870117188, "aux_0.loss_ce": 0.5199083864688874, "aux_0.acc_seg": 78.76350402832031, "aux_1.loss_ce": 0.38917116522789, "aux_1.acc_seg": 83.40289306640625, "aux_2.loss_ce": 0.3647158682346344, "aux_2.acc_seg": 83.94277954101562, "aux_3.loss_ce": 0.3754406824707985, "aux_3.acc_seg": 83.5096664428711, "time": 0.5291961908340455, "iter": 400, "memory": 2735, "step": 400}
{"aAcc": 45.04, "mIoU": 28.48, "mAcc": 48.53, "avg_val_loss": 4.745190630835748, "data_time": 0.0072859237933981, "time": 0.09500010534264576, "step": 400}
{"lr": 0.003995997331554373, "data_time": 0.1883532762527466, "loss": 1.7980369448661804, "decode.loss_ce": 0.40729975402355195, "decode.acc_seg": 84.46244812011719, "aux_0.loss_ce": 0.42185893654823303, "aux_0.acc_seg": 85.25483703613281, "aux_1.loss_ce": 0.33772059679031374, "aux_1.acc_seg": 87.0776138305664, "aux_2.loss_ce": 0.3095106273889542, "aux_2.acc_seg": 86.43716430664062, "aux_3.loss_ce": 0.32164705991744996, "aux_3.acc_seg": 86.09139251708984, "time": 0.5185647487640381, "iter": 500, "memory": 2735, "step": 500}
{"aAcc": 57.6, "mIoU": 40.23, "mAcc": 57.7, "avg_val_loss": 4.65257535751103, "data_time": 0.007568767701072255, "time": 0.09706534736457913, "step": 500}
{"lr": 0.0045963975983989375, "data_time": 0.47148263454437256, "loss": 1.6254444122314453, "decode.loss_ce": 0.34159862995147705, "decode.acc_seg": 88.42021942138672, "aux_0.loss_ce": 0.38747463226318357, "aux_0.acc_seg": 85.44205474853516, "aux_1.loss_ce": 0.3082707583904266, "aux_1.acc_seg": 89.07266998291016, "aux_2.loss_ce": 0.2909407079219818, "aux_2.acc_seg": 88.6891098022461, "aux_3.loss_ce": 0.2971597030758858, "aux_3.acc_seg": 89.8010025024414, "time": 0.6393905401229858, "iter": 600, "memory": 2735, "step": 600}
{"aAcc": 66.08, "mIoU": 47.68, "mAcc": 63.49, "avg_val_loss": 4.646870162432422, "data_time": 0.007522552862934683, "time": 0.09831240533412187, "step": 600}
{"lr": 0.005196797865243495, "data_time": 0.348574161529541, "loss": 1.6232712864875793, "decode.loss_ce": 0.33961438536643984, "decode.acc_seg": 87.42888641357422, "aux_0.loss_ce": 0.3896619975566864, "aux_0.acc_seg": 76.40277862548828, "aux_1.loss_ce": 0.3112339749932289, "aux_1.acc_seg": 84.52566528320312, "aux_2.loss_ce": 0.28400793522596357, "aux_2.acc_seg": 88.2435531616211, "aux_3.loss_ce": 0.2987529933452606, "aux_3.acc_seg": 87.41789245605469, "time": 0.5242601871490479, "iter": 700, "memory": 2735, "step": 700}
{"aAcc": 71.01, "mIoU": 51.96, "mAcc": 66.88, "avg_val_loss": 4.605397804656573, "data_time": 0.008099366878641063, "time": 0.09645155106467762, "step": 700}
{"lr": 0.005797198132088056, "data_time": 0.07415332794189453, "loss": 1.4590721130371094, "decode.loss_ce": 0.295359206199646, "decode.acc_seg": 83.96639251708984, "aux_0.loss_ce": 0.352439883351326, "aux_0.acc_seg": 81.67911529541016, "aux_1.loss_ce": 0.28140104860067366, "aux_1.acc_seg": 86.06405639648438, "aux_2.loss_ce": 0.26450328081846236, "aux_2.acc_seg": 85.77044677734375, "aux_3.loss_ce": 0.26536871641874316, "aux_3.acc_seg": 85.39727783203125, "time": 0.4953769207000732, "iter": 800, "memory": 2735, "step": 800}
{"aAcc": 52.14, "mIoU": 34.7, "mAcc": 53.46, "avg_val_loss": 4.676718560390567, "data_time": 0.007168514975186052, "time": 0.096990207145954, "step": 800}
{"lr": 0.006397598398932616, "data_time": 0.3975597620010376, "loss": 1.657895803451538, "decode.loss_ce": 0.3275695815682411, "decode.acc_seg": 85.09278106689453, "aux_0.loss_ce": 0.39681095629930496, "aux_0.acc_seg": 84.28794860839844, "aux_1.loss_ce": 0.3222833231091499, "aux_1.acc_seg": 86.42300415039062, "aux_2.loss_ce": 0.3101741150021553, "aux_2.acc_seg": 85.1568374633789, "aux_3.loss_ce": 0.30105782896280286, "aux_3.acc_seg": 85.79683685302734, "time": 0.5903303384780884, "iter": 900, "memory": 2735, "step": 900}
{"aAcc": 69.45, "mIoU": 49.96, "mAcc": 64.23, "avg_val_loss": 4.631955922860229, "data_time": 0.006993225251121083, "time": 0.09819612009771939, "step": 900}
{"lr": 0.0069979986657771765, "data_time": 0.5678466320037842, "loss": 1.5720406293869018, "decode.loss_ce": 0.3155230298638344, "decode.acc_seg": 85.77483367919922, "aux_0.loss_ce": 0.373795810341835, "aux_0.acc_seg": 80.11739349365234, "aux_1.loss_ce": 0.3017690360546112, "aux_1.acc_seg": 84.59427642822266, "aux_2.loss_ce": 0.2871030241250992, "aux_2.acc_seg": 85.95288848876953, "aux_3.loss_ce": 0.29384970366954805, "aux_3.acc_seg": 86.8554458618164, "time": 0.7408716678619385, "iter": 1000, "memory": 2735, "step": 1000}
{"aAcc": 67.63, "mIoU": 48.4, "mAcc": 63.54, "avg_val_loss": 4.624213480435268, "data_time": 0.0068546355455771256, "time": 0.09977481008946211, "step": 1000}
{"lr": 0.0075983989326217465, "data_time": 0.033709263801574706, "loss": 1.2775018453598022, "decode.loss_ce": 0.2602414920926094, "decode.acc_seg": 88.58877563476562, "aux_0.loss_ce": 0.3176727518439293, "aux_0.acc_seg": 85.25311279296875, "aux_1.loss_ce": 0.23502612113952637, "aux_1.acc_seg": 89.67655944824219, "aux_2.loss_ce": 0.22709583938121797, "aux_2.acc_seg": 90.12110900878906, "aux_3.loss_ce": 0.23746568709611893, "aux_3.acc_seg": 89.95211029052734, "time": 0.5015151739120484, "iter": 1100, "memory": 2735, "step": 1100}
{"aAcc": 66.29, "mIoU": 47.55, "mAcc": 62.93, "avg_val_loss": 4.6387821690424484, "data_time": 0.00745672467111171, "time": 0.10045185582391147, "step": 1100}
{"lr": 0.008198799199466306, "data_time": 0.45329129695892334, "loss": 1.437773633003235, "decode.loss_ce": 0.28696199208498, "decode.acc_seg": 88.88572692871094, "aux_0.loss_ce": 0.3391713485121727, "aux_0.acc_seg": 90.98461151123047, "aux_1.loss_ce": 0.2678195908665657, "aux_1.acc_seg": 90.8143310546875, "aux_2.loss_ce": 0.26636485010385513, "aux_2.acc_seg": 90.20838928222656, "aux_3.loss_ce": 0.2774558708071709, "aux_3.acc_seg": 89.33350372314453,