{"aAcc": 87.72, "mIoU": 56.78, "mAcc": 66.48, "data_time": 0.05076355601872675, "time": 0.07453293963574548}