{"lr": 0.0015930867963809803, "data_time": 0.3266202688217163, "loss": 5.373479413986206, "decode.loss_ce": 0.7789935767650604, "decode.acc_seg": 66.94499969482422, "aux_0.loss_ce": 1.6959790945053101, "aux_0.acc_seg": 60.49522399902344, "aux_1.loss_ce": 1.1861704289913177, "aux_1.acc_seg": 64.08900451660156, "aux_2.loss_ce": 0.8916139364242553, "aux_2.acc_seg": 64.9993896484375, "aux_3.loss_ce": 0.82072234749794, "aux_3.acc_seg": 65.25538635253906, "time": 0.8965389490127563, "iter": 100, "memory": 19198, "step": 100}
{"aAcc": 61.27, "mIoU": 30.33, "mAcc": 42.79, "avg_val_loss": 6.3886241105913415, "data_time": 0.12412659512009731, "time": 0.21261716720669768, "step": 100}
{"lr": 0.002191123271301943, "data_time": 0.49340455532073973, "loss": 4.591810512542724, "decode.loss_ce": 0.7554182469844818, "decode.acc_seg": 73.21077728271484, "aux_0.loss_ce": 1.2770300149917602, "aux_0.acc_seg": 67.75150299072266, "aux_1.loss_ce": 0.9687608361244202, "aux_1.acc_seg": 70.81944274902344, "aux_2.loss_ce": 0.8101261377334594, "aux_2.acc_seg": 71.47844696044922, "aux_3.loss_ce": 0.780475127696991, "aux_3.acc_seg": 70.21717071533203, "time": 0.9204487085342408, "iter": 200, "memory": 10746, "step": 200}
{"aAcc": 54.33, "mIoU": 28.95, "mAcc": 41.81, "avg_val_loss": 6.061337303784159, "data_time": 0.1330065973873796, "time": 0.21598240424846782, "step": 200}
