{"lr": 0.0015943962641761188, "data_time": 0.015793657302856444, "loss": 2.226838397979736, "decode.loss_ce": 0.5727546513080597, "decode.acc_seg": 75.00544738769531, "aux_0.loss_ce": 0.5555432945489883, "aux_0.acc_seg": 75.86483764648438, "aux_1.loss_ce": 0.5466046869754791, "aux_1.acc_seg": 75.4818344116211, "aux_2.loss_ce": 0.551935788989067, "aux_2.acc_seg": 72.84666442871094, "time": 0.6137974739074707, "iter": 100, "memory": 35297, "step": 100}
{"aAcc": 71.29, "mIoU": 55.09, "mAcc": 69.6, "avg_val_loss": 2.5630807803388227, "data_time": 0.011123039001642271, "time": 0.16370019801827365, "step": 100}
{"lr": 0.002194796531020685, "data_time": 0.017386960983276366, "loss": 1.9053046464920045, "decode.loss_ce": 0.4694494605064392, "decode.acc_seg": 76.32344818115234, "aux_0.loss_ce": 0.462441623210907, "aux_0.acc_seg": 79.94044494628906, "aux_1.loss_ce": 0.47707908451557157, "aux_1.acc_seg": 82.51622009277344, "aux_2.loss_ce": 0.49633452892303465, "aux_2.acc_seg": 82.4290542602539, "time": 0.5476549863815308, "iter": 200, "memory": 17203, "step": 200}
{"aAcc": 61.23, "mIoU": 46.72, "mAcc": 61.59, "avg_val_loss": 2.954561178098645, "data_time": 0.005929968822961566, "time": 0.128927337712255, "step": 200}
{"lr": 0.0027951967978652476, "data_time": 0.009088730812072754, "loss": 1.6615661144256593, "decode.loss_ce": 0.4060606837272644, "decode.acc_seg": 80.7838363647461, "aux_0.loss_ce": 0.39116311371326445, "aux_0.acc_seg": 81.57438659667969, "aux_1.loss_ce": 0.4147612065076828, "aux_1.acc_seg": 82.18238830566406, "aux_2.loss_ce": 0.44958108365535737, "aux_2.acc_seg": 78.60305786132812, "time": 0.7711849212646484, "iter": 300, "memory": 6032, "step": 300}
{"aAcc": 58.58, "mIoU": 43.32, "mAcc": 61.6, "avg_val_loss": 3.7253603315957573, "data_time": 0.0054168317509793685, "time": 0.1254671168053287, "step": 300}
{"lr": 0.0033955970647098093, "data_time": 0.008777594566345215, "loss": 1.621756637096405, "decode.loss_ce": 0.39030382633209226, "decode.acc_seg": 83.7114486694336, "aux_0.loss_ce": 0.3739650696516037, "aux_0.acc_seg": 84.65460968017578, "aux_1.loss_ce": 0.405876362323761, "aux_1.acc_seg": 83.65733337402344, "aux_2.loss_ce": 0.45161139965057373, "aux_2.acc_seg": 82.00472259521484, "time": 0.5345646858215332, "iter": 400, "memory": 6032, "step": 400}
{"aAcc": 54.03, "mIoU": 38.95, "mAcc": 58.3, "avg_val_loss": 4.625950897297664, "data_time": 0.007724890763732208, "time": 0.12715615075210046, "step": 400}
{"lr": 0.003995997331554373, "data_time": 0.00954887866973877, "loss": 1.5327895522117614, "decode.loss_ce": 0.3706224650144577, "decode.acc_seg": 81.33100128173828, "aux_0.loss_ce": 0.35314948558807374, "aux_0.acc_seg": 82.59339141845703, "aux_1.loss_ce": 0.3833324104547501, "aux_1.acc_seg": 82.34227752685547, "aux_2.loss_ce": 0.42568516433238984, "aux_2.acc_seg": 82.03128051757812, "time": 0.5623438119888305, "iter": 500, "memory": 6032, "step": 500}
{"aAcc": 64.62, "mIoU": 50.12, "mAcc": 66.89, "avg_val_loss": 4.510530899700366, "data_time": 0.006730268741476125, "time": 0.1287561750960076, "step": 500}
{"lr": 0.0045963975983989375, "data_time": 0.011055350303649902, "loss": 1.4084322810173036, "decode.loss_ce": 0.3295681118965149, "decode.acc_seg": 84.83833312988281, "aux_0.loss_ce": 0.31716338694095614, "aux_0.acc_seg": 85.88994598388672, "aux_1.loss_ce": 0.3531824588775635, "aux_1.acc_seg": 83.90594482421875, "aux_2.loss_ce": 0.4085183203220367, "aux_2.acc_seg": 80.8052749633789, "time": 0.5239384651184082, "iter": 600, "memory": 6032, "step": 600}
{"aAcc": 60.5, "mIoU": 45.52, "mAcc": 62.07, "avg_val_loss": 4.616445207369258, "data_time": 0.0071125194944184405, "time": 0.13034741631869612, "step": 600}
