{"aAcc": 87.72, "mIoU": 54.28, "mAcc": 64.56, "data_time": 0.05530131679292413, "time": 0.0756905443219509}