{"lr": 0.005201541801877408, "data_time": 0.044620203971862796, "loss": 7.580915212631226, "decode.loss_ce": 1.1977912843227387, "decode.acc_seg": 60.487998962402344, "aux_0.loss_ce": 1.7186673521995544, "aux_0.acc_seg": 29.248889923095703, "aux_1.loss_ce": 1.5494995355606078, "aux_1.acc_seg": 29.586444854736328, "aux_2.loss_ce": 1.5145442605018615, "aux_2.acc_seg": 30.180667877197266, "aux_3.loss_ce": 1.6004128575325012, "aux_3.acc_seg": 25.997777938842773, "time": 0.1259615898132324, "iter": 500, "memory": 17409, "step": 500}
