{"aAcc": 87.72, "mIoU": 54.28, "mAcc": 64.56, "data_time": 0.05587426724235703, "time": 0.07759272935629474}