{"lr": 0.0050220502205022026, "data_time": 0.009966444969177247, "loss": 9.172043943405152, "decode.loss_ce": 1.6064331650733947, "decode.acc_seg": 63.21377944946289, "aux_0.loss_ce": 2.3087976932525636, "aux_0.acc_seg": 63.695777893066406, "aux_1.loss_ce": 1.8077134370803833, "aux_1.acc_seg": 59.9195556640625, "aux_2.loss_ce": 1.6985059976577759, "aux_2.acc_seg": 55.369110107421875, "aux_3.loss_ce": 1.7505934596061707, "aux_3.acc_seg": 60.90444564819336, "time": 0.12923066616058348, "iter": 50, "memory": 17408, "step": 50}
{"aAcc": 33.42, "mIoU": 5.75, "mAcc": 10.69, "val_loss": 13.244868604622862, "data_time": 0.006271444097922667, "time": 0.37052186272150117, "step": 50}
{"lr": 0.00504455044550445, "data_time": 0.08622488975524903, "loss": 9.013103866577149, "decode.loss_ce": 1.689555835723877, "decode.acc_seg": 49.52177810668945, "aux_0.loss_ce": 2.0004434823989867, "aux_0.acc_seg": 43.17555618286133, "aux_1.loss_ce": 1.7418906331062316, "aux_1.acc_seg": 51.971778869628906, "aux_2.loss_ce": 1.7638198137283325, "aux_2.acc_seg": 55.28911209106445, "aux_3.loss_ce": 1.8173941373825073, "aux_3.acc_seg": 45.50600051879883, "time": 0.1667372465133667, "iter": 100, "memory": 901, "step": 100}
{"aAcc": 39.53, "mIoU": 6.0, "mAcc": 11.56, "val_loss": 10.515834843342835, "data_time": 0.005155349240719693, "time": 0.36954164099924774, "step": 100}
{"lr": 0.005067050670506697, "data_time": 0.061530041694641116, "loss": 7.739642143249512, "decode.loss_ce": 1.375833547115326, "decode.acc_seg": 35.54111099243164, "aux_0.loss_ce": 1.8328251957893371, "aux_0.acc_seg": 38.39289093017578, "aux_1.loss_ce": 1.579235816001892, "aux_1.acc_seg": 34.3291130065918, "aux_2.loss_ce": 1.4348631501197815, "aux_2.acc_seg": 36.90711212158203, "aux_3.loss_ce": 1.5168843269348145, "aux_3.acc_seg": 28.957778930664062, "time": 0.14233286380767823, "iter": 150, "memory": 901, "step": 150}
