{"lr": 0.0015943962641761188, "data_time": 0.2378608226776123, "loss": 5.544548225402832, "decode.loss_ce": 2.3353302478790283, "decode.acc_seg": 82.6834487915039, "aux_0.loss_ce": 0.4822986423969269, "aux_0.acc_seg": 78.98644256591797, "aux_1.loss_seg": 2.7269193649291994, "time": 0.6576797246932984, "iter": 100, "memory": 9289, "step": 100}
