{"lr": 0.005201541801877408, "data_time": 0.056369590759277347, "loss": 6.894472074508667, "decode.loss_ce": 0.9580255031585694, "decode.acc_seg": 72.08866882324219, "aux_0.loss_ce": 1.503830474615097, "aux_0.acc_seg": 57.64844512939453, "aux_1.loss_ce": 1.4810748934745788, "aux_1.acc_seg": 60.577999114990234, "aux_2.loss_ce": 1.4325967252254486, "aux_2.acc_seg": 65.02222442626953, "aux_3.loss_ce": 1.51894451379776, "aux_3.acc_seg": 47.34111022949219, "time": 0.12645580768585205, "iter": 500, "memory": 17409, "step": 500}
{"aAcc": 60.82, "mIoU": 17.54, "mAcc": 24.27, "data_time": 0.050158142462009336, "time": 0.07650100428883623, "step": 500}
