{"lr": 0.0015930867963809803, "data_time": 0.47299244403839114, "loss": 5.395746278762817, "decode.loss_ce": 0.7653126835823059, "decode.acc_seg": 69.9911117553711, "aux_0.loss_ce": 1.9097140669822692, "aux_0.acc_seg": 60.8823356628418, "aux_1.loss_ce": 1.1376450181007385, "aux_1.acc_seg": 64.71177673339844, "aux_2.loss_ce": 0.8426633775234222, "aux_2.acc_seg": 68.67227935791016, "aux_3.loss_ce": 0.7404109954833984, "aux_3.acc_seg": 69.70361328125, "time": 0.6921535968780518, "iter": 100, "memory": 19653, "step": 100}
{"aAcc": 61.67, "mIoU": 36.98, "mAcc": 52.1, "avg_val_loss": 6.662952247767421, "data_time": 0.012590253075887991, "time": 0.1336180470710577, "step": 100}
