{"lr": 0.0015930867963809803, "data_time": 0.02421419620513916, "loss": 3.7091404676437376, "decode.loss_ce": 0.4525590628385544, "decode.acc_seg": 73.60416412353516, "aux_0.loss_ce": 1.4974126815795898, "aux_0.acc_seg": 60.2938346862793, "aux_1.loss_ce": 0.7999393463134765, "aux_1.acc_seg": 68.64105987548828, "aux_2.loss_ce": 0.506688067317009, "aux_2.acc_seg": 73.0497817993164, "aux_3.loss_ce": 0.4525413691997528, "aux_3.acc_seg": 76.34100341796875, "time": 0.4714104175567627, "iter": 100, "memory": 19198, "step": 100}
{"aAcc": 73.4, "mIoU": 42.83, "mAcc": 54.17, "avg_val_loss": 4.856439196460107, "data_time": 0.004540157318115234, "time": 0.08717446751064724, "step": 100}
{"lr": 0.002191123271301943, "data_time": 0.20992445945739746, "loss": 2.4033116340637206, "decode.loss_ce": 0.33980212211608884, "decode.acc_seg": 89.34805297851562, "aux_0.loss_ce": 0.7734545230865478, "aux_0.acc_seg": 70.30960845947266, "aux_1.loss_ce": 0.552493080496788, "aux_1.acc_seg": 82.6256103515625, "aux_2.loss_ce": 0.3773875176906586, "aux_2.acc_seg": 87.83416748046875, "aux_3.loss_ce": 0.36017438769340515, "aux_3.acc_seg": 87.82061004638672, "time": 0.449871826171875, "iter": 200, "memory": 2889, "step": 200}
{"aAcc": 54.43, "mIoU": 27.97, "mAcc": 42.27, "avg_val_loss": 6.357814905557936, "data_time": 0.0042661425808316585, "time": 0.08517967623776185, "step": 200}
{"lr": 0.0027881034698292294, "data_time": 0.009441256523132324, "loss": 2.118943214416504, "decode.loss_ce": 0.3080132737755775, "decode.acc_seg": 86.44466400146484, "aux_0.loss_ce": 0.6626498401165009, "aux_0.acc_seg": 65.16016387939453, "aux_1.loss_ce": 0.46503070890903475, "aux_1.acc_seg": 78.58844757080078, "aux_2.loss_ce": 0.3553312838077545, "aux_2.acc_seg": 84.29816436767578, "aux_3.loss_ce": 0.3279181495308876, "aux_3.acc_seg": 85.28455352783203, "time": 0.4005738258361816, "iter": 300, "memory": 2889, "step": 300}
{"aAcc": 63.91, "mIoU": 35.35, "mAcc": 48.48, "avg_val_loss": 5.690115362825684, "data_time": 0.003963218824297785, "time": 0.08810552366556984, "step": 300}
{"lr": 0.0033840217450599877, "data_time": 0.17957406044006347, "loss": 2.2190760135650636, "decode.loss_ce": 0.36734774708747864, "decode.acc_seg": 81.50167083740234, "aux_0.loss_ce": 0.6426964521408081, "aux_0.acc_seg": 57.82372283935547, "aux_1.loss_ce": 0.4624884635210037, "aux_1.acc_seg": 79.09261322021484, "aux_2.loss_ce": 0.3687970578670502, "aux_2.acc_seg": 84.3320541381836, "aux_3.loss_ce": 0.37774627208709716, "aux_3.acc_seg": 84.17050170898438, "time": 0.380880331993103, "iter": 400, "memory": 2889, "step": 400}
{"aAcc": 59.71, "mIoU": 32.18, "mAcc": 45.74, "avg_val_loss": 5.707137327015532, "data_time": 0.004046471314525393, "time": 0.08865318858702802, "step": 400}
{"lr": 0.003978874422200742, "data_time": 0.1953789472579956, "loss": 1.8977173566818237, "decode.loss_ce": 0.3027017951011658, "decode.acc_seg": 81.71405792236328, "aux_0.loss_ce": 0.5793038785457612, "aux_0.acc_seg": 71.11978149414062, "aux_1.loss_ce": 0.38938707709312437, "aux_1.acc_seg": 81.12033081054688, "aux_2.loss_ce": 0.31677611619234086, "aux_2.acc_seg": 83.42033386230469, "aux_3.loss_ce": 0.30954849570989607, "aux_3.acc_seg": 81.60694885253906, "time": 0.39711043834686277, "iter": 500, "memory": 2889, "step": 500}
{"aAcc": 76.83, "mIoU": 46.01, "mAcc": 56.64, "avg_val_loss": 5.61669049988997, "data_time": 0.004199173392319098, "time": 0.08795173680967344, "step": 500}
{"lr": 0.004572658891684879, "data_time": 0.2136430025100708, "loss": 1.8129682660102844, "decode.loss_ce": 0.28580751866102216, "decode.acc_seg": 88.60055541992188, "aux_0.loss_ce": 0.5622302055358886, "aux_0.acc_seg": 64.95378112792969, "aux_1.loss_ce": 0.360784637928009, "aux_1.acc_seg": 87.03411102294922, "aux_2.loss_ce": 0.30247937738895414, "aux_2.acc_seg": 88.71578216552734, "aux_3.loss_ce": 0.30166651159524915, "aux_3.acc_seg": 88.93055725097656, "time": 0.4159299373626709, "iter": 600, "memory": 2889, "step": 600}
{"aAcc": 69.59, "mIoU": 39.9, "mAcc": 52.04, "avg_val_loss": 5.759027751791817, "data_time": 0.0038867879601116985, "time": 0.08854432222319812, "step": 600}
{"lr": 0.005165373185965325, "data_time": 0.1332834243774414, "loss": 1.9519815325737, "decode.loss_ce": 0.2837647721171379, "decode.acc_seg": 86.59410858154297, "aux_0.loss_ce": 0.5650945425033569, "aux_0.acc_seg": 76.46466827392578, "aux_1.loss_ce": 0.43035785257816317, "aux_1.acc_seg": 78.87239074707031, "aux_2.loss_ce": 0.34818516969680785, "aux_2.acc_seg": 79.06755828857422, "aux_3.loss_ce": 0.32457922846078874, "aux_3.acc_seg": 81.91928100585938, "time": 0.4167276620864868, "iter": 700, "memory": 2889, "step": 700}
{"aAcc": 77.01, "mIoU": 45.81, "mAcc": 56.44, "avg_val_loss": 5.9342151215027945, "data_time": 0.004412485596345957, "time": 0.08890500882776772, "step": 700}
{"lr": 0.005757015754784225, "data_time": 0.18811709880828859, "loss": 1.7548551082611084, "decode.loss_ce": 0.25205533355474474, "decode.acc_seg": 91.35266876220703, "aux_0.loss_ce": 0.5392090678215027, "aux_0.acc_seg": 79.17372131347656, "aux_1.loss_ce": 0.37023105323314665, "aux_1.acc_seg": 87.28516387939453, "aux_2.loss_ce": 0.31026674807071686, "aux_2.acc_seg": 89.25011444091797, "aux_3.loss_ce": 0.2830928981304169, "aux_3.acc_seg": 88.99083709716797, "time": 0.4347952365875244, "iter": 800, "memory": 2889, "step": 800}
{"aAcc": 82.71, "mIoU": 51.13, "mAcc": 60.29, "avg_val_loss": 5.841024686131746, "data_time": 0.003630272829347598, "time": 0.08730540201563529, "step": 800}
{"lr": 0.006347585334568276, "data_time": 0.019373154640197753, "loss": 1.6376526474952697, "decode.loss_ce": 0.2584590673446655, "decode.acc_seg": 92.11566925048828, "aux_0.loss_ce": 0.5059465259313584, "aux_0.acc_seg": 85.0501708984375, "aux_1.loss_ce": 0.3194414049386978, "aux_1.acc_seg": 90.7100601196289, "aux_2.loss_ce": 0.2816210865974426, "aux_2.acc_seg": 91.38249969482422, "aux_3.loss_ce": 0.2721845477819443, "aux_3.acc_seg": 91.24666595458984, "time": 0.3944403648376465, "iter": 900, "memory": 2889, "step": 900}
{"aAcc": 50.24, "mIoU": 24.88, "mAcc": 39.55, "avg_val_loss": 6.128040530418321, "data_time": 0.003942551475406486, "time": 0.08770666735663911, "step": 900}
{"lr": 0.0069370808672639134, "data_time": 0.03440854549407959, "loss": 1.7083892226219177, "decode.loss_ce": 0.2763772398233414, "decode.acc_seg": 86.13855743408203, "aux_0.loss_ce": 0.5209745198488236, "aux_0.acc_seg": 71.45572662353516, "aux_1.loss_ce": 0.33414140790700914, "aux_1.acc_seg": 85.70549774169922, "aux_2.loss_ce": 0.2844287663698196, "aux_2.acc_seg": 88.35272216796875, "aux_3.loss_ce": 0.2924672350287437, "aux_3.acc_seg": 85.33794403076172, "time": 0.4208517074584961, "iter": 1000, "memory": 2889, "step": 1000}
{"aAcc": 48.86, "mIoU": 23.75, "mAcc": 38.66, "avg_val_loss": 6.457751531051978, "data_time": 0.00424388929904168, "time": 0.0874036711758362, "step": 1000}
{"lr": 0.007525501447207789, "data_time": 0.041875267028808595, "loss": 1.4567816853523254, "decode.loss_ce": 0.22535043507814406, "decode.acc_seg": 91.11944580078125, "aux_0.loss_ce": 0.4407105803489685, "aux_0.acc_seg": 82.27366638183594, "aux_1.loss_ce": 0.2943016722798347, "aux_1.acc_seg": 89.71383666992188, "aux_2.loss_ce": 0.2535604402422905, "aux_2.acc_seg": 90.29839324951172, "aux_3.loss_ce": 0.24285854995250702, "aux_3.acc_seg": 90.41761016845703, "time": 0.40259101390838625, "iter": 1100, "memory": 2889, "step": 1100}
