{"lr": 0.0015943962641761188, "data_time": 0.398944091796875, "loss": 5.339625358581543, "decode.loss_ce": 0.6171006023883819, "decode.acc_seg": 69.63216400146484, "aux_0.loss_ce": 1.3654352664947509, "aux_0.acc_seg": 69.88033294677734, "aux_1.loss_ce": 1.2120379567146302, "aux_1.acc_seg": 74.13600158691406, "aux_2.loss_ce": 0.912228810787201, "aux_2.acc_seg": 82.18099975585938, "aux_3.loss_ce": 1.232822722196579, "aux_3.acc_seg": 70.2939453125, "time": 0.6153734207153321, "iter": 100, "memory": 19772, "step": 100}
{"aAcc": 68.6, "mIoU": 46.55, "mAcc": 60.94, "avg_val_loss": 6.048683148204234, "data_time": 0.010826554409293242, "time": 0.12830948275189066, "step": 100}
{"lr": 0.002194796531020685, "data_time": 0.34605138301849364, "loss": 5.407503080368042, "decode.loss_ce": 0.6274075835943222, "decode.acc_seg": 59.201499938964844, "aux_0.loss_ce": 1.3831735134124756, "aux_0.acc_seg": 61.93227767944336, "aux_1.loss_ce": 1.2941221237182616, "aux_1.acc_seg": 60.82111358642578, "aux_2.loss_ce": 0.8158701896667481, "aux_2.acc_seg": 72.1346664428711, "aux_3.loss_ce": 1.2869296431541444, "aux_3.acc_seg": 60.82638931274414, "time": 0.5633423566818238, "iter": 200, "memory": 34385, "step": 200}
{"aAcc": 70.39, "mIoU": 50.84, "mAcc": 65.16, "avg_val_loss": 5.884575959796097, "data_time": 0.00706038255801146, "time": 0.0898828177616514, "step": 200}
{"lr": 0.0027951967978652476, "data_time": 0.013731431961059571, "loss": 5.089487981796265, "decode.loss_ce": 0.5598831832408905, "decode.acc_seg": 83.27533721923828, "aux_0.loss_ce": 1.3005126595497132, "aux_0.acc_seg": 73.94078063964844, "aux_1.loss_ce": 1.2396659433841706, "aux_1.acc_seg": 75.15611267089844, "aux_2.loss_ce": 0.7801276743412018, "aux_2.acc_seg": 88.44989013671875, "aux_3.loss_ce": 1.2092984735965728, "aux_3.acc_seg": 74.1153335571289, "time": 0.5104408979415893, "iter": 300, "memory": 2911, "step": 300}
{"aAcc": 51.01, "mIoU": 35.36, "mAcc": 54.46, "avg_val_loss": 6.6676780094644945, "data_time": 0.007619931780058762, "time": 0.09132350724318931, "step": 300}
{"lr": 0.0033955970647098093, "data_time": 0.14196386337280273, "loss": 4.528427052497864, "decode.loss_ce": 0.43734945058822633, "decode.acc_seg": 83.03894805908203, "aux_0.loss_ce": 1.218815916776657, "aux_0.acc_seg": 76.09016418457031, "aux_1.loss_ce": 1.100732433795929, "aux_1.acc_seg": 76.24161529541016, "aux_2.loss_ce": 0.6264882743358612, "aux_2.acc_seg": 88.19083404541016, "aux_3.loss_ce": 1.1450409710407257, "aux_3.acc_seg": 72.99661254882812, "time": 0.5070857763290405, "iter": 400, "memory": 2911, "step": 400}
{"aAcc": 71.62, "mIoU": 50.95, "mAcc": 65.0, "avg_val_loss": 6.7119124394716225, "data_time": 0.006577201273249483, "time": 0.09085401721384334, "step": 400}
{"lr": 0.003995997331554373, "data_time": 0.39295735359191897, "loss": 4.816929531097412, "decode.loss_ce": 0.42640734910964967, "decode.acc_seg": 83.00588989257812, "aux_0.loss_ce": 1.304901695251465, "aux_0.acc_seg": 68.88016510009766, "aux_1.loss_ce": 1.1800446152687072, "aux_1.acc_seg": 72.59400177001953, "aux_2.loss_ce": 0.6753209263086319, "aux_2.acc_seg": 83.72927856445312, "aux_3.loss_ce": 1.230254864692688, "aux_3.acc_seg": 72.50611114501953, "time": 0.5724294185638428, "iter": 500, "memory": 2911, "step": 500}
{"aAcc": 56.21, "mIoU": 37.85, "mAcc": 54.6, "avg_val_loss": 6.672423726442264, "data_time": 0.00743534647185227, "time": 0.09056901109629664, "step": 500}
{"lr": 0.0045963975983989375, "data_time": 0.1507030725479126, "loss": 4.230518317222595, "decode.loss_ce": 0.3634061187505722, "decode.acc_seg": 85.8864974975586, "aux_0.loss_ce": 1.1445492565631867, "aux_0.acc_seg": 81.3094482421875, "aux_1.loss_ce": 1.0389740407466888, "aux_1.acc_seg": 81.57971954345703, "aux_2.loss_ce": 0.5990332424640655, "aux_2.acc_seg": 90.18739318847656, "aux_3.loss_ce": 1.0845556855201721, "aux_3.acc_seg": 82.60311126708984, "time": 0.5439888715744019, "iter": 600, "memory": 2911, "step": 600}
{"aAcc": 50.72, "mIoU": 32.81, "mAcc": 51.31, "avg_val_loss": 7.026309493413561, "data_time": 0.007797898917362608, "time": 0.09253672621716028, "step": 600}
