{"lr": 0.009669333669451887, "data_time": 0.04465594291687012, "loss": 4.424000144004822, "decode.loss_ce": 0.6712178498506546, "decode.acc_seg": 71.1611099243164, "aux_0.loss_ce": 1.1090496838092805, "aux_0.acc_seg": 33.63800048828125, "aux_1.loss_ce": 0.930957019329071, "aux_1.acc_seg": 57.86711120605469, "aux_2.loss_ce": 0.8453509449958801, "aux_2.acc_seg": 58.28733444213867, "aux_3.loss_ce": 0.8674245655536652, "aux_3.acc_seg": 68.99400329589844, "time": 0.2360294818878174, "iter": 3728, "memory": 17403, "step": 3728}
{"lr": 0.009555466234936583, "data_time": 0.059097695350646975, "loss": 4.937882447242737, "decode.loss_ce": 0.7686603009700775, "decode.acc_seg": 65.14444732666016, "aux_0.loss_ce": 1.21291024684906, "aux_0.acc_seg": 46.15355682373047, "aux_1.loss_ce": 0.9911062717437744, "aux_1.acc_seg": 51.06222152709961, "aux_2.loss_ce": 0.9398513615131379, "aux_2.acc_seg": 60.948001861572266, "aux_3.loss_ce": 1.0253543376922607, "aux_3.acc_seg": 62.26266860961914, "time": 0.23471744060516359, "iter": 5000, "memory": 893, "step": 5000}
{"aAcc": 56.72, "mIoU": 24.31, "mAcc": 36.5, "avg_val_loss": 7.737812116898988, "data_time": 0.01856988354733116, "time": 0.4002639469347502, "step": 7456}
{"lr": 0.009106373674004149, "data_time": 0.06562869548797608, "loss": 3.8278276681900025, "decode.loss_ce": 0.5627803474664688, "decode.acc_seg": 88.02911376953125, "aux_0.loss_ce": 1.0546708285808564, "aux_0.acc_seg": 80.06889343261719, "aux_1.loss_ce": 0.7704314082860947, "aux_1.acc_seg": 79.50466918945312, "aux_2.loss_ce": 0.7070593655109405, "aux_2.acc_seg": 82.83511352539062, "aux_3.loss_ce": 0.7328857183456421, "aux_3.acc_seg": 81.24222564697266, "time": 0.2351130247116089, "iter": 10000, "memory": 34175, "step": 10000}
{"aAcc": 62.49, "mIoU": 27.69, "mAcc": 38.42, "avg_val_loss": 7.093129921743744, "data_time": 0.014375127851963043, "time": 0.3668641497691472, "step": 14912}
{"lr": 0.008654777854268367, "data_time": 0.004856514930725098, "loss": 3.8268382787704467, "decode.loss_ce": 0.5659073650836944, "decode.acc_seg": 81.28155517578125, "aux_0.loss_ce": 1.0702621579170226, "aux_0.acc_seg": 69.27933502197266, "aux_1.loss_ce": 0.7806337714195252, "aux_1.acc_seg": 75.36866760253906, "aux_2.loss_ce": 0.6993888169527054, "aux_2.acc_seg": 78.71733093261719, "aux_3.loss_ce": 0.710646215081215, "aux_3.acc_seg": 79.23933410644531, "time": 0.2564700126647949, "iter": 15000, "memory": 893, "step": 15000}
{"lr": 0.008200516139713258, "data_time": 0.15999603271484375, "loss": 3.1039751529693604, "decode.loss_ce": 0.4364470228552818, "decode.acc_seg": 91.17266845703125, "aux_0.loss_ce": 0.9490832209587097, "aux_0.acc_seg": 65.12422180175781, "aux_1.loss_ce": 0.6100491106510162, "aux_1.acc_seg": 86.80755615234375, "aux_2.loss_ce": 0.5353662639856338, "aux_2.acc_seg": 87.71844482421875, "aux_3.loss_ce": 0.5730296105146409, "aux_3.acc_seg": 87.00044250488281, "time": 0.2408132791519165, "iter": 20000, "memory": 893, "step": 20000}
{"aAcc": 59.05, "mIoU": 27.42, "mAcc": 38.8, "avg_val_loss": 6.8385024800243075, "data_time": 0.014439086119333902, "time": 0.36540379126866657, "step": 22368}
{"lr": 0.007743404442460137, "data_time": 0.1627042531967163, "loss": 3.214274048805237, "decode.loss_ce": 0.4840411752462387, "decode.acc_seg": 77.482666015625, "aux_0.loss_ce": 0.8971582412719726, "aux_0.acc_seg": 54.03555679321289, "aux_1.loss_ce": 0.6625924915075302, "aux_1.acc_seg": 71.10044860839844, "aux_2.loss_ce": 0.5857033282518387, "aux_2.acc_seg": 72.03177642822266, "aux_3.loss_ce": 0.5847787782549858, "aux_3.acc_seg": 71.0542221069336, "time": 0.24367737770080566, "iter": 25000, "memory": 893, "step": 25000}
{"aAcc": 59.47, "mIoU": 30.69, "mAcc": 43.08, "avg_val_loss": 6.820260237225968, "data_time": 0.014120091994603476, "time": 0.366259828209877, "step": 29824}
{"lr": 0.007283232762750171, "data_time": 0.05033562183380127, "loss": 3.3144185304641725, "decode.loss_ce": 0.44464264810085297, "decode.acc_seg": 84.6631088256836, "aux_0.loss_ce": 1.0094845116138458, "aux_0.acc_seg": 67.30488586425781, "aux_1.loss_ce": 0.6674019575119019, "aux_1.acc_seg": 77.37088775634766, "aux_2.loss_ce": 0.5933357417583466, "aux_2.acc_seg": 81.0951156616211, "aux_3.loss_ce": 0.5995537221431733, "aux_3.acc_seg": 79.35888671875, "time": 0.26388285160064695, "iter": 30000, "memory": 893, "step": 30000}
{"lr": 0.006819759413287659, "data_time": 0.007417416572570801, "loss": 2.904248595237732, "decode.loss_ce": 0.3590730056166649, "decode.acc_seg": 84.0262222290039, "aux_0.loss_ce": 0.9964673399925232, "aux_0.acc_seg": 64.71977996826172, "aux_1.loss_ce": 0.6072312980890274, "aux_1.acc_seg": 73.28755950927734, "aux_2.loss_ce": 0.47539177983999253, "aux_2.acc_seg": 79.75244903564453, "aux_3.loss_ce": 0.46608516573905945, "aux_3.acc_seg": 79.54177856445312, "time": 0.3392374277114868, "iter": 35000, "memory": 893, "step": 35000}
{"aAcc": 64.69, "mIoU": 29.22, "mAcc": 39.04, "avg_val_loss": 6.781286093961251, "data_time": 0.013924804826577505, "time": 0.36152831465005875, "step": 37280}
{"lr": 0.006352703407289149, "data_time": 0.15182621479034425, "loss": 3.7169879913330077, "decode.loss_ce": 0.664579251408577, "decode.acc_seg": 87.43377685546875, "aux_0.loss_ce": 1.0545412957668305, "aux_0.acc_seg": 67.5628890991211, "aux_1.loss_ce": 0.7563831061124802, "aux_1.acc_seg": 76.25289154052734, "aux_2.loss_ce": 0.6206981390714645, "aux_2.acc_seg": 83.16244506835938, "aux_3.loss_ce": 0.6207862287759781, "aux_3.acc_seg": 83.29467010498047, "time": 0.2361621618270874, "iter": 40000, "memory": 893, "step": 40000}
{"aAcc": 61.7, "mIoU": 31.7, "mAcc": 43.77, "avg_val_loss": 6.797007985929386, "data_time": 0.012546526889006296, "time": 0.3533460001150767, "step": 44736}
{"lr": 0.005881734222075994, "data_time": 0.01249539852142334, "loss": 3.457595133781433, "decode.loss_ce": 0.4747728556394577, "decode.acc_seg": 77.94110870361328, "aux_0.loss_ce": 1.0652750968933105, "aux_0.acc_seg": 61.42555618286133, "aux_1.loss_ce": 0.7262720793485642, "aux_1.acc_seg": 68.76333618164062, "aux_2.loss_ce": 0.5994102180004119, "aux_2.acc_seg": 69.38422393798828, "aux_3.loss_ce": 0.5918648451566696, "aux_3.acc_seg": 71.54133605957031, "time": 0.29134938716888426, "iter": 45000, "memory": 893, "step": 45000}
{"lr": 0.0054064577076796795, "data_time": 0.0036705732345581055, "loss": 2.744230496883392, "decode.loss_ce": 0.3859541416168213, "decode.acc_seg": 75.26177978515625, "aux_0.loss_ce": 0.8561377048492431, "aux_0.acc_seg": 39.54977798461914, "aux_1.loss_ce": 0.5561724185943604, "aux_1.acc_seg": 59.736446380615234, "aux_2.loss_ce": 0.46529040634632113, "aux_2.acc_seg": 66.42466735839844, "aux_3.loss_ce": 0.48067582696676253, "aux_3.acc_seg": 65.76933288574219, "time": 0.2050015449523926, "iter": 50000, "memory": 893, "step": 50000}
{"aAcc": 68.33, "mIoU": 37.22, "mAcc": 47.37, "avg_val_loss": 6.650139986768475, "data_time": 0.014338103433450064, "time": 0.3537474696834882, "step": 52192}
{"lr": 0.00492639614874118, "data_time": 0.0031509160995483398, "loss": 3.0435966849327087, "decode.loss_ce": 0.4111475206911564, "decode.acc_seg": 78.82755279541016, "aux_0.loss_ce": 1.010959255695343, "aux_0.acc_seg": 58.580665588378906, "aux_1.loss_ce": 0.6037396758794784, "aux_1.acc_seg": 71.8913345336914, "aux_2.loss_ce": 0.5056695684790611, "aux_2.acc_seg": 71.78466796875, "aux_3.loss_ce": 0.5120807349681854, "aux_3.acc_seg": 71.34600067138672, "time": 0.22067885398864745, "iter": 55000, "memory": 893, "step": 55000}
{"aAcc": 58.6, "mIoU": 29.01, "mAcc": 41.03, "avg_val_loss": 6.7605432549589555, "data_time": 0.014514493445555368, "time": 0.3646569053332011, "step": 59648}
{"lr": 0.004440959115695473, "data_time": 0.15330655574798585, "loss": 3.1821029424667358, "decode.loss_ce": 0.4529496282339096, "decode.acc_seg": 79.38644409179688, "aux_0.loss_ce": 1.0276173323392868, "aux_0.acc_seg": 52.80955505371094, "aux_1.loss_ce": 0.6171188563108444, "aux_1.acc_seg": 75.74444580078125, "aux_2.loss_ce": 0.5368242204189301,