{"lr": 0.0050220502205022026, "data_time": 0.048333024978637694, "loss": 9.591841125488282, "decode.loss_ce": 1.730769157409668, "decode.acc_seg": 70.84466552734375, "aux_0.loss_ce": 2.21886203289032, "aux_0.acc_seg": 36.123779296875, "aux_1.loss_ce": 2.0340112328529356, "aux_1.acc_seg": 42.58311080932617, "aux_2.loss_ce": 1.8221818923950195, "aux_2.acc_seg": 61.66289138793945, "aux_3.loss_ce": 1.7860168039798736, "aux_3.acc_seg": 73.55667114257812, "time": 0.1448143482208252, "iter": 50, "memory": 17408, "step": 50}
