{"lr": 0.0015943962641761188, "data_time": 0.5295773506164551, "loss": 2.815171015262604, "decode.loss_seg": 1.4956934332847596, "aux_0.loss_seg": 0.7134174883365632, "aux_1.loss_seg": 0.6060600697994232, "time": 0.6378568649291992, "iter": 100, "memory": 10467, "step": 100}
{"aAcc": 52.42, "mIoU": 35.83, "mAcc": 54.41, "avg_val_loss": 0.0, "data_time": 0.025154859520668208, "time": 0.07326045978900998, "step": 100}
{"lr": 0.002194796531020685, "data_time": 0.3321878671646118, "loss": 2.126050293445587, "decode.loss_seg": 1.1250938892364502, "aux_0.loss_seg": 0.5651938587427139, "aux_1.loss_seg": 0.4357625648379326, "time": 0.5974012613296509, "iter": 200, "memory": 16959, "step": 200}
{"aAcc": 62.36, "mIoU": 43.7, "mAcc": 62.02, "avg_val_loss": 0.0, "data_time": 0.021670848473735238, "time": 0.0620113789350137, "step": 200}
{"lr": 0.0027951967978652476, "data_time": 0.2872750997543335, "loss": 1.6786531507968903, "decode.loss_seg": 0.8602275609970093, "aux_0.loss_seg": 0.47928066551685333, "aux_1.loss_seg": 0.3391449093818665, "time": 0.5824079036712646, "iter": 300, "memory": 2555, "step": 300}
{"aAcc": 48.45, "mIoU": 33.53, "mAcc": 47.26, "avg_val_loss": 0.0, "data_time": 0.024201236922165442, "time": 0.06459253135768847, "step": 300}
{"lr": 0.0033955970647098093, "data_time": 0.6911408185958863, "loss": 1.6511514782905579, "decode.loss_seg": 0.8584380686283112, "aux_0.loss_seg": 0.4469035118818283, "aux_1.loss_seg": 0.3458098992705345, "time": 0.8038306713104248, "iter": 400, "memory": 2554, "step": 400}
{"aAcc": 59.9, "mIoU": 42.63, "mAcc": 60.16, "avg_val_loss": 0.0, "data_time": 0.017940482874026244, "time": 0.05881853487299776, "step": 400}
{"lr": 0.003995997331554373, "data_time": 0.00857703685760498, "loss": 1.4426197171211244, "decode.loss_seg": 0.7522607743740082, "aux_0.loss_seg": 0.39275783896446226, "aux_1.loss_seg": 0.29760110527276995, "time": 0.7247721672058105, "iter": 500, "memory": 2553, "step": 500}
{"aAcc": 49.91, "mIoU": 33.3, "mAcc": 53.3, "avg_val_loss": 0.0, "data_time": 0.018929947381732107, "time": 0.05932206395028652, "step": 500}
{"lr": 0.0045963975983989375, "data_time": 0.009847807884216308, "loss": 1.5322919845581056, "decode.loss_seg": 0.8042152285575866, "aux_0.loss_seg": 0.3967083528637886, "aux_1.loss_seg": 0.3313684299588203, "time": 0.7851660966873169, "iter": 600, "memory": 2553, "step": 600}
{"aAcc": 52.66, "mIoU": 36.04, "mAcc": 55.2, "avg_val_loss": 0.0, "data_time": 0.019189812671179057, "time": 0.059560027615777375, "step": 600}
{"lr": 0.005196797865243495, "data_time": 0.009630799293518066, "loss": 2.2399794936180113, "decode.loss_seg": 1.1951123237609864, "aux_0.loss_seg": 0.5589067131280899, "aux_1.loss_seg": 0.48596045225858686, "time": 0.6750352382659912, "iter": 700, "memory": 2553, "step": 700}
{"aAcc": 47.84, "mIoU": 31.86, "mAcc": 51.72, "avg_val_loss": 0.0, "data_time": 0.02025605892312938, "time": 0.061219122217989516, "step": 700}
{"lr": 0.005797198132088056, "data_time": 0.5655869007110595, "loss": 1.435256552696228, "decode.loss_seg": 0.7523728370666504, "aux_0.loss_seg": 0.38451028168201445, "aux_1.loss_seg": 0.2983734667301178, "time": 0.6712637901306152, "iter": 800, "memory": 2553, "step": 800}
{"aAcc": 62.22, "mIoU": 44.44, "mAcc": 61.8, "avg_val_loss": 0.0, "data_time": 0.02073023785119769, "time": 0.0614127482490978, "step": 800}
{"lr": 0.006397598398932616, "data_time": 0.6756819009780883, "loss": 1.4547826528549195, "decode.loss_seg": 0.7628238022327423, "aux_0.loss_seg": 0.3900616466999054, "aux_1.loss_seg": 0.3018972039222717, "time": 0.787517786026001, "iter": 900, "memory": 2553, "step": 900}
{"aAcc": 61.93, "mIoU": 43.04, "mAcc": 60.5, "avg_val_loss": 0.0, "data_time": 0.012725084677509877, "time": 0.05375862669670719, "step": 900}
{"lr": 0.0069979986657771765, "data_time": 0.48476533889770507, "loss": 1.1263936161994934, "decode.loss_seg": 0.5805888473987579, "aux_0.loss_seg": 0.3130403205752373, "aux_1.loss_seg": 0.23276445418596267, "time": 0.6654852628707886, "iter": 1000, "memory": 2554, "step": 1000}
{"aAcc": 63.0, "mIoU": 45.78, "mAcc": 62.98, "avg_val_loss": 0.0, "data_time": 0.018206733396683616, "time": 0.058810121711643265, "step": 1000}
{"lr": 0.0075983989326217465, "data_time": 0.1952659845352173, "loss": 1.088741087913513, "decode.loss_seg": 0.5715393900871277, "aux_0.loss_seg": 0.29500729888677596, "aux_1.loss_seg": 0.22219443768262864, "time": 0.6094107151031494, "iter": 1100, "memory": 2553, "step": 1100}
{"aAcc": 66.66, "mIoU": 49.21, "mAcc": 65.82, "avg_val_loss": 0.0, "data_time": 0.024264376738975788, "time": 0.06479688348441288, "step": 1100}
{"lr": 0.008198799199466306, "data_time": 0.5749603271484375, "loss": 1.097628515958786, "decode.loss_seg": 0.5784123182296753, "aux_0.loss_seg": 0.28868038207292557, "aux_1.loss_seg": 0.2305358022451401, "time": 0.6823594093322753, "iter": 1200, "memory": 2554, "step": 1200}
{"aAcc": 72.99, "mIoU": 55.26, "mAcc": 69.48, "avg_val_loss": 0.0, "data_time": 0.021335829263445974, "time": 0.06227989032350738, "step": 1200}
{"lr": 0.008799199466310867, "data_time": 0.6351949214935303, "loss": 1.1575807213783265, "decode.loss_seg": 0.6118554264307022, "aux_0.loss_seg": 0.3051559180021286, "aux_1.loss_seg": 0.2405693605542183, "time": 0.7646033287048339, "iter": 1300, "memory": 2554, "step": 1300}
{"aAcc": 55.8, "mIoU": 38.32, "mAcc": 57.03, "avg_val_loss": 0.0, "data_time": 0.015854205208263177, "time": 0.05699597830059885, "step": 1300}
{"lr": 0.009399599733155411, "data_time": 0.7044710636138916, "loss": 1.0215222775936126, "decode.loss_seg": 0.5367562949657441, "aux_0.loss_seg": 0.27439036816358564, "aux_1.loss_seg": 0.21037562936544418, "time": 0.8163049459457398, "iter": 1400, "memory": 2554, "step": 1400}
{"aAcc": 73.15, "mIoU": 55.59, "mAcc": 70.19, "avg_val_loss": 0.0, "data_time": 0.01067820088616733, "time": 0.05153794946341679, "step": 1400}
{"lr": 0.009999999999999966, "data_time": 0.3249907732009888, "loss": 1.236705130338669, "decode.loss_seg": 0.6526102721691132, "aux_0.loss_seg": 0.3335786074399948, "aux_1.loss_seg": 0.2505162537097931, "time": 0.5927472829818725, "iter": 1500, "memory": 2553, "step": 1500}
{"aAcc": 64.77, "mIoU": 47.01, "mAcc": 63.9, "avg_val_loss": 0.0, "data_time": 0.019967147673683606, "time": 0.06100474280872564, "step": 1500}
{"lr": 0.009884680550653002, "data_time": 0.4934406280517578, "loss": 1.1866105496883392, "decode.loss_seg": 0.622746255993843, "aux_0.loss_seg": 0.31170149743556974, "aux_1.loss_seg": 0.2521627828478813, "time": 0.6003137588500976, "iter": 1600, "memory": 2554, "step": 1600}
{"aAcc": 76.56, "mIoU": 58.81, "mAcc": 71.93, "avg_val_loss": 0.0, "data_time": 0.023607569179315675, "time": 0.06451908747355144, "step": 1600}
{"lr": 0.009768196258383342, "data_time": 0.5035665035247803, "loss": 1.0851993799209594, "decode.loss_seg": 0.5645926654338836, "aux_0.loss_seg": 0.2864982381463051, "aux_1.loss_seg": 0.23410846740007402, "time": 0.6107383012771607, "iter": 1700, "memory": 2555, "step": 1700}
{"aAcc": 70.94, "mIoU": 52.05, "mAcc": 66.11, "avg_val_loss": 0.0, "data_time": 0.02452532450358073, "time": 0.06528212284219675, "step": 1700}
{"lr": 0.009651711966113682, "data_time": 0.3911654233932495, "loss": 1.024141973257065, "decode.loss_seg": 0.5491037636995315, "aux_0.loss_seg": 0.2644622728228569, "aux_1.loss_seg": 0.210575932264328, "time": 0.5630337715148925, "iter": 1800, "memory": 2554, "step": 1800}
{"aAcc": 69.86, "mIoU": 52.18, "mAcc": 67.68, "avg_val_loss": 0.0, "data_time": 0.025351285934448242, "time": 0.06594272043513155, "step": 1800}
{"lr": 0.009535227673844023, "data_time": 0.3937442064285278, "loss": 0.9296568274497986, "decode.loss_seg": 0.49734991490840913, "aux_0.loss_seg": 0.23482917994260788, "aux_1.loss_seg": 0.1974777176976204, "time": 0.4993510007858276, "iter": 1900, "memory": 2553, "step": 1900}
{"aAcc": 72.88, "mIoU": 55.56, "mAcc": 70.06, "avg_val_loss": 0.0, "data_time": 0.025311195987394487, "time": 0.06582099815894818,