{"lr": 0.006406583235954008, "data_time": 0.008098912239074708, "loss": 3.356838822364807, "decode.loss_ce": 0.5967265754938126, "decode.acc_seg": 74.17444610595703, "aux_0.loss_ce": 0.818854933977127, "aux_0.acc_seg": 71.5628890991211, "aux_1.loss_ce": 0.7121425688266754, "aux_1.acc_seg": 75.14566802978516, "aux_2.loss_ce": 0.6343204647302627, "aux_2.acc_seg": 75.47944641113281, "aux_3.loss_ce": 0.594794237613678, "aux_3.acc_seg": 75.13356018066406, "time": 0.4766409873962402, "iter": 910, "memory": 19198, "step": 910}
{"lr": 0.009106373674004149, "data_time": 0.1487046718597412, "loss": 2.609639525413513, "decode.loss_ce": 0.4166437089443207, "decode.acc_seg": 82.03900146484375, "aux_0.loss_ce": 0.7349131047725678, "aux_0.acc_seg": 62.38655471801758, "aux_1.loss_ce": 0.5632475286722183, "aux_1.acc_seg": 71.01783752441406, "aux_2.loss_ce": 0.47706271409988404, "aux_2.acc_seg": 76.889892578125, "aux_3.loss_ce": 0.41777247488498687, "aux_3.acc_seg": 82.44528198242188, "time": 0.35052716732025146, "iter": 10000, "memory": 2889, "step": 10000}
{"aAcc": 60.4, "mIoU": 32.24, "mAcc": 44.1, "avg_val_loss": 4.3832437079130475, "data_time": 0.004597570631239149, "time": 0.09183867613474528, "step": 10000}
{"lr": 0.008200516139713258, "data_time": 0.17172594070434571, "loss": 2.6060744285583497, "decode.loss_ce": 0.41770412027835846, "decode.acc_seg": 81.95950317382812, "aux_0.loss_ce": 0.7046983242034912, "aux_0.acc_seg": 74.4074478149414, "aux_1.loss_ce": 0.5803718149662018, "aux_1.acc_seg": 77.55833435058594, "aux_2.loss_ce": 0.48788967430591584, "aux_2.acc_seg": 79.88905334472656, "aux_3.loss_ce": 0.415410453081131, "aux_3.acc_seg": 82.83338928222656, "time": 0.3788222551345825, "iter": 20000, "memory": 10746, "step": 20000}
{"aAcc": 82.22, "mIoU": 51.04, "mAcc": 60.33, "avg_val_loss": 3.47653329687336, "data_time": 0.0041704780510946815, "time": 0.0893052385545887, "step": 20000}
{"lr": 0.007283232762750171, "data_time": 0.1484445571899414, "loss": 2.5469863653182983, "decode.loss_ce": 0.38718068301677705, "decode.acc_seg": 83.59600067138672, "aux_0.loss_ce": 0.7298248291015625, "aux_0.acc_seg": 65.33655548095703, "aux_1.loss_ce": 0.5711348623037338, "aux_1.acc_seg": 75.4471664428711, "aux_2.loss_ce": 0.46632530987262727, "aux_2.acc_seg": 81.44450378417969, "aux_3.loss_ce": 0.39252068400382994, "aux_3.acc_seg": 83.86144256591797, "time": 0.37345309257507325, "iter": 30000, "memory": 2889, "step": 30000}
{"aAcc": 73.65, "mIoU": 43.52, "mAcc": 54.06, "avg_val_loss": 4.152959151536746, "data_time": 0.004001001032387338, "time": 0.09018249892342646, "step": 30000}
{"lr": 0.006352703407289149, "data_time": 0.07901506423950196, "loss": 2.4615155696868896, "decode.loss_ce": 0.3801863431930542, "decode.acc_seg": 77.58155822753906, "aux_0.loss_ce": 0.684897917509079, "aux_0.acc_seg": 72.08155822753906, "aux_1.loss_ce": 0.5517356991767883, "aux_1.acc_seg": 72.98066711425781, "aux_2.loss_ce": 0.4579860508441925, "aux_2.acc_seg": 75.18133544921875, "aux_3.loss_ce": 0.38670961409807203, "aux_3.acc_seg": 79.71827697753906, "time": 0.37876918315887453, "iter": 40000, "memory": 2889, "step": 40000}
{"aAcc": 77.04, "mIoU": 46.97, "mAcc": 57.07, "avg_val_loss": 4.2019424725062855, "data_time": 0.004048408267238981, "time": 0.08945713973626858, "step": 40000}
{"lr": 0.0054064577076796795, "data_time": 0.18740601539611818, "loss": 2.374863791465759, "decode.loss_ce": 0.34810697436332705, "decode.acc_seg": 84.85350036621094, "aux_0.loss_ce": 0.7162063777446747, "aux_0.acc_seg": 66.61688995361328, "aux_1.loss_ce": 0.530169939994812, "aux_1.acc_seg": 75.95716857910156, "aux_2.loss_ce": 0.43125381171703336, "aux_2.acc_seg": 80.23666381835938, "aux_3.loss_ce": 0.34912668764591215, "aux_3.acc_seg": 85.26044464111328, "time": 0.39055485725402833, "iter": 50000, "memory": 2889, "step": 50000}
{"aAcc": 79.48, "mIoU": 48.9, "mAcc": 58.79, "avg_val_loss": 4.523829788407176, "data_time": 0.0038731653251563368, "time": 0.08952238342978737, "step": 50000}
