{"lr": 0.005201541801877408, "data_time": 0.029634547233581544, "loss": 7.632104110717774, "decode.loss_ce": 1.0886289387941361, "decode.acc_seg": 24.761777877807617, "aux_0.loss_ce": 1.6948491215705872, "aux_0.acc_seg": 11.063333511352539, "aux_1.loss_ce": 1.5737343966960906, "aux_1.acc_seg": 13.952445030212402, "aux_2.loss_ce": 1.5760857820510865, "aux_2.acc_seg": 15.237777709960938, "aux_3.loss_ce": 1.6988059043884278, "aux_3.acc_seg": 8.65088939666748, "time": 0.1310797691345215, "iter": 500, "memory": 17409, "step": 500}
{"val_total_loss": 0.0, "data_time": 0.008434263089808021, "time": 0.08705768119998095, "step": 500}
{"lr": 0.005401471167152687, "data_time": 0.07544863224029541, "loss": 7.148549222946167, "decode.loss_ce": 0.9501822710037231, "decode.acc_seg": 61.47577667236328, "aux_0.loss_ce": 1.6349243521690369, "aux_0.acc_seg": 43.50133514404297, "aux_1.loss_ce": 1.566147756576538, "aux_1.acc_seg": 41.977333068847656, "aux_2.loss_ce": 1.490080988407135, "aux_2.acc_seg": 44.252445220947266, "aux_3.loss_ce": 1.5072138547897338, "aux_3.acc_seg": 43.40333557128906, "time": 0.14548983573913574, "iter": 1000, "memory": 33494, "step": 1000}
{"val_total_loss": 0.0, "data_time": 0.007215132991087089, "time": 0.07814410936485217, "step": 1000}
