{"lr": 0.0015943962641761188, "data_time": 0.5325320959091187, "loss": 2.159519100189209, "decode.loss_seg": 1.4859617948532104, "aux_0.loss_seg": 0.21248567551374437, "aux_1.loss_seg": 0.21209346055984496, "aux_2.loss_seg": 0.14188060089945792, "aux_3.loss_seg": 0.10709753930568695, "time": 0.6583016395568848, "iter": 100, "memory": 19235, "step": 100}
{"aAcc": 48.84, "mIoU": 26.1, "mAcc": 45.67, "avg_val_loss": 0.0, "data_time": 0.014964929846830146, "time": 0.07276241723881212, "step": 100}
{"lr": 0.002194796531020685, "data_time": 0.4696749925613403, "loss": 1.8713105082511903, "decode.loss_seg": 1.3353083670139312, "aux_0.loss_seg": 0.18233265727758408, "aux_1.loss_seg": 0.15758694037795068, "aux_2.loss_seg": 0.11212116405367852, "aux_3.loss_seg": 0.08396136313676834, "time": 0.59673171043396, "iter": 200, "memory": 17083, "step": 200}
{"aAcc": 54.68, "mIoU": 32.79, "mAcc": 49.47, "avg_val_loss": 0.0, "data_time": 0.01486931724109869, "time": 0.06251282253484616, "step": 200}
{"lr": 0.0027951967978652476, "data_time": 0.008409929275512696, "loss": 1.3855414271354676, "decode.loss_seg": 0.9356543004512787, "aux_0.loss_seg": 0.15182374715805053, "aux_1.loss_seg": 0.12965065836906434, "aux_2.loss_seg": 0.09493121281266212, "aux_3.loss_seg": 0.07348148748278618, "time": 0.47516844272613523, "iter": 300, "memory": 2371, "step": 300}
{"aAcc": 54.74, "mIoU": 33.15, "mAcc": 51.14, "avg_val_loss": 0.0, "data_time": 0.017443626776508903, "time": 0.06512207546453366, "step": 300}
{"lr": 0.0033955970647098093, "data_time": 0.10839052200317383, "loss": 1.3493808507919312, "decode.loss_seg": 0.9537479877471924, "aux_0.loss_seg": 0.13099412471055985, "aux_1.loss_seg": 0.11400760263204575, "aux_2.loss_seg": 0.08424732908606529, "aux_3.loss_seg": 0.06638377383351327, "time": 0.6602830648422241, "iter": 400, "memory": 2371, "step": 400}
{"aAcc": 54.11, "mIoU": 34.07, "mAcc": 52.25, "avg_val_loss": 0.0, "data_time": 0.016251687345833613, "time": 0.06394779545137252, "step": 400}
{"lr": 0.003995997331554373, "data_time": 0.13561606407165527, "loss": 1.4134678661823272, "decode.loss_seg": 1.0101235210895538, "aux_0.loss_seg": 0.1338629923760891, "aux_1.loss_seg": 0.11569521501660347, "aux_2.loss_seg": 0.08210454769432544, "aux_3.loss_seg": 0.07168152667582035, "time": 0.5223547220230103, "iter": 500, "memory": 2371, "step": 500}
{"aAcc": 47.62, "mIoU": 26.2, "mAcc": 45.46, "avg_val_loss": 0.0, "data_time": 0.018652529552065093, "time": 0.0661449733821825, "step": 500}
{"lr": 0.0045963975983989375, "data_time": 0.4198465347290039, "loss": 1.2041728615760803, "decode.loss_seg": 0.823463749885559, "aux_0.loss_seg": 0.12993641197681427, "aux_1.loss_seg": 0.11314682513475419, "aux_2.loss_seg": 0.0781462263315916, "aux_3.loss_seg": 0.05947964861989021, "time": 0.5349358558654785, "iter": 600, "memory": 2371, "step": 600}
{"aAcc": 55.49, "mIoU": 34.49, "mAcc": 51.09, "avg_val_loss": 0.0, "data_time": 0.014227861645577967, "time": 0.061839887465553724, "step": 600}
{"lr": 0.005196797865243495, "data_time": 0.42284479141235354, "loss": 1.4396051228046418, "decode.loss_seg": 1.0513676226139068, "aux_0.loss_seg": 0.1246566042304039, "aux_1.loss_seg": 0.10843358561396599, "aux_2.loss_seg": 0.0851493626832962, "aux_3.loss_seg": 0.06999795846641063, "time": 0.5463350296020508, "iter": 700, "memory": 2371, "step": 700}
{"aAcc": 51.72, "mIoU": 35.37, "mAcc": 53.9, "avg_val_loss": 0.0, "data_time": 0.016224345941653198, "time": 0.06384318176357226, "step": 700}
{"lr": 0.005797198132088056, "data_time": 0.4160394430160522, "loss": 1.0144210040569306, "decode.loss_seg": 0.6802102506160737, "aux_0.loss_seg": 0.11527060121297836, "aux_1.loss_seg": 0.09859665930271148, "aux_2.loss_seg": 0.06933471821248531, "aux_3.loss_seg": 0.05100879296660423, "time": 0.5292990684509278, "iter": 800, "memory": 2371, "step": 800}
{"aAcc": 58.77, "mIoU": 38.99, "mAcc": 56.38, "avg_val_loss": 0.0, "data_time": 0.013741391828690452, "time": 0.061430144584041904, "step": 800}
{"lr": 0.006397598398932616, "data_time": 0.3287626028060913, "loss": 1.2554907739162444, "decode.loss_seg": 0.8623244404792786, "aux_0.loss_seg": 0.12594536170363427, "aux_1.loss_seg": 0.1092635877430439, "aux_2.loss_seg": 0.08475318849086762, "aux_3.loss_seg": 0.0732041873037815, "time": 0.44623165130615233, "iter": 900, "memory": 2371, "step": 900}
{"aAcc": 55.48, "mIoU": 36.9, "mAcc": 54.9, "avg_val_loss": 0.0, "data_time": 0.01879810738837582, "time": 0.06652533322915263, "step": 900}
{"lr": 0.0069979986657771765, "data_time": 0.15491235256195068, "loss": 0.9603889107704162, "decode.loss_seg": 0.6534247159957886, "aux_0.loss_seg": 0.10537902116775513, "aux_1.loss_seg": 0.08700850009918212, "aux_2.loss_seg": 0.06378504075109959, "aux_3.loss_seg": 0.05079162754118442, "time": 0.6004291772842407, "iter": 1000, "memory": 2371, "step": 1000}
{"aAcc": 65.29, "mIoU": 48.09, "mAcc": 64.45, "avg_val_loss": 0.0, "data_time": 0.011603086844257924, "time": 0.05916100260855137, "step": 1000}
{"lr": 0.0075983989326217465, "data_time": 0.37795100212097166, "loss": 0.9396189391613007, "decode.loss_seg": 0.6135172754526138, "aux_0.loss_seg": 0.1164699487388134, "aux_1.loss_seg": 0.09157798960804939, "aux_2.loss_seg": 0.06944424696266652, "aux_3.loss_seg": 0.048609443753957746, "time": 0.49313530921936033, "iter": 1100, "memory": 2371, "step": 1100}
{"aAcc": 66.98, "mIoU": 50.21, "mAcc": 66.28, "avg_val_loss": 0.0, "data_time": 0.01597552463926118, "time": 0.06389463632956319, "step": 1100}
{"lr": 0.008198799199466306, "data_time": 0.2170612096786499, "loss": 1.0576661229133606, "decode.loss_seg": 0.7029674857854843, "aux_0.loss_seg": 0.11298783197999, "aux_1.loss_seg": 0.09611861854791641, "aux_2.loss_seg": 0.08458654731512069, "aux_3.loss_seg": 0.06100566070526838, "time": 0.5267652750015259, "iter": 1200, "memory": 2371, "step": 1200}
{"aAcc": 57.45, "mIoU": 42.31, "mAcc": 60.93, "avg_val_loss": 0.0, "data_time": 0.017597661621269137, "time": 0.06519678817398247, "step": 1200}
{"lr": 0.008799199466310867, "data_time": 0.3644059181213379, "loss": 0.908552634716034, "decode.loss_seg": 0.6031762719154358, "aux_0.loss_seg": 0.11512886136770248, "aux_1.loss_seg": 0.08416961655020713, "aux_2.loss_seg": 0.05970873311161995, "aux_3.loss_seg": 0.046369167789816854, "time": 0.5066617012023926, "iter": 1300, "memory": 2371, "step": 1300}
{"aAcc": 66.67, "mIoU": 51.21, "mAcc": 66.99, "avg_val_loss": 0.0, "data_time": 0.014267145902260968, "time": 0.0620749133756791, "step": 1300}
{"lr": 0.009399599733155411, "data_time": 0.3351894855499268, "loss": 0.9959969401359559, "decode.loss_seg": 0.6643880784511567, "aux_0.loss_seg": 0.11450317278504371, "aux_1.loss_seg": 0.08735197708010674, "aux_2.loss_seg": 0.07161208502948284, "aux_3.loss_seg": 0.05814164727926254, "time": 0.6345947980880737, "iter": 1400, "memory": 2371, "step": 1400}
{"aAcc": 63.21, "mIoU": 47.3, "mAcc": 64.55, "avg_val_loss": 0.0, "data_time": 0.014575703390713396, "time": 0.062286524937070646, "step": 1400}
{"lr": 0.009999999999999966, "data_time": 0.008600330352783203, "loss": 1.0794646799564362, "decode.loss_seg": 0.7540757328271865, "aux_0.loss_seg": 0.11671919822692871, "aux_1.loss_seg": 0.09136412292718887, "aux_2.loss_seg": 0.068247589468956, "aux_3.loss_seg": 0.049058059602975844, "time": 0.48790912628173827, "iter": 1500, "memory": 2371, "step": 1500}
{"aAcc": 55.15, "mIoU": 36.74, "mAcc": 53.66, "avg_val_loss": 0.0, "data_time": 0.018361779465072458, "time": 0.06659528852879316, "step": 1500}
{"lr": 0.009884680550653002, "data_time": 0.008994579315185547, "loss": 1.0512396037578582, "decode.loss_seg": 0.7255416095256806, "aux_0.loss_seg": 0.10198178067803383, "aux_1.loss_seg": 0.08708938658237457, "aux_2.loss_seg": 0.0754445843398571, "aux_3.loss_seg": 0.06118225567042827, "time": 0.509870171546936, "iter": 1600, "memory": 2371, "step": 1600}
{"aAcc": 62.37, "mIoU": 41.68, "mAcc": 56.87, "avg_val_loss": 0.0, "data_time": 0.013400097002928284, "time": 0.0611051965033871,