{"lr": 0.0015930867963809803, "data_time": 0.6643572092056275, "loss": 8.31896939277649, "decode.loss_ce": 1.4035916447639465, "decode.acc_seg": 44.2041130065918, "aux_0.loss_ce": 2.1832939624786376, "aux_0.acc_seg": 45.04744338989258, "aux_1.loss_ce": 1.717496407032013, "aux_1.acc_seg": 46.51344680786133, "aux_2.loss_ce": 1.5137500047683716, "aux_2.acc_seg": 46.61833572387695, "aux_3.loss_ce": 1.5008375287055968, "aux_3.acc_seg": 41.93866729736328, "time": 0.859269642829895, "iter": 100, "memory": 19198, "step": 100}
{"aAcc": 45.28, "mIoU": 10.45, "mAcc": 18.02, "avg_val_loss": 8.899411712508453, "data_time": 0.01867003691823859, "time": 0.37396116507680793, "step": 100}
{"lr": 0.002191123271301943, "data_time": 0.48405065536499026, "loss": 6.36233434677124, "decode.loss_ce": 1.0545194923877717, "decode.acc_seg": 56.573944091796875, "aux_0.loss_ce": 1.6727588415145873, "aux_0.acc_seg": 53.90850067138672, "aux_1.loss_ce": 1.3438681483268737, "aux_1.acc_seg": 55.745723724365234, "aux_2.loss_ce": 1.1754112422466279, "aux_2.acc_seg": 54.21772384643555, "aux_3.loss_ce": 1.1157765150070191, "aux_3.acc_seg": 52.8460578918457, "time": 0.909516167640686, "iter": 200, "memory": 10746, "step": 200}
