{"lr": 0.0015943962641761188, "data_time": 0.24189071655273436, "loss": 4.6791376113891605, "decode.loss_ce": 2.9477720737457274, "decode.acc_seg": 67.17572021484375, "aux_0.loss_ce": 0.5049263626337052, "aux_0.acc_seg": 70.9292221069336, "aux_1.loss_ce": 0.6719884872436523, "aux_1.acc_seg": 65.44116973876953, "aux_2.loss_ce": 0.5544507026672363, "aux_2.acc_seg": 67.61238861083984, "time": 0.6110900640487671, "iter": 100, "memory": 36495, "step": 100}
{"aAcc": 43.94, "mIoU": 27.2, "mAcc": 47.37, "avg_val_loss": 11.561329172891483, "data_time": 0.011495157729747683, "time": 0.10332701372545819, "step": 100}
{"lr": 0.002194796531020685, "data_time": 0.17110331058502198, "loss": 3.8945647716522216, "decode.loss_ce": 2.3958864569664002, "decode.acc_seg": 74.49933624267578, "aux_0.loss_ce": 0.4468498855829239, "aux_0.acc_seg": 85.1122817993164, "aux_1.loss_ce": 0.5993013918399811, "aux_1.acc_seg": 68.89783477783203, "aux_2.loss_ce": 0.4525270313024521, "aux_2.acc_seg": 80.2516098022461, "time": 0.5539258718490601, "iter": 200, "memory": 8911, "step": 200}
{"aAcc": 38.69, "mIoU": 18.95, "mAcc": 39.96, "avg_val_loss": 14.190498219596016, "data_time": 0.007246590208733219, "time": 0.09582573792030072, "step": 200}
{"lr": 0.0027951967978652476, "data_time": 0.1807664155960083, "loss": 3.5396198987960816, "decode.loss_ce": 2.166860830783844, "decode.acc_seg": 85.76721954345703, "aux_0.loss_ce": 0.38989660143852234, "aux_0.acc_seg": 88.29560852050781, "aux_1.loss_ce": 0.576100093126297, "aux_1.acc_seg": 77.36566925048828, "aux_2.loss_ce": 0.40676240921020507, "aux_2.acc_seg": 86.49116516113281, "time": 0.6564373254776001, "iter": 300, "memory": 2952, "step": 300}
{"aAcc": 50.01, "mIoU": 29.13, "mAcc": 47.55, "avg_val_loss": 13.953197370030958, "data_time": 0.009103180348188028, "time": 0.119827999465767, "step": 300}
{"lr": 0.0033955970647098093, "data_time": 0.4467692613601685, "loss": 3.137093997001648, "decode.loss_ce": 1.8262548923492432, "decode.acc_seg": 84.15838623046875, "aux_0.loss_ce": 0.3958312213420868, "aux_0.acc_seg": 78.71094512939453, "aux_1.loss_ce": 0.554450261592865, "aux_1.acc_seg": 79.53172302246094, "aux_2.loss_ce": 0.36055765450000765, "aux_2.acc_seg": 83.14099884033203, "time": 0.6416035652160644, "iter": 400, "memory": 2952, "step": 400}
{"aAcc": 50.95, "mIoU": 34.28, "mAcc": 53.71, "avg_val_loss": 13.45335344626018, "data_time": 0.010305242976923099, "time": 0.12463604718789287, "step": 400}
{"lr": 0.003995997331554373, "data_time": 0.01222536563873291, "loss": 3.1993187189102175, "decode.loss_ce": 1.9176976084709167, "decode.acc_seg": 83.61283111572266, "aux_0.loss_ce": 0.33855990171432493, "aux_0.acc_seg": 85.9725570678711, "aux_1.loss_ce": 0.5919947028160095, "aux_1.acc_seg": 75.5473861694336, "aux_2.loss_ce": 0.3510664403438568, "aux_2.acc_seg": 86.30577850341797, "time": 0.5291355371475219, "iter": 500, "memory": 2952, "step": 500}
{"aAcc": 51.9, "mIoU": 35.87, "mAcc": 55.16, "avg_val_loss": 13.034900626313615, "data_time": 0.010241174149787289, "time": 0.12917433936020423, "step": 500}
{"lr": 0.0045963975983989375, "data_time": 0.3642794847488403, "loss": 3.511560153961182, "decode.loss_ce": 2.188264274597168, "decode.acc_seg": 83.09805297851562, "aux_0.loss_ce": 0.35837977230548856, "aux_0.acc_seg": 84.59117126464844, "aux_1.loss_ce": 0.5988631039857865, "aux_1.acc_seg": 75.8134994506836, "aux_2.loss_ce": 0.36605300903320315, "aux_2.acc_seg": 84.22467041015625, "time": 0.5559333086013794, "iter": 600, "memory": 2952, "step": 600}
{"aAcc": 43.55, "mIoU": 28.29, "mAcc": 49.23, "avg_val_loss": 13.702330558649743, "data_time": 0.008742340679826408, "time": 0.12195072776969822, "step": 600}
{"lr": 0.005196797865243495, "data_time": 0.13024423122406006, "loss": 2.9635966062545775, "decode.loss_ce": 1.7235702633857728, "decode.acc_seg": 86.75328063964844, "aux_0.loss_ce": 0.32990320920944216, "aux_0.acc_seg": 85.09761047363281, "aux_1.loss_ce": 0.5719254970550537, "aux_1.acc_seg": 80.32855987548828, "aux_2.loss_ce": 0.3381976783275604, "aux_2.acc_seg": 88.8747787475586, "time": 0.49065940380096434, "iter": 700, "memory": 2952, "step": 700}
{"aAcc": 64.39, "mIoU": 46.31, "mAcc": 62.98, "avg_val_loss": 13.065506749670506, "data_time": 0.011018059719568011, "time": 0.1273701081330749, "step": 700}
