{"lr": 0.005040144980500798, "data_time": 0.008340883255004882, "loss": 6.302967977523804, "decode.loss_ce": 0.8046805292367936, "decode.acc_seg": 61.612510681152344, "aux_0.loss_ce": 1.6600533843040466, "aux_0.acc_seg": 36.16263961791992, "aux_1.loss_ce": 1.4106157064437865, "aux_1.acc_seg": 37.394195556640625, "aux_2.loss_ce": 1.2006576657295227, "aux_2.acc_seg": 39.189815521240234, "aux_3.loss_ce": 1.2269607186317444, "aux_3.acc_seg": 43.3917350769043, "time": 0.4015721559524536, "iter": 100, "memory": 39243, "step": 100}
{"lr": 0.005080615216132712, "data_time": 0.008361172676086426, "loss": 5.681396579742431, "decode.loss_ce": 0.6796853184700012, "decode.acc_seg": 70.9554672241211, "aux_0.loss_ce": 1.4812358736991882, "aux_0.acc_seg": 46.16191864013672, "aux_1.loss_ce": 1.317523145675659, "aux_1.acc_seg": 46.96518325805664, "aux_2.loss_ce": 1.1454951167106628, "aux_2.acc_seg": 49.67855453491211, "aux_3.loss_ce": 1.057457160949707, "aux_3.acc_seg": 49.6513786315918, "time": 0.40963823795318605, "iter": 200, "memory": 6379, "step": 200}
