{"lr": 0.0050220502205022026, "data_time": 0.010247063636779786, "loss": 9.78181438446045, "decode.loss_ce": 1.8382180094718934, "decode.acc_seg": 50.96022415161133, "aux_0.loss_ce": 2.2943106651306153, "aux_0.acc_seg": 34.35422134399414, "aux_1.loss_ce": 1.9879898309707642, "aux_1.acc_seg": 39.581111907958984, "aux_2.loss_ce": 1.8164433240890503, "aux_2.acc_seg": 42.226890563964844, "aux_3.loss_ce": 1.8448525309562682, "aux_3.acc_seg": 37.302223205566406, "time": 0.20280439853668214, "iter": 50, "memory": 17408, "step": 50}
{"aAcc": 30.34, "mIoU": 4.5, "mAcc": 8.8, "val_loss": 13.845287955489722, "data_time": 0.005638253659807563, "time": 0.3679779538853035, "step": 50}
{"lr": 0.00504455044550445, "data_time": 0.003643703460693359, "loss": 9.293511533737183, "decode.loss_ce": 1.8533966720104218, "decode.acc_seg": 9.481111526489258, "aux_0.loss_ce": 2.065989589691162, "aux_0.acc_seg": 17.17044448852539, "aux_1.loss_ce": 1.8538518786430358, "aux_1.acc_seg": 20.28244400024414, "aux_2.loss_ce": 1.7350610613822937, "aux_2.acc_seg": 26.7091121673584, "aux_3.loss_ce": 1.785212403535843, "aux_3.acc_seg": 25.39288902282715, "time": 0.13544023036956787, "iter": 100, "memory": 901, "step": 100}
