{"lr": 0.0015943962641761188, "data_time": 0.29593358039855955, "loss": 4.489527988433838, "decode.loss_ce": 0.6510759353637695, "decode.acc_seg": 69.13261413574219, "aux_0.loss_ce": 1.496972954273224, "aux_0.acc_seg": 50.48250198364258, "aux_1.loss_ce": 0.9506648778915405, "aux_1.acc_seg": 51.15999984741211, "aux_2.loss_ce": 0.7454595983028411, "aux_2.acc_seg": 59.30905532836914, "aux_3.loss_ce": 0.6453545928001404, "aux_3.acc_seg": 69.89350128173828, "time": 0.697533655166626, "iter": 100, "memory": 19651, "step": 100}
{"aAcc": 64.12, "mIoU": 48.69, "mAcc": 65.33, "avg_val_loss": 5.087106294450704, "data_time": 0.011097400687461676, "time": 0.1352062003557072, "step": 100}
{"lr": 0.002194796531020685, "data_time": 0.10997822284698486, "loss": 3.5629265308380127, "decode.loss_ce": 0.5701796263456345, "decode.acc_seg": 71.92977905273438, "aux_0.loss_ce": 0.954507851600647, "aux_0.acc_seg": 59.631500244140625, "aux_1.loss_ce": 0.7958784639835358, "aux_1.acc_seg": 60.54677963256836, "aux_2.loss_ce": 0.6734986364841461, "aux_2.acc_seg": 66.44249725341797, "aux_3.loss_ce": 0.5688619941473008, "aux_3.acc_seg": 70.97677612304688, "time": 0.5035282373428345, "iter": 200, "memory": 34223, "step": 200}
{"aAcc": 78.44, "mIoU": 61.89, "mAcc": 74.55, "avg_val_loss": 4.440792751591108, "data_time": 0.00731283494795876, "time": 0.10264767723521967, "step": 200}
{"lr": 0.0027951967978652476, "data_time": 0.36413989067077634, "loss": 3.1610532999038696, "decode.loss_ce": 0.5257746875286102, "decode.acc_seg": 74.8764419555664, "aux_0.loss_ce": 0.8168981969356537, "aux_0.acc_seg": 59.26094436645508, "aux_1.loss_ce": 0.7179479420185089, "aux_1.acc_seg": 67.87811279296875, "aux_2.loss_ce": 0.5768742740154267, "aux_2.acc_seg": 74.69133758544922, "aux_3.loss_ce": 0.5235581874847413, "aux_3.acc_seg": 75.86677551269531, "time": 0.5849451303482056, "iter": 300, "memory": 3354, "step": 300}
{"aAcc": 78.28, "mIoU": 62.54, "mAcc": 75.96, "avg_val_loss": 4.126055849516368, "data_time": 0.007212531977686389, "time": 0.10264580003146467, "step": 300}
{"lr": 0.0033955970647098093, "data_time": 0.09745161533355713, "loss": 3.186490797996521, "decode.loss_ce": 0.5485912591218949, "decode.acc_seg": 72.33344268798828, "aux_0.loss_ce": 0.7987479567527771, "aux_0.acc_seg": 64.95616912841797, "aux_1.loss_ce": 0.6902303755283355, "aux_1.acc_seg": 66.68961334228516, "aux_2.loss_ce": 0.5960963070392609, "aux_2.acc_seg": 72.46255493164062, "aux_3.loss_ce": 0.5528248816728591, "aux_3.acc_seg": 71.34811401367188, "time": 0.6377078771591187, "iter": 400, "memory": 3354, "step": 400}
{"aAcc": 78.26, "mIoU": 62.54, "mAcc": 75.99, "avg_val_loss": 4.120894091563266, "data_time": 0.008151492853274291, "time": 0.1035977396471747, "step": 400}
{"lr": 0.003995997331554373, "data_time": 0.0082444429397583, "loss": 3.0018112659454346, "decode.loss_ce": 0.523616349697113, "decode.acc_seg": 79.84794616699219, "aux_0.loss_ce": 0.7332787811756134, "aux_0.acc_seg": 73.24044799804688, "aux_1.loss_ce": 0.6539647936820984, "aux_1.acc_seg": 71.75177764892578, "aux_2.loss_ce": 0.5623243570327758, "aux_2.acc_seg": 74.25755310058594, "aux_3.loss_ce": 0.5286269187927246, "aux_3.acc_seg": 80.3233871459961, "time": 0.5229750871658325, "iter": 500, "memory": 3354, "step": 500}
{"aAcc": 43.25, "mIoU": 30.34, "mAcc": 52.76, "avg_val_loss": 4.875672044199809, "data_time": 0.006713039573581739, "time": 0.10382179282177453, "step": 500}
{"lr": 0.0045963975983989375, "data_time": 0.026947975158691406, "loss": 2.800535488128662, "decode.loss_ce": 0.44509173929691315, "decode.acc_seg": 85.26567077636719, "aux_0.loss_ce": 0.7454775154590607, "aux_0.acc_seg": 69.67005920410156, "aux_1.loss_ce": 0.642015814781189, "aux_1.acc_seg": 67.4743881225586, "aux_2.loss_ce": 0.5212542921304703, "aux_2.acc_seg": 79.08049774169922, "aux_3.loss_ce": 0.44669610261917114, "aux_3.acc_seg": 83.53077697753906, "time": 0.6389562606811523, "iter": 600, "memory": 3354, "step": 600}
{"aAcc": 64.05, "mIoU": 48.23, "mAcc": 64.7, "avg_val_loss": 4.653052446975229, "data_time": 0.007775860271234622, "time": 0.1025102056305984, "step": 600}
{"lr": 0.005196797865243495, "data_time": 0.47010915279388427, "loss": 2.8219408273696898, "decode.loss_ce": 0.4408724129199982, "decode.acc_seg": 80.68816375732422, "aux_0.loss_ce": 0.7629162609577179, "aux_0.acc_seg": 59.71488952636719, "aux_1.loss_ce": 0.6311011791229248, "aux_1.acc_seg": 74.41139221191406, "aux_2.loss_ce": 0.5168395549058914, "aux_2.acc_seg": 78.49422454833984, "aux_3.loss_ce": 0.47021145522594454, "aux_3.acc_seg": 80.06517028808594, "time": 0.6896206140518188, "iter": 700, "memory": 3354, "step": 700}
{"aAcc": 79.69, "mIoU": 62.91, "mAcc": 75.31, "avg_val_loss": 4.439398726238344, "data_time": 0.007077858365815261, "time": 0.10091631165866194, "step": 700}
{"lr": 0.005797198132088056, "data_time": 0.009068512916564941, "loss": 2.792889618873596, "decode.loss_ce": 0.4195275276899338, "decode.acc_seg": 75.69721984863281, "aux_0.loss_ce": 0.7421745240688324, "aux_0.acc_seg": 57.135555267333984, "aux_1.loss_ce": 0.6258373141288758, "aux_1.acc_seg": 67.14099884033203, "aux_2.loss_ce": 0.5310433447360993, "aux_2.acc_seg": 75.7854995727539, "aux_3.loss_ce": 0.47430686354637147, "aux_3.acc_seg": 73.94139099121094, "time": 0.6730777025222778, "iter": 800, "memory": 3354, "step": 800}
{"aAcc": 75.85, "mIoU": 58.15, "mAcc": 71.68, "avg_val_loss": 4.437152292198169, "data_time": 0.006548215603006297, "time": 0.10204816960740364, "step": 800}
{"lr": 0.006397598398932616, "data_time": 0.3061044454574585, "loss": 2.8086790800094605, "decode.loss_ce": 0.4136726289987564, "decode.acc_seg": 79.0957260131836, "aux_0.loss_ce": 0.7426883816719055, "aux_0.acc_seg": 72.02677917480469, "aux_1.loss_ce": 0.6178547441959381, "aux_1.acc_seg": 73.0677261352539, "aux_2.loss_ce": 0.5542135059833526, "aux_2.acc_seg": 72.71817016601562, "aux_3.loss_ce": 0.48024980127811434, "aux_3.acc_seg": 74.87655639648438, "time": 0.6169409990310669, "iter": 900, "memory": 3354, "step": 900}
{"aAcc": 77.91, "mIoU": 59.27, "mAcc": 71.77, "avg_val_loss": 4.302386470124503, "data_time": 0.005974369487543216, "time": 0.10093550846494477, "step": 900}
{"lr": 0.0069979986657771765, "data_time": 0.22933475971221923, "loss": 2.6896910190582277, "decode.loss_ce": 0.3990963727235794, "decode.acc_seg": 81.39038848876953, "aux_0.loss_ce": 0.7405476629734039, "aux_0.acc_seg": 59.9716682434082, "aux_1.loss_ce": 0.5911500155925751, "aux_1.acc_seg": 71.32211303710938, "aux_2.loss_ce": 0.5005431026220322, "aux_2.acc_seg": 77.32894897460938, "aux_3.loss_ce": 0.4583538264036179, "aux_3.acc_seg": 78.43644714355469, "time": 0.5529326677322388, "iter": 1000, "memory": 3354, "step": 1000}
{"aAcc": 46.18, "mIoU": 29.9, "mAcc": 50.37, "avg_val_loss": 4.850589427177669, "data_time": 0.006091948213248417, "time": 0.09991019347618366, "step": 1000}
{"lr": 0.0075983989326217465, "data_time": 0.12123444080352783, "loss": 2.739993762969971, "decode.loss_ce": 0.38691932857036593, "decode.acc_seg": 83.00772094726562, "aux_0.loss_ce": 0.7399636447429657, "aux_0.acc_seg": 51.85900115966797, "aux_1.loss_ce": 0.6174978733062744, "aux_1.acc_seg": 69.6802749633789, "aux_2.loss_ce": 0.5334941536188126, "aux_2.acc_seg": 73.61522674560547, "aux_3.loss_ce": 0.46211879551410673, "aux_3.acc_seg": 79.31327819824219, "time": 0.5434242725372315, "iter": 1100, "memory": 3354, "step": 1100}
{"aAcc": 75.08, "mIoU": 57.18, "mAcc": 70.76, "avg_val_loss": 4.660638303209466, "data_time": 0.0076542366510150076, "time": 0.1020387863290721, "step": 1100}
{"lr": 0.008198799199466306, "data_time": 0.23806302547454833, "loss": 2.59899959564209, "decode.loss_ce": 0.3314627170562744, "decode.acc_seg": 87.48422241210938, "aux_0.loss_ce": 0.7435061454772949, "aux_0.acc_seg": 67.08039093017578, "aux_1.loss_ce": 0.604602599143982, "aux_1.acc_seg": 67.68316650390625, "aux_2.loss_ce": 0.48947486877441404, "aux_2.acc_seg": 78.14888763427734, "aux_3.loss_ce": 0.4299532562494278, "aux_3.acc_seg": 81.76239013671875,