{"lr": 0.0015943962641761188, "data_time": 0.2456451416015625, "loss": 3.7614099025726317, "decode.loss_ce": 0.6145954370498657, "decode.acc_seg": 73.5552749633789, "aux_0.loss_ce": 1.036918705701828, "aux_0.acc_seg": 58.96788787841797, "aux_1.loss_ce": 0.7945589125156403, "aux_1.acc_seg": 59.417388916015625, "aux_2.loss_ce": 0.6867451906204224, "aux_2.acc_seg": 67.59872436523438, "aux_3.loss_ce": 0.628591650724411, "aux_3.acc_seg": 74.48261260986328, "time": 0.6529336452484131, "iter": 100, "memory": 19642, "step": 100}
{"aAcc": 68.12, "mIoU": 51.97, "mAcc": 67.49, "avg_val_loss": 4.1224828383378815, "data_time": 0.011366525361704271, "time": 0.12520666732344515, "step": 100}
{"lr": 0.002194796531020685, "data_time": 0.5071554183959961, "loss": 3.4125864267349244, "decode.loss_ce": 0.5850580245256424, "decode.acc_seg": 71.46483612060547, "aux_0.loss_ce": 0.8504677057266236, "aux_0.acc_seg": 65.05994415283203, "aux_1.loss_ce": 0.7292725265026092, "aux_1.acc_seg": 65.50910949707031, "aux_2.loss_ce": 0.659224659204483, "aux_2.acc_seg": 69.18000030517578, "aux_3.loss_ce": 0.5885635167360306, "aux_3.acc_seg": 71.33049774169922, "time": 0.6564070463180542, "iter": 200, "memory": 34218, "step": 200}
{"aAcc": 66.97, "mIoU": 49.44, "mAcc": 65.28, "avg_val_loss": 4.016342251970057, "data_time": 0.007252167011129445, "time": 0.08695200942028528, "step": 200}
{"lr": 0.0027951967978652476, "data_time": 0.5098625421524048, "loss": 3.407809257507324, "decode.loss_ce": 0.6004607498645782, "decode.acc_seg": 72.48816680908203, "aux_0.loss_ce": 0.8245856046676636, "aux_0.acc_seg": 54.54533386230469, "aux_1.loss_ce": 0.7386411011219025, "aux_1.acc_seg": 63.72827911376953, "aux_2.loss_ce": 0.6464027464389801, "aux_2.acc_seg": 71.78116607666016, "aux_3.loss_ce": 0.5977189302444458, "aux_3.acc_seg": 72.1278305053711, "time": 0.6606232166290283, "iter": 300, "memory": 2728, "step": 300}
{"aAcc": 79.29, "mIoU": 62.73, "mAcc": 75.29, "avg_val_loss": 3.7534252040625553, "data_time": 0.007787789421520014, "time": 0.09028623844015188, "step": 300}
{"lr": 0.0033955970647098093, "data_time": 0.3897217035293579, "loss": 2.9134789943695067, "decode.loss_ce": 0.46229357421398165, "decode.acc_seg": 77.5513916015625, "aux_0.loss_ce": 0.7612027883529663, "aux_0.acc_seg": 56.040279388427734, "aux_1.loss_ce": 0.6579519808292389, "aux_1.acc_seg": 65.53128051757812, "aux_2.loss_ce": 0.5537311166524888, "aux_2.acc_seg": 75.2122802734375, "aux_3.loss_ce": 0.4782995402812958, "aux_3.acc_seg": 77.69277954101562, "time": 0.6645135164260865, "iter": 400, "memory": 2728, "step": 400}
{"aAcc": 67.5, "mIoU": 51.81, "mAcc": 68.24, "avg_val_loss": 3.6417478960639205, "data_time": 0.006961266199747722, "time": 0.08916297726247502, "step": 400}
{"lr": 0.003995997331554373, "data_time": 0.13666629791259766, "loss": 2.984415602684021, "decode.loss_ce": 0.5146100908517838, "decode.acc_seg": 79.57772064208984, "aux_0.loss_ce": 0.7269270479679107, "aux_0.acc_seg": 74.94567108154297, "aux_1.loss_ce": 0.6404205322265625, "aux_1.acc_seg": 74.87110900878906, "aux_2.loss_ce": 0.5700192093849182, "aux_2.acc_seg": 80.27172088623047, "aux_3.loss_ce": 0.5324387222528457, "aux_3.acc_seg": 78.32283782958984, "time": 0.5439286231994629, "iter": 500, "memory": 2728, "step": 500}
{"aAcc": 78.94, "mIoU": 63.36, "mAcc": 76.38, "avg_val_loss": 3.6042535259186876, "data_time": 0.007412162320367221, "time": 0.0893213118629894, "step": 500}
{"lr": 0.0045963975983989375, "data_time": 0.5241307735443115, "loss": 3.077837324142456, "decode.loss_ce": 0.5263577848672867, "decode.acc_seg": 77.89727783203125, "aux_0.loss_ce": 0.7680732309818268, "aux_0.acc_seg": 66.80005645751953, "aux_1.loss_ce": 0.6520338475704193, "aux_1.acc_seg": 71.2013931274414, "aux_2.loss_ce": 0.5921541929244996, "aux_2.acc_seg": 76.10083770751953, "aux_3.loss_ce": 0.5392182290554046, "aux_3.acc_seg": 77.42694854736328, "time": 0.6749330043792725, "iter": 600, "memory": 2728, "step": 600}
{"aAcc": 43.8, "mIoU": 29.79, "mAcc": 53.12, "avg_val_loss": 4.057161922619241, "data_time": 0.007330406671282889, "time": 0.08523671654449112, "step": 600}
{"lr": 0.005196797865243495, "data_time": 0.09663820266723633, "loss": 2.828655552864075, "decode.loss_ce": 0.46192690432071687, "decode.acc_seg": 81.24478149414062, "aux_0.loss_ce": 0.7467470049858094, "aux_0.acc_seg": 62.05400085449219, "aux_1.loss_ce": 0.6082866668701172, "aux_1.acc_seg": 70.58683776855469, "aux_2.loss_ce": 0.526526403427124, "aux_2.acc_seg": 77.34627532958984, "aux_3.loss_ce": 0.4851686269044876, "aux_3.acc_seg": 75.95188903808594, "time": 0.5436191558837891, "iter": 700, "memory": 2728, "step": 700}
{"aAcc": 80.1, "mIoU": 63.97, "mAcc": 76.2, "avg_val_loss": 3.9449372263928706, "data_time": 0.007888010178489247, "time": 0.09289392931707974, "step": 700}
{"lr": 0.005797198132088056, "data_time": 0.5321668863296509, "loss": 2.704816484451294, "decode.loss_ce": 0.4368418425321579, "decode.acc_seg": 79.23439025878906, "aux_0.loss_ce": 0.701680862903595, "aux_0.acc_seg": 57.86083221435547, "aux_1.loss_ce": 0.592210465669632, "aux_1.acc_seg": 69.92216491699219, "aux_2.loss_ce": 0.5149201452732086, "aux_2.acc_seg": 76.2772216796875, "aux_3.loss_ce": 0.4591631442308426, "aux_3.acc_seg": 77.1147232055664, "time": 0.6864739656448364, "iter": 800, "memory": 2728, "step": 800}
{"aAcc": 80.42, "mIoU": 64.98, "mAcc": 77.41, "avg_val_loss": 3.930044124578262, "data_time": 0.007868185810659123, "time": 0.09043468826118557, "step": 800}
{"lr": 0.006397598398932616, "data_time": 0.009796214103698731, "loss": 2.78955979347229, "decode.loss_ce": 0.4515662997961044, "decode.acc_seg": 84.31455993652344, "aux_0.loss_ce": 0.7148460745811462, "aux_0.acc_seg": 71.24417114257812, "aux_1.loss_ce": 0.6127068340778351, "aux_1.acc_seg": 71.21727752685547, "aux_2.loss_ce": 0.5370936840772629, "aux_2.acc_seg": 79.73233795166016, "aux_3.loss_ce": 0.4733469307422638, "aux_3.acc_seg": 82.47066497802734, "time": 0.4941429376602173, "iter": 900, "memory": 2728, "step": 900}
{"aAcc": 43.72, "mIoU": 27.93, "mAcc": 48.79, "avg_val_loss": 4.408698407655958, "data_time": 0.007963717668906025, "time": 0.08676071824698613, "step": 900}
{"lr": 0.0069979986657771765, "data_time": 0.23998844623565674, "loss": 2.787994909286499, "decode.loss_ce": 0.4191513180732727, "decode.acc_seg": 85.4748306274414, "aux_0.loss_ce": 0.7376089990139008, "aux_0.acc_seg": 59.989501953125, "aux_1.loss_ce": 0.6273376166820526, "aux_1.acc_seg": 76.35016632080078, "aux_2.loss_ce": 0.5400198608636856, "aux_2.acc_seg": 81.39005279541016, "aux_3.loss_ce": 0.46387707591056826, "aux_3.acc_seg": 84.23544311523438, "time": 0.44851710796356203, "iter": 1000, "memory": 2728, "step": 1000}
{"aAcc": 75.72, "mIoU": 57.15, "mAcc": 70.58, "avg_val_loss": 4.2844099889198946, "data_time": 0.005725498857169315, "time": 0.090954947745663, "step": 1000}
{"lr": 0.0075983989326217465, "data_time": 0.033868408203125, "loss": 2.469276237487793, "decode.loss_ce": 0.35243980884552, "decode.acc_seg": 85.5523910522461, "aux_0.loss_ce": 0.6934871971607208, "aux_0.acc_seg": 73.72039031982422, "aux_1.loss_ce": 0.5654788702726364, "aux_1.acc_seg": 74.38833618164062, "aux_2.loss_ce": 0.4596163958311081, "aux_2.acc_seg": 79.18222045898438, "aux_3.loss_ce": 0.3982538998126984, "aux_3.acc_seg": 83.27850341796875, "time": 0.5108590602874756, "iter": 1100, "memory": 2728, "step": 1100}
{"aAcc": 79.79, "mIoU": 63.71, "mAcc": 76.32, "avg_val_loss": 4.160175586557179, "data_time": 0.007490336209878154, "time": 0.0925795072796701, "step": 1100}
{"lr": 0.008198799199466306, "data_time": 0.332779860496521, "loss": 2.720854568481445, "decode.loss_ce": 0.39299010336399076, "decode.acc_seg": 86.06744384765625, "aux_0.loss_ce": 0.7339415729045868, "aux_0.acc_seg": 59.042388916015625, "aux_1.loss_ce": 0.6054152250289917, "aux_1.acc_seg": 75.41217041015625, "aux_2.loss_ce": 0.5135803490877151, "aux_2.acc_seg": 77.68183135986328, "aux_3.loss_ce": 0.47492730617523193, "aux_3.acc_seg": 80.75639343261719,