{"lr": 0.0015943962641761188, "data_time": 0.1391368627548218, "loss": 0.3839240938425064, "decode.loss_seg": 0.2108753129839897, "aux_0.loss_seg": 0.04807784613221884, "aux_1.loss_seg": 0.04475619066506624, "aux_2.loss_seg": 0.04219462536275387, "aux_3.loss_seg": 0.03802013099193573, "time": 0.5953626871109009, "iter": 100, "memory": 19977, "step": 100}
{"aAcc": 53.31, "mIoU": 37.92, "mAcc": 58.03, "avg_val_loss": 0.0, "data_time": 0.01197272123292435, "time": 0.09129029928251754, "step": 100}
{"lr": 0.002194796531020685, "data_time": 0.010294318199157715, "loss": 0.32245493233203887, "decode.loss_seg": 0.1803635001182556, "aux_0.loss_seg": 0.0368031756952405, "aux_1.loss_seg": 0.03702260535210371, "aux_2.loss_seg": 0.035520967282354834, "aux_3.loss_seg": 0.0327446835115552, "time": 0.7348418951034545, "iter": 200, "memory": 34270, "step": 200}
{"aAcc": 52.84, "mIoU": 37.13, "mAcc": 57.11, "avg_val_loss": 0.0, "data_time": 0.009467059168322333, "time": 0.06887125146800074, "step": 200}
{"lr": 0.0027951967978652476, "data_time": 0.3533215284347534, "loss": 0.3886244595050812, "decode.loss_seg": 0.2235114723443985, "aux_0.loss_seg": 0.04450532458722591, "aux_1.loss_seg": 0.041797937080264094, "aux_2.loss_seg": 0.039505600556731225, "aux_3.loss_seg": 0.039304118417203424, "time": 0.5731974363327026, "iter": 300, "memory": 3093, "step": 300}
{"aAcc": 52.99, "mIoU": 36.93, "mAcc": 56.96, "avg_val_loss": 0.0, "data_time": 0.011515096686352259, "time": 0.07360548534612546, "step": 300}
{"lr": 0.0033955970647098093, "data_time": 0.5911502838134766, "loss": 0.3313843756914139, "decode.loss_seg": 0.19020601585507393, "aux_0.loss_seg": 0.03695828523486853, "aux_1.loss_seg": 0.034854120947420596, "aux_2.loss_seg": 0.03420445024967193, "aux_3.loss_seg": 0.03516150340437889, "time": 0.7476766109466553, "iter": 400, "memory": 3093, "step": 400}
{"aAcc": 50.06, "mIoU": 33.22, "mAcc": 53.6, "avg_val_loss": 0.0, "data_time": 0.011338938241717458, "time": 0.07375317606432684, "step": 400}
{"lr": 0.003995997331554373, "data_time": 0.01481800079345703, "loss": 0.2723320692777634, "decode.loss_seg": 0.16115265116095542, "aux_0.loss_seg": 0.026654707640409468, "aux_1.loss_seg": 0.026096777617931367, "aux_2.loss_seg": 0.029360477533191442, "aux_3.loss_seg": 0.029067455604672433, "time": 0.5183050155639648, "iter": 500, "memory": 3093, "step": 500}
{"aAcc": 52.0, "mIoU": 35.51, "mAcc": 54.93, "avg_val_loss": 0.0, "data_time": 0.00976225699501476, "time": 0.0722623611318654, "step": 500}
{"lr": 0.0045963975983989375, "data_time": 0.013384675979614258, "loss": 0.23317990601062774, "decode.loss_seg": 0.1335485015064478, "aux_0.loss_seg": 0.023239271808415653, "aux_1.loss_seg": 0.02231534570455551, "aux_2.loss_seg": 0.02641605753451586, "aux_3.loss_seg": 0.027660724893212318, "time": 0.6761400699615479, "iter": 600, "memory": 3093, "step": 600}
{"aAcc": 49.96, "mIoU": 33.76, "mAcc": 53.87, "avg_val_loss": 0.0, "data_time": 0.009803190998647404, "time": 0.07249187601023707, "step": 600}
{"lr": 0.005196797865243495, "data_time": 0.33524765968322756, "loss": 0.2621605649590492, "decode.loss_seg": 0.1555800423026085, "aux_0.loss_seg": 0.024681436084210872, "aux_1.loss_seg": 0.024964352324604987, "aux_2.loss_seg": 0.028720602951943876, "aux_3.loss_seg": 0.028214134648442267, "time": 0.4930441379547119, "iter": 700, "memory": 3093, "step": 700}
{"aAcc": 51.53, "mIoU": 34.03, "mAcc": 54.61, "avg_val_loss": 0.0, "data_time": 0.01149525313541807, "time": 0.07350284477760052, "step": 700}
{"lr": 0.005797198132088056, "data_time": 0.29828333854675293, "loss": 0.27763908356428146, "decode.loss_seg": 0.16954717338085173, "aux_0.loss_seg": 0.02493186863139272, "aux_1.loss_seg": 0.024477965757250787, "aux_2.loss_seg": 0.029192176833748817, "aux_3.loss_seg": 0.029489898588508368, "time": 0.6609772920608521, "iter": 800, "memory": 3093, "step": 800}
{"aAcc": 55.02, "mIoU": 36.98, "mAcc": 56.8, "avg_val_loss": 0.0, "data_time": 0.010560523504498362, "time": 0.07301106124088683, "step": 800}
