{"lr": 0.0015943962641761188, "data_time": 0.48073587417602537, "loss": 5.530069828033447, "decode.loss_ce": 1.7809349179267884, "decode.acc_seg": 60.794002532958984, "aux_0.loss_ce": 0.8544882297515869, "aux_0.acc_seg": 70.1623306274414, "aux_1.loss_ce": 0.755843985080719, "aux_1.acc_seg": 74.81400299072266, "aux_2.loss_seg": 1.1446765661239624, "aux_3.loss_seg": 0.9941261351108551, "time": 0.657446312904358, "iter": 100, "memory": 19648, "step": 100}
{"aAcc": 54.36, "mIoU": 25.19, "mAcc": 35.68, "avg_val_loss": 4.922530940053059, "data_time": 0.0170869882716689, "time": 0.11239783153977505, "step": 100}
{"lr": 0.002194796531020685, "data_time": 0.4890080213546753, "loss": 4.397478199005127, "decode.loss_ce": 1.3276397347450257, "decode.acc_seg": 75.16061401367188, "aux_0.loss_ce": 0.604552373290062, "aux_0.acc_seg": 70.58411407470703, "aux_1.loss_ce": 0.5327533483505249, "aux_1.acc_seg": 74.91799926757812, "aux_2.loss_seg": 1.018589621782303, "aux_3.loss_seg": 0.9139430344104766, "time": 0.6602119445800781, "iter": 200, "memory": 34244, "step": 200}
{"aAcc": 51.2, "mIoU": 27.39, "mAcc": 43.63, "avg_val_loss": 4.954185173961154, "data_time": 0.028296815937963026, "time": 0.09586419456306546, "step": 200}
{"lr": 0.0027951967978652476, "data_time": 0.2979780673980713, "loss": 3.9491587400436403, "decode.loss_ce": 1.1233019411563874, "decode.acc_seg": 83.82511138916016, "aux_0.loss_ce": 0.5228795498609543, "aux_0.acc_seg": 81.46627807617188, "aux_1.loss_ce": 0.4717781633138657, "aux_1.acc_seg": 83.6392822265625, "aux_2.loss_seg": 0.9688583076000213, "aux_3.loss_seg": 0.8623407781124115, "time": 0.6224206447601318, "iter": 300, "memory": 2731, "step": 300}
{"aAcc": 58.2, "mIoU": 33.79, "mAcc": 50.92, "avg_val_loss": 4.85030860028304, "data_time": 0.0336163975726599, "time": 0.10131015448734679, "step": 300}
{"lr": 0.0033955970647098093, "data_time": 0.20750982761383058, "loss": 3.5126267194747927, "decode.loss_ce": 0.9625005066394806, "decode.acc_seg": 90.2991714477539, "aux_0.loss_ce": 0.43583800792694094, "aux_0.acc_seg": 92.6419448852539, "aux_1.loss_ce": 0.40786767899990084, "aux_1.acc_seg": 90.42544555664062, "aux_2.loss_seg": 0.9155431389808655, "aux_3.loss_seg": 0.7908773064613343, "time": 0.604547667503357, "iter": 400, "memory": 2731, "step": 400}
{"aAcc": 64.3, "mIoU": 34.16, "mAcc": 46.41, "avg_val_loss": 4.905994394587146, "data_time": 0.032827519822394714, "time": 0.10049335435889233, "step": 400}
{"lr": 0.003995997331554373, "data_time": 0.3909111976623535, "loss": 3.2701852560043334, "decode.loss_ce": 0.8268126547336578, "decode.acc_seg": 80.19094848632812, "aux_0.loss_ce": 0.41141569018363955, "aux_0.acc_seg": 77.69889068603516, "aux_1.loss_ce": 0.37207426130771637, "aux_1.acc_seg": 80.22416687011719, "aux_2.loss_seg": 0.8793574869632721, "aux_3.loss_seg": 0.7805251598358154, "time": 0.5652130603790283, "iter": 500, "memory": 2731, "step": 500}
{"aAcc": 62.33, "mIoU": 39.76, "mAcc": 55.67, "avg_val_loss": 4.930617472494555, "data_time": 0.03170442855221101, "time": 0.09883607941112299, "step": 500}
{"lr": 0.0045963975983989375, "data_time": 0.4833716869354248, "loss": 3.2085156440734863, "decode.loss_ce": 0.7512794375419617, "decode.acc_seg": 88.46283721923828, "aux_0.loss_ce": 0.3966750383377075, "aux_0.acc_seg": 87.2844467163086, "aux_1.loss_ce": 0.34484790712594987, "aux_1.acc_seg": 89.7780532836914, "aux_2.loss_seg": 0.9053982377052308, "aux_3.loss_seg": 0.8103150069713593, "time": 0.6357816219329834, "iter": 600, "memory": 2731, "step": 600}
{"aAcc": 54.18, "mIoU": 34.5, "mAcc": 50.33, "avg_val_loss": 5.210555448503638, "data_time": 0.027164461968959063, "time": 0.09553285028742647, "step": 600}
{"lr": 0.005196797865243495, "data_time": 0.33629136085510253, "loss": 2.867794919013977, "decode.loss_ce": 0.6494696140289307, "decode.acc_seg": 86.97822570800781, "aux_0.loss_ce": 0.36015522480010986, "aux_0.acc_seg": 88.7497787475586, "aux_1.loss_ce": 0.3142898976802826, "aux_1.acc_seg": 89.6681137084961, "aux_2.loss_seg": 0.823415732383728, "aux_3.loss_seg": 0.7204645037651062, "time": 0.6014113187789917, "iter": 700, "memory": 2731, "step": 700}
{"aAcc": 65.88, "mIoU": 40.56, "mAcc": 54.96, "avg_val_loss": 5.2077885029235285, "data_time": 0.031631727328245665, "time": 0.09937317618008318, "step": 700}
{"lr": 0.005797198132088056, "data_time": 0.48484253883361816, "loss": 2.8465004444122313, "decode.loss_ce": 0.5990735918283463, "decode.acc_seg": 89.38349914550781, "aux_0.loss_ce": 0.36148011684417725, "aux_0.acc_seg": 84.70005798339844, "aux_1.loss_ce": 0.31380128860473633, "aux_1.acc_seg": 88.32616424560547, "aux_2.loss_seg": 0.8674779832363129, "aux_3.loss_seg": 0.7046674370765686, "time": 0.7813191890716553, "iter": 800, "memory": 2731, "step": 800}
{"aAcc": 72.52, "mIoU": 44.77, "mAcc": 55.43, "avg_val_loss": 5.053600916758789, "data_time": 0.01708926825687803, "time": 0.08436421690316036, "step": 800}
{"lr": 0.006397598398932616, "data_time": 0.2821297883987427, "loss": 2.6291709661483766, "decode.loss_ce": 0.5711103498935699, "decode.acc_seg": 90.89505767822266, "aux_0.loss_ce": 0.3147514835000038, "aux_0.acc_seg": 89.16867065429688, "aux_1.loss_ce": 0.2864163279533386, "aux_1.acc_seg": 91.9013900756836, "aux_2.loss_seg": 0.7853824377059937, "aux_3.loss_seg": 0.6715103268623352, "time": 0.6252468347549438, "iter": 900, "memory": 2731, "step": 900}
{"aAcc": 72.52, "mIoU": 46.55, "mAcc": 58.11, "avg_val_loss": 4.930460177821877, "data_time": 0.03202987265312809, "time": 0.1000553026966665, "step": 900}
{"lr": 0.0069979986657771765, "data_time": 0.2778695344924927, "loss": 2.651504111289978, "decode.loss_ce": 0.5339252561330795, "decode.acc_seg": 89.6247787475586, "aux_0.loss_ce": 0.3105151355266571, "aux_0.acc_seg": 89.92977905273438, "aux_1.loss_ce": 0.2692063391208649, "aux_1.acc_seg": 92.05227661132812, "aux_2.loss_seg": 0.8354089677333831, "aux_3.loss_seg": 0.7024484395980835, "time": 0.6008174896240235, "iter": 1000, "memory": 2731, "step": 1000}
{"aAcc": 61.78, "mIoU": 36.17, "mAcc": 52.28, "avg_val_loss": 4.96344800589726, "data_time": 0.02527124306251263, "time": 0.09283477136458473, "step": 1000}
{"lr": 0.0075983989326217465, "data_time": 0.3648052453994751, "loss": 2.658549427986145, "decode.loss_ce": 0.5300813466310501, "decode.acc_seg": 88.17833709716797, "aux_0.loss_ce": 0.3183343321084976, "aux_0.acc_seg": 84.77989196777344, "aux_1.loss_ce": 0.2824728026986122, "aux_1.acc_seg": 86.10839080810547, "aux_2.loss_seg": 0.8413213491439819, "aux_3.loss_seg": 0.6863395571708679, "time": 0.5971542119979858, "iter": 1100, "memory": 2731, "step": 1100}
{"aAcc": 71.18, "mIoU": 45.89, "mAcc": 56.13, "avg_val_loss": 4.945543278030485, "data_time": 0.030629944527286224, "time": 0.09815306499086578, "step": 1100}
{"lr": 0.008198799199466306, "data_time": 0.014589405059814453, "loss": 2.5628087759017943, "decode.loss_ce": 0.49303503036499025, "decode.acc_seg": 91.170166015625, "aux_0.loss_ce": 0.30936170667409896, "aux_0.acc_seg": 89.44955444335938, "aux_1.loss_ce": 0.2647557869553566, "aux_1.acc_seg": 91.57544708251953, "aux_2.loss_seg": 0.8151321172714233, "aux_3.loss_seg": 0.6805240929126739, "time": 0.6879735946655273, "iter": 1200, "memory": 2731, "step": 1200}
{"aAcc": 63.87, "mIoU": 39.73, "mAcc": 55.59, "avg_val_loss": 4.9872490662144635, "data_time": 0.026356250390239144, "time": 0.09462470569829831, "step": 1200}
{"lr": 0.008799199466310867, "data_time": 0.38116624355316164, "loss": 2.4839757680892944, "decode.loss_ce": 0.49964972734451296, "decode.acc_seg": 91.58377838134766, "aux_0.loss_ce": 0.30127129703760147, "aux_0.acc_seg": 88.80266571044922, "aux_1.loss_ce": 0.2681085288524628, "aux_1.acc_seg": 91.44010925292969, "aux_2.loss_seg": 0.7692453324794769, "aux_3.loss_seg": 0.6457008451223374, "time": 0.6075422763824463, "iter": 1300, "memory": 2731, "step": 1300}
{"aAcc": 74.11, "mIoU": 50.05, "mAcc": 62.4, "avg_val_loss": 5.027681691491464, "data_time": 0.02951458678848442, "time": 0.09780997243420832,