{"lr": 0.0015930867963809803, "data_time": 0.26596360206604003, "loss": 4.699260663986206, "decode.loss_ce": 0.6634360253810883, "decode.acc_seg": 69.94567108154297, "aux_0.loss_ce": 1.6832781672477721, "aux_0.acc_seg": 60.410057067871094, "aux_1.loss_ce": 1.0136479437351227, "aux_1.acc_seg": 64.76444244384766, "aux_2.loss_ce": 0.7092011749744416, "aux_2.acc_seg": 67.26560974121094, "aux_3.loss_ce": 0.629697448015213, "aux_3.acc_seg": 67.9443359375, "time": 0.6637094736099243, "iter": 100, "memory": 19653, "step": 100}
{"aAcc": 13.23, "mIoU": 13.46, "mAcc": 20.85, "avg_val_loss": 15.679637931592284, "data_time": 0.015321437702622525, "time": 0.1413015376689822, "step": 100}
{"lr": 0.002191123271301943, "data_time": 0.2844860076904297, "loss": 3.4990880489349365, "decode.loss_ce": 0.5885143995285034, "decode.acc_seg": 74.55433654785156, "aux_0.loss_ce": 0.9866187989711761, "aux_0.acc_seg": 65.9725570678711, "aux_1.loss_ce": 0.7117679357528687, "aux_1.acc_seg": 72.22433471679688, "aux_2.loss_ce": 0.6176152467727661, "aux_2.acc_seg": 74.24138641357422, "aux_3.loss_ce": 0.5945716619491577, "aux_3.acc_seg": 76.45455932617188, "time": 0.6202208280563355, "iter": 200, "memory": 34223, "step": 200}
{"aAcc": 57.68, "mIoU": 32.8, "mAcc": 54.12, "avg_val_loss": 15.19726361665461, "data_time": 0.006928424725587341, "time": 0.1021621282073273, "step": 200}
{"lr": 0.0027881034698292294, "data_time": 0.37825963497161863, "loss": 3.4706005096435546, "decode.loss_ce": 0.58857381939888, "decode.acc_seg": 73.38478088378906, "aux_0.loss_ce": 0.8971998274326325, "aux_0.acc_seg": 55.26239013671875, "aux_1.loss_ce": 0.7372933447360992, "aux_1.acc_seg": 67.4253921508789, "aux_2.loss_ce": 0.6471248507499695, "aux_2.acc_seg": 71.15605926513672, "aux_3.loss_ce": 0.6004086822271347, "aux_3.acc_seg": 72.55310821533203, "time": 0.6012693405151367, "iter": 300, "memory": 3352, "step": 300}
{"aAcc": 56.47, "mIoU": 32.88, "mAcc": 53.22, "avg_val_loss": 16.02508765389348, "data_time": 0.006983800866137976, "time": 0.10252369957408686, "step": 300}
