{"lr": 0.006406583235954008, "data_time": 0.2213583469390869, "loss": 1.9103312849998475, "decode.loss_ce": 0.27151267528533934, "decode.acc_seg": 88.97161102294922, "aux_0.loss_ce": 0.6296026527881622, "aux_0.acc_seg": 69.87144470214844, "aux_1.loss_ce": 0.3967789590358734, "aux_1.acc_seg": 83.15838623046875, "aux_2.loss_ce": 0.3094942897558212, "aux_2.acc_seg": 90.23283386230469, "aux_3.loss_ce": 0.3029427006840706, "aux_3.acc_seg": 91.32150268554688, "time": 0.42711377143859863, "iter": 910, "memory": 19198, "step": 910}
{"lr": 0.009555466234936583, "data_time": 0.25367648601531984, "loss": 1.2494034886360168, "decode.loss_ce": 0.15636889934539794, "decode.acc_seg": 92.45410919189453, "aux_0.loss_ce": 0.44809350669384, "aux_0.acc_seg": 71.900390625, "aux_1.loss_ce": 0.2545522004365921, "aux_1.acc_seg": 84.32050323486328, "aux_2.loss_ce": 0.20674641355872153, "aux_2.acc_seg": 89.73500061035156, "aux_3.loss_ce": 0.18364244922995568, "aux_3.acc_seg": 91.80933380126953, "time": 0.4537806510925293, "iter": 5000, "memory": 2889, "step": 5000}
{"aAcc": 77.26, "mIoU": 46.6, "mAcc": 57.21, "avg_val_loss": 5.852382136166957, "data_time": 0.004846443600124783, "time": 0.09199036227332222, "step": 5000}
{"lr": 0.009106373674004149, "data_time": 0.2750013589859009, "loss": 1.3185607194900513, "decode.loss_ce": 0.1540876805782318, "decode.acc_seg": 92.03238677978516, "aux_0.loss_ce": 0.4653644233942032, "aux_0.acc_seg": 76.23110961914062, "aux_1.loss_ce": 0.2963401511311531, "aux_1.acc_seg": 89.14122009277344, "aux_2.loss_ce": 0.2294649749994278, "aux_2.acc_seg": 90.50350189208984, "aux_3.loss_ce": 0.1733034610748291, "aux_3.acc_seg": 92.14505767822266, "time": 0.4757755517959595, "iter": 10000, "memory": 10746, "step": 10000}
{"aAcc": 59.65, "mIoU": 30.71, "mAcc": 44.45, "avg_val_loss": 9.91524649722226, "data_time": 0.0035955287400476154, "time": 0.0879299191307863, "step": 10000}
{"lr": 0.008654777854268367, "data_time": 0.009625077247619629, "loss": 1.1802219152450562, "decode.loss_ce": 0.1175805926322937, "decode.acc_seg": 96.04533386230469, "aux_0.loss_ce": 0.47845270335674284, "aux_0.acc_seg": 82.04861450195312, "aux_1.loss_ce": 0.25426575243473054, "aux_1.acc_seg": 91.75155639648438, "aux_2.loss_ce": 0.18084610849618912, "aux_2.acc_seg": 95.20938873291016, "aux_3.loss_ce": 0.149076759070158, "aux_3.acc_seg": 95.52144622802734, "time": 0.3547853946685791, "iter": 15000, "memory": 2889, "step": 15000}
{"aAcc": 60.23, "mIoU": 31.48, "mAcc": 45.08, "avg_val_loss": 9.879936122467749, "data_time": 0.003960954112118469, "time": 0.0873455097299986, "step": 15000}
{"lr": 0.008200516139713258, "data_time": 0.11703219413757324, "loss": 1.1263027608394622, "decode.loss_ce": 0.13026432767510415, "decode.acc_seg": 94.25594329833984, "aux_0.loss_ce": 0.42204400300979616, "aux_0.acc_seg": 82.80538940429688, "aux_1.loss_ce": 0.22924880236387252, "aux_1.acc_seg": 91.62777709960938, "aux_2.loss_ce": 0.18421663492918014, "aux_2.acc_seg": 93.42866516113281, "aux_3.loss_ce": 0.16052897050976753, "aux_3.acc_seg": 94.29761505126953, "time": 0.3916361093521118, "iter": 20000, "memory": 2889, "step": 20000}
{"aAcc": 82.32, "mIoU": 52.41, "mAcc": 61.48, "avg_val_loss": 8.265000627634091, "data_time": 0.003954292136655414, "time": 0.08598726498842768, "step": 20000}
{"lr": 0.007743404442460137, "data_time": 0.1513658046722412, "loss": 0.9909701585769654, "decode.loss_ce": 0.11327274292707443, "decode.acc_seg": 94.5796127319336, "aux_0.loss_ce": 0.3637906700372696, "aux_0.acc_seg": 83.70183563232422, "aux_1.loss_ce": 0.21306597590446472, "aux_1.acc_seg": 88.0046157836914, "aux_2.loss_ce": 0.1672504372894764, "aux_2.acc_seg": 91.16144561767578, "aux_3.loss_ce": 0.13359032794833184, "aux_3.acc_seg": 93.36538696289062, "time": 0.4021031856536865, "iter": 25000, "memory": 2889, "step": 25000}
{"aAcc": 82.72, "mIoU": 52.85, "mAcc": 61.76, "avg_val_loss": 7.313025350001816, "data_time": 0.003769227512131245, "time": 0.08648722874880366, "step": 25000}
{"lr": 0.007283232762750171, "data_time": 0.14871909618377685, "loss": 1.0154881656169892, "decode.loss_ce": 0.09320219494402408, "decode.acc_seg": 96.4161148071289, "aux_0.loss_ce": 0.4216759532690048, "aux_0.acc_seg": 71.3401107788086, "aux_1.loss_ce": 0.21101753115653993, "aux_1.acc_seg": 86.91322326660156, "aux_2.loss_ce": 0.15581654608249665, "aux_2.acc_seg": 89.98500061035156, "aux_3.loss_ce": 0.13377596512436868, "aux_3.acc_seg": 92.37694549560547, "time": 0.3579384803771973, "iter": 30000, "memory": 2889, "step": 30000}
{"aAcc": 60.61, "mIoU": 31.42, "mAcc": 45.43, "avg_val_loss": 7.931452167373389, "data_time": 0.0040204646582085385, "time": 0.08604819441581776, "step": 30000}
{"lr": 0.006819759413287659, "data_time": 0.21893420219421386, "loss": 1.1236850321292877, "decode.loss_ce": 0.1173418328166008, "decode.acc_seg": 94.1532211303711, "aux_0.loss_ce": 0.4006134897470474, "aux_0.acc_seg": 81.7566146850586, "aux_1.loss_ce": 0.24024362117052078, "aux_1.acc_seg": 85.19711303710938, "aux_2.loss_ce": 0.19896300584077836, "aux_2.acc_seg": 87.84750366210938, "aux_3.loss_ce": 0.16652307361364366, "aux_3.acc_seg": 91.1872787475586, "time": 0.42126657962799074, "iter": 35000, "memory": 2889, "step": 35000}
{"aAcc": 60.19, "mIoU": 31.06, "mAcc": 45.2, "avg_val_loss": 8.872959541877616, "data_time": 0.0041261057631668124, "time": 0.0869074449306581, "step": 35000}
{"lr": 0.006352703407289149, "data_time": 0.16824040412902833, "loss": 0.8887751162052154, "decode.loss_ce": 0.08562785647809505, "decode.acc_seg": 96.59889221191406, "aux_0.loss_ce": 0.33705986440181734, "aux_0.acc_seg": 90.776611328125, "aux_1.loss_ce": 0.18508900329470634, "aux_1.acc_seg": 94.02410888671875, "aux_2.loss_ce": 0.14931949302554132, "aux_2.acc_seg": 94.1798324584961, "aux_3.loss_ce": 0.13167891874909401, "aux_3.acc_seg": 95.21888732910156, "time": 0.37272460460662843, "iter": 40000, "memory": 2889, "step": 40000}
{"aAcc": 71.53, "mIoU": 42.0, "mAcc": 53.6, "avg_val_loss": 8.442507564802927, "data_time": 0.003806934652730261, "time": 0.08567716277095008, "step": 40000}
{"lr": 0.005881734222075994, "data_time": 0.17839627265930175, "loss": 0.94425448179245, "decode.loss_ce": 0.08736540414392949, "decode.acc_seg": 96.6747817993164, "aux_0.loss_ce": 0.36059399843215945, "aux_0.acc_seg": 86.79238891601562, "aux_1.loss_ce": 0.2050127625465393, "aux_1.acc_seg": 90.2642822265625, "aux_2.loss_ce": 0.1599307492375374, "aux_2.acc_seg": 93.44933319091797, "aux_3.loss_ce": 0.1313515655696392, "aux_3.acc_seg": 94.66566467285156, "time": 0.38171436786651614, "iter": 45000, "memory": 2889, "step": 45000}
{"aAcc": 69.57, "mIoU": 38.88, "mAcc": 52.24, "avg_val_loss": 7.96950335413431, "data_time": 0.003913208016270809, "time": 0.08643459797962806, "step": 45000}
{"lr": 0.0054064577076796795, "data_time": 0.26085987091064455, "loss": 1.1021313428878785, "decode.loss_ce": 0.10535734742879868, "decode.acc_seg": 98.34105682373047, "aux_0.loss_ce": 0.43052353858947756, "aux_0.acc_seg": 84.49955749511719, "aux_1.loss_ce": 0.23695793896913528, "aux_1.acc_seg": 93.34261322021484, "aux_2.loss_ce": 0.17801555693149568, "aux_2.acc_seg": 95.01628112792969, "aux_3.loss_ce": 0.15127695426344873, "aux_3.acc_seg": 95.97733306884766, "time": 0.46401104927062986, "iter": 50000, "memory": 2889, "step": 50000}
{"aAcc": 69.46, "mIoU": 40.2, "mAcc": 52.01, "avg_val_loss": 7.976292780655807, "data_time": 0.003808935042759796, "time": 0.08569409524786499, "step": 50000}
