{"lr": 0.0015930867963809803, "data_time": 0.04293222427368164, "loss": 4.694180607795715, "decode.loss_ce": 0.5912823021411896, "decode.acc_seg": 78.5826644897461, "aux_0.loss_ce": 1.7467310070991515, "aux_0.acc_seg": 74.15766906738281, "aux_1.loss_ce": 0.9856854856014252, "aux_1.acc_seg": 75.76211547851562, "aux_2.loss_ce": 0.7074498206377029, "aux_2.acc_seg": 75.81222534179688, "aux_3.loss_ce": 0.6630319803953171, "aux_3.acc_seg": 74.45983123779297, "time": 0.599474835395813, "iter": 100, "memory": 19614, "step": 100}
{"aAcc": 68.93, "mIoU": 43.18, "mAcc": 58.02, "avg_val_loss": 5.8584723850788425, "data_time": 0.03814385658086732, "time": 0.13435838943304018, "step": 100}
{"lr": 0.002191123271301943, "data_time": 0.3611664533615112, "loss": 3.6470000982284545, "decode.loss_ce": 0.5679609417915344, "decode.acc_seg": 77.91488647460938, "aux_0.loss_ce": 1.0473969280719757, "aux_0.acc_seg": 71.03922271728516, "aux_1.loss_ce": 0.7497051358222961, "aux_1.acc_seg": 76.34200286865234, "aux_2.loss_ce": 0.6494124203920364, "aux_2.acc_seg": 76.87705993652344, "aux_3.loss_ce": 0.6325247079133988, "aux_3.acc_seg": 77.29683685302734, "time": 0.5820894956588745, "iter": 200, "memory": 10770, "step": 200}
{"aAcc": 66.76, "mIoU": 40.55, "mAcc": 55.6, "avg_val_loss": 5.57305246460856, "data_time": 0.00776071109990964, "time": 0.09881613994466848, "step": 200}
{"lr": 0.0027881034698292294, "data_time": 0.014007782936096192, "loss": 3.1817034482955933, "decode.loss_ce": 0.5248010396957398, "decode.acc_seg": 79.9901123046875, "aux_0.loss_ce": 0.8635804653167725, "aux_0.acc_seg": 77.4205551147461, "aux_1.loss_ce": 0.6468523263931274, "aux_1.acc_seg": 78.70427703857422, "aux_2.loss_ce": 0.5785004258155823, "aux_2.acc_seg": 78.12472534179688, "aux_3.loss_ce": 0.5679691910743714, "aux_3.acc_seg": 78.7868881225586, "time": 0.7082583189010621, "iter": 300, "memory": 3301, "step": 300}
