{"lr": 0.0015930867963809803, "data_time": 0.2632002830505371, "loss": 6.5492064476013185, "decode.loss_ce": 0.9861483991146087, "decode.acc_seg": 51.054832458496094, "aux_0.loss_ce": 2.2128500938415527, "aux_0.acc_seg": 35.45277786254883, "aux_1.loss_ce": 1.3993452310562133, "aux_1.acc_seg": 44.49399948120117, "aux_2.loss_ce": 1.0473432183265685, "aux_2.acc_seg": 52.13411331176758, "aux_3.loss_ce": 0.9035195350646973, "aux_3.acc_seg": 57.9902229309082, "time": 0.4599731683731079, "iter": 100, "memory": 19198, "step": 100}
