{"lr": 0.0050220502205022026, "data_time": 0.0033891916275024412, "loss": 9.477854919433593, "decode.loss_ce": 1.5904167115688324, "decode.acc_seg": 72.27178192138672, "aux_0.loss_ce": 2.3146027326583862, "aux_0.acc_seg": 52.885555267333984, "aux_1.loss_ce": 1.9355334162712097, "aux_1.acc_seg": 26.2722225189209, "aux_2.loss_ce": 1.834231185913086, "aux_2.acc_seg": 52.606666564941406, "aux_3.loss_ce": 1.8030709266662597, "aux_3.acc_seg": 40.0097770690918, "time": 0.12075095176696778, "iter": 50, "memory": 17408, "step": 50}
