{"lr": 0.0050220502205022026, "data_time": 0.05632355213165283, "loss": 10.013287353515626, "decode.loss_ce": 1.7232769131660461, "decode.acc_seg": 65.0631103515625, "aux_0.loss_ce": 2.5043291568756105, "aux_0.acc_seg": 47.35466766357422, "aux_1.loss_ce": 2.101191318035126, "aux_1.acc_seg": 44.17155456542969, "aux_2.loss_ce": 1.8515201210975647, "aux_2.acc_seg": 54.72488784790039, "aux_3.loss_ce": 1.8329698085784911, "aux_3.acc_seg": 57.52400207519531, "time": 0.13583698272705078, "iter": 50, "memory": 17408, "step": 50}
{"aAcc": 16.12, "mIoU": 2.35, "mAcc": 7.55, "val_loss": 0.0, "data_time": 0.005933483731717669, "time": 0.3711720649923431, "step": 50}
{"lr": 0.00504455044550445, "data_time": 0.05808892250061035, "loss": 8.822172594070434, "decode.loss_ce": 1.6220864176750183, "decode.acc_seg": 71.73577880859375, "aux_0.loss_ce": 2.0681633949279785, "aux_0.acc_seg": 60.0631103515625, "aux_1.loss_ce": 1.7821679353713988, "aux_1.acc_seg": 61.01155471801758, "aux_2.loss_ce": 1.66640545129776, "aux_2.acc_seg": 66.04177856445312, "aux_3.loss_ce": 1.6833493828773498, "aux_3.acc_seg": 68.10911560058594, "time": 0.1751258611679077, "iter": 100, "memory": 901, "step": 100}
