{"lr": 0.005201541801877408, "data_time": 0.10055677890777588, "loss": 8.005903434753417, "decode.loss_ce": 1.1135700702667237, "decode.acc_seg": 57.77466583251953, "aux_0.loss_ce": 1.7798981189727783, "aux_0.acc_seg": 20.56511116027832, "aux_1.loss_ce": 1.703762912750244, "aux_1.acc_seg": 28.895334243774414, "aux_2.loss_ce": 1.6335478186607362, "aux_2.acc_seg": 33.69933319091797, "aux_3.loss_ce": 1.7751246690750122, "aux_3.acc_seg": 28.71555519104004, "time": 0.17195370197296142, "iter": 500, "memory": 17409, "step": 500}
{"val_loss": 0.0, "data_time": 0.016165839171991117, "time": 0.09682455179167956, "step": 500}
