{"lr": 0.0015943962641761188, "data_time": 0.33813397884368895, "loss": 5.371233987808227, "decode.loss_seg": 1.7603362560272218, "aux_0.loss_seg": 0.9971685826778411, "aux_1.loss_seg": 0.8229465126991272, "aux_2.loss_seg": 0.93189457654953, "aux_3.loss_seg": 0.8588879227638244, "time": 0.5452630519866943, "iter": 100, "memory": 19644, "step": 100}
{"aAcc": 57.8, "mIoU": 42.86, "mAcc": 61.68, "avg_val_loss": 0.0, "data_time": 0.01110639960266823, "time": 0.09336833343949429, "step": 100}
{"lr": 0.002194796531020685, "data_time": 0.40265228748321535, "loss": 4.437151908874512, "decode.loss_seg": 1.439175283908844, "aux_0.loss_seg": 0.7712554454803466, "aux_1.loss_seg": 0.7136120200157166, "aux_2.loss_seg": 0.7783024311065674, "aux_3.loss_seg": 0.7348067581653595, "time": 0.5404986143112183, "iter": 200, "memory": 34227, "step": 200}
{"aAcc": 61.99, "mIoU": 44.5, "mAcc": 64.12, "avg_val_loss": 0.0, "data_time": 0.012290102311934548, "time": 0.06719558540431933, "step": 200}
{"lr": 0.0027951967978652476, "data_time": 0.3117093086242676, "loss": 4.127092790603638, "decode.loss_seg": 1.3394228100776673, "aux_0.loss_seg": 0.6452730834484101, "aux_1.loss_seg": 0.5665838599205018, "aux_2.loss_seg": 0.8220828473567963, "aux_3.loss_seg": 0.7537302494049072, "time": 0.5566257238388062, "iter": 300, "memory": 2804, "step": 300}
{"aAcc": 60.07, "mIoU": 42.16, "mAcc": 60.79, "avg_val_loss": 0.0, "data_time": 0.012579350635923189, "time": 0.06725939662977197, "step": 300}
{"lr": 0.0033955970647098093, "data_time": 0.3297912359237671, "loss": 3.9024522066116334, "decode.loss_seg": 1.190782606601715, "aux_0.loss_seg": 0.6401318192481995, "aux_1.loss_seg": 0.5297503620386124, "aux_2.loss_seg": 0.8200974702835083, "aux_3.loss_seg": 0.7216899514198303, "time": 0.46852114200592043, "iter": 400, "memory": 2804, "step": 400}
{"aAcc": 59.05, "mIoU": 40.9, "mAcc": 58.6, "avg_val_loss": 0.0, "data_time": 0.009408517815600866, "time": 0.06402747932521777, "step": 400}
{"lr": 0.003995997331554373, "data_time": 0.263079833984375, "loss": 4.002713990211487, "decode.loss_seg": 1.2416903614997863, "aux_0.loss_seg": 0.668319845199585, "aux_1.loss_seg": 0.5517352759838104, "aux_2.loss_seg": 0.8012718856334686, "aux_3.loss_seg": 0.7396965682506561, "time": 0.6452964067459106, "iter": 500, "memory": 2804, "step": 500}
{"aAcc": 71.64, "mIoU": 54.27, "mAcc": 69.24, "avg_val_loss": 0.0, "data_time": 0.011078196010370365, "time": 0.06581133535538597, "step": 500}
{"lr": 0.0045963975983989375, "data_time": 0.40793542861938475, "loss": 3.657419228553772, "decode.loss_seg": 1.0465640544891357, "aux_0.loss_seg": 0.6017448037862778, "aux_1.loss_seg": 0.4938088983297348, "aux_2.loss_seg": 0.773120105266571, "aux_3.loss_seg": 0.742181271314621, "time": 0.544477105140686, "iter": 600, "memory": 2804, "step": 600}
{"aAcc": 78.74, "mIoU": 62.01, "mAcc": 74.78, "avg_val_loss": 0.0, "data_time": 0.011230090568805563, "time": 0.06575590166552313, "step": 600}
{"lr": 0.005196797865243495, "data_time": 0.2616987466812134, "loss": 3.379556918144226, "decode.loss_seg": 0.9815078675746918, "aux_0.loss_seg": 0.5461734712123871, "aux_1.loss_seg": 0.46139879524707794, "aux_2.loss_seg": 0.7307600796222686, "aux_3.loss_seg": 0.6597167789936066, "time": 0.6750275135040283, "iter": 700, "memory": 2804, "step": 700}
{"aAcc": 73.87, "mIoU": 56.64, "mAcc": 71.33, "avg_val_loss": 0.0, "data_time": 0.009880320779208479, "time": 0.06485148681991401, "step": 700}
{"lr": 0.005797198132088056, "data_time": 0.012200427055358887, "loss": 3.379261040687561, "decode.loss_seg": 0.9965573668479919, "aux_0.loss_seg": 0.5770840734243393, "aux_1.loss_seg": 0.47420392632484437, "aux_2.loss_seg": 0.7115269184112549, "aux_3.loss_seg": 0.6198888540267944, "time": 0.5990565538406372, "iter": 800, "memory": 2804, "step": 800}
{"aAcc": 67.42, "mIoU": 49.1, "mAcc": 65.09, "avg_val_loss": 0.0, "data_time": 0.009435215215573365, "time": 0.06413068168464749, "step": 800}
{"lr": 0.006397598398932616, "data_time": 0.15720272064208984, "loss": 3.6853644847869873, "decode.loss_seg": 1.120174878835678, "aux_0.loss_seg": 0.5464502960443497, "aux_1.loss_seg": 0.48613527715206145, "aux_2.loss_seg": 0.7775206148624421, "aux_3.loss_seg": 0.7550833523273468, "time": 0.5175838708877564, "iter": 900, "memory": 2804, "step": 900}
{"aAcc": 78.41, "mIoU": 61.8, "mAcc": 75.51, "avg_val_loss": 0.0, "data_time": 0.009503961979657754, "time": 0.0644106125009471, "step": 900}
{"lr": 0.0069979986657771765, "data_time": 0.3195218801498413, "loss": 3.6636584281921385, "decode.loss_seg": 1.1012743055820464, "aux_0.loss_seg": 0.5911716461181641, "aux_1.loss_seg": 0.4867108792066574, "aux_2.loss_seg": 0.7467137694358825, "aux_3.loss_seg": 0.7377878487110138, "time": 0.4548724412918091, "iter": 1000, "memory": 2804, "step": 1000}
{"aAcc": 78.02, "mIoU": 60.23, "mAcc": 73.05, "avg_val_loss": 0.0, "data_time": 0.00774609357461162, "time": 0.06240475588831408, "step": 1000}
{"lr": 0.0075983989326217465, "data_time": 0.3577036619186401, "loss": 3.192621922492981, "decode.loss_seg": 0.9511889040470123, "aux_0.loss_seg": 0.5131686925888062, "aux_1.loss_seg": 0.437138107419014, "aux_2.loss_seg": 0.6703484922647476, "aux_3.loss_seg": 0.620777714252472, "time": 0.4908268928527832, "iter": 1100, "memory": 2804, "step": 1100}
{"aAcc": 75.23, "mIoU": 57.31, "mAcc": 71.09, "avg_val_loss": 0.0, "data_time": 0.0137503859640538, "time": 0.06835870085091426, "step": 1100}
{"lr": 0.008198799199466306, "data_time": 0.010462617874145508, "loss": 3.7685092210769655, "decode.loss_seg": 1.102446162700653, "aux_0.loss_seg": 0.5899069488048554, "aux_1.loss_seg": 0.48244904577732084, "aux_2.loss_seg": 0.8210623741149903, "aux_3.loss_seg": 0.7726447582244873, "time": 0.714673924446106, "iter": 1200, "memory": 2804, "step": 1200}
{"aAcc": 69.53, "mIoU": 49.83, "mAcc": 64.07, "avg_val_loss": 0.0, "data_time": 0.009053350865155801, "time": 0.0637405685994817, "step": 1200}
{"lr": 0.008799199466310867, "data_time": 0.18601443767547607, "loss": 3.1511626958847048, "decode.loss_seg": 0.9073622405529023, "aux_0.loss_seg": 0.4457783341407776, "aux_1.loss_seg": 0.36270482540130616, "aux_2.loss_seg": 0.7607380986213684, "aux_3.loss_seg": 0.674579206109047, "time": 0.6150981187820435, "iter": 1300, "memory": 2804, "step": 1300}
{"aAcc": 73.34, "mIoU": 55.92, "mAcc": 70.3, "avg_val_loss": 0.0, "data_time": 0.009516236425816327, "time": 0.06428644300877363, "step": 1300}
{"lr": 0.009399599733155411, "data_time": 0.48356602191925047, "loss": 2.6438460111618043, "decode.loss_seg": 0.7088799476623535, "aux_0.loss_seg": 0.40401920676231384, "aux_1.loss_seg": 0.3143980368971825, "aux_2.loss_seg": 0.6594900399446487, "aux_3.loss_seg": 0.5570587933063507, "time": 0.6187351703643799, "iter": 1400, "memory": 2804, "step": 1400}
{"aAcc": 80.02, "mIoU": 64.43, "mAcc": 77.13, "avg_val_loss": 0.0, "data_time": 0.0090036748469561, "time": 0.06370018816542351, "step": 1400}
{"lr": 0.009999999999999966, "data_time": 0.2927995204925537, "loss": 2.4948050737380982, "decode.loss_seg": 0.7192008793354034, "aux_0.loss_seg": 0.3594182521104813, "aux_1.loss_seg": 0.2831994161009789, "aux_2.loss_seg": 0.609897357225418, "aux_3.loss_seg": 0.5230891972780227, "time": 0.4667224645614624, "iter": 1500, "memory": 2804, "step": 1500}
{"aAcc": 80.56, "mIoU": 63.59, "mAcc": 75.52, "avg_val_loss": 0.0, "data_time": 0.011226037452960837, "time": 0.06592094761201706, "step": 1500}
{"lr": 0.009884680550653002, "data_time": 0.41225376129150393, "loss": 3.1313563108444216, "decode.loss_seg": 0.8738071858882904, "aux_0.loss_seg": 0.45287093222141267, "aux_1.loss_seg": 0.38459359407424926, "aux_2.loss_seg": 0.7438680827617645, "aux_3.loss_seg": 0.6762165009975434, "time": 0.5476102113723755, "iter": 1600, "memory": 2804, "step": 1600}
{"aAcc": 81.04, "mIoU": 63.89, "mAcc": 75.67, "avg_val_loss": 0.0, "data_time": 0.01105326893685878, "time": 0.06594672148255096, "step": 1600}
{"lr": 0.009768196258383342, "data_time": 0.009450840950012206,