{"lr": 0.0015943962641761188, "data_time": 0.508989691734314, "loss": 3.7855562925338746, "decode.loss_ce": 0.4708333224058151, "decode.acc_seg": 75.69911193847656, "aux_0.loss_ce": 1.4021552801132202, "aux_0.acc_seg": 73.90455627441406, "aux_1.loss_ce": 0.7908789396286011, "aux_1.acc_seg": 77.90961456298828, "aux_2.loss_ce": 0.5695272088050842, "aux_2.acc_seg": 76.00477600097656, "aux_3.loss_ce": 0.552161556482315, "aux_3.acc_seg": 74.91938781738281, "time": 0.7290521860122681, "iter": 100, "memory": 19624, "step": 100}
{"aAcc": 45.42, "mIoU": 29.69, "mAcc": 50.02, "avg_val_loss": 7.683140493450109, "data_time": 0.01077645878459132, "time": 0.1239813954331154, "step": 100}
{"lr": 0.002194796531020685, "data_time": 0.3263994216918945, "loss": 2.682050323486328, "decode.loss_ce": 0.42139592468738557, "decode.acc_seg": 81.45355987548828, "aux_0.loss_ce": 0.8342076480388642, "aux_0.acc_seg": 65.7332763671875, "aux_1.loss_ce": 0.5483216494321823, "aux_1.acc_seg": 73.2110595703125, "aux_2.loss_ce": 0.4446352243423462, "aux_2.acc_seg": 79.3040542602539, "aux_3.loss_ce": 0.43348982334136965, "aux_3.acc_seg": 78.82233428955078, "time": 0.6036055564880372, "iter": 200, "memory": 34217, "step": 200}
{"aAcc": 56.12, "mIoU": 39.59, "mAcc": 58.15, "avg_val_loss": 8.127133405086589, "data_time": 0.007088831101340809, "time": 0.09588568238006241, "step": 200}
{"lr": 0.0027951967978652476, "data_time": 0.23568031787872315, "loss": 2.179907727241516, "decode.loss_ce": 0.3495259821414948, "decode.acc_seg": 83.59349822998047, "aux_0.loss_ce": 0.6011592507362366, "aux_0.acc_seg": 78.48333740234375, "aux_1.loss_ce": 0.4424454003572464, "aux_1.acc_seg": 80.572998046875, "aux_2.loss_ce": 0.39116508066654204, "aux_2.acc_seg": 81.07994842529297, "aux_3.loss_ce": 0.39561202228069303, "aux_3.acc_seg": 81.22044372558594, "time": 0.4885343790054321, "iter": 300, "memory": 3321, "step": 300}
{"aAcc": 53.32, "mIoU": 37.19, "mAcc": 55.93, "avg_val_loss": 8.29141408588454, "data_time": 0.007445310724192652, "time": 0.10017576984975529, "step": 300}
{"lr": 0.0033955970647098093, "data_time": 0.014873909950256347, "loss": 1.9000175237655639, "decode.loss_ce": 0.30269036889076234, "decode.acc_seg": 88.08988952636719, "aux_0.loss_ce": 0.5197488099336625, "aux_0.acc_seg": 70.36599731445312, "aux_1.loss_ce": 0.38817165791988373, "aux_1.acc_seg": 83.36961364746094, "aux_2.loss_ce": 0.34616348147392273, "aux_2.acc_seg": 85.83344268798828, "aux_3.loss_ce": 0.3432431936264038, "aux_3.acc_seg": 87.01327514648438, "time": 0.6390751123428344, "iter": 400, "memory": 3321, "step": 400}
{"aAcc": 57.12, "mIoU": 40.98, "mAcc": 59.56, "avg_val_loss": 7.928337989799809, "data_time": 0.007336331509995735, "time": 0.09994353645149319, "step": 400}
{"lr": 0.003995997331554373, "data_time": 0.14283056259155275, "loss": 1.8016538262367248, "decode.loss_ce": 0.28801839500665666, "decode.acc_seg": 86.81688690185547, "aux_0.loss_ce": 0.5071923494338989, "aux_0.acc_seg": 82.83172607421875, "aux_1.loss_ce": 0.3568661570549011, "aux_1.acc_seg": 85.78561401367188, "aux_2.loss_ce": 0.32500181794166566, "aux_2.acc_seg": 86.10749816894531, "aux_3.loss_ce": 0.32457512319087983, "aux_3.acc_seg": 85.47016906738281, "time": 0.6478907108306885, "iter": 500, "memory": 3321, "step": 500}
{"aAcc": 69.81, "mIoU": 52.34, "mAcc": 67.96, "avg_val_loss": 7.231870804927503, "data_time": 0.006644607960492715, "time": 0.09863613939833367, "step": 500}
{"lr": 0.0045963975983989375, "data_time": 0.3711612462997437, "loss": 1.6170825958251953, "decode.loss_ce": 0.24991941899061204, "decode.acc_seg": 89.59111022949219, "aux_0.loss_ce": 0.44708989560604095, "aux_0.acc_seg": 78.47650146484375, "aux_1.loss_ce": 0.3167428523302078, "aux_1.acc_seg": 88.08699798583984, "aux_2.loss_ce": 0.29883692413568497, "aux_2.acc_seg": 88.5808334350586, "aux_3.loss_ce": 0.3044935166835785, "aux_3.acc_seg": 86.92950439453125, "time": 0.6629090785980225, "iter": 600, "memory": 3321, "step": 600}
{"aAcc": 63.88, "mIoU": 46.6, "mAcc": 63.55, "avg_val_loss": 7.140468856105564, "data_time": 0.006373967247447748, "time": 0.09843923853731704, "step": 600}
{"lr": 0.005196797865243495, "data_time": 0.011565828323364257, "loss": 1.8304149746894836, "decode.loss_ce": 0.28325787782669065, "decode.acc_seg": 89.0449447631836, "aux_0.loss_ce": 0.47942002713680265, "aux_0.acc_seg": 80.0554428100586, "aux_1.loss_ce": 0.3807979077100754, "aux_1.acc_seg": 83.87711334228516, "aux_2.loss_ce": 0.34769768416881563, "aux_2.acc_seg": 84.73538970947266, "aux_3.loss_ce": 0.3392414689064026, "aux_3.acc_seg": 86.04350280761719, "time": 0.6347207069396973, "iter": 700, "memory": 3321, "step": 700}
{"aAcc": 61.32, "mIoU": 44.27, "mAcc": 62.1, "avg_val_loss": 7.324613711701002, "data_time": 0.007031125583867917, "time": 0.09814044250839057, "step": 700}
{"lr": 0.005797198132088056, "data_time": 0.38045010566711424, "loss": 1.6616732478141785, "decode.loss_ce": 0.27042621970176695, "decode.acc_seg": 85.80438995361328, "aux_0.loss_ce": 0.42661925554275515, "aux_0.acc_seg": 82.4830551147461, "aux_1.loss_ce": 0.3272415786981583, "aux_1.acc_seg": 84.10566711425781, "aux_2.loss_ce": 0.315918380022049, "aux_2.acc_seg": 83.92378234863281, "aux_3.loss_ce": 0.32146782875061036, "aux_3.acc_seg": 82.83377838134766, "time": 0.5990407228469848, "iter": 800, "memory": 3321, "step": 800}
{"aAcc": 64.74, "mIoU": 47.65, "mAcc": 64.29, "avg_val_loss": 7.296354647213866, "data_time": 0.007374516848860116, "time": 0.09883348695163069, "step": 800}
{"lr": 0.006397598398932616, "data_time": 0.03771941661834717, "loss": 1.8480631232261657, "decode.loss_ce": 0.29415969401597974, "decode.acc_seg": 90.07444763183594, "aux_0.loss_ce": 0.4873477935791016, "aux_0.acc_seg": 82.2479476928711, "aux_1.loss_ce": 0.3772517144680023, "aux_1.acc_seg": 86.68222045898438, "aux_2.loss_ce": 0.34375474154949187, "aux_2.acc_seg": 86.88522338867188, "aux_3.loss_ce": 0.3455491840839386, "aux_3.acc_seg": 87.09539031982422, "time": 0.6527136087417602, "iter": 900, "memory": 3321, "step": 900}
{"aAcc": 59.08, "mIoU": 42.08, "mAcc": 60.32, "avg_val_loss": 7.207413141258046, "data_time": 0.007475365167376639, "time": 0.09957149933124411, "step": 900}
{"lr": 0.0069979986657771765, "data_time": 0.4646472454071045, "loss": 1.6391366004943848, "decode.loss_ce": 0.2745792806148529, "decode.acc_seg": 90.57422637939453, "aux_0.loss_ce": 0.4005718767642975, "aux_0.acc_seg": 85.99588775634766, "aux_1.loss_ce": 0.33345245718955996, "aux_1.acc_seg": 89.70933532714844, "aux_2.loss_ce": 0.3186391323804855, "aux_2.acc_seg": 89.08344268798828, "aux_3.loss_ce": 0.31189386546611786, "aux_3.acc_seg": 88.44105529785156, "time": 0.6857921361923218, "iter": 1000, "memory": 3321, "step": 1000}
{"aAcc": 69.41, "mIoU": 52.45, "mAcc": 67.98, "avg_val_loss": 7.1610523349273265, "data_time": 0.007171666485139693, "time": 0.09831485255011196, "step": 1000}
{"lr": 0.0075983989326217465, "data_time": 0.48226075172424315, "loss": 1.4412758231163025, "decode.loss_ce": 0.21508344411849975, "decode.acc_seg": 92.2735595703125, "aux_0.loss_ce": 0.39970576465129853, "aux_0.acc_seg": 86.54161071777344, "aux_1.loss_ce": 0.2874466821551323, "aux_1.acc_seg": 90.5703353881836, "aux_2.loss_ce": 0.26921859234571455, "aux_2.acc_seg": 90.24144744873047, "aux_3.loss_ce": 0.26982136219739916, "aux_3.acc_seg": 90.38688659667969, "time": 0.7039839744567871, "iter": 1100, "memory": 3321, "step": 1100}
{"aAcc": 74.86, "mIoU": 57.84, "mAcc": 71.66, "avg_val_loss": 6.8807057354795305, "data_time": 0.006743274886032631, "time": 0.09857200754099879, "step": 1100}
{"lr": 0.008198799199466306, "data_time": 0.035312104225158694, "loss": 1.339150321483612, "decode.loss_ce": 0.20155370235443115, "decode.acc_seg": 93.3302230834961, "aux_0.loss_ce": 0.3902694910764694, "aux_0.acc_seg": 82.93450164794922, "aux_1.loss_ce": 0.2626731276512146, "aux_1.acc_seg": 91.2068862915039, "aux_2.loss_ce": 0.24000834971666335, "aux_2.acc_seg": 91.38116455078125, "aux_3.loss_ce": 0.24464562386274338,