{"lr": 0.00500735002450008, "data_time": 0.08306891918182373, "loss": 10.266124153137207, "decode.loss_ce": 1.7688907980918884, "decode.acc_seg": 62.10266876220703, "aux_0.loss_ce": 2.571710777282715, "aux_0.acc_seg": 34.07088851928711, "aux_1.loss_ce": 2.0867184162139893, "aux_1.acc_seg": 33.75733184814453, "aux_2.loss_ce": 1.922159993648529, "aux_2.acc_seg": 34.22066879272461, "aux_3.loss_ce": 1.9166440844535828, "aux_3.acc_seg": 45.15533447265625, "time": 0.1641451120376587, "iter": 50, "memory": 17408, "step": 50}
{"mAP": 0.0891930360749217, "data_time": 0.005750961257303428, "time": 0.09663097005690971, "step": 50}
{"lr": 0.00501485004950016, "data_time": 0.0031318426132202148, "loss": 8.945984649658204, "decode.loss_ce": 1.68491587638855, "decode.acc_seg": 48.30799865722656, "aux_0.loss_ce": 2.1177931666374206, "aux_0.acc_seg": 37.074668884277344, "aux_1.loss_ce": 1.7928946256637572, "aux_1.acc_seg": 39.9119987487793, "aux_2.loss_ce": 1.6558927655220033, "aux_2.acc_seg": 36.75444412231445, "aux_3.loss_ce": 1.6944882273674011, "aux_3.acc_seg": 41.040000915527344, "time": 0.1679001808166504, "iter": 100, "memory": 901, "step": 100}
{"mAP": 0.08485812329716802, "data_time": 0.004516931413446815, "time": 0.08602394062338524, "step": 100}
{"lr": 0.00502235007450024, "data_time": 0.0037929534912109373, "loss": 8.10849928855896, "decode.loss_ce": 1.5769046902656556, "decode.acc_seg": 29.674222946166992, "aux_0.loss_ce": 1.7990965962409973, "aux_0.acc_seg": 34.826446533203125, "aux_1.loss_ce": 1.61066472530365, "aux_1.acc_seg": 34.17955780029297, "aux_2.loss_ce": 1.496921956539154, "aux_2.acc_seg": 47.45111083984375, "aux_3.loss_ce": 1.624911332130432, "aux_3.acc_seg": 23.17155647277832, "time": 0.16945114135742187, "iter": 150, "memory": 901, "step": 150}
{"mAP": 0.10376311250938544, "data_time": 0.004359550267747305, "time": 0.08802217650182038, "step": 150}
{"lr": 0.005029850099500326, "data_time": 0.0035121679306030274, "loss": 8.16157250404358, "decode.loss_ce": 1.453265017271042, "decode.acc_seg": 68.5542221069336, "aux_0.loss_ce": 1.8066107988357545, "aux_0.acc_seg": 53.988887786865234, "aux_1.loss_ce": 1.582410740852356, "aux_1.acc_seg": 54.64311218261719, "aux_2.loss_ce": 1.5463101744651795, "aux_2.acc_seg": 58.39533233642578, "aux_3.loss_ce": 1.772975790500641, "aux_3.acc_seg": 33.377777099609375, "time": 0.1327847957611084, "iter": 200, "memory": 901, "step": 200}
{"mAP": 0.1282245064586094, "data_time": 0.004210668860129939, "time": 0.08748775489121965, "step": 200}
{"lr": 0.005037350124500409, "data_time": 0.0033533334732055663, "loss": 8.127984952926635, "decode.loss_ce": 1.5752784490585328, "decode.acc_seg": 60.692222595214844, "aux_0.loss_ce": 1.8245833277702332, "aux_0.acc_seg": 66.23555755615234, "aux_1.loss_ce": 1.6269444465637206, "aux_1.acc_seg": 65.76377868652344, "aux_2.loss_ce": 1.5134482026100158, "aux_2.acc_seg": 62.35733413696289, "aux_3.loss_ce": 1.5877305388450622, "aux_3.acc_seg": 67.03844451904297, "time": 0.15437021255493164, "iter": 250, "memory": 901, "step": 250}
{"mAP": 0.13578826028222624, "data_time": 0.004447720004516898, "time": 0.08739004493917077, "step": 250}
{"lr": 0.005044850149500491, "data_time": 0.0036011457443237303, "loss": 8.478746700286866, "decode.loss_ce": 1.5876731753349305, "decode.acc_seg": 62.91355514526367, "aux_0.loss_ce": 1.884995210170746, "aux_0.acc_seg": 42.46466827392578, "aux_1.loss_ce": 1.645638680458069, "aux_1.acc_seg": 45.3031120300293, "aux_2.loss_ce": 1.619293451309204, "aux_2.acc_seg": 54.68244552612305, "aux_3.loss_ce": 1.7411461353302002, "aux_3.acc_seg": 50.08622360229492, "time": 0.19484150409698486, "iter": 300, "memory": 901, "step": 300}
