{"lr": 0.0015930867963809803, "data_time": 0.00905306339263916, "loss": 6.098208808898926, "decode.loss_ce": 0.9291274547576904, "decode.acc_seg": 71.50933074951172, "aux_0.loss_ce": 2.0181712985038756, "aux_0.acc_seg": 57.77277755737305, "aux_1.loss_ce": 1.2948105335235596, "aux_1.acc_seg": 67.20361328125, "aux_2.loss_ce": 0.9864863812923431, "aux_2.acc_seg": 70.62922668457031, "aux_3.loss_ce": 0.8696131408214569, "aux_3.acc_seg": 72.20105743408203, "time": 0.4233922719955444, "iter": 100, "memory": 19198, "step": 100}
