{"lr": 0.0050220502205022026, "data_time": 0.051718854904174806, "loss": 10.104592895507812, "decode.loss_ce": 1.7578798055648803, "decode.acc_seg": 61.9368896484375, "aux_0.loss_ce": 2.365127456188202, "aux_0.acc_seg": 54.09688949584961, "aux_1.loss_ce": 2.0757061719894407, "aux_1.acc_seg": 44.178443908691406, "aux_2.loss_ce": 1.9590173721313477, "aux_2.acc_seg": 33.72311019897461, "aux_3.loss_ce": 1.946862030029297, "aux_3.acc_seg": 34.969112396240234, "time": 0.13898711204528807, "iter": 50, "memory": 17408, "step": 50}
