{"lr": 0.00500735002450008, "data_time": 0.003848361968994141, "loss": 9.289708518981934, "decode.loss_ce": 1.76021865606308, "decode.acc_seg": 53.439109802246094, "aux_0.loss_ce": 2.25045827627182, "aux_0.acc_seg": 60.32688903808594, "aux_1.loss_ce": 1.8516636848449708, "aux_1.acc_seg": 59.65266799926758, "aux_2.loss_ce": 1.7344271540641785, "aux_2.acc_seg": 58.05466842651367, "aux_3.loss_ce": 1.692940902709961, "aux_3.acc_seg": 49.24577713012695, "time": 0.12691104412078857, "iter": 50, "memory": 17408, "step": 50}
