{"lr": 0.0015943962641761188, "data_time": 0.2717491865158081, "loss": 3.5065680265426638, "decode.loss_ce": 0.6435567975044251, "decode.acc_seg": 65.54389190673828, "aux_0.loss_ce": 0.6606281220912933, "aux_0.acc_seg": 67.40838623046875, "aux_1.loss_ce": 0.8470237672328949, "aux_1.acc_seg": 44.2667236328125, "aux_2.loss_ce": 0.7166788756847382, "aux_2.acc_seg": 58.09894561767578, "aux_3.loss_ce": 0.6386804401874542, "aux_3.acc_seg": 70.32655334472656, "time": 0.47500793933868407, "iter": 100, "memory": 20154, "step": 100}
{"aAcc": 72.75, "mIoU": 56.85, "mAcc": 71.9, "avg_val_loss": 3.6325700516589206, "data_time": 0.011494317720102709, "time": 0.1439678059067837, "step": 100}
{"lr": 0.002194796531020685, "data_time": 0.1669374942779541, "loss": 3.292458915710449, "decode.loss_ce": 0.5981866896152497, "decode.acc_seg": 77.05783081054688, "aux_0.loss_ce": 0.5871985644102097, "aux_0.acc_seg": 80.2145004272461, "aux_1.loss_ce": 0.7822400152683258, "aux_1.acc_seg": 65.31539154052734, "aux_2.loss_ce": 0.6890290737152099, "aux_2.acc_seg": 74.07022094726562, "aux_3.loss_ce": 0.6358045399188995, "aux_3.acc_seg": 75.91511535644531, "time": 0.5111158132553101, "iter": 200, "memory": 34390, "step": 200}
{"aAcc": 55.99, "mIoU": 41.09, "mAcc": 59.88, "avg_val_loss": 4.077512075416526, "data_time": 0.007346690386191182, "time": 0.10233417872724862, "step": 200}
{"lr": 0.0027951967978652476, "data_time": 0.0768979549407959, "loss": 3.0338101148605348, "decode.loss_ce": 0.5778113514184952, "decode.acc_seg": 67.1344985961914, "aux_0.loss_ce": 0.5483688294887543, "aux_0.acc_seg": 69.3935546875, "aux_1.loss_ce": 0.7087269484996795, "aux_1.acc_seg": 66.93411254882812, "aux_2.loss_ce": 0.6082812964916229, "aux_2.acc_seg": 69.37899780273438, "aux_3.loss_ce": 0.5906216859817505, "aux_3.acc_seg": 67.87055969238281, "time": 0.5310766935348511, "iter": 300, "memory": 3608, "step": 300}
{"aAcc": 76.43, "mIoU": 60.82, "mAcc": 75.01, "avg_val_loss": 4.136938551451728, "data_time": 0.0071208065953747976, "time": 0.10595193950609229, "step": 300}
{"lr": 0.0033955970647098093, "data_time": 0.3934598207473755, "loss": 2.6585407495498656, "decode.loss_ce": 0.4799372345209122, "decode.acc_seg": 77.84811401367188, "aux_0.loss_ce": 0.4318582206964493, "aux_0.acc_seg": 84.07477569580078, "aux_1.loss_ce": 0.6727802753448486, "aux_1.acc_seg": 68.02022552490234, "aux_2.loss_ce": 0.5673571467399597, "aux_2.acc_seg": 70.60816955566406, "aux_3.loss_ce": 0.5066077947616577, "aux_3.acc_seg": 72.74150085449219, "time": 0.5954370260238647, "iter": 400, "memory": 3608, "step": 400}
{"aAcc": 58.03, "mIoU": 42.38, "mAcc": 60.77, "avg_val_loss": 4.144666809196535, "data_time": 0.007688275698957772, "time": 0.1047183179307258, "step": 400}
{"lr": 0.003995997331554373, "data_time": 0.12343180179595947, "loss": 2.49378981590271, "decode.loss_ce": 0.4213496059179306, "decode.acc_seg": 78.22660827636719, "aux_0.loss_ce": 0.36783936321735383, "aux_0.acc_seg": 82.56255340576172, "aux_1.loss_ce": 0.649269163608551, "aux_1.acc_seg": 69.84722137451172, "aux_2.loss_ce": 0.5521966636180877, "aux_2.acc_seg": 77.13494873046875, "aux_3.loss_ce": 0.5031350016593933, "aux_3.acc_seg": 77.3844985961914, "time": 0.5420577049255371, "iter": 500, "memory": 3608, "step": 500}
{"aAcc": 64.49, "mIoU": 48.97, "mAcc": 66.57, "avg_val_loss": 4.210712053936127, "data_time": 0.008181983026964912, "time": 0.10632502895662155, "step": 500}
{"lr": 0.0045963975983989375, "data_time": 0.2916804313659668, "loss": 2.473516273498535, "decode.loss_ce": 0.42802014052867887, "decode.acc_seg": 75.87055969238281, "aux_0.loss_ce": 0.4055455565452576, "aux_0.acc_seg": 75.6058349609375, "aux_1.loss_ce": 0.6320891559123993, "aux_1.acc_seg": 74.06366729736328, "aux_2.loss_ce": 0.5284287631511688, "aux_2.acc_seg": 76.25133514404297, "aux_3.loss_ce": 0.4794326603412628, "aux_3.acc_seg": 79.27210998535156, "time": 0.6011118650436401, "iter": 600, "memory": 3608, "step": 600}
{"aAcc": 47.72, "mIoU": 31.61, "mAcc": 55.3, "avg_val_loss": 4.73995433145041, "data_time": 0.008755598945179206, "time": 0.10408434100534725, "step": 600}
{"lr": 0.005196797865243495, "data_time": 0.3171227216720581, "loss": 2.459069287776947, "decode.loss_ce": 0.40656344294548036, "decode.acc_seg": 78.53377532958984, "aux_0.loss_ce": 0.38542976677417756, "aux_0.acc_seg": 81.5368881225586, "aux_1.loss_ce": 0.6262410938739776, "aux_1.acc_seg": 69.07328033447266, "aux_2.loss_ce": 0.540552419424057, "aux_2.acc_seg": 73.01311492919922, "aux_3.loss_ce": 0.5002825498580933, "aux_3.acc_seg": 74.11761474609375, "time": 0.518501591682434, "iter": 700, "memory": 3608, "step": 700}
{"aAcc": 67.43, "mIoU": 51.72, "mAcc": 68.23, "avg_val_loss": 4.705070354810035, "data_time": 0.007539661451317798, "time": 0.10450679132308083, "step": 700}
{"lr": 0.005797198132088056, "data_time": 0.12905373573303222, "loss": 2.2415040493011475, "decode.loss_ce": 0.3485493868589401, "decode.acc_seg": 84.04927825927734, "aux_0.loss_ce": 0.31965803653001784, "aux_0.acc_seg": 85.2231674194336, "aux_1.loss_ce": 0.6134348511695862, "aux_1.acc_seg": 75.2590560913086, "aux_2.loss_ce": 0.5099011987447739, "aux_2.acc_seg": 79.13339233398438, "aux_3.loss_ce": 0.4499605387449265, "aux_3.acc_seg": 81.12405395507812, "time": 0.5723917245864868, "iter": 800, "memory": 3608, "step": 800}
{"aAcc": 78.8, "mIoU": 62.46, "mAcc": 75.19, "avg_val_loss": 4.539438000090463, "data_time": 0.00736260688167879, "time": 0.10539783280471275, "step": 800}
{"lr": 0.006397598398932616, "data_time": 0.3534971237182617, "loss": 2.0949039816856385, "decode.loss_ce": 0.31625970005989074, "decode.acc_seg": 82.04521942138672, "aux_0.loss_ce": 0.29789127558469775, "aux_0.acc_seg": 84.91928100585938, "aux_1.loss_ce": 0.5823159843683243, "aux_1.acc_seg": 72.48938751220703, "aux_2.loss_ce": 0.49012487232685087, "aux_2.acc_seg": 76.50533294677734, "aux_3.loss_ce": 0.4083121657371521, "aux_3.acc_seg": 76.21778106689453, "time": 0.5596606016159058, "iter": 900, "memory": 3608, "step": 900}
{"aAcc": 80.39, "mIoU": 65.78, "mAcc": 78.75, "avg_val_loss": 4.37940875150849, "data_time": 0.00803868249915112, "time": 0.1066661209895693, "step": 900}
{"lr": 0.0069979986657771765, "data_time": 0.10656814575195313, "loss": 2.1094355940818788, "decode.loss_ce": 0.3119131654500961, "decode.acc_seg": 87.02727508544922, "aux_0.loss_ce": 0.29669944643974305, "aux_0.acc_seg": 87.68672180175781, "aux_1.loss_ce": 0.581521600484848, "aux_1.acc_seg": 74.19977569580078, "aux_2.loss_ce": 0.4852313846349716, "aux_2.acc_seg": 81.8935546875, "aux_3.loss_ce": 0.43407000303268434, "aux_3.acc_seg": 82.70349884033203, "time": 0.6299108505249024, "iter": 1000, "memory": 3608, "step": 1000}
{"aAcc": 72.31, "mIoU": 56.94, "mAcc": 72.72, "avg_val_loss": 4.345264628982683, "data_time": 0.005961300312787637, "time": 0.10374744459130299, "step": 1000}
{"lr": 0.0075983989326217465, "data_time": 0.10894947052001953, "loss": 2.063703107833862, "decode.loss_ce": 0.31655692756175996, "decode.acc_seg": 87.25505828857422, "aux_0.loss_ce": 0.31578256487846373, "aux_0.acc_seg": 86.81705474853516, "aux_1.loss_ce": 0.5517888098955155, "aux_1.acc_seg": 77.27933502197266, "aux_2.loss_ce": 0.4599519371986389, "aux_2.acc_seg": 83.8005599975586, "aux_3.loss_ce": 0.4196228861808777, "aux_3.acc_seg": 85.81055450439453, "time": 0.5573007106781006, "iter": 1100, "memory": 3608, "step": 1100}
{"aAcc": 73.25, "mIoU": 56.02, "mAcc": 70.52, "avg_val_loss": 4.380420702399566, "data_time": 0.006747007369995117, "time": 0.11716368280608079, "step": 1100}
{"lr": 0.008198799199466306, "data_time": 0.0622344970703125, "loss": 2.1318993091583254, "decode.loss_ce": 0.3173206388950348, "decode.acc_seg": 80.36066436767578, "aux_0.loss_ce": 0.3126102700829506, "aux_0.acc_seg": 80.79166412353516, "aux_1.loss_ce": 0.5714606434106827, "aux_1.acc_seg": 73.70455932617188, "aux_2.loss_ce": 0.4936602175235748, "aux_2.acc_seg": 73.71438598632812, "aux_3.loss_ce": 0.4368475556373596, "aux_3.acc_seg": 77.8756103515625,