{"lr": 0.0015943962641761188, "data_time": 0.2239363193511963, "loss": 2.171339190006256, "decode.loss_seg": 0.35127903521060944, "aux_0.loss_seg": 0.5494639873504639, "aux_1.loss_seg": 0.42789534032344817, "aux_2.loss_seg": 0.4715292364358902, "aux_3.loss_seg": 0.37117153108119966, "time": 0.577958631515503, "iter": 100, "memory": 20741, "step": 100}
{"aAcc": 38.05, "mIoU": 22.11, "mAcc": 47.91, "avg_val_loss": 0.0, "data_time": 0.011876621911692064, "time": 0.09304925175600273, "step": 100}
{"lr": 0.002194796531020685, "data_time": 0.43485345840454104, "loss": 1.6747807621955872, "decode.loss_seg": 0.2775195837020874, "aux_0.loss_seg": 0.37523095309734344, "aux_1.loss_seg": 0.3006731003522873, "aux_2.loss_seg": 0.39176814556121825, "aux_3.loss_seg": 0.329588982462883, "time": 0.6215423822402955, "iter": 200, "memory": 34228, "step": 200}
{"aAcc": 61.41, "mIoU": 44.45, "mAcc": 64.83, "avg_val_loss": 0.0, "data_time": 0.009672902096276996, "time": 0.06487836234870999, "step": 200}
{"lr": 0.0027951967978652476, "data_time": 0.4375931262969971, "loss": 1.4561327695846558, "decode.loss_seg": 0.2212996691465378, "aux_0.loss_seg": 0.3259694784879684, "aux_1.loss_seg": 0.23646565079689025, "aux_2.loss_seg": 0.37015298306941985, "aux_3.loss_seg": 0.30224499553442, "time": 0.7560618162155152, "iter": 300, "memory": 4351, "step": 300}
{"aAcc": 69.39, "mIoU": 53.49, "mAcc": 69.99, "avg_val_loss": 0.0, "data_time": 0.008470200944220883, "time": 0.06370822862647045, "step": 300}
{"lr": 0.0033955970647098093, "data_time": 0.43045787811279296, "loss": 1.2569362103939057, "decode.loss_seg": 0.17376509606838225, "aux_0.loss_seg": 0.25363201051950457, "aux_1.loss_seg": 0.19115101248025895, "aux_2.loss_seg": 0.3649890571832657, "aux_3.loss_seg": 0.2733990252017975, "time": 0.6219035625457764, "iter": 400, "memory": 4350, "step": 400}
{"aAcc": 73.71, "mIoU": 55.77, "mAcc": 70.25, "avg_val_loss": 0.0, "data_time": 0.008547755493514839, "time": 0.06401747944711268, "step": 400}
{"lr": 0.003995997331554373, "data_time": 0.04243566989898682, "loss": 1.0836025953292847, "decode.loss_seg": 0.15883593261241913, "aux_0.loss_seg": 0.21519948840141295, "aux_1.loss_seg": 0.16931834444403648, "aux_2.loss_seg": 0.30699726939201355, "aux_3.loss_seg": 0.23325155228376387, "time": 0.5526403427124024, "iter": 500, "memory": 4350, "step": 500}
{"aAcc": 69.43, "mIoU": 53.25, "mAcc": 69.77, "avg_val_loss": 0.0, "data_time": 0.00988120046155206, "time": 0.06512978707236805, "step": 500}
{"lr": 0.0045963975983989375, "data_time": 0.2800110340118408, "loss": 1.0161392629146575, "decode.loss_seg": 0.14321787282824516, "aux_0.loss_seg": 0.19308614134788513, "aux_1.loss_seg": 0.14835907369852067, "aux_2.loss_seg": 0.2957966968417168, "aux_3.loss_seg": 0.2356794774532318, "time": 0.5925056219100953, "iter": 600, "memory": 4349, "step": 600}
{"aAcc": 64.84, "mIoU": 46.38, "mAcc": 63.01, "avg_val_loss": 0.0, "data_time": 0.009480309212344816, "time": 0.06450563463671453, "step": 600}
{"lr": 0.005196797865243495, "data_time": 0.1679144859313965, "loss": 1.054471606016159, "decode.loss_seg": 0.14250403940677642, "aux_0.loss_seg": 0.2092059522867203, "aux_1.loss_seg": 0.153351067006588, "aux_2.loss_seg": 0.3122904092073441, "aux_3.loss_seg": 0.2371201381087303, "time": 0.6049626111984253, "iter": 700, "memory": 4350, "step": 700}
{"aAcc": 76.81, "mIoU": 60.25, "mAcc": 73.95, "avg_val_loss": 0.0, "data_time": 0.010155277690668216, "time": 0.06532279376325936, "step": 700}
{"lr": 0.005797198132088056, "data_time": 0.011023139953613282, "loss": 1.0522199392318725, "decode.loss_seg": 0.13492527231574059, "aux_0.loss_seg": 0.1779796674847603, "aux_1.loss_seg": 0.1416613593697548, "aux_2.loss_seg": 0.35367401093244555, "aux_3.loss_seg": 0.2439796358346939, "time": 0.8161064863204956, "iter": 800, "memory": 4350, "step": 800}
{"aAcc": 75.84, "mIoU": 58.68, "mAcc": 72.43, "avg_val_loss": 0.0, "data_time": 0.007104065226412368, "time": 0.0626509271819016, "step": 800}
{"lr": 0.006397598398932616, "data_time": 0.05491631031036377, "loss": 1.0934798419475555, "decode.loss_seg": 0.14811334311962127, "aux_0.loss_seg": 0.17212976962327958, "aux_1.loss_seg": 0.14306630045175553, "aux_2.loss_seg": 0.351186691224575, "aux_3.loss_seg": 0.2789837345480919, "time": 0.6151160478591919, "iter": 900, "memory": 4350, "step": 900}
