{"lr": 0.004521389311614704, "data_time": 0.008753657341003418, "loss": 5.746500873565674, "decode.loss_ce": 0.7713147282600403, "decode.acc_seg": 77.55716705322266, "aux_0.loss_ce": 1.5021823287010192, "aux_0.acc_seg": 59.101112365722656, "aux_1.loss_ce": 1.2870250523090363, "aux_1.acc_seg": 62.208499908447266, "aux_2.loss_ce": 1.1231378018856049, "aux_2.acc_seg": 66.43505859375, "aux_3.loss_ce": 1.0628408312797546, "aux_3.acc_seg": 70.3233871459961, "time": 0.5267371416091919, "iter": 590, "memory": 19219, "step": 590}
