{"lr": 0.0015943962641761188, "data_time": 0.40012426376342775, "loss": 2.515814983844757, "decode.loss_seg": 1.3318900346755982, "aux_0.loss_seg": 0.670192974805832, "aux_1.loss_seg": 0.5137319415807724, "time": 0.6499732971191406, "iter": 100, "memory": 10468, "step": 100}
{"aAcc": 41.37, "mIoU": 21.79, "mAcc": 42.08, "avg_val_loss": 0.0, "data_time": 0.01892600225847821, "time": 0.06731139504632284, "step": 100}
{"lr": 0.002194796531020685, "data_time": 0.5409475326538086, "loss": 2.0507094264030457, "decode.loss_seg": 1.0666228830814362, "aux_0.loss_seg": 0.5566618114709854, "aux_1.loss_seg": 0.4274247258901596, "time": 0.6503510713577271, "iter": 200, "memory": 16960, "step": 200}
{"aAcc": 56.64, "mIoU": 39.91, "mAcc": 57.24, "avg_val_loss": 0.0, "data_time": 0.01811946397540213, "time": 0.05903685503992541, "step": 200}
{"lr": 0.0027951967978652476, "data_time": 0.03567407131195068, "loss": 1.826092827320099, "decode.loss_seg": 0.9357264518737793, "aux_0.loss_seg": 0.5196623355150223, "aux_1.loss_seg": 0.37070403099060056, "time": 0.6245858192443847, "iter": 300, "memory": 2665, "step": 300}
{"aAcc": 64.19, "mIoU": 46.66, "mAcc": 63.65, "avg_val_loss": 0.0, "data_time": 0.019772581670476103, "time": 0.06056726663962178, "step": 300}
{"lr": 0.0033955970647098093, "data_time": 0.5238342761993409, "loss": 1.3590896368026733, "decode.loss_seg": 0.7000976979732514, "aux_0.loss_seg": 0.3806900084018707, "aux_1.loss_seg": 0.2783019095659256, "time": 0.6545313835144043, "iter": 400, "memory": 2666, "step": 400}
{"aAcc": 58.97, "mIoU": 37.57, "mAcc": 55.49, "avg_val_loss": 0.0, "data_time": 0.022510597075539075, "time": 0.06327577569018836, "step": 400}
{"lr": 0.003995997331554373, "data_time": 0.4465708017349243, "loss": 1.29011310338974, "decode.loss_seg": 0.6626139938831329, "aux_0.loss_seg": 0.35834758579730985, "aux_1.loss_seg": 0.26915152072906495, "time": 0.5579728126525879, "iter": 500, "memory": 2665, "step": 500}
{"aAcc": 51.08, "mIoU": 30.38, "mAcc": 49.53, "avg_val_loss": 0.0, "data_time": 0.01870597916087885, "time": 0.05978033460419754, "step": 500}
{"lr": 0.0045963975983989375, "data_time": 0.5010069370269775, "loss": 1.1599665820598601, "decode.loss_seg": 0.5975764870643616, "aux_0.loss_seg": 0.32456523925065994, "aux_1.loss_seg": 0.23782487362623214, "time": 0.6707551956176758, "iter": 600, "memory": 2666, "step": 600}
{"aAcc": 64.8, "mIoU": 43.52, "mAcc": 60.08, "avg_val_loss": 0.0, "data_time": 0.02260667154158669, "time": 0.06366391839652226, "step": 600}
{"lr": 0.005196797865243495, "data_time": 0.2576234579086304, "loss": 1.1615831851959229, "decode.loss_seg": 0.5929860264062882, "aux_0.loss_seg": 0.3289142340421677, "aux_1.loss_seg": 0.23968292623758317, "time": 0.5912283420562744, "iter": 700, "memory": 2665, "step": 700}
{"aAcc": 70.5, "mIoU": 51.24, "mAcc": 66.64, "avg_val_loss": 0.0, "data_time": 0.02161237837254316, "time": 0.0631981635915822, "step": 700}
{"lr": 0.005797198132088056, "data_time": 0.06632497310638427, "loss": 1.215760749578476, "decode.loss_seg": 0.6137133330106735, "aux_0.loss_seg": 0.34819234609603883, "aux_1.loss_seg": 0.25385506749153136, "time": 0.5861229419708252, "iter": 800, "memory": 2665, "step": 800}
{"aAcc": 70.87, "mIoU": 46.69, "mAcc": 61.52, "avg_val_loss": 0.0, "data_time": 0.02089470830456964, "time": 0.06224632537227937, "step": 800}
{"lr": 0.006397598398932616, "data_time": 0.35974984169006347, "loss": 1.1055487036705016, "decode.loss_seg": 0.5720706403255462, "aux_0.loss_seg": 0.30550449937582014, "aux_1.loss_seg": 0.22797356247901918, "time": 0.7045309543609619, "iter": 900, "memory": 2665, "step": 900}
{"aAcc": 78.67, "mIoU": 61.44, "mAcc": 74.2, "avg_val_loss": 0.0, "data_time": 0.02134550576922537, "time": 0.06200965245564779, "step": 900}
{"lr": 0.0069979986657771765, "data_time": 0.1684570074081421, "loss": 1.0748066782951355, "decode.loss_seg": 0.5485978960990906, "aux_0.loss_seg": 0.30550816357135774, "aux_1.loss_seg": 0.22070061564445495, "time": 0.48242547512054446, "iter": 1000, "memory": 2665, "step": 1000}
{"aAcc": 77.05, "mIoU": 58.96, "mAcc": 72.32, "avg_val_loss": 0.0, "data_time": 0.023065027149244285, "time": 0.06352424073493344, "step": 1000}
{"lr": 0.0075983989326217465, "data_time": 0.18557355403900147, "loss": 1.132129156589508, "decode.loss_seg": 0.5535614550113678, "aux_0.loss_seg": 0.3536304384469986, "aux_1.loss_seg": 0.2249372571706772, "time": 0.49454474449157715, "iter": 1100, "memory": 2665, "step": 1100}
{"aAcc": 66.63, "mIoU": 50.52, "mAcc": 65.34, "avg_val_loss": 0.0, "data_time": 0.024513940701539488, "time": 0.06572450714549799, "step": 1100}
{"lr": 0.008198799199466306, "data_time": 0.558657956123352, "loss": 1.089162439107895, "decode.loss_seg": 0.549123215675354, "aux_0.loss_seg": 0.31421509981155393, "aux_1.loss_seg": 0.22582411468029023, "time": 0.665312647819519, "iter": 1200, "memory": 2666, "step": 1200}
{"aAcc": 77.33, "mIoU": 59.75, "mAcc": 73.26, "avg_val_loss": 0.0, "data_time": 0.023445047181228112, "time": 0.06434802077282434, "step": 1200}
{"lr": 0.008799199466310867, "data_time": 0.5705424308776855, "loss": 1.3360205173492432, "decode.loss_seg": 0.6770482510328293, "aux_0.loss_seg": 0.3741511106491089, "aux_1.loss_seg": 0.2848211541771889, "time": 0.6787560462951661, "iter": 1300, "memory": 2665, "step": 1300}
{"aAcc": 79.87, "mIoU": 62.15, "mAcc": 74.46, "avg_val_loss": 0.0, "data_time": 0.022041526334039097, "time": 0.0627065965499001, "step": 1300}
{"lr": 0.009399599733155411, "data_time": 0.14253122806549073, "loss": 0.9720900774002075, "decode.loss_seg": 0.5103920608758926, "aux_0.loss_seg": 0.2584444031119347, "aux_1.loss_seg": 0.20325363129377366, "time": 0.7347020387649537, "iter": 1400, "memory": 2666, "step": 1400}
{"aAcc": 76.07, "mIoU": 59.14, "mAcc": 72.84, "avg_val_loss": 0.0, "data_time": 0.01791387316824376, "time": 0.058853313840668775, "step": 1400}
{"lr": 0.009999999999999966, "data_time": 0.025258803367614747, "loss": 1.0865239083766938, "decode.loss_seg": 0.5547843337059021, "aux_0.loss_seg": 0.3078455045819283, "aux_1.loss_seg": 0.22389407753944396, "time": 0.48406295776367186, "iter": 1500, "memory": 2665, "step": 1500}
{"aAcc": 79.0, "mIoU": 61.27, "mAcc": 73.91, "avg_val_loss": 0.0, "data_time": 0.025261130826226597, "time": 0.06646293333207054, "step": 1500}
{"lr": 0.009884680550653002, "data_time": 0.3188554048538208, "loss": 1.1809816122055055, "decode.loss_seg": 0.6119754105806351, "aux_0.loss_seg": 0.3205865606665611, "aux_1.loss_seg": 0.2484196275472641, "time": 0.5971254587173462, "iter": 1600, "memory": 2665, "step": 1600}
{"aAcc": 68.31, "mIoU": 51.26, "mAcc": 67.36, "avg_val_loss": 0.0, "data_time": 0.02361532737468851, "time": 0.06472056487510944, "step": 1600}
