{"lr": 0.0050220502205022026, "data_time": 0.041783714294433595, "loss": 8.979317903518677, "decode.loss_ce": 1.7027871251106261, "decode.acc_seg": 44.926666259765625, "aux_0.loss_ce": 2.2415815591812134, "aux_0.acc_seg": 59.21889114379883, "aux_1.loss_ce": 1.7956172823905945, "aux_1.acc_seg": 66.46778106689453, "aux_2.loss_ce": 1.6140991568565368, "aux_2.acc_seg": 70.01622009277344, "aux_3.loss_ce": 1.6252326965332031, "aux_3.acc_seg": 68.55667114257812, "time": 0.1208660364151001, "iter": 50, "memory": 17408, "step": 50}
{"aAcc": 39.68, "mIoU": 5.95, "mAcc": 10.99, "val_loss": 7.558536373060695, "data_time": 0.0062127722440844906, "time": 0.3682676637839807, "step": 50}
{"lr": 0.00504455044550445, "data_time": 0.052605390548706055, "loss": 7.909520006179809, "decode.loss_ce": 1.5298637270927429, "decode.acc_seg": 29.497777938842773, "aux_0.loss_ce": 1.8805052161216735, "aux_0.acc_seg": 40.86866760253906, "aux_1.loss_ce": 1.6141759872436523, "aux_1.acc_seg": 44.36422348022461, "aux_2.loss_ce": 1.497575855255127, "aux_2.acc_seg": 47.305999755859375, "aux_3.loss_ce": 1.3873990893363952, "aux_3.acc_seg": 53.3837776184082, "time": 0.13793604373931884, "iter": 100, "memory": 901, "step": 100}
{"aAcc": 43.38, "mIoU": 7.89, "mAcc": 13.68, "val_loss": 7.76308414746085, "data_time": 0.005204806050050606, "time": 0.35904360338322167, "step": 100}
{"lr": 0.005067050670506697, "data_time": 0.06999576091766357, "loss": 8.93232364654541, "decode.loss_ce": 1.7127017021179198, "decode.acc_seg": 54.73355484008789, "aux_0.loss_ce": 1.944072675704956, "aux_0.acc_seg": 58.03666687011719, "aux_1.loss_ce": 1.7507814407348632, "aux_1.acc_seg": 57.369998931884766, "aux_2.loss_ce": 1.6833856105804443, "aux_2.acc_seg": 55.246665954589844, "aux_3.loss_ce": 1.8413820385932922, "aux_3.acc_seg": 55.417110443115234, "time": 0.1533735990524292, "iter": 150, "memory": 901, "step": 150}
