{"lr": 0.0015943962641761188, "data_time": 0.3351189136505127, "loss": 4.086024427413941, "decode.loss_ce": 2.4308414697647094, "decode.acc_seg": 79.6877212524414, "aux_0.loss_ce": 0.4912533968687057, "aux_0.acc_seg": 78.21394348144531, "aux_1.loss_ce": 0.690814596414566, "aux_1.acc_seg": 70.84288787841797, "aux_2.loss_ce": 0.473115062713623, "aux_2.acc_seg": 80.16561126708984, "time": 0.47181000709533694, "iter": 100, "memory": 35234, "step": 100}
{"aAcc": 53.04, "mIoU": 33.43, "mAcc": 51.39, "avg_val_loss": 11.299153009179042, "data_time": 0.014593667762224065, "time": 0.07465207299520803, "step": 100}
{"lr": 0.002194796531020685, "data_time": 0.12350447177886963, "loss": 3.308873677253723, "decode.loss_ce": 1.9120396494865417, "decode.acc_seg": 83.95310974121094, "aux_0.loss_ce": 0.38727171123027804, "aux_0.acc_seg": 84.929443359375, "aux_1.loss_ce": 0.6313186049461365, "aux_1.acc_seg": 73.41761016845703, "aux_2.loss_ce": 0.37824365496635437, "aux_2.acc_seg": 85.23683166503906, "time": 0.6366527795791626, "iter": 200, "memory": 8908, "step": 200}
{"aAcc": 50.3, "mIoU": 34.4, "mAcc": 52.76, "avg_val_loss": 11.830432096245692, "data_time": 0.010099254805466225, "time": 0.06460021556108847, "step": 200}
{"lr": 0.0027951967978652476, "data_time": 0.49378812313079834, "loss": 3.4523206472396852, "decode.loss_ce": 1.9999048233032226, "decode.acc_seg": 82.57572174072266, "aux_0.loss_ce": 0.4286392331123352, "aux_0.acc_seg": 80.89105987548828, "aux_1.loss_ce": 0.6297103583812713, "aux_1.acc_seg": 72.61905670166016, "aux_2.loss_ce": 0.39406625032424925, "aux_2.acc_seg": 84.54572296142578, "time": 0.6289304733276367, "iter": 300, "memory": 1694, "step": 300}
{"aAcc": 44.59, "mIoU": 28.66, "mAcc": 49.19, "avg_val_loss": 14.237426302063534, "data_time": 0.008202136248007587, "time": 0.06503837136016495, "step": 300}
{"lr": 0.0033955970647098093, "data_time": 0.4156433820724487, "loss": 3.0401607036590574, "decode.loss_ce": 1.7446736335754394, "decode.acc_seg": 81.8858871459961, "aux_0.loss_ce": 0.3679546475410461, "aux_0.acc_seg": 84.73149871826172, "aux_1.loss_ce": 0.5883460402488708, "aux_1.acc_seg": 75.37210845947266, "aux_2.loss_ce": 0.3391864478588104, "aux_2.acc_seg": 84.80577850341797, "time": 0.5531720161437989, "iter": 400, "memory": 1694, "step": 400}
{"aAcc": 56.67, "mIoU": 40.03, "mAcc": 58.58, "avg_val_loss": 13.337085289804385, "data_time": 0.00831343387735301, "time": 0.06518029344492945, "step": 400}
{"lr": 0.003995997331554373, "data_time": 0.2767786502838135, "loss": 2.871508979797363, "decode.loss_ce": 1.6375858426094054, "decode.acc_seg": 79.80755615234375, "aux_0.loss_ce": 0.3127820581197739, "aux_0.acc_seg": 84.20088958740234, "aux_1.loss_ce": 0.6142978072166443, "aux_1.acc_seg": 72.18316650390625, "aux_2.loss_ce": 0.30684322118759155, "aux_2.acc_seg": 85.71500396728516, "time": 0.5176634311676025, "iter": 500, "memory": 1694, "step": 500}
{"aAcc": 45.72, "mIoU": 31.01, "mAcc": 51.58, "avg_val_loss": 15.615102318661254, "data_time": 0.008373457809974408, "time": 0.06445860862731934, "step": 500}
{"lr": 0.0045963975983989375, "data_time": 0.6190449953079223, "loss": 2.9668233156204225, "decode.loss_ce": 1.68095406293869, "decode.acc_seg": 83.5885009765625, "aux_0.loss_ce": 0.33703738301992414, "aux_0.acc_seg": 84.05183410644531, "aux_1.loss_ce": 0.6239180445671082, "aux_1.acc_seg": 72.7689437866211, "aux_2.loss_ce": 0.32491375207901, "aux_2.acc_seg": 84.71871948242188, "time": 0.7555064201354981, "iter": 600, "memory": 1694, "step": 600}
{"aAcc": 59.47, "mIoU": 41.5, "mAcc": 59.12, "avg_val_loss": 14.728668700896392, "data_time": 0.007405681171636471, "time": 0.0643304846752649, "step": 600}
{"lr": 0.005196797865243495, "data_time": 0.0111053466796875, "loss": 2.708184027671814, "decode.loss_ce": 1.521422016620636, "decode.acc_seg": 85.07344818115234, "aux_0.loss_ce": 0.31871692687273023, "aux_0.acc_seg": 83.7409439086914, "aux_1.loss_ce": 0.5701332211494445, "aux_1.acc_seg": 74.64216613769531, "aux_2.loss_ce": 0.29791192561388014, "aux_2.acc_seg": 84.18778228759766, "time": 0.5023206233978271, "iter": 700, "memory": 1694, "step": 700}
{"aAcc": 57.0, "mIoU": 40.93, "mAcc": 58.9, "avg_val_loss": 14.505801786194768, "data_time": 0.009183256105444897, "time": 0.06596600324258037, "step": 700}
{"lr": 0.005797198132088056, "data_time": 0.3216562032699585, "loss": 2.6163216114044188, "decode.loss_ce": 1.4648380279541016, "decode.acc_seg": 91.82160949707031, "aux_0.loss_ce": 0.3081948563456535, "aux_0.acc_seg": 89.50072479248047, "aux_1.loss_ce": 0.5585160791873932, "aux_1.acc_seg": 75.01983642578125, "aux_2.loss_ce": 0.2847726345062256, "aux_2.acc_seg": 91.8382797241211, "time": 0.469516921043396, "iter": 800, "memory": 1694, "step": 800}
{"aAcc": 49.92, "mIoU": 34.0, "mAcc": 53.88, "avg_val_loss": 15.232922248161065, "data_time": 0.010046725985647618, "time": 0.06680806477864583, "step": 800}
{"lr": 0.006397598398932616, "data_time": 0.22656021118164063, "loss": 2.1392138242721557, "decode.loss_ce": 1.1504189193248748, "decode.acc_seg": 89.2590560913086, "aux_0.loss_ce": 0.2421187624335289, "aux_0.acc_seg": 89.3116683959961, "aux_1.loss_ce": 0.5125884294509888, "aux_1.acc_seg": 78.24305725097656, "aux_2.loss_ce": 0.23408772200345992, "aux_2.acc_seg": 89.14849853515625, "time": 0.5004860639572144, "iter": 900, "memory": 1694, "step": 900}
{"aAcc": 45.91, "mIoU": 29.88, "mAcc": 50.3, "avg_val_loss": 16.338225962164497, "data_time": 0.009598219531706009, "time": 0.06527397550385573, "step": 900}
{"lr": 0.0069979986657771765, "data_time": 0.008594179153442382, "loss": 2.893439602851868, "decode.loss_ce": 1.6237110257148744, "decode.acc_seg": 85.35478210449219, "aux_0.loss_ce": 0.3399315163493156, "aux_0.acc_seg": 84.50894165039062, "aux_1.loss_ce": 0.6120953619480133, "aux_1.acc_seg": 72.2236099243164, "aux_2.loss_ce": 0.3177017405629158, "aux_2.acc_seg": 85.41844177246094, "time": 0.6078402519226074, "iter": 1000, "memory": 1694, "step": 1000}
{"aAcc": 49.85, "mIoU": 33.51, "mAcc": 53.25, "avg_val_loss": 18.224408168977465, "data_time": 0.007452397510923189, "time": 0.063253334198875, "step": 1000}
{"lr": 0.0075983989326217465, "data_time": 0.38849477767944335, "loss": 2.499118518829346, "decode.loss_ce": 1.411376917362213, "decode.acc_seg": 87.2320556640625, "aux_0.loss_ce": 0.293978214263916, "aux_0.acc_seg": 86.70122528076172, "aux_1.loss_ce": 0.5188625663518905, "aux_1.acc_seg": 73.7918930053711, "aux_2.loss_ce": 0.27490080147981644, "aux_2.acc_seg": 87.22066497802734, "time": 0.527717900276184, "iter": 1100, "memory": 1694, "step": 1100}
{"aAcc": 57.02, "mIoU": 40.49, "mAcc": 59.21, "avg_val_loss": 18.55428444723985, "data_time": 0.007901679510357737, "time": 0.06482241619592426, "step": 1100}
{"lr": 0.008198799199466306, "data_time": 0.15130774974822997, "loss": 2.520288145542145, "decode.loss_ce": 1.4146298050880433, "decode.acc_seg": 90.3147201538086, "aux_0.loss_ce": 0.28595207929611205, "aux_0.acc_seg": 90.82805633544922, "aux_1.loss_ce": 0.5477903664112092, "aux_1.acc_seg": 81.05838775634766, "aux_2.loss_ce": 0.2719159170985222, "aux_2.acc_seg": 90.95094299316406, "time": 0.510052227973938, "iter": 1200, "memory": 1694, "step": 1200}
{"aAcc": 60.48, "mIoU": 43.5, "mAcc": 61.19, "avg_val_loss": 18.723366041211357, "data_time": 0.009291002120094738, "time": 0.0666315719999116, "step": 1200}
{"lr": 0.008799199466310867, "data_time": 0.23187699317932128, "loss": 2.2331429362297057, "decode.loss_ce": 1.2349397122859955, "decode.acc_seg": 88.46855926513672, "aux_0.loss_ce": 0.25545754879713056, "aux_0.acc_seg": 88.0423355102539, "aux_1.loss_ce": 0.5035967141389847, "aux_1.acc_seg": 78.75978088378906, "aux_2.loss_ce": 0.23914897590875625, "aux_2.acc_seg": 88.50477600097656, "time": 0.5518973588943481, "iter": 1300, "memory": 1694, "step": 1300}
{"aAcc": 56.44, "mIoU": 39.58, "mAcc": 58.12, "avg_val_loss": 18.69131230243988, "data_time": 0.008698268868457312, "time": 0.06568538457497783, "step": 1300}
{"lr": 0.009399599733155411,