{"lr": 0.0015943962641761188, "data_time": 0.011057901382446288, "loss": 4.773531174659729, "decode.loss_seg": 1.7343586087226868, "aux_0.loss_seg": 0.8268811345100403, "aux_1.loss_seg": 0.7540043890476227, "aux_2.loss_seg": 0.7719654619693757, "aux_3.loss_seg": 0.6863216429948806, "time": 0.7671938896179199, "iter": 100, "memory": 37486, "step": 100}
{"aAcc": 58.48, "mIoU": 44.42, "mAcc": 63.23, "avg_val_loss": 0.0, "data_time": 0.009195203004881393, "time": 0.25163952971613684, "step": 100}
{"lr": 0.002194796531020685, "data_time": 0.010493135452270508, "loss": 3.4640167713165284, "decode.loss_seg": 1.1555179476737976, "aux_0.loss_seg": 0.6718726575374603, "aux_1.loss_seg": 0.577130863070488, "aux_2.loss_seg": 0.5337594985961914, "aux_3.loss_seg": 0.525735792517662, "time": 0.768049955368042, "iter": 200, "memory": 31845, "step": 200}
{"aAcc": 49.52, "mIoU": 35.06, "mAcc": 55.42, "avg_val_loss": 0.0, "data_time": 0.005753177335892601, "time": 0.230894118889995, "step": 200}
{"lr": 0.0027951967978652476, "data_time": 0.011569809913635255, "loss": 2.928299808502197, "decode.loss_seg": 0.9718243300914764, "aux_0.loss_seg": 0.5761305838823318, "aux_1.loss_seg": 0.4628396898508072, "aux_2.loss_seg": 0.45596289038658144, "aux_3.loss_seg": 0.461542347073555, "time": 0.7679516792297363, "iter": 300, "memory": 31845, "step": 300}
{"aAcc": 57.55, "mIoU": 42.68, "mAcc": 61.55, "avg_val_loss": 0.0, "data_time": 0.005768046981986912, "time": 0.23055146206384416, "step": 300}
{"lr": 0.0033955970647098093, "data_time": 0.011838388442993165, "loss": 2.8233445405960085, "decode.loss_seg": 0.9703704178333282, "aux_0.loss_seg": 0.47579614222049715, "aux_1.loss_seg": 0.4714514195919037, "aux_2.loss_seg": 0.466155469417572, "aux_3.loss_seg": 0.43957104086875914, "time": 0.7702636003494263, "iter": 400, "memory": 31845, "step": 400}
{"aAcc": 78.59, "mIoU": 63.88, "mAcc": 77.48, "avg_val_loss": 0.0, "data_time": 0.00628985481700678, "time": 0.23161396487005825, "step": 400}
{"lr": 0.003995997331554373, "data_time": 0.011406302452087402, "loss": 2.3151984095573424, "decode.loss_seg": 0.7721573442220688, "aux_0.loss_seg": 0.42078486680984495, "aux_1.loss_seg": 0.38811708688735963, "aux_2.loss_seg": 0.3914150297641754, "aux_3.loss_seg": 0.34272403717041017, "time": 0.7692085981369019, "iter": 500, "memory": 31845, "step": 500}
{"aAcc": 64.41, "mIoU": 49.99, "mAcc": 68.47, "avg_val_loss": 0.0, "data_time": 0.005974887431352988, "time": 0.2310838452700911, "step": 500}
{"lr": 0.0045963975983989375, "data_time": 0.011228847503662109, "loss": 2.47921769618988, "decode.loss_seg": 0.8359570354223251, "aux_0.loss_seg": 0.4101252853870392, "aux_1.loss_seg": 0.40653433501720426, "aux_2.loss_seg": 0.39348154366016386, "aux_3.loss_seg": 0.43311952650547025, "time": 0.7683176040649414, "iter": 600, "memory": 31845, "step": 600}
{"aAcc": 78.39, "mIoU": 64.17, "mAcc": 78.53, "avg_val_loss": 0.0, "data_time": 0.006146211733763245, "time": 0.23130449755438443, "step": 600}
{"lr": 0.005196797865243495, "data_time": 0.011231398582458496, "loss": 1.847536599636078, "decode.loss_seg": 0.6085545748472214, "aux_0.loss_seg": 0.350634491443634, "aux_1.loss_seg": 0.3266483649611473, "aux_2.loss_seg": 0.2860064595937729, "aux_3.loss_seg": 0.27569272816181184, "time": 0.7684313058853149, "iter": 700, "memory": 31845, "step": 700}
{"aAcc": 70.3, "mIoU": 54.32, "mAcc": 70.32, "avg_val_loss": 0.0, "data_time": 0.0048164992496885104, "time": 0.22963506873996778, "step": 700}
{"lr": 0.005797198132088056, "data_time": 0.011131715774536134, "loss": 2.311039674282074, "decode.loss_seg": 0.7828292369842529, "aux_0.loss_seg": 0.4361557990312576, "aux_1.loss_seg": 0.39967135787010194, "aux_2.loss_seg": 0.36614028364419937, "aux_3.loss_seg": 0.32624300569295883, "time": 0.7703902959823609, "iter": 800, "memory": 31845, "step": 800}
{"aAcc": 64.91, "mIoU": 50.46, "mAcc": 68.38, "avg_val_loss": 0.0, "data_time": 0.005381951386901154, "time": 0.2306345029809009, "step": 800}
