{"lr": 0.0015930867963809803, "data_time": 0.10007331371307374, "loss": 10.799375915527344, "decode.loss_ce": 1.9142816185951232, "decode.acc_seg": 40.24955749511719, "aux_0.loss_ce": 2.5163214206695557, "aux_0.acc_seg": 40.07378005981445, "aux_1.loss_ce": 2.2654178977012633, "aux_1.acc_seg": 40.42222213745117, "aux_2.loss_ce": 2.096782755851746, "aux_2.acc_seg": 42.4206657409668, "aux_3.loss_ce": 2.006572163105011, "aux_3.acc_seg": 41.823333740234375, "time": 0.25961239337921144, "iter": 100, "memory": 17403, "step": 100}
{"aAcc": 43.31, "mIoU": 9.25, "mAcc": 16.24, "avg_val_loss": 11.739417112814753, "data_time": 0.017355996684024207, "time": 0.3848600161703009, "step": 100}
{"lr": 0.002191123271301943, "data_time": 0.003729510307312012, "loss": 8.383307933807373, "decode.loss_ce": 1.4543752789497375, "decode.acc_seg": 49.42911148071289, "aux_0.loss_ce": 1.9508922815322876, "aux_0.acc_seg": 46.027557373046875, "aux_1.loss_ce": 1.720732045173645, "aux_1.acc_seg": 39.34333419799805, "aux_2.loss_ce": 1.6109161376953125, "aux_2.acc_seg": 38.30066680908203, "aux_3.loss_ce": 1.6463921904563903, "aux_3.acc_seg": 36.31133270263672, "time": 0.31825253963470457, "iter": 200, "memory": 34175, "step": 200}
{"aAcc": 42.35, "mIoU": 11.15, "mAcc": 19.53, "avg_val_loss": 11.428781595355586, "data_time": 0.011958887179692587, "time": 0.3613334397474925, "step": 200}
{"lr": 0.0027881034698292294, "data_time": 0.1531837224960327, "loss": 8.749914455413819, "decode.loss_ce": 1.5759705662727357, "decode.acc_seg": 13.965778350830078, "aux_0.loss_ce": 1.937564730644226, "aux_0.acc_seg": 14.901778221130371, "aux_1.loss_ce": 1.8048919916152955, "aux_1.acc_seg": 14.359110832214355, "aux_2.loss_ce": 1.7071138978004456, "aux_2.acc_seg": 12.012666702270508, "aux_3.loss_ce": 1.7243735074996949, "aux_3.acc_seg": 12.460444450378418, "time": 0.2962521553039551, "iter": 300, "memory": 893, "step": 300}
