{"lr": 0.0012938425289350686, "data_time": 0.005288863182067871, "loss": 11.752655029296875, "decode.loss_ce": 1.9563768267631532, "decode.acc_seg": 17.236223220825195, "aux_0.loss_ce": 2.895560121536255, "aux_0.acc_seg": 29.286890029907227, "aux_1.loss_ce": 2.583994650840759, "aux_1.acc_seg": 24.0124454498291, "aux_2.loss_ce": 2.253353452682495, "aux_2.acc_seg": 20.823999404907227, "aux_3.loss_ce": 2.063369858264923, "aux_3.acc_seg": 20.609556198120117, "time": 0.10427656173706054, "iter": 50, "memory": 17408, "step": 50}
{"aAcc": 68.27, "mIoU": 12.26, "mAcc": 16.85, "avg_val_loss": 10.680340575387794, "data_time": 0.0054497498375365916, "time": 0.34868745386165423, "step": 50}
{"lr": 0.0015935153032556498, "data_time": 0.0037297725677490233, "loss": 9.350452423095703, "decode.loss_ce": 1.5437660574913026, "decode.acc_seg": 55.97111129760742, "aux_0.loss_ce": 2.4955003023147584, "aux_0.acc_seg": 31.028444290161133, "aux_1.loss_ce": 1.985302948951721, "aux_1.acc_seg": 38.26155471801758, "aux_2.loss_ce": 1.7301132440567017, "aux_2.acc_seg": 52.62200164794922, "aux_3.loss_ce": 1.5957699418067932, "aux_3.acc_seg": 41.06244659423828, "time": 0.24104661941528321, "iter": 100, "memory": 901, "step": 100}
