{"lr": 0.0050220502205022026, "data_time": 0.04861884117126465, "loss": 9.104856204986572, "decode.loss_ce": 1.6431797742843628, "decode.acc_seg": 25.30844497680664, "aux_0.loss_ce": 2.2202958822250367, "aux_0.acc_seg": 22.434223175048828, "aux_1.loss_ce": 1.8318007588386536, "aux_1.acc_seg": 22.921777725219727, "aux_2.loss_ce": 1.7308140754699708, "aux_2.acc_seg": 35.46444320678711, "aux_3.loss_ce": 1.6787658214569092, "aux_3.acc_seg": 39.089778900146484, "time": 0.15677235126495362, "iter": 50, "memory": 17408, "step": 50}
{"val_loss": 8.258887072984319, "data_time": 0.007441212661074896, "time": 0.08751078243673283, "step": 50}
