{"lr": 0.0015943962641761188, "data_time": 0.0119140625, "loss": 2.7338592290878294, "decode.loss_ce": 0.5977863609790802, "decode.acc_seg": 71.61016845703125, "aux_0.loss_ce": 0.6809256613254547, "aux_0.acc_seg": 76.60883331298828, "aux_1.loss_ce": 0.6030788749456406, "aux_1.acc_seg": 74.26927947998047, "aux_2.loss_ce": 0.4335289537906647, "aux_2.acc_seg": 85.67205810546875, "aux_3.loss_ce": 0.41853931844234465, "aux_3.acc_seg": 84.6122817993164, "time": 0.46969094276428225, "iter": 100, "memory": 19760, "step": 100}
{"aAcc": 51.68, "mIoU": 37.48, "mAcc": 57.06, "avg_val_loss": 5.089634895411848, "data_time": 0.010601043701171875, "time": 0.11708371583805528, "step": 100}
{"lr": 0.002194796531020685, "data_time": 0.053480100631713864, "loss": 2.7863821983337402, "decode.loss_ce": 0.5739057749509812, "decode.acc_seg": 76.51805877685547, "aux_0.loss_ce": 0.6932001650333405, "aux_0.acc_seg": 72.77188873291016, "aux_1.loss_ce": 0.6401725888252259, "aux_1.acc_seg": 72.0709457397461, "aux_2.loss_ce": 0.44460899829864503, "aux_2.acc_seg": 80.37605285644531, "aux_3.loss_ce": 0.434494611620903, "aux_3.acc_seg": 80.35671997070312, "time": 0.5462099075317383, "iter": 200, "memory": 34382, "step": 200}
{"aAcc": 40.59, "mIoU": 23.28, "mAcc": 43.6, "avg_val_loss": 6.018494534431493, "data_time": 0.007241432694182999, "time": 0.09081987950993681, "step": 200}
{"lr": 0.0027951967978652476, "data_time": 0.007698369026184082, "loss": 2.413377559185028, "decode.loss_ce": 0.46714434027671814, "decode.acc_seg": 73.5621109008789, "aux_0.loss_ce": 0.6512209266424179, "aux_0.acc_seg": 65.25177764892578, "aux_1.loss_ce": 0.5838931798934937, "aux_1.acc_seg": 68.76822662353516, "aux_2.loss_ce": 0.35838983952999115, "aux_2.acc_seg": 85.67950439453125, "aux_3.loss_ce": 0.3527292490005493, "aux_3.acc_seg": 87.70633697509766, "time": 0.47417349815368653, "iter": 300, "memory": 2910, "step": 300}
{"aAcc": 71.78, "mIoU": 54.38, "mAcc": 68.67, "avg_val_loss": 5.148317732584988, "data_time": 0.007724189210212094, "time": 0.08930867293785358, "step": 300}
{"lr": 0.0033955970647098093, "data_time": 0.3404466867446899, "loss": 2.1155089020729063, "decode.loss_ce": 0.3750301867723465, "decode.acc_seg": 82.38177490234375, "aux_0.loss_ce": 0.5664418548345566, "aux_0.acc_seg": 72.16522216796875, "aux_1.loss_ce": 0.524371725320816, "aux_1.acc_seg": 74.14311218261719, "aux_2.loss_ce": 0.32044506520032884, "aux_2.acc_seg": 85.97550201416016, "aux_3.loss_ce": 0.32922007590532304, "aux_3.acc_seg": 85.72538757324219, "time": 0.5255762100219726, "iter": 400, "memory": 2910, "step": 400}
{"aAcc": 44.48, "mIoU": 29.2, "mAcc": 52.0, "avg_val_loss": 5.496546803499784, "data_time": 0.0071536371077614265, "time": 0.09014383403734229, "step": 400}
{"lr": 0.003995997331554373, "data_time": 0.45390069484710693, "loss": 2.3511028051376344, "decode.loss_ce": 0.40940718054771424, "decode.acc_seg": 86.93672180175781, "aux_0.loss_ce": 0.6429121881723404, "aux_0.acc_seg": 79.74105834960938, "aux_1.loss_ce": 0.5897413730621338, "aux_1.acc_seg": 81.35322570800781, "aux_2.loss_ce": 0.34848564565181733, "aux_2.acc_seg": 88.96155548095703, "aux_3.loss_ce": 0.3605564221739769, "aux_3.acc_seg": 87.94528198242188, "time": 0.6357698917388916, "iter": 500, "memory": 2910, "step": 500}
{"aAcc": 44.65, "mIoU": 25.53, "mAcc": 47.09, "avg_val_loss": 5.7413572258680885, "data_time": 0.007571176550854212, "time": 0.09196900499278102, "step": 500}
{"lr": 0.0045963975983989375, "data_time": 0.01087946891784668, "loss": 2.1121521949768067, "decode.loss_ce": 0.35904596000909805, "decode.acc_seg": 81.57189178466797, "aux_0.loss_ce": 0.5798620849847793, "aux_0.acc_seg": 76.88983154296875, "aux_1.loss_ce": 0.5415327727794648, "aux_1.acc_seg": 74.92044830322266, "aux_2.loss_ce": 0.31705008149147035, "aux_2.acc_seg": 86.63311004638672, "aux_3.loss_ce": 0.3146613374352455, "aux_3.acc_seg": 84.71283721923828, "time": 0.6491797685623169, "iter": 600, "memory": 2910, "step": 600}
{"aAcc": 59.56, "mIoU": 42.21, "mAcc": 59.23, "avg_val_loss": 5.429450016243648, "data_time": 0.006873596673724295, "time": 0.09073294716319819, "step": 600}
{"lr": 0.005196797865243495, "data_time": 0.010180091857910157, "loss": 2.0744161725044252, "decode.loss_ce": 0.3238546445965767, "decode.acc_seg": 82.18394470214844, "aux_0.loss_ce": 0.599156254529953, "aux_0.acc_seg": 67.9173355102539, "aux_1.loss_ce": 0.5392447620630264, "aux_1.acc_seg": 67.85116577148438, "aux_2.loss_ce": 0.3100066497921944, "aux_2.acc_seg": 84.61988830566406, "aux_3.loss_ce": 0.30215387642383573, "aux_3.acc_seg": 84.45410919189453, "time": 0.5040364503860474, "iter": 700, "memory": 2910, "step": 700}
{"aAcc": 63.24, "mIoU": 46.53, "mAcc": 62.63, "avg_val_loss": 5.179606172698881, "data_time": 0.006848135213742311, "time": 0.09051180159908602, "step": 700}
{"lr": 0.005797198132088056, "data_time": 0.28356544971466063, "loss": 2.1102623343467712, "decode.loss_ce": 0.3476132810115814, "decode.acc_seg": 85.31266784667969, "aux_0.loss_ce": 0.6062950015068054, "aux_0.acc_seg": 70.123779296875, "aux_1.loss_ce": 0.5737872689962387, "aux_1.acc_seg": 68.62772369384766, "aux_2.loss_ce": 0.2924452945590019, "aux_2.acc_seg": 87.10144805908203, "aux_3.loss_ce": 0.2901215240359306, "aux_3.acc_seg": 84.85916900634766, "time": 0.4665141820907593, "iter": 800, "memory": 2910, "step": 800}
{"aAcc": 72.31, "mIoU": 52.67, "mAcc": 66.7, "avg_val_loss": 5.008275319794901, "data_time": 0.008664671031908057, "time": 0.09418970414961891, "step": 800}
{"lr": 0.006397598398932616, "data_time": 0.06422345638275147, "loss": 1.9232153654098512, "decode.loss_ce": 0.30224566608667375, "decode.acc_seg": 85.92205810546875, "aux_0.loss_ce": 0.5379059582948684, "aux_0.acc_seg": 74.67266845703125, "aux_1.loss_ce": 0.4914985567331314, "aux_1.acc_seg": 74.49933624267578, "aux_2.loss_ce": 0.29450844377279284, "aux_2.acc_seg": 88.07067108154297, "aux_3.loss_ce": 0.2970567613840103, "aux_3.acc_seg": 87.04166412353516, "time": 0.5634052753448486, "iter": 900, "memory": 2910, "step": 900}
{"aAcc": 66.49, "mIoU": 47.43, "mAcc": 63.27, "avg_val_loss": 4.914481434634632, "data_time": 0.007115651821268016, "time": 0.09030743302970097, "step": 900}
{"lr": 0.0069979986657771765, "data_time": 0.05934908390045166, "loss": 1.9507667303085328, "decode.loss_ce": 0.3015843376517296, "decode.acc_seg": 88.96961212158203, "aux_0.loss_ce": 0.5541185349225998, "aux_0.acc_seg": 81.69816589355469, "aux_1.loss_ce": 0.5191976696252822, "aux_1.acc_seg": 82.98033142089844, "aux_2.loss_ce": 0.29101745039224625, "aux_2.acc_seg": 89.68499755859375, "aux_3.loss_ce": 0.28484878689050674, "aux_3.acc_seg": 90.73960876464844, "time": 0.5004579067230225, "iter": 1000, "memory": 2910, "step": 1000}
{"aAcc": 59.55, "mIoU": 40.05, "mAcc": 58.82, "avg_val_loss": 4.8741920577198785, "data_time": 0.006889559756750348, "time": 0.09083326383568775, "step": 1000}
{"lr": 0.0075983989326217465, "data_time": 0.07086029052734374, "loss": 1.9014699935913086, "decode.loss_ce": 0.2918984979391098, "decode.acc_seg": 88.72566986083984, "aux_0.loss_ce": 0.5466204524040222, "aux_0.acc_seg": 78.82172393798828, "aux_1.loss_ce": 0.5063687592744828, "aux_1.acc_seg": 79.61878204345703, "aux_2.loss_ce": 0.27770055532455445, "aux_2.acc_seg": 88.88483428955078, "aux_3.loss_ce": 0.2788817659020424, "aux_3.acc_seg": 89.3395004272461, "time": 0.5470222473144531, "iter": 1100, "memory": 2910, "step": 1100}
{"aAcc": 72.3, "mIoU": 53.35, "mAcc": 67.28, "avg_val_loss": 4.743211944893612, "data_time": 0.007105950651497677, "time": 0.09065661485167756, "step": 1100}
{"lr": 0.008198799199466306, "data_time": 0.39771213531494143, "loss": 2.095475268363953, "decode.loss_ce": 0.3141786247491837, "decode.acc_seg": 86.27088928222656, "aux_0.loss_ce": 0.5976568967103958, "aux_0.acc_seg": 73.88533782958984, "aux_1.loss_ce": 0.5742448300123215, "aux_1.acc_seg": 72.0961685180664, "aux_2.loss_ce": 0.3088253617286682, "aux_2.acc_seg": 86.91777801513672, "aux_3.loss_ce": 0.30056953728199004,