{"lr": 0.0050220502205022026, "data_time": 0.048636865615844724, "loss": 10.246345329284669, "decode.loss_ce": 1.8050960302352905, "decode.acc_seg": 37.22533416748047, "aux_0.loss_ce": 2.4474928855895994, "aux_0.acc_seg": 3.829111099243164, "aux_1.loss_ce": 2.0480767726898192, "aux_1.acc_seg": 2.9113333225250244, "aux_2.loss_ce": 1.9129870295524598, "aux_2.acc_seg": 3.261777877807617, "aux_3.loss_ce": 2.032692587375641, "aux_3.acc_seg": 0.04488888755440712, "time": 0.1539141893386841, "iter": 50, "memory": 17408, "step": 50}
