{"aAcc": 63.11, "mIoU": 33.98, "mAcc": 41.92, "avg_val_loss": 6.129299266645086, "data_time": 0.010388521260993426, "time": 0.36803547171659245, "step": 100}
