{"lr": 0.0015943962641761188, "data_time": 0.4016257286071777, "loss": 1.5190757513046265, "decode.loss_ce": 0.7657354295253753, "decode.acc_seg": 68.55438995361328, "aux_0.loss_ce": 0.7533403098583221, "aux_0.acc_seg": 70.72755432128906, "time": 0.501614761352539, "iter": 100, "memory": 35092, "step": 100}
{"aAcc": 42.2, "mIoU": 22.27, "mAcc": 42.3, "avg_val_loss": 1.9663396369644075, "data_time": 0.025819942008617314, "time": 0.07399549872376197, "step": 100}
{"lr": 0.002194796531020685, "data_time": 0.00891265869140625, "loss": 1.3952294826507567, "decode.loss_ce": 0.7077584803104401, "decode.acc_seg": 68.62049865722656, "aux_0.loss_ce": 0.6874709844589233, "aux_0.acc_seg": 69.85016632080078, "time": 0.4341230869293213, "iter": 200, "memory": 8600, "step": 200}
{"aAcc": 48.25, "mIoU": 25.44, "mAcc": 44.67, "avg_val_loss": 2.0667363786906527, "data_time": 0.02686503289759844, "time": 0.07060836101400442, "step": 200}
{"lr": 0.0027951967978652476, "data_time": 0.13502938747406007, "loss": 1.2283411383628846, "decode.loss_ce": 0.6258833765983581, "decode.acc_seg": 70.30728149414062, "aux_0.loss_ce": 0.6024577856063843, "aux_0.acc_seg": 72.73377990722656, "time": 0.505470871925354, "iter": 300, "memory": 1398, "step": 300}
{"aAcc": 67.11, "mIoU": 49.72, "mAcc": 66.07, "avg_val_loss": 1.8580442871499017, "data_time": 0.029454412131473935, "time": 0.0736985645074954, "step": 300}
{"lr": 0.0033955970647098093, "data_time": 0.4665686130523682, "loss": 1.206117331981659, "decode.loss_ce": 0.6116113245487214, "decode.acc_seg": 72.3195571899414, "aux_0.loss_ce": 0.5945060074329376, "aux_0.acc_seg": 72.1943359375, "time": 0.5521386861801147, "iter": 400, "memory": 1398, "step": 400}
{"aAcc": 58.67, "mIoU": 38.86, "mAcc": 55.87, "avg_val_loss": 1.8352476546203185, "data_time": 0.022437720463193696, "time": 0.06717580214314077, "step": 400}
{"lr": 0.003995997331554373, "data_time": 0.008147668838500977, "loss": 1.1778150737285613, "decode.loss_ce": 0.5922092229127884, "decode.acc_seg": 67.83516693115234, "aux_0.loss_ce": 0.5856058597564697, "aux_0.acc_seg": 67.81316375732422, "time": 0.6096066951751709, "iter": 500, "memory": 1398, "step": 500}
{"aAcc": 59.22, "mIoU": 40.06, "mAcc": 57.27, "avg_val_loss": 1.7868701552787023, "data_time": 0.025951552665096588, "time": 0.07028284566155796, "step": 500}
{"lr": 0.0045963975983989375, "data_time": 0.5846060752868653, "loss": 1.1260685443878173, "decode.loss_ce": 0.5725397676229477, "decode.acc_seg": 72.89983367919922, "aux_0.loss_ce": 0.5535287737846375, "aux_0.acc_seg": 73.80388641357422, "time": 0.6713167428970337, "iter": 600, "memory": 1398, "step": 600}
{"aAcc": 70.74, "mIoU": 45.54, "mAcc": 59.96, "avg_val_loss": 1.6950048772984896, "data_time": 0.01517045634916459, "time": 0.059091222697290884, "step": 600}
{"lr": 0.005196797865243495, "data_time": 0.06838996410369873, "loss": 0.9952867984771728, "decode.loss_ce": 0.5073887079954147, "decode.acc_seg": 70.77349853515625, "aux_0.loss_ce": 0.48789808452129363, "aux_0.acc_seg": 71.94255828857422, "time": 0.5193982124328613, "iter": 700, "memory": 1398, "step": 700}
{"aAcc": 60.35, "mIoU": 36.34, "mAcc": 53.07, "avg_val_loss": 1.674102858499427, "data_time": 0.026994343461661505, "time": 0.0713478669352915, "step": 700}
