{"lr": 0.005935048249219757, "data_time": 0.004053068161010742, "loss": 6.9924092292785645, "decode.loss_ce": 1.0625590592622758, "decode.acc_seg": 86.94110870361328, "aux_0.loss_ce": 1.6165010929107666, "aux_0.acc_seg": 62.24577713012695, "aux_1.loss_ce": 1.458929866552353, "aux_1.acc_seg": 68.24466705322266, "aux_2.loss_ce": 1.347101479768753, "aux_2.acc_seg": 70.08444213867188, "aux_3.loss_ce": 1.5073176264762878, "aux_3.acc_seg": 68.36622619628906, "time": 0.17807247638702392, "iter": 2360, "memory": 17408, "step": 2360}
{"lr": 0.012579920325783582, "data_time": 0.0538388729095459, "loss": 4.893799996376037, "decode.loss_ce": 0.5631580919027328, "decode.acc_seg": 84.61244201660156, "aux_0.loss_ce": 1.4372502624988557, "aux_0.acc_seg": 66.9193344116211, "aux_1.loss_ce": 1.1478883266448974, "aux_1.acc_seg": 73.10400390625, "aux_2.loss_ce": 0.9174302995204926, "aux_2.acc_seg": 75.66911315917969, "aux_3.loss_ce": 0.8280730307102203, "aux_3.acc_seg": 75.89155578613281, "time": 0.13536624908447265, "iter": 25000, "memory": 901, "step": 25000}
{"aAcc": 87.15, "mIoU": 53.68, "mAcc": 62.25, "val_loss": 3.4825963591487485, "data_time": 0.007343727886821812, "time": 0.09798411673292916, "step": 25000}
{"lr": 0.014818238257484585, "data_time": 0.04688575267791748, "loss": 3.846441054344177, "decode.loss_ce": 0.3242824524641037, "decode.acc_seg": 86.94088745117188, "aux_0.loss_ce": 1.2339324831962586, "aux_0.acc_seg": 66.66555786132812, "aux_1.loss_ce": 0.9529739022254944, "aux_1.acc_seg": 69.6717758178711, "aux_2.loss_ce": 0.7142402678728104, "aux_2.acc_seg": 76.38578033447266, "aux_3.loss_ce": 0.6210119396448135, "aux_3.acc_seg": 82.61666870117188, "time": 0.12905843257904054, "iter": 50000, "memory": 33493, "step": 50000}
{"aAcc": 90.22, "mIoU": 61.28, "mAcc": 68.84, "val_loss": 3.4074361385090164, "data_time": 0.005474413482888231, "time": 0.0912590958539722, "step": 50000}
{"lr": 0.011242343634280236, "data_time": 0.00435488224029541, "loss": 3.8565881729125975, "decode.loss_ce": 0.3320334583520889, "decode.acc_seg": 87.1697769165039, "aux_0.loss_ce": 1.3688959300518035, "aux_0.acc_seg": 47.1422233581543, "aux_1.loss_ce": 0.9497327923774719, "aux_1.acc_seg": 69.99844360351562, "aux_2.loss_ce": 0.6559700906276703, "aux_2.acc_seg": 74.09889221191406, "aux_3.loss_ce": 0.5499559283256531, "aux_3.acc_seg": 74.91889190673828, "time": 0.15009889602661133, "iter": 75000, "memory": 901, "step": 75000}
{"aAcc": 91.37, "mIoU": 65.88, "mAcc": 73.94, "val_loss": 3.2296827462673114, "data_time": 0.008389512890750923, "time": 0.09368638853424961, "step": 75000}
{"lr": 0.0001, "data_time": 0.06997153759002686, "loss": 3.4390730023384095, "decode.loss_ce": 0.24377202168107032, "decode.acc_seg": 92.03067016601562, "aux_0.loss_ce": 1.3117382168769836, "aux_0.acc_seg": 66.95310974121094, "aux_1.loss_ce": 0.8890687137842178, "aux_1.acc_seg": 69.27400207519531, "aux_2.loss_ce": 0.5697205796837806, "aux_2.acc_seg": 78.660888671875, "aux_3.loss_ce": 0.42477346807718275, "aux_3.acc_seg": 79.58377838134766, "time": 0.15477700233459474, "iter": 100000, "memory": 901, "step": 100000}
{"aAcc": 92.19, "mIoU": 68.98, "mAcc": 76.62, "val_loss": 3.1370405740412033, "data_time": 0.0079891184001293, "time": 0.09275660005587975, "step": 100000}
{"lr": 0.0001, "data_time": 0.046631360054016115, "loss": 3.165753960609436, "decode.loss_ce": 0.23304914236068724, "decode.acc_seg": 94.97733306884766, "aux_0.loss_ce": 1.1686248540878297, "aux_0.acc_seg": 79.54955291748047, "aux_1.loss_ce": 0.7969046354293823, "aux_1.acc_seg": 86.97200012207031, "aux_2.loss_ce": 0.5374695956707001, "aux_2.acc_seg": 90.66133117675781, "aux_3.loss_ce": 0.4297057121992111, "aux_3.acc_seg": 92.09200286865234, "time": 0.15470168590545655, "iter": 125000, "memory": 901, "step": 125000}
{"aAcc": 91.7, "mIoU": 67.65, "mAcc": 75.61, "val_loss": 3.082888495425686, "data_time": 0.005709035303986188, "time": 0.09074206722592845, "step": 125000}
{"lr": 0.0001, "data_time": 0.040703630447387694, "loss": 3.5710845470428465, "decode.loss_ce": 0.2811260275542736, "decode.acc_seg": 90.85911560058594, "aux_0.loss_ce": 1.2686217188835145, "aux_0.acc_seg": 63.98533248901367, "aux_1.loss_ce": 0.9018926501274109, "aux_1.acc_seg": 74.68511199951172, "aux_2.loss_ce": 0.6167606294155121, "aux_2.acc_seg": 87.20333099365234, "aux_3.loss_ce": 0.5026834011077881, "aux_3.acc_seg": 88.4977798461914, "time": 0.13774404525756836, "iter": 150000, "memory": 901, "step": 150000}
{"aAcc": 92.66, "mIoU": 70.45, "mAcc": 78.33, "val_loss": 3.060698873965789, "data_time": 0.0054133036761607935, "time": 0.09032280526114898, "step": 150000}
{"lr": 0.0001, "data_time": 0.056274008750915525, "loss": 3.122247004508972, "decode.loss_ce": 0.2444172829389572, "decode.acc_seg": 89.9193344116211, "aux_0.loss_ce": 1.0766066253185271, "aux_0.acc_seg": 44.325111389160156, "aux_1.loss_ce": 0.7820279151201248, "aux_1.acc_seg": 61.79933547973633, "aux_2.loss_ce": 0.5565141916275025, "aux_2.acc_seg": 79.83133697509766, "aux_3.loss_ce": 0.4626809820532799, "aux_3.acc_seg": 80.94955444335938, "time": 0.14195234775543214, "iter": 175000, "memory": 901, "step": 175000}
{"aAcc": 92.92, "mIoU": 71.35, "mAcc": 79.34, "val_loss": 3.025960221298056, "data_time": 0.005245452945672193, "time": 0.08989170338343648, "step": 175000}
{"lr": 0.0001, "data_time": 0.03379013538360596, "loss": 3.8515491008758547, "decode.loss_ce": 0.28801057636737826, "decode.acc_seg": 90.69377899169922, "aux_0.loss_ce": 1.4040780305862426, "aux_0.acc_seg": 52.94911193847656, "aux_1.loss_ce": 0.9693470478057862, "aux_1.acc_seg": 59.47533416748047, "aux_2.loss_ce": 0.6715636342763901, "aux_2.acc_seg": 75.5780029296875, "aux_3.loss_ce": 0.5185497790575028, "aux_3.acc_seg": 83.90044403076172, "time": 0.1289754867553711, "iter": 200000, "memory": 901, "step": 200000}
{"aAcc": 92.68, "mIoU": 70.8, "mAcc": 78.37, "val_loss": 3.0032804864634572, "data_time": 0.005708491339266879, "time": 0.09064670442377479, "step": 200000}
{"lr": 0.0001, "data_time": 0.06855964660644531, "loss": 3.469268870353699, "decode.loss_ce": 0.2688262082636356, "decode.acc_seg": 89.93844604492188, "aux_0.loss_ce": 1.233458697795868, "aux_0.acc_seg": 74.16999816894531, "aux_1.loss_ce": 0.878055727481842, "aux_1.acc_seg": 78.51911163330078, "aux_2.loss_ce": 0.6058438748121262, "aux_2.acc_seg": 83.42021942138672, "aux_3.loss_ce": 0.4830843359231949, "aux_3.acc_seg": 85.5324478149414, "time": 0.16710195541381836, "iter": 225000, "memory": 901, "step": 225000}
{"aAcc": 92.36, "mIoU": 70.16, "mAcc": 77.35, "val_loss": 2.9838145774153784, "data_time": 0.005664409942997312, "time": 0.0905486461028312, "step": 225000}
{"lr": 0.0001, "data_time": 0.05491230487823486, "loss": 3.386903429031372, "decode.loss_ce": 0.24854543507099153, "decode.acc_seg": 94.23377990722656, "aux_0.loss_ce": 1.2309212565422059, "aux_0.acc_seg": 73.26022338867188, "aux_1.loss_ce": 0.845232167840004, "aux_1.acc_seg": 75.54711151123047, "aux_2.loss_ce": 0.6228710085153579, "aux_2.acc_seg": 75.83599853515625, "aux_3.loss_ce": 0.4393336109817028, "aux_3.acc_seg": 76.75511169433594, "time": 0.18395214080810546, "iter": 250000, "memory": 901, "step": 250000}
{"aAcc": 92.73, "mIoU": 70.86, "mAcc": 78.53, "val_loss": 2.9635462901361027, "data_time": 0.005412018414839958, "time": 0.08991553540368682, "step": 250000}
{"lr": 0.0001, "data_time": 0.029855751991271974, "loss": 3.6328125, "decode.loss_ce": 0.28685333132743834, "decode.acc_seg": 80.2304458618164, "aux_0.loss_ce": 1.3571649372577668, "aux_0.acc_seg": 30.657556533813477, "aux_1.loss_ce": 0.9007017910480499, "aux_1.acc_seg": 54.3751106262207, "aux_2.loss_ce": 0.6114436477422714, "aux_2.acc_seg": 66.05266571044922, "aux_3.loss_ce": 0.4766488403081894, "aux_3.acc_seg": 71.89778137207031, "time": 0.17851710319519043, "iter": 275000, "memory": 901, "step": 275000}
{"aAcc": 92.87, "mIoU": 71.19, "mAcc": 78.38, "val_loss": 2.905423559687224, "data_time": 0.005844052555491623, "time": 0.09118180251815944,