{"lr": 0.006406583235954008, "data_time": 0.010565471649169923, "loss": 3.9171311616897584, "decode.loss_ce": 0.6906803190708161, "decode.acc_seg": 69.58966827392578, "aux_0.loss_ce": 0.9906476199626922, "aux_0.acc_seg": 63.20738983154297, "aux_1.loss_ce": 0.836376529932022, "aux_1.acc_seg": 66.6487808227539, "aux_2.loss_ce": 0.7336439073085785, "aux_2.acc_seg": 69.44872283935547, "aux_3.loss_ce": 0.665782755613327, "aux_3.acc_seg": 70.34928131103516, "time": 0.44155077934265136, "iter": 910, "memory": 19198, "step": 910}
{"lr": 0.009106373674004149, "data_time": 0.15693228244781493, "loss": 3.018814468383789, "decode.loss_ce": 0.46213062703609464, "decode.acc_seg": 82.79305267333984, "aux_0.loss_ce": 0.8397889614105225, "aux_0.acc_seg": 70.62889099121094, "aux_1.loss_ce": 0.6890960216522217, "aux_1.acc_seg": 72.42566680908203, "aux_2.loss_ce": 0.5637492746114731, "aux_2.acc_seg": 77.81827545166016, "aux_3.loss_ce": 0.4640495806932449, "aux_3.acc_seg": 82.75494384765625, "time": 0.39826829433441163, "iter": 10000, "memory": 2889, "step": 10000}
{"aAcc": 58.84, "mIoU": 29.73, "mAcc": 41.12, "avg_val_loss": 6.281296361109306, "data_time": 0.004482066366407606, "time": 0.35186411380767824, "step": 10000}
{"lr": 0.008200516139713258, "data_time": 0.09763224124908447, "loss": 3.048443055152893, "decode.loss_ce": 0.4576945185661316, "decode.acc_seg": 76.38838958740234, "aux_0.loss_ce": 0.8784519612789154, "aux_0.acc_seg": 49.893943786621094, "aux_1.loss_ce": 0.6813707888126374, "aux_1.acc_seg": 59.45861053466797, "aux_2.loss_ce": 0.5647861391305924, "aux_2.acc_seg": 68.6858901977539, "aux_3.loss_ce": 0.4661396026611328, "aux_3.acc_seg": 74.60922241210938, "time": 0.4284330129623413, "iter": 20000, "memory": 10746, "step": 20000}
{"aAcc": 56.22, "mIoU": 30.4, "mAcc": 40.23, "avg_val_loss": 6.159587536392541, "data_time": 0.003625611772558377, "time": 0.3540465630871758, "step": 20000}
{"lr": 0.007283232762750171, "data_time": 0.1671966791152954, "loss": 2.930776071548462, "decode.loss_ce": 0.4453770875930786, "decode.acc_seg": 78.10710906982422, "aux_0.loss_ce": 0.8148241758346557, "aux_0.acc_seg": 67.32433319091797, "aux_1.loss_ce": 0.664498895406723, "aux_1.acc_seg": 71.82939147949219, "aux_2.loss_ce": 0.5572957277297974, "aux_2.acc_seg": 75.01094818115234, "aux_3.loss_ce": 0.4487802118062973, "aux_3.acc_seg": 78.0770034790039, "time": 0.37993483543395995, "iter": 30000, "memory": 2889, "step": 30000}
{"aAcc": 66.57, "mIoU": 34.88, "mAcc": 45.8, "avg_val_loss": 6.689255729179538, "data_time": 0.0037812557558791334, "time": 0.35633611309026136, "step": 30000}
{"lr": 0.006352703407289149, "data_time": 0.08155553340911866, "loss": 2.868913102149963, "decode.loss_ce": 0.415670770406723, "decode.acc_seg": 79.50910949707031, "aux_0.loss_ce": 0.8505941390991211, "aux_0.acc_seg": 47.42616653442383, "aux_1.loss_ce": 0.6545531332492829, "aux_1.acc_seg": 61.01677703857422, "aux_2.loss_ce": 0.5246444135904312, "aux_2.acc_seg": 70.80899810791016, "aux_3.loss_ce": 0.42345070540905, "aux_3.acc_seg": 79.87055969238281, "time": 0.41801559925079346, "iter": 40000, "memory": 2889, "step": 40000}
{"aAcc": 65.9, "mIoU": 35.38, "mAcc": 45.06, "avg_val_loss": 6.742964173442331, "data_time": 0.003475937769312552, "time": 0.34211667731173023, "step": 40000}
{"lr": 0.0054064577076796795, "data_time": 0.008969759941101075, "loss": 2.6675793409347532, "decode.loss_ce": 0.37629124224185945, "decode.acc_seg": 83.29183197021484, "aux_0.loss_ce": 0.8306636393070221, "aux_0.acc_seg": 67.21427917480469, "aux_1.loss_ce": 0.6184991955757141, "aux_1.acc_seg": 77.08078002929688, "aux_2.loss_ce": 0.4670838683843613, "aux_2.acc_seg": 80.86616516113281, "aux_3.loss_ce": 0.37504141926765444, "aux_3.acc_seg": 83.64927673339844, "time": 0.3549001932144165, "iter": 50000, "memory": 2889, "step": 50000}
{"aAcc": 68.76, "mIoU": 38.46, "mAcc": 48.98, "avg_val_loss": 6.764979976647689, "data_time": 0.0036067333559767897, "time": 0.34397162090648303, "step": 50000}
