{"lr": 0.0015930867963809803, "data_time": 0.6938160181045532, "loss": 7.817992925643921, "decode.loss_ce": 1.2763817667961121, "decode.acc_seg": 53.66877746582031, "aux_0.loss_ce": 2.23141725063324, "aux_0.acc_seg": 44.3912239074707, "aux_1.loss_ce": 1.5949489235877992, "aux_1.acc_seg": 51.80116653442383, "aux_2.loss_ce": 1.386130118370056, "aux_2.acc_seg": 53.691001892089844, "aux_3.loss_ce": 1.3291149258613586, "aux_3.acc_seg": 52.99211120605469, "time": 0.9228026390075683, "iter": 100, "memory": 19198, "step": 100}
{"aAcc": 49.4, "mIoU": 10.72, "mAcc": 17.04, "avg_val_loss": 9.617771422863006, "data_time": 0.018030640953465512, "time": 0.3859234282844945, "step": 100}
