{"lr": 0.005201541801877408, "data_time": 0.017649173736572266, "loss": 7.3054039478302, "decode.loss_ce": 1.003980103135109, "decode.acc_seg": 73.13555908203125, "aux_0.loss_ce": 1.7000866174697875, "aux_0.acc_seg": 57.40888977050781, "aux_1.loss_ce": 1.5789967238903047, "aux_1.acc_seg": 60.088890075683594, "aux_2.loss_ce": 1.4976612269878387, "aux_2.acc_seg": 62.1053352355957, "aux_3.loss_ce": 1.5246792018413544, "aux_3.acc_seg": 46.12555694580078, "time": 0.09264650344848632, "iter": 500, "memory": 17409, "step": 500}
