{"lr": 0.0015943962641761188, "data_time": 0.6410743236541748, "loss": 5.466590833663941, "decode.loss_ce": 2.811676001548767, "decode.acc_seg": 77.46394348144531, "aux_0.loss_ce": 0.5579533845186233, "aux_0.acc_seg": 74.83366394042969, "aux_1.loss_seg": 0.6801512181758881, "aux_2.loss_ce": 0.6631626725196839, "aux_2.acc_seg": 73.47077941894531, "aux_3.loss_ce": 0.7536475360393524, "aux_3.acc_seg": 74.46578216552734, "time": 0.9758644819259643, "iter": 100, "memory": 4877, "step": 100}
