{"lr": 0.005201541801877408, "data_time": 0.04504284858703613, "loss": 8.112207126617431, "decode.loss_ce": 1.1826599359512329, "decode.acc_seg": 57.13755798339844, "aux_0.loss_ce": 1.8452604055404662, "aux_0.acc_seg": 33.52222442626953, "aux_1.loss_ce": 1.7479395389556884, "aux_1.acc_seg": 33.350223541259766, "aux_2.loss_ce": 1.6364251136779786, "aux_2.acc_seg": 36.157554626464844, "aux_3.loss_ce": 1.6999220609664918, "aux_3.acc_seg": 34.55555725097656, "time": 0.13367223739624023, "iter": 500, "memory": 17409, "step": 500}
