{"lr": 0.0015943962641761188, "data_time": 0.020971059799194336, "loss": 3.940174961090088, "decode.loss_ce": 2.2872599720954896, "decode.acc_seg": 80.12139129638672, "aux_0.loss_ce": 0.4927291482686996, "aux_0.acc_seg": 76.80661010742188, "aux_1.loss_ce": 0.6978793561458587, "aux_1.acc_seg": 61.82749938964844, "aux_2.loss_ce": 0.46230652630329133, "aux_2.acc_seg": 79.83499908447266, "time": 0.443121337890625, "iter": 100, "memory": 35279, "step": 100}
{"aAcc": 43.74, "mIoU": 28.41, "mAcc": 49.21, "avg_val_loss": 17.634786679382213, "data_time": 0.014666573945866075, "time": 0.07147114221439806, "step": 100}
{"lr": 0.002194796531020685, "data_time": 0.12751152515411376, "loss": 3.3768476486206054, "decode.loss_ce": 1.966954755783081, "decode.acc_seg": 72.84883117675781, "aux_0.loss_ce": 0.4098444521427155, "aux_0.acc_seg": 75.75800323486328, "aux_1.loss_ce": 0.616468745470047, "aux_1.acc_seg": 58.020721435546875, "aux_2.loss_ce": 0.38357963860034944, "aux_2.acc_seg": 72.23999786376953, "time": 0.5682818412780761, "iter": 200, "memory": 8910, "step": 200}
{"aAcc": 55.59, "mIoU": 39.15, "mAcc": 57.77, "avg_val_loss": 15.699336728767346, "data_time": 0.00922771705978218, "time": 0.06492951546592274, "step": 200}
{"lr": 0.0027951967978652476, "data_time": 0.3826925039291382, "loss": 3.0455402135849, "decode.loss_ce": 1.7138893723487854, "decode.acc_seg": 86.31605529785156, "aux_0.loss_ce": 0.3699840664863586, "aux_0.acc_seg": 86.3193359375, "aux_1.loss_ce": 0.6124173760414123, "aux_1.acc_seg": 68.53205871582031, "aux_2.loss_ce": 0.34924931824207306, "aux_2.acc_seg": 86.33161163330078, "time": 0.5211860179901123, "iter": 300, "memory": 1742, "step": 300}
{"aAcc": 62.28, "mIoU": 45.08, "mAcc": 61.93, "avg_val_loss": 13.440109615553657, "data_time": 0.010084089191480615, "time": 0.06809947682523179, "step": 300}
{"lr": 0.0033955970647098093, "data_time": 0.24118926525115966, "loss": 2.8099499225616453, "decode.loss_ce": 1.5904165983200074, "decode.acc_seg": 86.61250305175781, "aux_0.loss_ce": 0.3238395780324936, "aux_0.acc_seg": 86.76311492919922, "aux_1.loss_ce": 0.5819771528244019, "aux_1.acc_seg": 72.16194152832031, "aux_2.loss_ce": 0.31371659934520724, "aux_2.acc_seg": 88.29077911376953, "time": 0.547591233253479, "iter": 400, "memory": 1742, "step": 400}
{"aAcc": 73.28, "mIoU": 55.77, "mAcc": 70.06, "avg_val_loss": 11.68967281007453, "data_time": 0.008495204750148729, "time": 0.06585992067709737, "step": 400}
{"lr": 0.003995997331554373, "data_time": 0.1998065948486328, "loss": 3.3456807374954223, "decode.loss_ce": 2.0272325396537783, "decode.acc_seg": 76.12833404541016, "aux_0.loss_ce": 0.36657485365867615, "aux_0.acc_seg": 79.83594512939453, "aux_1.loss_ce": 0.5947281807661057, "aux_1.acc_seg": 66.07978057861328, "aux_2.loss_ce": 0.3571452647447586, "aux_2.acc_seg": 78.9804458618164, "time": 0.5416961431503295, "iter": 500, "memory": 1742, "step": 500}
{"aAcc": 42.01, "mIoU": 27.11, "mAcc": 47.69, "avg_val_loss": 14.003606608893438, "data_time": 0.010917003127350205, "time": 0.06752142960997834, "step": 500}
{"lr": 0.0045963975983989375, "data_time": 0.35201387405395507, "loss": 2.626973366737366, "decode.loss_ce": 1.4591308116912842, "decode.acc_seg": 88.19822692871094, "aux_0.loss_ce": 0.30375212132930757, "aux_0.acc_seg": 86.47905731201172, "aux_1.loss_ce": 0.5716336101293564, "aux_1.acc_seg": 81.03128051757812, "aux_2.loss_ce": 0.29245675802230836, "aux_2.acc_seg": 87.49700164794922, "time": 0.548884654045105, "iter": 600, "memory": 1742, "step": 600}
{"aAcc": 65.35, "mIoU": 48.03, "mAcc": 64.32, "avg_val_loss": 13.094896701213559, "data_time": 0.008219551766055754, "time": 0.06567141927521804, "step": 600}
{"lr": 0.005196797865243495, "data_time": 0.007516407966613769, "loss": 2.8039798021316527, "decode.loss_ce": 1.5873402595520019, "decode.acc_seg": 89.15655517578125, "aux_0.loss_ce": 0.33078482151031496, "aux_0.acc_seg": 84.86988830566406, "aux_1.loss_ce": 0.5823047488927842, "aux_1.acc_seg": 73.74239349365234, "aux_2.loss_ce": 0.3035500079393387, "aux_2.acc_seg": 87.36750030517578, "time": 0.5402191638946533, "iter": 700, "memory": 1742, "step": 700}
{"aAcc": 72.32, "mIoU": 54.76, "mAcc": 69.39, "avg_val_loss": 12.501994964311097, "data_time": 0.008540465913969895, "time": 0.06669033258810811, "step": 700}
{"lr": 0.005797198132088056, "data_time": 0.05701200962066651, "loss": 2.997074747085571, "decode.loss_ce": 1.7450336456298827, "decode.acc_seg": 85.16472625732422, "aux_0.loss_ce": 0.3314558431506157, "aux_0.acc_seg": 85.15460968017578, "aux_1.loss_ce": 0.6016320645809173, "aux_1.acc_seg": 71.01455688476562, "aux_2.loss_ce": 0.3189531907439232, "aux_2.acc_seg": 85.6361083984375, "time": 0.4693013906478882, "iter": 800, "memory": 1742, "step": 800}
{"aAcc": 62.12, "mIoU": 44.96, "mAcc": 62.37, "avg_val_loss": 12.269696847715398, "data_time": 0.010596321917128289, "time": 0.06784923597313892, "step": 800}
{"lr": 0.006397598398932616, "data_time": 0.5141233682632447, "loss": 2.4891095638275145, "decode.loss_ce": 1.3715827465057373, "decode.acc_seg": 89.7905044555664, "aux_0.loss_ce": 0.28500320613384245, "aux_0.acc_seg": 89.08905792236328, "aux_1.loss_ce": 0.5608509927988052, "aux_1.acc_seg": 77.66683197021484, "aux_2.loss_ce": 0.27167266607284546, "aux_2.acc_seg": 89.66061401367188, "time": 0.6513948202133178, "iter": 900, "memory": 1742, "step": 900}
{"aAcc": 61.18, "mIoU": 44.1, "mAcc": 61.78, "avg_val_loss": 12.071790511070558, "data_time": 0.009861014355188128, "time": 0.06762229985204236, "step": 900}
{"lr": 0.0069979986657771765, "data_time": 0.05283124446868896, "loss": 2.4254421949386598, "decode.loss_ce": 1.3425254464149474, "decode.acc_seg": 87.40283203125, "aux_0.loss_ce": 0.2830161899328232, "aux_0.acc_seg": 87.05661010742188, "aux_1.loss_ce": 0.5388708025217056, "aux_1.acc_seg": 73.28816986083984, "aux_2.loss_ce": 0.261029751598835, "aux_2.acc_seg": 87.50294494628906, "time": 0.6614676475524902, "iter": 1000, "memory": 1742, "step": 1000}
{"aAcc": 48.59, "mIoU": 32.29, "mAcc": 52.21, "avg_val_loss": 12.778705568524481, "data_time": 0.007322218226290297, "time": 0.06487282117207845, "step": 1000}
{"lr": 0.0075983989326217465, "data_time": 0.3978396415710449, "loss": 2.4317050337791444, "decode.loss_ce": 1.3285171627998351, "decode.acc_seg": 90.20911407470703, "aux_0.loss_ce": 0.26981506794691085, "aux_0.acc_seg": 89.49005889892578, "aux_1.loss_ce": 0.5711884647607803, "aux_1.acc_seg": 75.1667251586914, "aux_2.loss_ce": 0.2621842801570892, "aux_2.acc_seg": 90.29733276367188, "time": 0.5365210056304932, "iter": 1100, "memory": 1742, "step": 1100}
{"aAcc": 62.62, "mIoU": 45.52, "mAcc": 62.9, "avg_val_loss": 12.28688519266788, "data_time": 0.00880947880361272, "time": 0.06526304113453832, "step": 1100}
{"lr": 0.008198799199466306, "data_time": 0.32937073707580566, "loss": 2.650370168685913, "decode.loss_ce": 1.5217366576194764, "decode.acc_seg": 87.6142807006836, "aux_0.loss_ce": 0.29984486699104307, "aux_0.acc_seg": 86.69905853271484, "aux_1.loss_ce": 0.5503346413373947, "aux_1.acc_seg": 75.63827514648438, "aux_2.loss_ce": 0.2784539431333542, "aux_2.acc_seg": 87.70549774169922, "time": 0.6007679462432861, "iter": 1200, "memory": 1742, "step": 1200}
{"aAcc": 61.18, "mIoU": 44.02, "mAcc": 62.1, "avg_val_loss": 12.18968696655237, "data_time": 0.009269722576799064, "time": 0.06473576611485975, "step": 1200}
{"lr": 0.008799199466310867, "data_time": 0.2152336597442627, "loss": 2.3622164607048033, "decode.loss_ce": 1.3152036190032959, "decode.acc_seg": 86.30960845947266, "aux_0.loss_ce": 0.26159044951200483, "aux_0.acc_seg": 85.8626708984375, "aux_1.loss_ce": 0.5426000148057938, "aux_1.acc_seg": 71.08139038085938, "aux_2.loss_ce": 0.24282233715057372, "aux_2.acc_seg": 86.10478210449219, "time": 0.5067078828811645, "iter": 1300, "memory": 1742, "step": 1300}
{"aAcc": 68.61, "mIoU": 50.82, "mAcc": 66.94, "avg_val_loss": 12.107480704418398, "data_time": 0.009303569793701172, "time": 0.0672316688230668, "step": 1300}
