{"lr": 0.0050220502205022026, "data_time": 0.06059274673461914, "loss": 10.559921073913575, "decode.loss_ce": 1.9612660527229309, "decode.acc_seg": 36.929779052734375, "aux_0.loss_ce": 2.358277940750122, "aux_0.acc_seg": 21.856889724731445, "aux_1.loss_ce": 2.0892738938331603, "aux_1.acc_seg": 24.690000534057617, "aux_2.loss_ce": 1.9834544658660889, "aux_2.acc_seg": 29.314889907836914, "aux_3.loss_ce": 2.1676488637924196, "aux_3.acc_seg": 38.56755447387695, "time": 0.1414241075515747, "iter": 50, "memory": 17408, "step": 50}
{"aAcc": 33.72, "mIoU": 5.6, "mAcc": 10.67, "val_loss": 0.0, "data_time": 0.005873100020879667, "time": 0.3757114973091441, "step": 50}
{"lr": 0.00504455044550445, "data_time": 0.04593076705932617, "loss": 8.879485082626342, "decode.loss_ce": 1.61153963804245, "decode.acc_seg": 39.92466735839844, "aux_0.loss_ce": 1.9428187727928161, "aux_0.acc_seg": 36.422889709472656, "aux_1.loss_ce": 1.8573506951332093, "aux_1.acc_seg": 42.11155700683594, "aux_2.loss_ce": 1.6989562511444092, "aux_2.acc_seg": 41.381778717041016, "aux_3.loss_ce": 1.7688196063041688, "aux_3.acc_seg": 46.257999420166016, "time": 0.12716960906982422, "iter": 100, "memory": 901, "step": 100}
