{"lr": 0.0015930867963809803, "data_time": 0.26625380516052244, "loss": 9.467143535614014, "decode.loss_ce": 1.5849858403205872, "decode.acc_seg": 45.33866882324219, "aux_0.loss_ce": 2.4187285184860228, "aux_0.acc_seg": 34.25811004638672, "aux_1.loss_ce": 2.0417269110679626, "aux_1.acc_seg": 38.574501037597656, "aux_2.loss_ce": 1.7718488097190856, "aux_2.acc_seg": 47.663780212402344, "aux_3.loss_ce": 1.6498536109924316, "aux_3.acc_seg": 52.23161315917969, "time": 0.5526041507720947, "iter": 100, "memory": 19219, "step": 100}
{"aAcc": 48.1, "mIoU": 10.14, "mAcc": 16.62, "avg_val_loss": 9.453774997121409, "data_time": 0.011309365222328588, "time": 0.3593917997259843, "step": 100}
{"lr": 0.002191123271301943, "data_time": 0.3866006851196289, "loss": 7.950651741027832, "decode.loss_ce": 1.2411130130290986, "decode.acc_seg": 64.311279296875, "aux_0.loss_ce": 2.04088089466095, "aux_0.acc_seg": 48.25344467163086, "aux_1.loss_ce": 1.7125258445739746, "aux_1.acc_seg": 52.96088790893555, "aux_2.loss_ce": 1.5045798778533936, "aux_2.acc_seg": 56.08683395385742, "aux_3.loss_ce": 1.4515520691871644, "aux_3.acc_seg": 57.83089065551758, "time": 0.6322418451309204, "iter": 200, "memory": 10769, "step": 200}
{"aAcc": 44.28, "mIoU": 13.61, "mAcc": 24.77, "avg_val_loss": 9.078814648327075, "data_time": 0.01585580160220464, "time": 0.3637279272079468, "step": 200}
{"lr": 0.0027881034698292294, "data_time": 0.2275176763534546, "loss": 7.22190637588501, "decode.loss_ce": 1.1348216474056243, "decode.acc_seg": 58.98872375488281, "aux_0.loss_ce": 1.8341496467590332, "aux_0.acc_seg": 47.38788986206055, "aux_1.loss_ce": 1.5533957600593566, "aux_1.acc_seg": 54.197776794433594, "aux_2.loss_ce": 1.375896054506302, "aux_2.acc_seg": 56.68199920654297, "aux_3.loss_ce": 1.3236432254314423, "aux_3.acc_seg": 61.208946228027344, "time": 0.42903568744659426, "iter": 300, "memory": 2908, "step": 300}
{"aAcc": 58.42, "mIoU": 21.41, "mAcc": 29.7, "avg_val_loss": 8.582872994322527, "data_time": 0.010435613493124643, "time": 0.3567554255326589, "step": 300}
{"lr": 0.0033840217450599877, "data_time": 0.18932173252105713, "loss": 6.991078233718872, "decode.loss_ce": 1.0216331243515016, "decode.acc_seg": 63.817779541015625, "aux_0.loss_ce": 1.7815194010734559, "aux_0.acc_seg": 40.67794418334961, "aux_1.loss_ce": 1.5536157011985778, "aux_1.acc_seg": 39.74027633666992, "aux_2.loss_ce": 1.3588386654853821, "aux_2.acc_seg": 43.6678352355957, "aux_3.loss_ce": 1.275471180677414, "aux_3.acc_seg": 44.818721771240234, "time": 0.5254892587661744, "iter": 400, "memory": 2908, "step": 400}
{"aAcc": 49.12, "mIoU": 20.18, "mAcc": 31.44, "avg_val_loss": 8.540643308664624, "data_time": 0.007053079704443614, "time": 0.34459494302670163, "step": 400}
{"lr": 0.003978874422200742, "data_time": 0.4508338689804077, "loss": 6.155431890487671, "decode.loss_ce": 0.8777686059474945, "decode.acc_seg": 73.45127868652344, "aux_0.loss_ce": 1.5671401739120483, "aux_0.acc_seg": 52.40505599975586, "aux_1.loss_ce": 1.3498787522315978, "aux_1.acc_seg": 62.39366912841797, "aux_2.loss_ce": 1.2222123861312866, "aux_2.acc_seg": 66.98577880859375, "aux_3.loss_ce": 1.138431966304779, "aux_3.acc_seg": 70.02505493164062, "time": 0.651650071144104, "iter": 500, "memory": 2908, "step": 500}
{"aAcc": 58.13, "mIoU": 22.2, "mAcc": 31.64, "avg_val_loss": 8.526561862104817, "data_time": 0.006210155785083771, "time": 0.3573949411511421, "step": 500}
