{"lr": 0.0015943962641761188, "data_time": 0.8357759714126587, "loss": 4.581408762931824, "decode.loss_ce": 0.7304488003253937, "decode.acc_seg": 62.0877799987793, "aux_0.loss_ce": 1.1683179020881653, "aux_0.acc_seg": 59.8199462890625, "aux_1.loss_ce": 0.9656789183616639, "aux_1.acc_seg": 54.3836669921875, "aux_2.loss_ce": 0.8719701647758484, "aux_2.acc_seg": 59.4450569152832, "aux_3.loss_ce": 0.8449929594993592, "aux_3.acc_seg": 61.41283416748047, "time": 0.967533540725708, "iter": 100, "memory": 19198, "step": 100}
