{"aAcc": 3.86, "mIoU": 0.46, "mAcc": 6.09, "avg_val_loss": 35.06946096922222, "data_time": 0.019749741805227178, "time": 0.39509376224718595, "step": 100}
