{"lr": 0.0015943962641761188, "data_time": 0.3637533187866211, "loss": 4.073052000999451, "decode.loss_ce": 0.6329079806804657, "decode.acc_seg": 70.05933380126953, "aux_0.loss_ce": 1.6204659461975097, "aux_0.acc_seg": 67.14810943603516, "aux_1.loss_ce": 0.7657230377197266, "aux_1.acc_seg": 83.18199920654297, "aux_2.loss_ce": 0.5398306369781494, "aux_2.acc_seg": 83.24177551269531, "aux_3.loss_ce": 0.514124396443367, "aux_3.acc_seg": 81.73005676269531, "time": 0.5797477483749389, "iter": 100, "memory": 19645, "step": 100}
{"aAcc": 73.06, "mIoU": 54.96, "mAcc": 69.2, "avg_val_loss": 4.7172724133172235, "data_time": 0.031195707099382266, "time": 0.1601425242978473, "step": 100}
{"lr": 0.002194796531020685, "data_time": 0.009099507331848144, "loss": 2.8600143671035765, "decode.loss_ce": 0.5576767027378082, "decode.acc_seg": 72.52861022949219, "aux_0.loss_ce": 0.8424864828586578, "aux_0.acc_seg": 69.17894744873047, "aux_1.loss_ce": 0.5359219193458558, "aux_1.acc_seg": 74.84828186035156, "aux_2.loss_ce": 0.4605227321386337, "aux_2.acc_seg": 74.72772216796875, "aux_3.loss_ce": 0.4634065479040146, "aux_3.acc_seg": 74.30144500732422, "time": 0.5973747968673706, "iter": 200, "memory": 34203, "step": 200}
{"aAcc": 69.89, "mIoU": 50.53, "mAcc": 65.55, "avg_val_loss": 4.781142583105996, "data_time": 0.007292139119115369, "time": 0.10077990060565116, "step": 200}
{"lr": 0.0027951967978652476, "data_time": 0.01034247875213623, "loss": 2.600089406967163, "decode.loss_ce": 0.5630089730024338, "decode.acc_seg": 77.35177612304688, "aux_0.loss_ce": 0.644713968038559, "aux_0.acc_seg": 75.48383331298828, "aux_1.loss_ce": 0.4815031200647354, "aux_1.acc_seg": 79.07527923583984, "aux_2.loss_ce": 0.4408102720975876, "aux_2.acc_seg": 81.6986083984375, "aux_3.loss_ce": 0.470053032040596, "aux_3.acc_seg": 79.13955688476562, "time": 0.5894705533981324, "iter": 300, "memory": 3338, "step": 300}
{"aAcc": 77.81, "mIoU": 60.64, "mAcc": 74.18, "avg_val_loss": 4.577992364110654, "data_time": 0.007168863011502671, "time": 0.10133934843129125, "step": 300}
{"lr": 0.0033955970647098093, "data_time": 0.04886045455932617, "loss": 2.1930336594581603, "decode.loss_ce": 0.47331264019012453, "decode.acc_seg": 85.5022201538086, "aux_0.loss_ce": 0.5522690623998642, "aux_0.acc_seg": 84.57661437988281, "aux_1.loss_ce": 0.4089408844709396, "aux_1.acc_seg": 86.65411376953125, "aux_2.loss_ce": 0.3762975424528122, "aux_2.acc_seg": 87.68550109863281, "aux_3.loss_ce": 0.38221350908279417, "aux_3.acc_seg": 86.73594665527344, "time": 0.487090015411377, "iter": 400, "memory": 3338, "step": 400}
{"aAcc": 75.57, "mIoU": 56.39, "mAcc": 69.81, "avg_val_loss": 4.355600027977462, "data_time": 0.005858380219032024, "time": 0.09958419306524868, "step": 400}
{"lr": 0.003995997331554373, "data_time": 0.110263991355896, "loss": 2.175827884674072, "decode.loss_ce": 0.447841539978981, "decode.acc_seg": 82.91533660888672, "aux_0.loss_ce": 0.5480143189430237, "aux_0.acc_seg": 80.79861450195312, "aux_1.loss_ce": 0.42188490033149717, "aux_1.acc_seg": 87.1763916015625, "aux_2.loss_ce": 0.38536342680454255, "aux_2.acc_seg": 87.22261047363281, "aux_3.loss_ce": 0.37272373735904696, "aux_3.acc_seg": 85.78050231933594, "time": 0.5898696422576905, "iter": 500, "memory": 3338, "step": 500}
{"aAcc": 79.41, "mIoU": 61.22, "mAcc": 73.36, "avg_val_loss": 4.080197849216169, "data_time": 0.00749101035896389, "time": 0.10099133677866268, "step": 500}
{"lr": 0.0045963975983989375, "data_time": 0.010050153732299805, "loss": 1.8734227180480958, "decode.loss_ce": 0.36065390408039094, "decode.acc_seg": 85.3665542602539, "aux_0.loss_ce": 0.49029354453086854, "aux_0.acc_seg": 84.76744842529297, "aux_1.loss_ce": 0.35983803272247317, "aux_1.acc_seg": 86.7056655883789, "aux_2.loss_ce": 0.3257071077823639, "aux_2.acc_seg": 87.38505554199219, "aux_3.loss_ce": 0.336930114030838, "aux_3.acc_seg": 86.29460906982422, "time": 0.5899342775344849, "iter": 600, "memory": 3338, "step": 600}
{"aAcc": 70.53, "mIoU": 49.6, "mAcc": 63.76, "avg_val_loss": 4.347999955024607, "data_time": 0.007213650078609072, "time": 0.10130162896781132, "step": 600}
{"lr": 0.005196797865243495, "data_time": 0.33766329288482666, "loss": 1.761364221572876, "decode.loss_ce": 0.3517478942871094, "decode.acc_seg": 83.39077758789062, "aux_0.loss_ce": 0.43133753836154937, "aux_0.acc_seg": 83.36083221435547, "aux_1.loss_ce": 0.3402339369058609, "aux_1.acc_seg": 84.6060562133789, "aux_2.loss_ce": 0.3200599208474159, "aux_2.acc_seg": 85.4723892211914, "aux_3.loss_ce": 0.317984876036644, "aux_3.acc_seg": 84.2298355102539, "time": 0.6761825323104859, "iter": 700, "memory": 3338, "step": 700}
{"aAcc": 72.57, "mIoU": 51.85, "mAcc": 65.61, "avg_val_loss": 4.478141944934813, "data_time": 0.006025747321117884, "time": 0.10009817145336633, "step": 700}
{"lr": 0.005797198132088056, "data_time": 0.4911362886428833, "loss": 1.9004130959510803, "decode.loss_ce": 0.3566703796386719, "decode.acc_seg": 85.37127685546875, "aux_0.loss_ce": 0.4679086863994598, "aux_0.acc_seg": 88.87261199951172, "aux_1.loss_ce": 0.38447115421295164, "aux_1.acc_seg": 87.23699951171875, "aux_2.loss_ce": 0.3463846743106842, "aux_2.acc_seg": 88.42933654785156, "aux_3.loss_ce": 0.34497817754745486, "aux_3.acc_seg": 87.09805297851562, "time": 0.7144153594970704, "iter": 800, "memory": 3338, "step": 800}
{"aAcc": 75.62, "mIoU": 56.23, "mAcc": 69.33, "avg_val_loss": 4.4056892996934405, "data_time": 0.006924089344068505, "time": 0.10096330752317932, "step": 800}
