{"lr": 0.0015943962641761188, "data_time": 0.7415148496627808, "loss": 5.895004749298096, "decode.loss_ce": 2.574217748641968, "decode.acc_seg": 78.43505859375, "aux_0.loss_ce": 0.5304637461900711, "aux_0.acc_seg": 76.70572662353516, "aux_1.loss_seg": 2.790323185920715, "time": 0.8500469207763672, "iter": 100, "memory": 9289, "step": 100}
{"aAcc": 41.93, "mIoU": 27.41, "mAcc": 47.58, "avg_val_loss": 9.308935215075811, "data_time": 0.040355857028517614, "time": 0.08279469124106474, "step": 100}
{"lr": 0.002194796531020685, "data_time": 0.563355827331543, "loss": 4.728536319732666, "decode.loss_ce": 1.8612807035446166, "decode.acc_seg": 78.02533721923828, "aux_0.loss_ce": 0.3872770756483078, "aux_0.acc_seg": 77.62394714355469, "aux_1.loss_seg": 2.4799784421920776, "time": 0.660516357421875, "iter": 200, "memory": 34154, "step": 200}
{"aAcc": 57.89, "mIoU": 40.28, "mAcc": 59.16, "avg_val_loss": 9.054095089087014, "data_time": 0.05571806293794478, "time": 0.09093561665765171, "step": 200}
{"lr": 0.0027951967978652476, "data_time": 0.1127211332321167, "loss": 4.665518665313721, "decode.loss_ce": 1.879117238521576, "decode.acc_seg": 82.73738861083984, "aux_0.loss_ce": 0.3607006460428238, "aux_0.acc_seg": 85.08477783203125, "aux_1.loss_seg": 2.425700879096985, "time": 0.5766999006271363, "iter": 300, "memory": 764, "step": 300}
{"aAcc": 56.45, "mIoU": 40.0, "mAcc": 58.85, "avg_val_loss": 10.398865032498136, "data_time": 0.05972413633061552, "time": 0.09480007489522298, "step": 300}
