{"lr": 0.0015930867963809803, "data_time": 0.7077062606811524, "loss": 7.8743151187896725, "decode.loss_ce": 1.288921022415161, "decode.acc_seg": 55.942832946777344, "aux_0.loss_ce": 2.0856301546096803, "aux_0.acc_seg": 51.07533264160156, "aux_1.loss_ce": 1.6640331864356994, "aux_1.acc_seg": 51.562278747558594, "aux_2.loss_ce": 1.44233238697052, "aux_2.acc_seg": 52.36333465576172, "aux_3.loss_ce": 1.3933982849121094, "aux_3.acc_seg": 51.7059440612793, "time": 0.9045806884765625, "iter": 100, "memory": 19198, "step": 100}
{"aAcc": 9.56, "mIoU": 3.02, "mAcc": 7.8, "avg_val_loss": 16.047758506752594, "data_time": 0.011585645897443904, "time": 0.10231988097346106, "step": 100}
{"lr": 0.002191123271301943, "data_time": 0.5932234764099121, "loss": 6.589479637145996, "decode.loss_ce": 1.111437553167343, "decode.acc_seg": 63.85905456542969, "aux_0.loss_ce": 1.6707571387290954, "aux_0.acc_seg": 56.57088851928711, "aux_1.loss_ce": 1.3937122225761414, "aux_1.acc_seg": 60.04772186279297, "aux_2.loss_ce": 1.213867861032486, "aux_2.acc_seg": 60.54199981689453, "aux_3.loss_ce": 1.199704897403717, "aux_3.acc_seg": 59.154056549072266, "time": 0.8867624044418335, "iter": 200, "memory": 10746, "step": 200}
{"aAcc": 3.69, "mIoU": 0.53, "mAcc": 3.72, "avg_val_loss": 17.310548824176454, "data_time": 0.006839568587555282, "time": 0.08617883989180641, "step": 200}
{"lr": 0.0027881034698292294, "data_time": 0.7374367713928223, "loss": 5.906777381896973, "decode.loss_ce": 1.0067733883857728, "decode.acc_seg": 66.19100189208984, "aux_0.loss_ce": 1.4676666975021362, "aux_0.acc_seg": 56.094722747802734, "aux_1.loss_ce": 1.25423002243042, "aux_1.acc_seg": 56.039390563964844, "aux_2.loss_ce": 1.1047776162624359, "aux_2.acc_seg": 59.468666076660156, "aux_3.loss_ce": 1.0733295738697053, "aux_3.acc_seg": 61.454166412353516, "time": 0.9361927509307861, "iter": 300, "memory": 2889, "step": 300}
{"aAcc": 0.3, "mIoU": 0.18, "mAcc": 0.42, "avg_val_loss": 17.75706378851253, "data_time": 0.006412497882185311, "time": 0.08647640820207267, "step": 300}
{"lr": 0.0033840217450599877, "data_time": 0.43648059368133546, "loss": 4.9698638916015625, "decode.loss_ce": 0.8585502922534942, "decode.acc_seg": 74.7242202758789, "aux_0.loss_ce": 1.2118366003036498, "aux_0.acc_seg": 66.86083221435547, "aux_1.loss_ce": 1.0297227799892426, "aux_1.acc_seg": 71.19322204589844, "aux_2.loss_ce": 0.9458758056163787, "aux_2.acc_seg": 73.13655853271484, "aux_3.loss_ce": 0.923878413438797, "aux_3.acc_seg": 71.32910919189453, "time": 0.9472519636154175, "iter": 400, "memory": 2889, "step": 400}
{"aAcc": 1.47, "mIoU": 0.53, "mAcc": 1.51, "avg_val_loss": 17.807858172913043, "data_time": 0.007502923066588654, "time": 0.08825416674559143, "step": 400}
{"lr": 0.003978874422200742, "data_time": 0.45437815189361574, "loss": 4.993698930740356, "decode.loss_ce": 0.8445933640003205, "decode.acc_seg": 64.80110931396484, "aux_0.loss_ce": 1.2419030725955964, "aux_0.acc_seg": 52.14777755737305, "aux_1.loss_ce": 1.0408660769462585, "aux_1.acc_seg": 59.776390075683594, "aux_2.loss_ce": 0.9346673011779785, "aux_2.acc_seg": 60.70438766479492, "aux_3.loss_ce": 0.9316691756248474, "aux_3.acc_seg": 58.018611907958984, "time": 1.051306676864624, "iter": 500, "memory": 2889, "step": 500}
{"aAcc": 3.75, "mIoU": 0.59, "mAcc": 3.47, "avg_val_loss": 18.04966870804279, "data_time": 0.007258634457643005, "time": 0.09268569946289062, "step": 500}
{"lr": 0.004572658891684879, "data_time": 0.6988773584365845, "loss": 4.684567070007324, "decode.loss_ce": 0.7723182320594788, "decode.acc_seg": 62.60289001464844, "aux_0.loss_ce": 1.15558460354805, "aux_0.acc_seg": 55.526390075683594, "aux_1.loss_ce": 0.97965008020401, "aux_1.acc_seg": 58.08805465698242, "aux_2.loss_ce": 0.902100819349289, "aux_2.acc_seg": 57.61249923706055, "aux_3.loss_ce": 0.8749134719371796, "aux_3.acc_seg": 56.532779693603516, "time": 1.2293070316314698, "iter": 600, "memory": 2889, "step": 600}
{"aAcc": 1.54, "mIoU": 0.63, "mAcc": 1.59, "avg_val_loss": 18.24727720289435, "data_time": 0.007657179887267365, "time": 0.09211656416969738, "step": 600}
{"lr": 0.005165373185965325, "data_time": 0.5196211814880372, "loss": 4.7734695196151735, "decode.loss_ce": 0.799358731508255, "decode.acc_seg": 76.7062759399414, "aux_0.loss_ce": 1.1697767198085784, "aux_0.acc_seg": 65.92021942138672, "aux_1.loss_ce": 0.9948499143123627, "aux_1.acc_seg": 72.73171997070312, "aux_2.loss_ce": 0.9162862837314606, "aux_2.acc_seg": 72.72911071777344, "aux_3.loss_ce": 0.8931978702545166, "aux_3.acc_seg": 72.44022369384766, "time": 1.069351029396057, "iter": 700, "memory": 2889, "step": 700}
{"aAcc": 1.86, "mIoU": 0.65, "mAcc": 1.81, "avg_val_loss": 18.469654499239592, "data_time": 0.006621629342265512, "time": 0.09075145885862153, "step": 700}
{"lr": 0.005757015754784225, "data_time": 0.2809399843215942, "loss": 4.479802536964416, "decode.loss_ce": 0.7299373626708985, "decode.acc_seg": 81.70733642578125, "aux_0.loss_ce": 1.1230288684368133, "aux_0.acc_seg": 77.54011535644531, "aux_1.loss_ce": 0.9367358326911926, "aux_1.acc_seg": 78.13766479492188, "aux_2.loss_ce": 0.8635063588619232, "aux_2.acc_seg": 77.8709487915039, "aux_3.loss_ce": 0.8265941560268402, "aux_3.acc_seg": 77.2044448852539, "time": 0.9104021072387696, "iter": 800, "memory": 2889, "step": 800}
{"aAcc": 0.68, "mIoU": 0.3, "mAcc": 0.68, "avg_val_loss": 18.60378805308314, "data_time": 0.007200337004387516, "time": 0.09202340005458086, "step": 800}
{"lr": 0.006347585334568276, "data_time": 0.1425868272781372, "loss": 4.150571799278259, "decode.loss_ce": 0.650615805387497, "decode.acc_seg": 79.69122314453125, "aux_0.loss_ce": 1.0702295005321503, "aux_0.acc_seg": 70.2038345336914, "aux_1.loss_ce": 0.8699801504611969, "aux_1.acc_seg": 73.9818344116211, "aux_2.loss_ce": 0.7951993644237518, "aux_2.acc_seg": 74.59161376953125, "aux_3.loss_ce": 0.764546924829483, "aux_3.acc_seg": 73.1802749633789, "time": 0.8695894479751587, "iter": 900, "memory": 2889, "step": 900}
{"aAcc": 5.35, "mIoU": 1.32, "mAcc": 4.82, "avg_val_loss": 18.840485489159295, "data_time": 0.007286480103416005, "time": 0.09286384472901794, "step": 900}
{"lr": 0.0069370808672639134, "data_time": 0.36564810276031495, "loss": 4.279745697975159, "decode.loss_ce": 0.6865152955055237, "decode.acc_seg": 78.83477783203125, "aux_0.loss_ce": 1.0485817432403564, "aux_0.acc_seg": 69.0606689453125, "aux_1.loss_ce": 0.9073999702930451, "aux_1.acc_seg": 69.11238861083984, "aux_2.loss_ce": 0.8305343985557556, "aux_2.acc_seg": 72.21111297607422, "aux_3.loss_ce": 0.8067142784595489, "aux_3.acc_seg": 72.29505920410156, "time": 0.8490847826004029, "iter": 1000, "memory": 2889, "step": 1000}
{"aAcc": 1.69, "mIoU": 0.58, "mAcc": 1.69, "avg_val_loss": 18.8776274727799, "data_time": 0.008058342440374967, "time": 0.09417778322066384, "step": 1000}
{"lr": 0.007525501447207789, "data_time": 0.621684980392456, "loss": 4.213395524024963, "decode.loss_ce": 0.6623130053281784, "decode.acc_seg": 79.43072509765625, "aux_0.loss_ce": 1.0390093564987182, "aux_0.acc_seg": 70.7747802734375, "aux_1.loss_ce": 0.8978762269020081, "aux_1.acc_seg": 73.10099792480469, "aux_2.loss_ce": 0.8149142920970917, "aux_2.acc_seg": 76.87899780273438, "aux_3.loss_ce": 0.7992826402187347, "aux_3.acc_seg": 75.84139251708984, "time": 1.0105661630630494, "iter": 1100, "memory": 2889, "step": 1100}
{"aAcc": 5.61, "mIoU": 1.3, "mAcc": 3.97, "avg_val_loss": 19.399711934795153, "data_time": 0.0069054378860298245, "time": 0.08990180903467639, "step": 1100}
{"lr": 0.008112846284874206, "data_time": 0.4387527942657471, "loss": 4.183729910850525, "decode.loss_ce": 0.6725874543190002, "decode.acc_seg": 75.05288696289062, "aux_0.loss_ce": 1.0545561194419861, "aux_0.acc_seg": 65.42244720458984, "aux_1.loss_ce": 0.8769502997398376, "aux_1.acc_seg": 69.7334976196289, "aux_2.loss_ce": 0.7996540367603302, "aux_2.acc_seg": 71.7757797241211, "aux_3.loss_ce": 0.7799820899963379, "aux_3.acc_seg": 70.5907211303711, "time": 0.9305038213729858, "iter": 1200,