{"lr": 0.0015930867963809803, "data_time": 0.3754002571105957, "loss": 5.382307720184326, "decode.loss_ce": 0.6036453276872635, "decode.acc_seg": 74.26677703857422, "aux_0.loss_ce": 1.7977627038955688, "aux_0.acc_seg": 60.77344512939453, "aux_1.loss_ce": 1.2803563714027404, "aux_1.acc_seg": 62.0699462890625, "aux_2.loss_ce": 0.9064083516597747, "aux_2.acc_seg": 63.18977737426758, "aux_3.loss_ce": 0.7941350281238556, "aux_3.acc_seg": 64.59333038330078, "time": 0.6758670806884766, "iter": 100, "memory": 19653, "step": 100}
{"aAcc": 68.93, "mIoU": 43.34, "mAcc": 58.18, "avg_val_loss": 5.992045197919098, "data_time": 0.017695928728857706, "time": 0.14536289558854215, "step": 100}
{"lr": 0.002191123271301943, "data_time": 0.009743356704711914, "loss": 4.459713983535766, "decode.loss_ce": 0.5806862026453018, "decode.acc_seg": 82.85566711425781, "aux_0.loss_ce": 1.2851030468940734, "aux_0.acc_seg": 59.53300094604492, "aux_1.loss_ce": 0.9909834325313568, "aux_1.acc_seg": 66.64710998535156, "aux_2.loss_ce": 0.8285084903240204, "aux_2.acc_seg": 68.96944427490234, "aux_3.loss_ce": 0.7744328200817108, "aux_3.acc_seg": 69.73139190673828, "time": 0.5778846025466919, "iter": 200, "memory": 34223, "step": 200}
{"aAcc": 57.42, "mIoU": 34.15, "mAcc": 48.62, "avg_val_loss": 5.687898140466004, "data_time": 0.008580399655747688, "time": 0.10326226278283131, "step": 200}
{"lr": 0.0027881034698292294, "data_time": 0.011530590057373048, "loss": 3.661095952987671, "decode.loss_ce": 0.46788821220397947, "decode.acc_seg": 83.1050033569336, "aux_0.loss_ce": 0.9971695363521575, "aux_0.acc_seg": 61.42189025878906, "aux_1.loss_ce": 0.8048830986022949, "aux_1.acc_seg": 68.21749877929688, "aux_2.loss_ce": 0.7144183874130249, "aux_2.acc_seg": 67.83794403076172, "aux_3.loss_ce": 0.6767366588115692, "aux_3.acc_seg": 70.13666534423828, "time": 0.6638642311096191, "iter": 300, "memory": 3352, "step": 300}
{"aAcc": 69.15, "mIoU": 43.51, "mAcc": 58.12, "avg_val_loss": 5.452035633211712, "data_time": 0.007499431741648707, "time": 0.10208799921233079, "step": 300}
{"lr": 0.0033840217450599877, "data_time": 0.08187644481658936, "loss": 3.833765435218811, "decode.loss_ce": 0.4628236800432205, "decode.acc_seg": 81.82422637939453, "aux_0.loss_ce": 1.0108572840690613, "aux_0.acc_seg": 53.52894592285156, "aux_1.loss_ce": 0.8720521748065948, "aux_1.acc_seg": 59.28605651855469, "aux_2.loss_ce": 0.7643922686576843, "aux_2.acc_seg": 60.00922393798828, "aux_3.loss_ce": 0.7236400127410889, "aux_3.acc_seg": 63.03061294555664, "time": 0.571789002418518, "iter": 400, "memory": 3352, "step": 400}
{"aAcc": 67.26, "mIoU": 43.48, "mAcc": 57.58, "avg_val_loss": 5.289371081676922, "data_time": 0.00678637932086813, "time": 0.10244563804275689, "step": 400}
{"lr": 0.003978874422200742, "data_time": 0.20739479064941407, "loss": 3.9467486143112183, "decode.loss_ce": 0.49100060760974884, "decode.acc_seg": 83.11661529541016, "aux_0.loss_ce": 1.0089829325675965, "aux_0.acc_seg": 66.25677490234375, "aux_1.loss_ce": 0.8779880166053772, "aux_1.acc_seg": 71.36394500732422, "aux_2.loss_ce": 0.8005553364753724, "aux_2.acc_seg": 71.43805694580078, "aux_3.loss_ce": 0.7682218074798584, "aux_3.acc_seg": 70.6576156616211, "time": 0.5604887962341308, "iter": 500, "memory": 3352, "step": 500}
{"aAcc": 61.59, "mIoU": 43.64, "mAcc": 59.06, "avg_val_loss": 5.141779751718393, "data_time": 0.007165262068825206, "time": 0.10280291239420573, "step": 500}
{"lr": 0.004572658891684879, "data_time": 0.28197169303894043, "loss": 3.554486703872681, "decode.loss_ce": 0.3948987811803818, "decode.acc_seg": 81.64749908447266, "aux_0.loss_ce": 0.9243581652641296, "aux_0.acc_seg": 58.91294479370117, "aux_1.loss_ce": 0.8118135452270507, "aux_1.acc_seg": 64.29138946533203, "aux_2.loss_ce": 0.7396262466907502, "aux_2.acc_seg": 64.4253921508789, "aux_3.loss_ce": 0.6837899506092071, "aux_3.acc_seg": 65.11483764648438, "time": 0.5017184972763061, "iter": 600, "memory": 3352, "step": 600}
{"aAcc": 70.12, "mIoU": 45.12, "mAcc": 59.41, "avg_val_loss": 5.08601063584317, "data_time": 0.005828769727684985, "time": 0.09966548009850514, "step": 600}
{"lr": 0.005165373185965325, "data_time": 0.32746238708496095, "loss": 3.489977979660034, "decode.loss_ce": 0.40375822186470034, "decode.acc_seg": 86.60517120361328, "aux_0.loss_ce": 0.9447574436664581, "aux_0.acc_seg": 67.74177551269531, "aux_1.loss_ce": 0.7788280308246612, "aux_1.acc_seg": 75.10588836669922, "aux_2.loss_ce": 0.6993589878082276, "aux_2.acc_seg": 75.27161407470703, "aux_3.loss_ce": 0.6632753312587738, "aux_3.acc_seg": 77.5888900756836, "time": 0.5512833833694458, "iter": 700, "memory": 3352, "step": 700}
{"aAcc": 60.87, "mIoU": 36.82, "mAcc": 51.57, "avg_val_loss": 5.125010843626041, "data_time": 0.00636733811477135, "time": 0.10224453608194987, "step": 700}
{"lr": 0.005757015754784225, "data_time": 0.014001607894897461, "loss": 3.510722517967224, "decode.loss_ce": 0.3976559713482857, "decode.acc_seg": 82.55561065673828, "aux_0.loss_ce": 0.9216679811477662, "aux_0.acc_seg": 66.79238891601562, "aux_1.loss_ce": 0.7761449158191681, "aux_1.acc_seg": 70.30310821533203, "aux_2.loss_ce": 0.7176561713218689, "aux_2.acc_seg": 72.3368911743164, "aux_3.loss_ce": 0.6975975215435029, "aux_3.acc_seg": 70.16789245605469, "time": 0.5977130651473999, "iter": 800, "memory": 3352, "step": 800}
{"aAcc": 53.81, "mIoU": 35.86, "mAcc": 50.14, "avg_val_loss": 5.087191725454745, "data_time": 0.007050719754449253, "time": 0.10363033996231255, "step": 800}
{"lr": 0.006347585334568276, "data_time": 0.05762195587158203, "loss": 3.074892997741699, "decode.loss_ce": 0.3478137642145157, "decode.acc_seg": 87.5070571899414, "aux_0.loss_ce": 0.8357183575630188, "aux_0.acc_seg": 74.900390625, "aux_1.loss_ce": 0.692826771736145, "aux_1.acc_seg": 78.54155731201172, "aux_2.loss_ce": 0.6232306659221649, "aux_2.acc_seg": 78.10055541992188, "aux_3.loss_ce": 0.5753034681081772, "aux_3.acc_seg": 79.23261260986328, "time": 0.6428640127182007, "iter": 900, "memory": 3352, "step": 900}
{"aAcc": 70.94, "mIoU": 45.67, "mAcc": 60.08, "avg_val_loss": 5.077967273682607, "data_time": 0.007176577359780498, "time": 0.10062492304834826, "step": 900}
{"lr": 0.0069370808672639134, "data_time": 0.25801892280578614, "loss": 3.430407738685608, "decode.loss_ce": 0.36919959634542465, "decode.acc_seg": 87.15111541748047, "aux_0.loss_ce": 0.9255679726600647, "aux_0.acc_seg": 55.454891204833984, "aux_1.loss_ce": 0.7936233282089233, "aux_1.acc_seg": 62.0351676940918, "aux_2.loss_ce": 0.695416909456253, "aux_2.acc_seg": 61.39144515991211, "aux_3.loss_ce": 0.6465998411178588, "aux_3.acc_seg": 69.31744384765625, "time": 0.48276686668395996, "iter": 1000, "memory": 3352, "step": 1000}
{"aAcc": 65.85, "mIoU": 46.02, "mAcc": 61.43, "avg_val_loss": 5.008676440904887, "data_time": 0.007158030038592459, "time": 0.10207534384453433, "step": 1000}
{"lr": 0.007525501447207789, "data_time": 0.13144316673278808, "loss": 3.535805320739746, "decode.loss_ce": 0.4210817366838455, "decode.acc_seg": 85.48616790771484, "aux_0.loss_ce": 0.9224834203720093, "aux_0.acc_seg": 61.46839141845703, "aux_1.loss_ce": 0.7959637522697449, "aux_1.acc_seg": 66.1223373413086, "aux_2.loss_ce": 0.7093271434307098, "aux_2.acc_seg": 69.96683502197266, "aux_3.loss_ce": 0.6869492590427398, "aux_3.acc_seg": 71.45594787597656, "time": 0.6401873350143432, "iter": 1100, "memory": 3352, "step": 1100}
{"aAcc": 68.84, "mIoU": 43.84, "mAcc": 58.18, "avg_val_loss": 4.927562624333721, "data_time": 0.007112179679432134, "time": 0.10097219204080515, "step": 1100}
{"lr": 0.008112846284874206, "data_time": 0.33258605003356934, "loss": 3.3360527992248534, "decode.loss_ce": 0.3659883439540863, "decode.acc_seg": 78.9737777709961, "aux_0.loss_ce": 0.886836576461792, "aux_0.acc_seg": 56.30649948120117, "aux_1.loss_ce": 0.7513226985931396, "aux_1.acc_seg": 60.13511276245117, "aux_2.loss_ce": 0.6841614544391632, "aux_2.acc_seg": 63.072723388671875, "aux_3.loss_ce": 0.6477437615394592, "aux_3.acc_seg": 67.2945556640625,