{"lr": 0.0015943962641761188, "data_time": 0.3592492341995239, "loss": 2.5837536573410036, "decode.loss_seg": 0.39554877281188966, "aux_0.loss_seg": 0.6552112579345704, "aux_1.loss_seg": 0.5204829335212707, "aux_2.loss_seg": 0.5327583938837052, "aux_3.loss_seg": 0.47975231111049654, "time": 0.5193702220916748, "iter": 100, "memory": 19977, "step": 100}
{"aAcc": 47.61, "mIoU": 32.14, "mAcc": 52.31, "avg_val_loss": 0.0, "data_time": 0.013794896214507347, "time": 0.1095307843629704, "step": 100}
