{"lr": 0.0050220502205022026, "data_time": 0.07572400569915771, "loss": 8.975430917739867, "decode.loss_ce": 1.5465806424617767, "decode.acc_seg": 77.07888793945312, "aux_0.loss_ce": 2.2712942719459535, "aux_0.acc_seg": 49.944000244140625, "aux_1.loss_ce": 1.863662886619568, "aux_1.acc_seg": 56.18199920654297, "aux_2.loss_ce": 1.6479239106178283, "aux_2.acc_seg": 59.297332763671875, "aux_3.loss_ce": 1.6459692001342774, "aux_3.acc_seg": 54.1879997253418, "time": 0.16924607753753662, "iter": 50, "memory": 17408, "step": 50}
