{"lr": 0.0015943962641761188, "data_time": 0.17914073467254638, "loss": 4.726535153388977, "decode.loss_ce": 0.6493892431259155, "decode.acc_seg": 68.73944854736328, "aux_0.loss_ce": 1.8113900542259216, "aux_0.acc_seg": 61.32400131225586, "aux_1.loss_ce": 0.9676871716976165, "aux_1.acc_seg": 61.76994323730469, "aux_2.loss_ce": 0.6860741019248963, "aux_2.acc_seg": 67.6592788696289, "aux_3.loss_ce": 0.6119946062564849, "aux_3.acc_seg": 69.8199462890625, "time": 0.6060165882110595, "iter": 100, "memory": 19644, "step": 100}
{"aAcc": 73.78, "mIoU": 55.12, "mAcc": 69.35, "avg_val_loss": 4.658052048313688, "data_time": 0.04243526902309684, "time": 0.16283501303473183, "step": 100}
{"lr": 0.002194796531020685, "data_time": 0.08333754539489746, "loss": 3.6368207931518555, "decode.loss_ce": 0.5897026002407074, "decode.acc_seg": 76.20211029052734, "aux_0.loss_ce": 1.0591354072093964, "aux_0.acc_seg": 77.75716400146484, "aux_1.loss_ce": 0.7492325723171234, "aux_1.acc_seg": 81.68516540527344, "aux_2.loss_ce": 0.6257839918136596, "aux_2.acc_seg": 79.78255462646484, "aux_3.loss_ce": 0.6129661917686462, "aux_3.acc_seg": 78.18144226074219, "time": 0.7726728439331054, "iter": 200, "memory": 34204, "step": 200}
{"aAcc": 62.55, "mIoU": 47.56, "mAcc": 63.89, "avg_val_loss": 4.522196960945925, "data_time": 0.0072426467106260104, "time": 0.1024340925545528, "step": 200}
{"lr": 0.0027951967978652476, "data_time": 0.353039026260376, "loss": 3.388702392578125, "decode.loss_ce": 0.5738696038722992, "decode.acc_seg": 82.7211685180664, "aux_0.loss_ce": 0.8888935029506684, "aux_0.acc_seg": 62.86033248901367, "aux_1.loss_ce": 0.7128889322280884, "aux_1.acc_seg": 72.57955932617188, "aux_2.loss_ce": 0.6235934615135192, "aux_2.acc_seg": 79.12916564941406, "aux_3.loss_ce": 0.5894568264484406, "aux_3.acc_seg": 82.12361145019531, "time": 0.5752077579498291, "iter": 300, "memory": 3335, "step": 300}
{"aAcc": 59.0, "mIoU": 36.99, "mAcc": 53.62, "avg_val_loss": 4.254251422908804, "data_time": 0.007454937901990167, "time": 0.10257741774635754, "step": 300}
{"lr": 0.0033955970647098093, "data_time": 0.2660019636154175, "loss": 3.075660967826843, "decode.loss_ce": 0.4982189178466797, "decode.acc_seg": 77.43372344970703, "aux_0.loss_ce": 0.7896351516246796, "aux_0.acc_seg": 65.48938751220703, "aux_1.loss_ce": 0.6562248438596725, "aux_1.acc_seg": 73.81116485595703, "aux_2.loss_ce": 0.5858266621828079, "aux_2.acc_seg": 76.70772552490234, "aux_3.loss_ce": 0.5457553863525391, "aux_3.acc_seg": 78.5979995727539, "time": 0.5144995927810669, "iter": 400, "memory": 3335, "step": 400}
{"aAcc": 74.4, "mIoU": 58.72, "mAcc": 73.1, "avg_val_loss": 4.027003618469189, "data_time": 0.007887527860444167, "time": 0.10342897217849205, "step": 400}
{"lr": 0.003995997331554373, "data_time": 0.008569812774658203, "loss": 3.0835959911346436, "decode.loss_ce": 0.5172726571559906, "decode.acc_seg": 75.64077758789062, "aux_0.loss_ce": 0.7586613535881043, "aux_0.acc_seg": 64.97783660888672, "aux_1.loss_ce": 0.6531336635351181, "aux_1.acc_seg": 69.32949829101562, "aux_2.loss_ce": 0.5862297922372818, "aux_2.acc_seg": 73.07044219970703, "aux_3.loss_ce": 0.5682985782623291, "aux_3.acc_seg": 75.3153305053711, "time": 0.5489595651626586, "iter": 500, "memory": 3335, "step": 500}
{"aAcc": 64.94, "mIoU": 46.98, "mAcc": 62.79, "avg_val_loss": 4.101047453458547, "data_time": 0.0069764153710727035, "time": 0.1032227976568814, "step": 500}
{"lr": 0.0045963975983989375, "data_time": 0.09081020355224609, "loss": 3.248932933807373, "decode.loss_ce": 0.5484837263822555, "decode.acc_seg": 69.87516784667969, "aux_0.loss_ce": 0.7931628942489624, "aux_0.acc_seg": 59.99472427368164, "aux_1.loss_ce": 0.6930387794971467, "aux_1.acc_seg": 64.56011199951172, "aux_2.loss_ce": 0.6260554373264313, "aux_2.acc_seg": 67.81977844238281, "aux_3.loss_ce": 0.5881921023130416, "aux_3.acc_seg": 69.75883483886719, "time": 0.6560829877853394, "iter": 600, "memory": 3335, "step": 600}
{"aAcc": 76.3, "mIoU": 57.53, "mAcc": 70.47, "avg_val_loss": 3.981735962524749, "data_time": 0.007531231847302667, "time": 0.10218042066727562, "step": 600}
{"lr": 0.005196797865243495, "data_time": 0.3238816261291504, "loss": 3.0325138568878174, "decode.loss_ce": 0.45806089639663694, "decode.acc_seg": 79.62805938720703, "aux_0.loss_ce": 0.7356185376644134, "aux_0.acc_seg": 71.14522552490234, "aux_1.loss_ce": 0.6575767159461975, "aux_1.acc_seg": 72.20694732666016, "aux_2.loss_ce": 0.6008587270975113, "aux_2.acc_seg": 73.67994689941406, "aux_3.loss_ce": 0.5803990185260772, "aux_3.acc_seg": 75.03878021240234, "time": 0.5455841779708862, "iter": 700, "memory": 3335, "step": 700}
{"aAcc": 62.91, "mIoU": 45.59, "mAcc": 62.47, "avg_val_loss": 3.9493943472753097, "data_time": 0.0068290699487445, "time": 0.10170979335390289, "step": 700}
{"lr": 0.005797198132088056, "data_time": 0.4577610731124878, "loss": 2.9924660682678224, "decode.loss_ce": 0.478317454457283, "decode.acc_seg": 77.36161041259766, "aux_0.loss_ce": 0.7351340651512146, "aux_0.acc_seg": 73.18616485595703, "aux_1.loss_ce": 0.6262714326381683, "aux_1.acc_seg": 75.79483795166016, "aux_2.loss_ce": 0.5730071634054184, "aux_2.acc_seg": 76.2026138305664, "aux_3.loss_ce": 0.5797358900308609, "aux_3.acc_seg": 74.29705810546875, "time": 0.679990267753601, "iter": 800, "memory": 3335, "step": 800}
{"aAcc": 54.41, "mIoU": 37.0, "mAcc": 56.24, "avg_val_loss": 3.9717963233219775, "data_time": 0.007815909111636809, "time": 0.10331582200938258, "step": 800}
{"lr": 0.006397598398932616, "data_time": 0.3637066125869751, "loss": 2.8542095184326173, "decode.loss_ce": 0.4321416735649109, "decode.acc_seg": 81.44628143310547, "aux_0.loss_ce": 0.7037630558013916, "aux_0.acc_seg": 72.73222351074219, "aux_1.loss_ce": 0.6018919348716736, "aux_1.acc_seg": 74.60905456542969, "aux_2.loss_ce": 0.5676706969738007, "aux_2.acc_seg": 75.13916778564453, "aux_3.loss_ce": 0.5487421244382858, "aux_3.acc_seg": 81.44261169433594, "time": 0.5826758623123169, "iter": 900, "memory": 3335, "step": 900}
{"aAcc": 41.46, "mIoU": 26.48, "mAcc": 47.03, "avg_val_loss": 4.041452480154505, "data_time": 0.007047803922631274, "time": 0.1028768139323969, "step": 900}
{"lr": 0.0069979986657771765, "data_time": 0.38011186122894286, "loss": 3.0024685621261598, "decode.loss_ce": 0.43989609479904174, "decode.acc_seg": 86.43167114257812, "aux_0.loss_ce": 0.7686330616474152, "aux_0.acc_seg": 68.58300018310547, "aux_1.loss_ce": 0.639205151796341, "aux_1.acc_seg": 77.68367004394531, "aux_2.loss_ce": 0.5747751623392106, "aux_2.acc_seg": 78.82344818115234, "aux_3.loss_ce": 0.5799591213464736, "aux_3.acc_seg": 79.9038314819336, "time": 0.5984931230545044, "iter": 1000, "memory": 3335, "step": 1000}
{"aAcc": 76.19, "mIoU": 59.29, "mAcc": 72.68, "avg_val_loss": 3.9985877525039584, "data_time": 0.006672730391052948, "time": 0.10234344416651232, "step": 1000}
{"lr": 0.0075983989326217465, "data_time": 0.12477226257324218, "loss": 2.872547721862793, "decode.loss_ce": 0.4269264042377472, "decode.acc_seg": 83.79650115966797, "aux_0.loss_ce": 0.7064328849315643, "aux_0.acc_seg": 74.0270004272461, "aux_1.loss_ce": 0.6199115991592408, "aux_1.acc_seg": 76.22111511230469, "aux_2.loss_ce": 0.5612006336450577, "aux_2.acc_seg": 77.78144836425781, "aux_3.loss_ce": 0.5580761343240738, "aux_3.acc_seg": 78.85377502441406, "time": 0.5771360158920288, "iter": 1100, "memory": 3335, "step": 1100}
{"aAcc": 80.27, "mIoU": 64.1, "mAcc": 76.37, "avg_val_loss": 3.930936550322855, "data_time": 0.007815139047030744, "time": 0.10169301087828889, "step": 1100}
{"lr": 0.008198799199466306, "data_time": 0.29001545906066895, "loss": 2.611280822753906, "decode.loss_ce": 0.3483564108610153, "decode.acc_seg": 79.0146713256836, "aux_0.loss_ce": 0.6629465043544769, "aux_0.acc_seg": 67.4878921508789, "aux_1.loss_ce": 0.5772349238395691, "aux_1.acc_seg": 71.98049926757812, "aux_2.loss_ce": 0.526919037103653, "aux_2.acc_seg": 74.55522155761719, "aux_3.loss_ce": 0.49582389295101165, "aux_3.acc_seg": 75.87928009033203,