{"lr": 0.00500735002450008, "data_time": 0.10536439418792724, "loss": 9.787752676010133, "decode.loss_ce": 1.7927346348762512, "decode.acc_seg": 27.577556610107422, "aux_0.loss_ce": 2.34424569606781, "aux_0.acc_seg": 27.487333297729492, "aux_1.loss_ce": 1.9748017549514771, "aux_1.acc_seg": 38.104000091552734, "aux_2.loss_ce": 1.8368266224861145, "aux_2.acc_seg": 34.02955627441406, "aux_3.loss_ce": 1.8391438007354737, "aux_3.acc_seg": 33.580223083496094, "time": 0.18525276184082032, "iter": 50, "memory": 17408, "step": 50}
