{"lr": 0.0015943962641761188, "data_time": 0.4712133646011353, "loss": 4.093113398551941, "decode.loss_ce": 0.671062582731247, "decode.acc_seg": 69.46505737304688, "aux_0.loss_ce": 1.455000901222229, "aux_0.acc_seg": 78.19683074951172, "aux_1.loss_ce": 0.8029551386833191, "aux_1.acc_seg": 81.85199737548828, "aux_2.loss_ce": 0.590995067358017, "aux_2.acc_seg": 80.01216888427734, "aux_3.loss_ce": 0.5730997145175933, "aux_3.acc_seg": 75.94606018066406, "time": 0.6872766494750977, "iter": 100, "memory": 19652, "step": 100}
