{"lr": 0.0015943962641761188, "data_time": 0.09205391407012939, "loss": 2.67356538772583, "decode.loss_seg": 1.4079447627067565, "aux_0.loss_seg": 0.7121303677558899, "aux_1.loss_seg": 0.5534901916980743, "time": 0.8337118625640869, "iter": 100, "memory": 35665, "step": 100}
{"aAcc": 47.38, "mIoU": 24.7, "mAcc": 43.79, "avg_val_loss": 0.0, "data_time": 0.024287376292916232, "time": 0.06530773085217144, "step": 100}
{"lr": 0.002194796531020685, "data_time": 0.6581287145614624, "loss": 1.893412470817566, "decode.loss_seg": 0.9880866050720215, "aux_0.loss_seg": 0.5135060638189316, "aux_1.loss_seg": 0.39181981384754183, "time": 0.7597409248352051, "iter": 200, "memory": 16977, "step": 200}
{"aAcc": 63.17, "mIoU": 45.21, "mAcc": 62.33, "avg_val_loss": 0.0, "data_time": 0.037897838943306054, "time": 0.06416214197531514, "step": 200}
{"lr": 0.0027951967978652476, "data_time": 0.11453940868377685, "loss": 1.7593672156333924, "decode.loss_seg": 0.930043488740921, "aux_0.loss_seg": 0.46956951916217804, "aux_1.loss_seg": 0.35975420027971267, "time": 0.7464664459228516, "iter": 300, "memory": 2080, "step": 300}
{"aAcc": 69.49, "mIoU": 51.56, "mAcc": 67.14, "avg_val_loss": 0.0, "data_time": 0.0364042863078501, "time": 0.06265572843880489, "step": 300}
{"lr": 0.0033955970647098093, "data_time": 0.7123341798782349, "loss": 1.6948087215423584, "decode.loss_seg": 0.9028817653656006, "aux_0.loss_seg": 0.4490176796913147, "aux_1.loss_seg": 0.34290929734706876, "time": 0.8197880506515502, "iter": 400, "memory": 2079, "step": 400}
{"aAcc": 64.73, "mIoU": 46.45, "mAcc": 63.74, "avg_val_loss": 0.0, "data_time": 0.029819321358340912, "time": 0.056322623943460395, "step": 400}
{"lr": 0.003995997331554373, "data_time": 0.5602926731109619, "loss": 1.6673965394496917, "decode.loss_seg": 0.8741869240999222, "aux_0.loss_seg": 0.4450880020856857, "aux_1.loss_seg": 0.3481216117739677, "time": 0.6584176778793335, "iter": 500, "memory": 2079, "step": 500}
{"aAcc": 57.74, "mIoU": 40.75, "mAcc": 58.83, "avg_val_loss": 0.0, "data_time": 0.03613888532265849, "time": 0.06241190570524369, "step": 500}
{"lr": 0.0045963975983989375, "data_time": 0.4141807556152344, "loss": 1.5095890522003175, "decode.loss_seg": 0.7805406510829925, "aux_0.loss_seg": 0.4180673062801361, "aux_1.loss_seg": 0.3109811022877693, "time": 0.6376806020736694, "iter": 600, "memory": 2079, "step": 600}
{"aAcc": 69.58, "mIoU": 51.69, "mAcc": 67.72, "avg_val_loss": 0.0, "data_time": 0.04185053945957929, "time": 0.06823306248105805, "step": 600}
{"lr": 0.005196797865243495, "data_time": 0.4790360927581787, "loss": 1.2104267120361327, "decode.loss_seg": 0.624919793009758, "aux_0.loss_seg": 0.3434885382652283, "aux_1.loss_seg": 0.24201837182044983, "time": 0.5730377674102783, "iter": 700, "memory": 2080, "step": 700}
{"aAcc": 74.96, "mIoU": 56.37, "mAcc": 70.65, "avg_val_loss": 0.0, "data_time": 0.039082472351775775, "time": 0.0656740665435791, "step": 700}
{"lr": 0.005797198132088056, "data_time": 0.4661928415298462, "loss": 1.1406438767910003, "decode.loss_seg": 0.5665966838598251, "aux_0.loss_seg": 0.34451569318771363, "aux_1.loss_seg": 0.22953150868415834, "time": 0.5778450250625611, "iter": 800, "memory": 2080, "step": 800}
{"aAcc": 71.93, "mIoU": 54.4, "mAcc": 69.77, "avg_val_loss": 0.0, "data_time": 0.045067014365360654, "time": 0.07139611518246004, "step": 800}
{"lr": 0.006397598398932616, "data_time": 0.5342034578323365, "loss": 1.1254791617393494, "decode.loss_seg": 0.5875802725553513, "aux_0.loss_seg": 0.316851544380188, "aux_1.loss_seg": 0.22104733139276506, "time": 0.7580803394317627, "iter": 900, "memory": 2080, "step": 900}
{"aAcc": 71.23, "mIoU": 52.89, "mAcc": 68.14, "avg_val_loss": 0.0, "data_time": 0.038992848889581086, "time": 0.06536169709830449, "step": 900}
{"lr": 0.0069979986657771765, "data_time": 0.07178618907928466, "loss": 1.06090304851532, "decode.loss_seg": 0.5613519132137299, "aux_0.loss_seg": 0.29170449525117875, "aux_1.loss_seg": 0.2078466609120369, "time": 0.5367731094360352, "iter": 1000, "memory": 2080, "step": 1000}
{"aAcc": 56.24, "mIoU": 35.65, "mAcc": 54.26, "avg_val_loss": 0.0, "data_time": 0.038239402332525145, "time": 0.06456634368019543, "step": 1000}
{"lr": 0.0075983989326217465, "data_time": 0.00979912281036377, "loss": 1.1273060202598573, "decode.loss_seg": 0.5950460404157638, "aux_0.loss_seg": 0.3082860723137856, "aux_1.loss_seg": 0.22397391647100448, "time": 0.5827670812606811, "iter": 1100, "memory": 2080, "step": 1100}
{"aAcc": 74.45, "mIoU": 56.83, "mAcc": 71.26, "avg_val_loss": 0.0, "data_time": 0.03073619700026238, "time": 0.05710660726174541, "step": 1100}
{"lr": 0.008198799199466306, "data_time": 0.39089384078979494, "loss": 1.0621977746486664, "decode.loss_seg": 0.5765967071056366, "aux_0.loss_seg": 0.27830272167921066, "aux_1.loss_seg": 0.2072983518242836, "time": 0.5531535387039185, "iter": 1200, "memory": 2079, "step": 1200}
{"aAcc": 67.43, "mIoU": 49.58, "mAcc": 65.87, "avg_val_loss": 0.0, "data_time": 0.03942380006285919, "time": 0.06587428608159909, "step": 1200}
{"lr": 0.008799199466310867, "data_time": 0.5022955179214478, "loss": 1.182543396949768, "decode.loss_seg": 0.6150332123041153, "aux_0.loss_seg": 0.32801424115896227, "aux_1.loss_seg": 0.2394959419965744, "time": 0.599922513961792, "iter": 1300, "memory": 2080, "step": 1300}
{"aAcc": 66.73, "mIoU": 47.9, "mAcc": 64.22, "avg_val_loss": 0.0, "data_time": 0.03967925323837105, "time": 0.0660876570076778, "step": 1300}
{"lr": 0.009399599733155411, "data_time": 0.4379362344741821, "loss": 1.23873530626297, "decode.loss_seg": 0.6506290256977081, "aux_0.loss_seg": 0.3445074915885925, "aux_1.loss_seg": 0.2435987889766693, "time": 0.5330765008926391, "iter": 1400, "memory": 2079, "step": 1400}
{"aAcc": 76.11, "mIoU": 57.86, "mAcc": 71.67, "avg_val_loss": 0.0, "data_time": 0.04161897472951604, "time": 0.06792666172159129, "step": 1400}
{"lr": 0.009999999999999966, "data_time": 0.4603902578353882, "loss": 1.1993723154067992, "decode.loss_seg": 0.6094601631164551, "aux_0.loss_seg": 0.3412441298365593, "aux_1.loss_seg": 0.24866803735494614, "time": 0.5926131010055542, "iter": 1500, "memory": 2079, "step": 1500}
{"aAcc": 72.25, "mIoU": 54.19, "mAcc": 68.95, "avg_val_loss": 0.0, "data_time": 0.04711954621062882, "time": 0.07355245228471427, "step": 1500}
{"lr": 0.009884680550653002, "data_time": 0.4800768613815308, "loss": 0.964970451593399, "decode.loss_seg": 0.4985669285058975, "aux_0.loss_seg": 0.28077752739191053, "aux_1.loss_seg": 0.18562599271535873, "time": 0.6332629680633545, "iter": 1600, "memory": 2080, "step": 1600}
{"aAcc": 70.04, "mIoU": 52.42, "mAcc": 68.03, "avg_val_loss": 0.0, "data_time": 0.04127947215376229, "time": 0.06769911996249495, "step": 1600}
{"lr": 0.009768196258383342, "data_time": 0.16808571815490722, "loss": 0.9185843348503113, "decode.loss_seg": 0.4697119861841202, "aux_0.loss_seg": 0.26930282115936277, "aux_1.loss_seg": 0.17956951931118964, "time": 0.6148285388946533, "iter": 1700, "memory": 2079, "step": 1700}
{"aAcc": 77.99, "mIoU": 58.17, "mAcc": 70.91, "avg_val_loss": 0.0, "data_time": 0.04023588936904381, "time": 0.06667311164154403, "step": 1700}
{"lr": 0.009651711966113682, "data_time": 0.12122015953063965, "loss": 0.9095958828926086, "decode.loss_seg": 0.5055644243955613, "aux_0.loss_seg": 0.22947145402431487, "aux_1.loss_seg": 0.1745600000023842, "time": 0.698478364944458, "iter": 1800, "memory": 2079, "step": 1800}
{"aAcc": 73.92, "mIoU": 56.03, "mAcc": 70.38, "avg_val_loss": 0.0, "data_time": 0.0405521200991225, "time": 0.06690495041595108, "step": 1800}
{"lr": 0.009535227673844023, "data_time": 0.47689499855041506, "loss": 1.0996094465255737, "decode.loss_seg": 0.5543193429708481, "aux_0.loss_seg": 0.3261918187141418, "aux_1.loss_seg": 0.21909827440977098, "time": 0.5703655242919922, "iter": 1900, "memory": 2080, "step": 1900}
{"aAcc": 75.12, "mIoU": 57.38, "mAcc": 71.08, "avg_val_loss": 0.0, "data_time": 0.04671656948396529, "time": 0.07303073762477129,