{"lr": 0.005496825147513394, "data_time": 0.5146188974380493, "loss": 4.781623005867004, "decode.loss_ce": 0.7973283231258392, "decode.acc_seg": 69.3481674194336, "aux_0.loss_ce": 1.1881736099720002, "aux_0.acc_seg": 61.406890869140625, "aux_1.loss_ce": 1.01786670088768, "aux_1.acc_seg": 60.710113525390625, "aux_2.loss_ce": 0.9120866119861603, "aux_2.acc_seg": 64.44933319091797, "aux_3.loss_ce": 0.8661677777767182, "aux_3.acc_seg": 64.77122497558594, "time": 1.1133004426956177, "iter": 756, "memory": 19198, "step": 756}
{"lr": 0.009106373674004149, "data_time": 0.00823962688446045, "loss": 2.7705767869949343, "decode.loss_ce": 0.39911359548568726, "decode.acc_seg": 85.4834976196289, "aux_0.loss_ce": 0.7874176144599915, "aux_0.acc_seg": 65.83161163330078, "aux_1.loss_ce": 0.5725019007921219, "aux_1.acc_seg": 75.39844512939453, "aux_2.loss_ce": 0.507259663939476, "aux_2.acc_seg": 77.89483642578125, "aux_3.loss_ce": 0.5042840778827667, "aux_3.acc_seg": 79.79755401611328, "time": 1.2138949155807495, "iter": 10000, "memory": 2889, "step": 10000}
{"aAcc": 61.29, "mIoU": 25.89, "mAcc": 38.16, "avg_val_loss": 8.5581657121056, "data_time": 0.018234488838597348, "time": 0.3661437486347399, "step": 10000}
{"lr": 0.008200516139713258, "data_time": 0.7079277515411377, "loss": 2.5190293073654173, "decode.loss_ce": 0.35413706600666045, "decode.acc_seg": 87.94422149658203, "aux_0.loss_ce": 0.7255245566368103, "aux_0.acc_seg": 73.3405532836914, "aux_1.loss_ce": 0.5023957312107086, "aux_1.acc_seg": 82.12300109863281, "aux_2.loss_ce": 0.46368078887462616, "aux_2.acc_seg": 82.06716918945312, "aux_3.loss_ce": 0.4732912003993988, "aux_3.acc_seg": 82.10649871826172, "time": 0.9092268943786621, "iter": 20000, "memory": 10746, "step": 20000}
{"aAcc": 64.7, "mIoU": 27.23, "mAcc": 37.34, "avg_val_loss": 8.454803402094464, "data_time": 0.014137710134188334, "time": 0.36217356224854785, "step": 20000}
{"lr": 0.007283232762750171, "data_time": 0.007817387580871582, "loss": 2.3534260988235474, "decode.loss_ce": 0.34793487191200256, "decode.acc_seg": 86.41716766357422, "aux_0.loss_ce": 0.6621956646442413, "aux_0.acc_seg": 78.79716491699219, "aux_1.loss_ce": 0.462392196059227, "aux_1.acc_seg": 83.77044677734375, "aux_2.loss_ce": 0.43213286697864534, "aux_2.acc_seg": 83.982666015625, "aux_3.loss_ce": 0.4487705022096634, "aux_3.acc_seg": 83.0949478149414, "time": 1.2337697267532348, "iter": 30000, "memory": 2889, "step": 30000}
{"aAcc": 65.76, "mIoU": 28.42, "mAcc": 38.21, "avg_val_loss": 8.87754745368372, "data_time": 0.012816160917282104, "time": 0.3627665440241496, "step": 30000}
{"lr": 0.006352703407289149, "data_time": 0.008171987533569337, "loss": 2.5335233926773073, "decode.loss_ce": 0.3604814738035202, "decode.acc_seg": 86.49617004394531, "aux_0.loss_ce": 0.7030197590589523, "aux_0.acc_seg": 79.8580551147461, "aux_1.loss_ce": 0.5171221017837524, "aux_1.acc_seg": 81.87828063964844, "aux_2.loss_ce": 0.4737331628799438, "aux_2.acc_seg": 82.69705963134766, "aux_3.loss_ce": 0.47916691899299624, "aux_3.acc_seg": 81.50228118896484, "time": 0.9107640981674194, "iter": 40000, "memory": 2889, "step": 40000}
{"aAcc": 62.31, "mIoU": 26.5, "mAcc": 38.05, "avg_val_loss": 9.004591230577544, "data_time": 0.013726818064848581, "time": 0.36449133853117627, "step": 40000}
{"lr": 0.0054064577076796795, "data_time": 0.010147905349731446, "loss": 2.2304170727729797, "decode.loss_ce": 0.3115687370300293, "decode.acc_seg": 85.48527526855469, "aux_0.loss_ce": 0.6604644775390625, "aux_0.acc_seg": 73.3022232055664, "aux_1.loss_ce": 0.4334345102310181, "aux_1.acc_seg": 82.65772247314453, "aux_2.loss_ce": 0.40347358882427214, "aux_2.acc_seg": 82.14116668701172, "aux_3.loss_ce": 0.4214757472276688, "aux_3.acc_seg": 80.29966735839844, "time": 1.2713360786437988, "iter": 50000, "memory": 2889, "step": 50000}
{"aAcc": 61.0, "mIoU": 23.89, "mAcc": 35.53, "avg_val_loss": 8.8966469457275, "data_time": 0.011155687272548676, "time": 0.3589184259374936, "step": 50000}
{"lr": 0.004440959115695473, "data_time": 0.6692312955856323, "loss": 2.0353342056274415, "decode.loss_ce": 0.2819978788495064, "decode.acc_seg": 89.4985580444336, "aux_0.loss_ce": 0.5901258289813995, "aux_0.acc_seg": 80.2867202758789, "aux_1.loss_ce": 0.39801088273525237, "aux_1.acc_seg": 86.09972381591797, "aux_2.loss_ce": 0.3721058964729309, "aux_2.acc_seg": 85.00244903564453, "aux_3.loss_ce": 0.39309369325637816, "aux_3.acc_seg": 83.09388732910156, "time": 0.8720309734344482, "iter": 60000, "memory": 2889, "step": 60000}
{"aAcc": 65.78, "mIoU": 28.02, "mAcc": 38.1, "avg_val_loss": 8.883020850440912, "data_time": 0.01319316029548645, "time": 0.3632828816771507, "step": 60000}
{"lr": 0.0034507407905215665, "data_time": 0.009387493133544922, "loss": 2.3142144203186037, "decode.loss_ce": 0.3189425766468048, "decode.acc_seg": 89.34000396728516, "aux_0.loss_ce": 0.6804299861192703, "aux_0.acc_seg": 79.37405395507812, "aux_1.loss_ce": 0.4556591182947159, "aux_1.acc_seg": 86.04900360107422, "aux_2.loss_ce": 0.4213426232337952, "aux_2.acc_seg": 86.91889190673828, "aux_3.loss_ce": 0.4378401517868042, "aux_3.acc_seg": 86.52366638183594, "time": 0.9226845026016235, "iter": 70000, "memory": 2889, "step": 70000}
{"aAcc": 64.86, "mIoU": 28.35, "mAcc": 38.7, "avg_val_loss": 8.916211015030855, "data_time": 0.013478830456733704, "time": 0.3655334413051605, "step": 70000}
{"lr": 0.002426262391078836, "data_time": 0.4324758052825928, "loss": 2.2322641134262087, "decode.loss_ce": 0.29957703351974485, "decode.acc_seg": 90.15861511230469, "aux_0.loss_ce": 0.6739362597465515, "aux_0.acc_seg": 80.072998046875, "aux_1.loss_ce": 0.4483014076948166, "aux_1.acc_seg": 87.02305603027344, "aux_2.loss_ce": 0.4000389873981476, "aux_2.acc_seg": 87.58483123779297, "aux_3.loss_ce": 0.4104104518890381, "aux_3.acc_seg": 85.61360931396484, "time": 1.0329902172088623, "iter": 80000, "memory": 2889, "step": 80000}
{"aAcc": 66.39, "mIoU": 29.65, "mAcc": 40.69, "avg_val_loss": 8.903724391229058, "data_time": 0.012407585978507996, "time": 0.3609253590305646, "step": 80000}
{"lr": 0.0013466131488271919, "data_time": 0.6134603261947632, "loss": 2.347419536113739, "decode.loss_ce": 0.3283813908696175, "decode.acc_seg": 91.43189239501953, "aux_0.loss_ce": 0.6902511507272721, "aux_0.acc_seg": 85.06317138671875, "aux_1.loss_ce": 0.46274770200252535, "aux_1.acc_seg": 89.30194854736328, "aux_2.loss_ce": 0.4274604648351669, "aux_2.acc_seg": 88.686279296875, "aux_3.loss_ce": 0.43857880532741544, "aux_3.acc_seg": 87.93677520751953, "time": 1.1531497716903687, "iter": 90000, "memory": 2889, "step": 90000}
{"aAcc": 66.64, "mIoU": 31.01, "mAcc": 40.39, "avg_val_loss": 8.937658756483367, "data_time": 0.013552166521549225, "time": 0.3633880813916524, "step": 90000}
{"lr": 0.0001, "data_time": 0.033884429931640626, "loss": 2.0888257145881655, "decode.loss_ce": 0.2837879404425621, "decode.acc_seg": 90.21222686767578, "aux_0.loss_ce": 0.6177954047918319, "aux_0.acc_seg": 76.49417114257812, "aux_1.loss_ce": 0.4148904621601105, "aux_1.acc_seg": 86.12650299072266, "aux_2.loss_ce": 0.3790989458560944, "aux_2.acc_seg": 87.55850219726562, "aux_3.loss_ce": 0.39325298368930817, "aux_3.acc_seg": 86.78855895996094, "time": 1.2357481956481933, "iter": 100000, "memory": 2889, "step": 100000}
{"aAcc": 66.1, "mIoU": 30.27, "mAcc": 39.87, "avg_val_loss": 8.911255994894002, "data_time": 0.01342612753311793, "time": 0.36127157260974246, "step": 100000}
