{"lr": 0.0015943962641761188, "data_time": 0.25388875007629397, "loss": 0.32062227055430415, "decode.loss_seg": 0.1297695528715849, "aux_0.loss_seg": 0.05367570193484426, "aux_1.loss_seg": 0.04650479145348072, "aux_2.loss_seg": 0.049037151224911216, "aux_3.loss_seg": 0.04163507595658302, "time": 0.645080852508545, "iter": 100, "memory": 19977, "step": 100}
{"aAcc": 42.94, "mIoU": 26.81, "mAcc": 50.28, "avg_val_loss": 0.0, "data_time": 0.011217117309570312, "time": 0.08911100930945817, "step": 100}
{"lr": 0.002194796531020685, "data_time": 0.2792433977127075, "loss": 0.31745839715003965, "decode.loss_seg": 0.13014753609895707, "aux_0.loss_seg": 0.05197801571339369, "aux_1.loss_seg": 0.04611172014847398, "aux_2.loss_seg": 0.04499104600399732, "aux_3.loss_seg": 0.044230069406330584, "time": 0.5464769601821899, "iter": 200, "memory": 34270, "step": 200}
{"aAcc": 46.19, "mIoU": 27.79, "mAcc": 48.01, "avg_val_loss": 0.0, "data_time": 0.011920115043377054, "time": 0.0637933358378794, "step": 200}
{"lr": 0.0027951967978652476, "data_time": 0.4175024271011353, "loss": 0.2118339091539383, "decode.loss_seg": 0.08854666501283645, "aux_0.loss_seg": 0.033809118904173374, "aux_1.loss_seg": 0.0300197902135551, "aux_2.loss_seg": 0.029770220071077345, "aux_3.loss_seg": 0.029688107315450907, "time": 0.5477736473083497, "iter": 300, "memory": 3093, "step": 300}
{"aAcc": 48.59, "mIoU": 32.52, "mAcc": 53.29, "avg_val_loss": 0.0, "data_time": 0.01239546688123681, "time": 0.06542643185319572, "step": 300}
{"lr": 0.0033955970647098093, "data_time": 0.046204233169555665, "loss": 0.19352122023701668, "decode.loss_seg": 0.08242882937192916, "aux_0.loss_seg": 0.028437280375510455, "aux_1.loss_seg": 0.02654879176989198, "aux_2.loss_seg": 0.02761342339217663, "aux_3.loss_seg": 0.028492894768714905, "time": 0.715003252029419, "iter": 400, "memory": 3093, "step": 400}
{"aAcc": 51.65, "mIoU": 35.14, "mAcc": 55.46, "avg_val_loss": 0.0, "data_time": 0.010499460943813982, "time": 0.0733830545140409, "step": 400}
{"lr": 0.003995997331554373, "data_time": 0.07752346992492676, "loss": 0.227212393283844, "decode.loss_seg": 0.09822826385498047, "aux_0.loss_seg": 0.03269572835415602, "aux_1.loss_seg": 0.029879319481551647, "aux_2.loss_seg": 0.032828012853860854, "aux_3.loss_seg": 0.03358107041567564, "time": 0.6519341230392456, "iter": 500, "memory": 3093, "step": 500}
{"aAcc": 49.26, "mIoU": 31.52, "mAcc": 52.32, "avg_val_loss": 0.0, "data_time": 0.010294829291858893, "time": 0.07363340772431472, "step": 500}
{"lr": 0.0045963975983989375, "data_time": 0.21413545608520507, "loss": 0.20277696400880812, "decode.loss_seg": 0.09196533523499965, "aux_0.loss_seg": 0.027334525343030693, "aux_1.loss_seg": 0.02544775530695915, "aux_2.loss_seg": 0.02864609882235527, "aux_3.loss_seg": 0.029383252933621408, "time": 0.5500777244567872, "iter": 600, "memory": 3093, "step": 600}
{"aAcc": 51.84, "mIoU": 34.79, "mAcc": 55.08, "avg_val_loss": 0.0, "data_time": 0.0111055675594286, "time": 0.07428790783060008, "step": 600}
{"lr": 0.005196797865243495, "data_time": 0.4363047361373901, "loss": 0.2246415264904499, "decode.loss_seg": 0.10392746776342392, "aux_0.loss_seg": 0.027632689755409955, "aux_1.loss_seg": 0.02756463158875704, "aux_2.loss_seg": 0.03293159706518054, "aux_3.loss_seg": 0.03258514059707522, "time": 0.6815342664718628, "iter": 700, "memory": 3093, "step": 700}
{"aAcc": 48.4, "mIoU": 29.32, "mAcc": 48.44, "avg_val_loss": 0.0, "data_time": 0.01042664462122424, "time": 0.07253952958117957, "step": 700}
{"lr": 0.005797198132088056, "data_time": 0.6535422563552856, "loss": 0.18442484140396118, "decode.loss_seg": 0.08637949824333191, "aux_0.loss_seg": 0.02253176039084792, "aux_1.loss_seg": 0.02226274125277996, "aux_2.loss_seg": 0.02642986662685871, "aux_3.loss_seg": 0.026820971816778182, "time": 0.8120805740356445, "iter": 800, "memory": 3093, "step": 800}
{"aAcc": 52.51, "mIoU": 34.89, "mAcc": 54.86, "avg_val_loss": 0.0, "data_time": 0.010710365470798537, "time": 0.0730431162077805, "step": 800}
{"lr": 0.006397598398932616, "data_time": 0.26907739639282224, "loss": 0.18025131151080132, "decode.loss_seg": 0.08373696729540825, "aux_0.loss_seg": 0.020533797983080148, "aux_1.loss_seg": 0.021542725153267384, "aux_2.loss_seg": 0.0263756038621068, "aux_3.loss_seg": 0.028062217589467763, "time": 0.6331745386123657, "iter": 900, "memory": 3093, "step": 900}
{"aAcc": 56.37, "mIoU": 38.44, "mAcc": 58.03, "avg_val_loss": 0.0, "data_time": 0.010046753390081998, "time": 0.07265767831911986, "step": 900}
{"lr": 0.0069979986657771765, "data_time": 0.5253748655319214, "loss": 0.17474360913038253, "decode.loss_seg": 0.08367323726415635, "aux_0.loss_seg": 0.020673626847565175, "aux_1.loss_seg": 0.021177097875624894, "aux_2.loss_seg": 0.023695428669452668, "aux_3.loss_seg": 0.02552421959117055, "time": 0.6811424493789673, "iter": 1000, "memory": 3093, "step": 1000}
{"aAcc": 56.25, "mIoU": 38.33, "mAcc": 57.83, "avg_val_loss": 0.0, "data_time": 0.008570904019235194, "time": 0.07129985436625864, "step": 1000}
{"lr": 0.0075983989326217465, "data_time": 0.01045529842376709, "loss": 0.20211042761802672, "decode.loss_seg": 0.09724907353520393, "aux_0.loss_seg": 0.023586059920489788, "aux_1.loss_seg": 0.024284167774021627, "aux_2.loss_seg": 0.02760795895010233, "aux_3.loss_seg": 0.02938316948711872, "time": 0.5106258153915405, "iter": 1100, "memory": 3093, "step": 1100}
{"aAcc": 55.35, "mIoU": 37.23, "mAcc": 56.92, "avg_val_loss": 0.0, "data_time": 0.01376153134751594, "time": 0.06570083245463755, "step": 1100}
{"lr": 0.008198799199466306, "data_time": 0.010315203666687011, "loss": 0.15412452332675458, "decode.loss_seg": 0.07652367986738681, "aux_0.loss_seg": 0.017495002318173646, "aux_1.loss_seg": 0.01853831224143505, "aux_2.loss_seg": 0.019926542369648814, "aux_3.loss_seg": 0.02164098755456507, "time": 0.5428785085678101, "iter": 1200, "memory": 3093, "step": 1200}
{"aAcc": 51.42, "mIoU": 33.15, "mAcc": 54.72, "avg_val_loss": 0.0, "data_time": 0.01089430951524055, "time": 0.06533715368687422, "step": 1200}
{"lr": 0.008799199466310867, "data_time": 0.02855045795440674, "loss": 0.17637283727526665, "decode.loss_seg": 0.0858058962970972, "aux_0.loss_seg": 0.020140234660357238, "aux_1.loss_seg": 0.02164012547582388, "aux_2.loss_seg": 0.023653257917612792, "aux_3.loss_seg": 0.025133325532078744, "time": 0.7431166648864747, "iter": 1300, "memory": 3093, "step": 1300}
{"aAcc": 55.34, "mIoU": 36.95, "mAcc": 57.61, "avg_val_loss": 0.0, "data_time": 0.010193180763858488, "time": 0.06166390989018583, "step": 1300}
{"lr": 0.009399599733155411, "data_time": 0.42509028911590574, "loss": 0.16413289159536362, "decode.loss_seg": 0.08086262680590153, "aux_0.loss_seg": 0.01963526587933302, "aux_1.loss_seg": 0.019518909510225058, "aux_2.loss_seg": 0.021396638173609973, "aux_3.loss_seg": 0.02271945299580693, "time": 0.5575865507125854, "iter": 1400, "memory": 3093, "step": 1400}
{"aAcc": 54.05, "mIoU": 35.8, "mAcc": 56.28, "avg_val_loss": 0.0, "data_time": 0.011832404410702059, "time": 0.06352993537639749, "step": 1400}
{"lr": 0.009999999999999966, "data_time": 0.3517721891403198, "loss": 0.1645091712474823, "decode.loss_seg": 0.08120662532746792, "aux_0.loss_seg": 0.018353344406932592, "aux_1.loss_seg": 0.019647274073213337, "aux_2.loss_seg": 0.022003037109971046, "aux_3.loss_seg": 0.02329888865351677, "time": 0.481899619102478, "iter": 1500, "memory": 3093, "step": 1500}
{"aAcc": 54.47, "mIoU": 36.36, "mAcc": 55.81, "avg_val_loss": 0.0, "data_time": 0.02005316471231395, "time": 0.07165605720432325, "step": 1500}
{"lr": 0.009884680550653002, "data_time": 0.3272075891494751, "loss": 0.17518535107374192, "decode.loss_seg": 0.08602334037423134, "aux_0.loss_seg": 0.019825980998575687, "aux_1.loss_seg": 0.020991282537579536, "aux_2.loss_seg": 0.023121456429362298, "aux_3.loss_seg": 0.025223291106522085, "time": 0.5538152456283569, "iter": 1600, "memory": 3093, "step": 1600}
{"aAcc": 57.71, "mIoU": 39.27, "mAcc": 58.83, "avg_val_loss": 0.0,