{"lr": 0.0015943962641761188, "data_time": 0.32792210578918457, "loss": 2.1212968945503237, "decode.loss_ce": 0.4601594090461731, "decode.acc_seg": 55.89966583251953, "aux_0.loss_ce": 0.3929168045520782, "aux_0.acc_seg": 65.22289276123047, "aux_1.loss_ce": 0.3789506196975708, "aux_1.acc_seg": 62.372779846191406, "aux_2.loss_ce": 0.45989387631416323, "aux_2.acc_seg": 60.740333557128906, "aux_3.loss_ce": 0.4293761312961578, "aux_3.acc_seg": 59.019779205322266, "time": 0.4872713804244995, "iter": 100, "memory": 19754, "step": 100}
