{"lr": 0.0015930867963809803, "data_time": 0.16280145645141603, "loss": 6.338976621627808, "decode.loss_ce": 0.8936727106571197, "decode.acc_seg": 59.21677780151367, "aux_0.loss_ce": 2.176076889038086, "aux_0.acc_seg": 37.9178352355957, "aux_1.loss_ce": 1.3989718556404114, "aux_1.acc_seg": 47.58944320678711, "aux_2.loss_ce": 0.9910687029361724, "aux_2.acc_seg": 57.04722213745117, "aux_3.loss_ce": 0.879186487197876, "aux_3.acc_seg": 61.13066864013672, "time": 0.3622652769088745, "iter": 100, "memory": 19198, "step": 100}
{"aAcc": 65.83, "mIoU": 29.33, "mAcc": 40.69, "avg_val_loss": 6.498598678623874, "data_time": 0.004635621176825629, "time": 0.35341073989868166, "step": 100}
{"lr": 0.002191123271301943, "data_time": 0.0627983570098877, "loss": 4.97191276550293, "decode.loss_ce": 0.826537573337555, "decode.acc_seg": 73.46805572509766, "aux_0.loss_ce": 1.4444949150085449, "aux_0.acc_seg": 53.766056060791016, "aux_1.loss_ce": 1.0510147571563722, "aux_1.acc_seg": 61.24627685546875, "aux_2.loss_ce": 0.8602284610271453, "aux_2.acc_seg": 70.27505493164062, "aux_3.loss_ce": 0.7896370112895965, "aux_3.acc_seg": 72.71855926513672, "time": 0.3823894739151001, "iter": 200, "memory": 2889, "step": 200}
{"aAcc": 66.59, "mIoU": 31.67, "mAcc": 41.76, "avg_val_loss": 7.228638636257014, "data_time": 0.003915723305848115, "time": 0.34018957905653047, "step": 200}
{"lr": 0.0027881034698292294, "data_time": 0.24783263206481934, "loss": 4.8881737232208256, "decode.loss_ce": 0.8617066442966461, "decode.acc_seg": 69.2509994506836, "aux_0.loss_ce": 1.265449297428131, "aux_0.acc_seg": 54.88016891479492, "aux_1.loss_ce": 1.0079719483852387, "aux_1.acc_seg": 66.55622100830078, "aux_2.loss_ce": 0.9012036740779876, "aux_2.acc_seg": 57.5613899230957, "aux_3.loss_ce": 0.8518421590328217, "aux_3.acc_seg": 57.445777893066406, "time": 0.4578218698501587, "iter": 300, "memory": 2889, "step": 300}
{"aAcc": 67.9, "mIoU": 31.8, "mAcc": 42.27, "avg_val_loss": 7.470937209921409, "data_time": 0.004016599211090156, "time": 0.35456131884369774, "step": 300}
{"lr": 0.0033840217450599877, "data_time": 0.09221432209014893, "loss": 4.4399209976196286, "decode.loss_ce": 0.790355670452118, "decode.acc_seg": 68.41083526611328, "aux_0.loss_ce": 1.1357675909996032, "aux_0.acc_seg": 45.195167541503906, "aux_1.loss_ce": 0.9412399649620056, "aux_1.acc_seg": 57.568389892578125, "aux_2.loss_ce": 0.8260097563266754, "aux_2.acc_seg": 64.44589233398438, "aux_3.loss_ce": 0.7465480685234069, "aux_3.acc_seg": 71.62928009033203, "time": 0.4067438364028931, "iter": 400, "memory": 2889, "step": 400}
{"aAcc": 60.94, "mIoU": 29.71, "mAcc": 39.17, "avg_val_loss": 7.543403577071938, "data_time": 0.004097628223393815, "time": 0.35727343115203924, "step": 400}
