{"lr": 0.0015930867963809803, "data_time": 0.17391762733459473, "loss": 6.450543022155761, "decode.loss_ce": 0.9440969467163086, "decode.acc_seg": 62.49494552612305, "aux_0.loss_ce": 2.233208417892456, "aux_0.acc_seg": 60.613555908203125, "aux_1.loss_ce": 1.3831900000572204, "aux_1.acc_seg": 59.052555084228516, "aux_2.loss_ce": 1.0021077811717987, "aux_2.acc_seg": 58.06388854980469, "aux_3.loss_ce": 0.8879397988319397, "aux_3.acc_seg": 64.51338958740234, "time": 0.5047285318374634, "iter": 100, "memory": 19198, "step": 100}
{"aAcc": 31.37, "mIoU": 16.65, "mAcc": 28.28, "avg_val_loss": 6.391359548315456, "data_time": 0.004806777636210124, "time": 0.36415097289615206, "step": 100}
{"lr": 0.002191123271301943, "data_time": 0.054017949104309085, "loss": 5.314226865768433, "decode.loss_ce": 0.9007739067077637, "decode.acc_seg": 67.76611328125, "aux_0.loss_ce": 1.4817842364311218, "aux_0.acc_seg": 49.60527801513672, "aux_1.loss_ce": 1.109014105796814, "aux_1.acc_seg": 58.83161163330078, "aux_2.loss_ce": 0.9493526816368103, "aux_2.acc_seg": 66.16156005859375, "aux_3.loss_ce": 0.873301899433136, "aux_3.acc_seg": 72.54988861083984, "time": 0.5307567596435547, "iter": 200, "memory": 2889, "step": 200}
{"aAcc": 48.24, "mIoU": 26.94, "mAcc": 42.74, "avg_val_loss": 6.463569919362216, "data_time": 0.0036366673107950756, "time": 0.355089672388893, "step": 200}
{"lr": 0.0027881034698292294, "data_time": 0.3220681190490723, "loss": 4.8233864307403564, "decode.loss_ce": 0.8463401675224305, "decode.acc_seg": 59.8940544128418, "aux_0.loss_ce": 1.2274746894836426, "aux_0.acc_seg": 46.09272384643555, "aux_1.loss_ce": 1.031912922859192, "aux_1.acc_seg": 58.99211120605469, "aux_2.loss_ce": 0.8859261989593505, "aux_2.acc_seg": 56.91055679321289, "aux_3.loss_ce": 0.8317323684692383, "aux_3.acc_seg": 59.39927673339844, "time": 0.5261129379272461, "iter": 300, "memory": 2889, "step": 300}
{"aAcc": 78.93, "mIoU": 46.18, "mAcc": 55.08, "avg_val_loss": 5.986157393627888, "data_time": 0.0039159574952728204, "time": 0.3693262499874817, "step": 300}
{"lr": 0.0033840217450599877, "data_time": 0.2885324478149414, "loss": 4.876181173324585, "decode.loss_ce": 0.9272969782352447, "decode.acc_seg": 57.608280181884766, "aux_0.loss_ce": 1.203593623638153, "aux_0.acc_seg": 45.28583526611328, "aux_1.loss_ce": 0.9881004214286804, "aux_1.acc_seg": 59.53155517578125, "aux_2.loss_ce": 0.8846604347229003, "aux_2.acc_seg": 62.69172286987305, "aux_3.loss_ce": 0.8725297927856446, "aux_3.acc_seg": 60.489444732666016, "time": 0.5126179218292236, "iter": 400, "memory": 2889, "step": 400}
{"aAcc": 52.63, "mIoU": 31.35, "mAcc": 46.44, "avg_val_loss": 5.494329655039496, "data_time": 0.0039958715967487075, "time": 0.366983644713848, "step": 400}
{"lr": 0.003978874422200742, "data_time": 0.17048938274383546, "loss": 4.3831487655639645, "decode.loss_ce": 0.7935733675956727, "decode.acc_seg": 67.47566986083984, "aux_0.loss_ce": 1.1135589957237244, "aux_0.acc_seg": 46.352169036865234, "aux_1.loss_ce": 0.9258735656738282, "aux_1.acc_seg": 60.08522415161133, "aux_2.loss_ce": 0.8133037328720093, "aux_2.acc_seg": 62.41283416748047, "aux_3.loss_ce": 0.7368390142917634, "aux_3.acc_seg": 72.58422088623047, "time": 0.5442392587661743, "iter": 500, "memory": 2889, "step": 500}
{"aAcc": 31.49, "mIoU": 15.28, "mAcc": 36.43, "avg_val_loss": 6.288101784558397, "data_time": 0.003469581878898942, "time": 0.35223025176054623, "step": 500}
{"lr": 0.004572658891684879, "data_time": 0.30884835720062254, "loss": 4.485752916336059, "decode.loss_ce": 0.8181039571762085, "decode.acc_seg": 65.6891098022461, "aux_0.loss_ce": 1.12566619515419, "aux_0.acc_seg": 52.40283203125, "aux_1.loss_ce": 0.946173906326294, "aux_1.acc_seg": 59.5166130065918, "aux_2.loss_ce": 0.8228921055793762, "aux_2.acc_seg": 64.85283660888672, "aux_3.loss_ce": 0.7729167401790619, "aux_3.acc_seg": 69.05272674560547, "time": 0.5301485538482666, "iter": 600, "memory": 2889, "step": 600}
