{"lr": 0.005201541801877408, "data_time": 0.08930258750915528, "loss": 6.5219379425048825, "decode.loss_ce": 0.8568745464086532, "decode.acc_seg": 74.51155853271484, "aux_0.loss_ce": 1.544141685962677, "aux_0.acc_seg": 52.524444580078125, "aux_1.loss_ce": 1.4430136919021606, "aux_1.acc_seg": 54.71088790893555, "aux_2.loss_ce": 1.3533890187740325, "aux_2.acc_seg": 62.25288772583008, "aux_3.loss_ce": 1.3245189547538758, "aux_3.acc_seg": 59.12244415283203, "time": 0.15900890827178954, "iter": 500, "memory": 17409, "step": 500}
