{"lr": 0.0015943962641761188, "data_time": 0.5000323534011841, "loss": 3.0414364337921143, "decode.loss_ce": 0.627677035331726, "decode.acc_seg": 67.339111328125, "aux_0.loss_ce": 0.6445174634456634, "aux_0.acc_seg": 65.67694854736328, "aux_1.loss_ce": 0.6478760778903961, "aux_1.acc_seg": 80.44288635253906, "aux_2.loss_ce": 0.5796911448240281, "aux_2.acc_seg": 81.29521942138672, "aux_3.loss_ce": 0.5416747778654099, "aux_3.acc_seg": 80.0516128540039, "time": 0.6772998809814453, "iter": 100, "memory": 19743, "step": 100}
{"aAcc": 63.99, "mIoU": 48.3, "mAcc": 65.3, "avg_val_loss": 4.324363316011707, "data_time": 0.017983644507652104, "time": 0.11216998654742573, "step": 100}
{"lr": 0.002194796531020685, "data_time": 0.26633968353271487, "loss": 2.7583440065383913, "decode.loss_ce": 0.5580974787473678, "decode.acc_seg": 77.46922302246094, "aux_0.loss_ce": 0.6100355714559555, "aux_0.acc_seg": 71.87938690185547, "aux_1.loss_ce": 0.5677615582942963, "aux_1.acc_seg": 79.01350402832031, "aux_2.loss_ce": 0.5247351706027985, "aux_2.acc_seg": 84.09305572509766, "aux_3.loss_ce": 0.49771428406238555, "aux_3.acc_seg": 80.77922058105469, "time": 0.4562105655670166, "iter": 200, "memory": 17273, "step": 200}
{"aAcc": 65.37, "mIoU": 49.57, "mAcc": 66.38, "avg_val_loss": 4.738060716866402, "data_time": 0.008660648060941148, "time": 0.08839629436361379, "step": 200}
{"lr": 0.0027951967978652476, "data_time": 0.24452264308929444, "loss": 2.4076452612876893, "decode.loss_ce": 0.51331567466259, "decode.acc_seg": 76.60977935791016, "aux_0.loss_ce": 0.5819744318723679, "aux_0.acc_seg": 74.76689147949219, "aux_1.loss_ce": 0.4779180258512497, "aux_1.acc_seg": 76.260498046875, "aux_2.loss_ce": 0.4267772287130356, "aux_2.acc_seg": 77.09700012207031, "aux_3.loss_ce": 0.40765989422798155, "aux_3.acc_seg": 80.64067077636719, "time": 0.6526669979095459, "iter": 300, "memory": 2871, "step": 300}
{"aAcc": 75.22, "mIoU": 59.79, "mAcc": 74.28, "avg_val_loss": 4.599699161206073, "data_time": 0.006719644042267196, "time": 0.08772930331613826, "step": 300}
{"lr": 0.0033955970647098093, "data_time": 0.4104330062866211, "loss": 2.348170554637909, "decode.loss_ce": 0.4686418652534485, "decode.acc_seg": 80.67510986328125, "aux_0.loss_ce": 0.5582812339067459, "aux_0.acc_seg": 76.44911193847656, "aux_1.loss_ce": 0.4859171390533447, "aux_1.acc_seg": 80.86983489990234, "aux_2.loss_ce": 0.4272604942321777, "aux_2.acc_seg": 83.05066680908203, "aux_3.loss_ce": 0.4080698072910309, "aux_3.acc_seg": 82.3665542602539, "time": 0.6036111831665039, "iter": 400, "memory": 2871, "step": 400}
{"aAcc": 78.17, "mIoU": 61.56, "mAcc": 74.52, "avg_val_loss": 4.41831731752694, "data_time": 0.007705704919223128, "time": 0.0901960668892696, "step": 400}
{"lr": 0.003995997331554373, "data_time": 0.40872213840484617, "loss": 2.1685291171073913, "decode.loss_ce": 0.42935165464878083, "decode.acc_seg": 84.03005981445312, "aux_0.loss_ce": 0.5477421313524247, "aux_0.acc_seg": 80.1439437866211, "aux_1.loss_ce": 0.43632670044898986, "aux_1.acc_seg": 84.63188934326172, "aux_2.loss_ce": 0.3870994597673416, "aux_2.acc_seg": 86.53005981445312, "aux_3.loss_ce": 0.3680092036724091, "aux_3.acc_seg": 86.2516098022461, "time": 0.5891993761062622, "iter": 500, "memory": 2871, "step": 500}
{"aAcc": 45.58, "mIoU": 30.98, "mAcc": 51.88, "avg_val_loss": 5.034877103845975, "data_time": 0.008314480726746306, "time": 0.08787887671898151, "step": 500}
{"lr": 0.0045963975983989375, "data_time": 0.4715935707092285, "loss": 2.0711843967437744, "decode.loss_ce": 0.38528651297092437, "decode.acc_seg": 79.98755645751953, "aux_0.loss_ce": 0.5503495395183563, "aux_0.acc_seg": 70.70777893066406, "aux_1.loss_ce": 0.4227974623441696, "aux_1.acc_seg": 77.56588745117188, "aux_2.loss_ce": 0.36825444996356965, "aux_2.acc_seg": 80.74755859375, "aux_3.loss_ce": 0.3444964438676834, "aux_3.acc_seg": 83.78983306884766, "time": 0.6855892181396485, "iter": 600, "memory": 2871, "step": 600}
{"aAcc": 67.36, "mIoU": 50.62, "mAcc": 67.45, "avg_val_loss": 5.038005532794877, "data_time": 0.007617361244113966, "time": 0.08803128648078305, "step": 600}
{"lr": 0.005196797865243495, "data_time": 0.19732315540313722, "loss": 1.9549330353736878, "decode.loss_ce": 0.37578376829624177, "decode.acc_seg": 86.13255310058594, "aux_0.loss_ce": 0.5232581436634064, "aux_0.acc_seg": 74.3566665649414, "aux_1.loss_ce": 0.37621256411075593, "aux_1.acc_seg": 84.6760025024414, "aux_2.loss_ce": 0.3447867840528488, "aux_2.acc_seg": 85.38278198242188, "aux_3.loss_ce": 0.3348917931318283, "aux_3.acc_seg": 87.05894470214844, "time": 0.6476077318191529, "iter": 700, "memory": 2871, "step": 700}
{"aAcc": 68.02, "mIoU": 51.27, "mAcc": 67.64, "avg_val_loss": 5.08902890946632, "data_time": 0.007348715573891826, "time": 0.08850290035379343, "step": 700}
{"lr": 0.005797198132088056, "data_time": 0.3367135524749756, "loss": 1.725677227973938, "decode.loss_ce": 0.30258205980062486, "decode.acc_seg": 83.66327667236328, "aux_0.loss_ce": 0.4654674708843231, "aux_0.acc_seg": 77.62966918945312, "aux_1.loss_ce": 0.3570197567343712, "aux_1.acc_seg": 81.29350280761719, "aux_2.loss_ce": 0.31405348181724546, "aux_2.acc_seg": 84.67427825927734, "aux_3.loss_ce": 0.28655447661876676, "aux_3.acc_seg": 86.66867065429688, "time": 0.5154223918914795, "iter": 800, "memory": 2871, "step": 800}
{"aAcc": 79.52, "mIoU": 64.55, "mAcc": 77.52, "avg_val_loss": 4.865006805729796, "data_time": 0.007708365889801376, "time": 0.0904739177089998, "step": 800}
{"lr": 0.006397598398932616, "data_time": 0.2663567543029785, "loss": 1.8101147055625915, "decode.loss_ce": 0.3334565579891205, "decode.acc_seg": 86.49866485595703, "aux_0.loss_ce": 0.49497426152229307, "aux_0.acc_seg": 79.77588653564453, "aux_1.loss_ce": 0.3558461517095566, "aux_1.acc_seg": 85.9990005493164, "aux_2.loss_ce": 0.31597999930381776, "aux_2.acc_seg": 87.76789093017578, "aux_3.loss_ce": 0.3098577678203583, "aux_3.acc_seg": 86.44110870361328, "time": 0.5739179849624634, "iter": 900, "memory": 2871, "step": 900}
{"aAcc": 72.14, "mIoU": 55.1, "mAcc": 70.51, "avg_val_loss": 4.824648104835594, "data_time": 0.007924978760467178, "time": 0.09037491644936047, "step": 900}
{"lr": 0.0069979986657771765, "data_time": 0.4206767320632935, "loss": 1.7618993401527405, "decode.loss_ce": 0.3090837836265564, "decode.acc_seg": 87.48777770996094, "aux_0.loss_ce": 0.4640936732292175, "aux_0.acc_seg": 74.71083068847656, "aux_1.loss_ce": 0.3555342793464661, "aux_1.acc_seg": 82.81777954101562, "aux_2.loss_ce": 0.3217370599508286, "aux_2.acc_seg": 84.69161224365234, "aux_3.loss_ce": 0.3114505559206009, "aux_3.acc_seg": 87.13922119140625, "time": 0.6203311204910278, "iter": 1000, "memory": 2871, "step": 1000}
{"aAcc": 72.65, "mIoU": 55.1, "mAcc": 69.75, "avg_val_loss": 4.734553198830078, "data_time": 0.006874317410348475, "time": 0.08922727628685963, "step": 1000}
{"lr": 0.0075983989326217465, "data_time": 0.3047641277313232, "loss": 1.6357518911361695, "decode.loss_ce": 0.29316436499357224, "decode.acc_seg": 90.070556640625, "aux_0.loss_ce": 0.4310774177312851, "aux_0.acc_seg": 86.26683807373047, "aux_1.loss_ce": 0.3309588670730591, "aux_1.acc_seg": 86.50511169433594, "aux_2.loss_ce": 0.2924634054303169, "aux_2.acc_seg": 90.079833984375, "aux_3.loss_ce": 0.28808782398700716, "aux_3.acc_seg": 91.1506118774414, "time": 0.48387970924377444, "iter": 1100, "memory": 2871, "step": 1100}
{"aAcc": 80.81, "mIoU": 63.89, "mAcc": 75.8, "avg_val_loss": 4.6897571469869535, "data_time": 0.007346487593376774, "time": 0.08935005363376661, "step": 1100}
{"lr": 0.008198799199466306, "data_time": 0.2840811491012573, "loss": 1.6404879331588744, "decode.loss_ce": 0.28060910254716875, "decode.acc_seg": 89.43377685546875, "aux_0.loss_ce": 0.4717738687992096, "aux_0.acc_seg": 85.87033081054688, "aux_1.loss_ce": 0.3333099037408829, "aux_1.acc_seg": 89.92989349365234, "aux_2.loss_ce": 0.28918677419424055, "aux_2.acc_seg": 90.66322326660156, "aux_3.loss_ce": 0.26560827940702436, "aux_3.acc_seg": 89.95555877685547,