{"lr": 0.0015943962641761188, "data_time": 0.35354735851287844, "loss": 4.3924620151519775, "decode.loss_ce": 0.508276516199112, "decode.acc_seg": 67.20055389404297, "aux_0.loss_ce": 1.5185265779495238, "aux_0.acc_seg": 60.54711151123047, "aux_1.loss_ce": 1.0093587279319762, "aux_1.acc_seg": 64.0732192993164, "aux_2.loss_ce": 0.7223160743713379, "aux_2.acc_seg": 70.2826156616211, "aux_3.loss_ce": 0.6339842081069946, "aux_3.acc_seg": 75.64805603027344, "time": 0.5815868854522706, "iter": 100, "memory": 19645, "step": 100}
{"aAcc": 65.62, "mIoU": 44.55, "mAcc": 58.94, "avg_val_loss": 4.470829286008027, "data_time": 0.012622905331988668, "time": 0.1402408244997956, "step": 100}
{"lr": 0.002194796531020685, "data_time": 0.3635616064071655, "loss": 3.7999473810195923, "decode.loss_ce": 0.4642733156681061, "decode.acc_seg": 82.8306655883789, "aux_0.loss_ce": 1.094108372926712, "aux_0.acc_seg": 56.060333251953125, "aux_1.loss_ce": 0.836463063955307, "aux_1.acc_seg": 58.26466751098633, "aux_2.loss_ce": 0.7300087630748748, "aux_2.acc_seg": 62.02427673339844, "aux_3.loss_ce": 0.6750937819480896, "aux_3.acc_seg": 62.61333465576172, "time": 0.5841102600097656, "iter": 200, "memory": 34204, "step": 200}
{"aAcc": 73.67, "mIoU": 53.6, "mAcc": 67.03, "avg_val_loss": 4.0684521485239875, "data_time": 0.007039812789566216, "time": 0.10193273938935378, "step": 200}
{"lr": 0.0027951967978652476, "data_time": 0.06130914688110352, "loss": 3.1263137340545653, "decode.loss_ce": 0.36567539572715757, "decode.acc_seg": 89.11083221435547, "aux_0.loss_ce": 0.8705929040908813, "aux_0.acc_seg": 68.58316802978516, "aux_1.loss_ce": 0.6971396684646607, "aux_1.acc_seg": 81.51100158691406, "aux_2.loss_ce": 0.6174440115690232, "aux_2.acc_seg": 83.12655639648438, "aux_3.loss_ce": 0.5754617869853973, "aux_3.acc_seg": 83.62550354003906, "time": 0.5328514814376831, "iter": 300, "memory": 3338, "step": 300}
{"aAcc": 79.54, "mIoU": 62.16, "mAcc": 74.27, "avg_val_loss": 3.9325127666398565, "data_time": 0.00694314912817944, "time": 0.10133354965297656, "step": 300}
{"lr": 0.0033955970647098093, "data_time": 0.009212017059326172, "loss": 3.1189501523971557, "decode.loss_ce": 0.37394877076148986, "decode.acc_seg": 87.41000366210938, "aux_0.loss_ce": 0.8471839547157287, "aux_0.acc_seg": 57.743446350097656, "aux_1.loss_ce": 0.689474093914032, "aux_1.acc_seg": 73.25233459472656, "aux_2.loss_ce": 0.62103773355484, "aux_2.acc_seg": 75.43321990966797, "aux_3.loss_ce": 0.587305548787117, "aux_3.acc_seg": 81.53905487060547, "time": 0.4994088649749756, "iter": 400, "memory": 3338, "step": 400}
{"aAcc": 79.63, "mIoU": 61.93, "mAcc": 74.02, "avg_val_loss": 3.79154747769193, "data_time": 0.008323326878164006, "time": 0.10413659304037862, "step": 400}
{"lr": 0.003995997331554373, "data_time": 0.24778034687042236, "loss": 3.058791708946228, "decode.loss_ce": 0.3143398702144623, "decode.acc_seg": 88.88372039794922, "aux_0.loss_ce": 0.8214791893959046, "aux_0.acc_seg": 69.84427642822266, "aux_1.loss_ce": 0.692551988363266, "aux_1.acc_seg": 75.41616821289062, "aux_2.loss_ce": 0.638027137517929, "aux_2.acc_seg": 80.30394744873047, "aux_3.loss_ce": 0.5923935204744339, "aux_3.acc_seg": 80.19705963134766, "time": 0.46914598941802976, "iter": 500, "memory": 3338, "step": 500}
{"aAcc": 79.69, "mIoU": 61.36, "mAcc": 73.22, "avg_val_loss": 3.679588328458761, "data_time": 0.007401896619248664, "time": 0.10208790877769733, "step": 500}
{"lr": 0.0045963975983989375, "data_time": 0.5170214176177979, "loss": 3.0415960788726806, "decode.loss_ce": 0.31191366612911225, "decode.acc_seg": 86.11933135986328, "aux_0.loss_ce": 0.8147118330001831, "aux_0.acc_seg": 68.00727844238281, "aux_1.loss_ce": 0.6903250396251679, "aux_1.acc_seg": 72.83405303955078, "aux_2.loss_ce": 0.6227765738964081, "aux_2.acc_seg": 73.3987808227539, "aux_3.loss_ce": 0.6018689393997192, "aux_3.acc_seg": 75.9195556640625, "time": 0.7362435579299926, "iter": 600, "memory": 3338, "step": 600}
{"aAcc": 64.77, "mIoU": 45.59, "mAcc": 59.7, "avg_val_loss": 3.712928401818227, "data_time": 0.007019462256596006, "time": 0.10267054075482247, "step": 600}
{"lr": 0.005196797865243495, "data_time": 0.12499916553497314, "loss": 2.8122619867324827, "decode.loss_ce": 0.2819307506084442, "decode.acc_seg": 86.38471984863281, "aux_0.loss_ce": 0.7546518266201019, "aux_0.acc_seg": 66.52239227294922, "aux_1.loss_ce": 0.6461632311344147, "aux_1.acc_seg": 69.45922088623047, "aux_2.loss_ce": 0.58254753947258, "aux_2.acc_seg": 72.10472106933594, "aux_3.loss_ce": 0.546968650817871, "aux_3.acc_seg": 74.58200073242188, "time": 0.5803444862365723, "iter": 700, "memory": 3338, "step": 700}
{"aAcc": 74.79, "mIoU": 56.01, "mAcc": 68.96, "avg_val_loss": 3.6653346308664974, "data_time": 0.007194921888154128, "time": 0.10249775853650324, "step": 700}
{"lr": 0.005797198132088056, "data_time": 0.2994393348693848, "loss": 2.6621992111206056, "decode.loss_ce": 0.27744435518980026, "decode.acc_seg": 91.93633270263672, "aux_0.loss_ce": 0.7240769684314727, "aux_0.acc_seg": 78.4476089477539, "aux_1.loss_ce": 0.6070172309875488, "aux_1.acc_seg": 77.9997787475586, "aux_2.loss_ce": 0.544210746884346, "aux_2.acc_seg": 76.8040542602539, "aux_3.loss_ce": 0.5094499617815018, "aux_3.acc_seg": 81.6173324584961, "time": 0.6010286808013916, "iter": 800, "memory": 3338, "step": 800}
{"aAcc": 81.01, "mIoU": 64.55, "mAcc": 76.12, "avg_val_loss": 3.614663059164209, "data_time": 0.0064424646311792835, "time": 0.10045642688356597, "step": 800}
{"lr": 0.006397598398932616, "data_time": 0.28778696060180664, "loss": 2.784519076347351, "decode.loss_ce": 0.29987758547067644, "decode.acc_seg": 88.24417114257812, "aux_0.loss_ce": 0.7493497192859649, "aux_0.acc_seg": 70.39600372314453, "aux_1.loss_ce": 0.6304599076509476, "aux_1.acc_seg": 74.57150268554688, "aux_2.loss_ce": 0.5680915236473083, "aux_2.acc_seg": 76.77549743652344, "aux_3.loss_ce": 0.5367403119802475, "aux_3.acc_seg": 78.58477783203125, "time": 0.5061949014663696, "iter": 900, "memory": 3338, "step": 900}
{"aAcc": 69.84, "mIoU": 45.25, "mAcc": 60.86, "avg_val_loss": 3.633518502561592, "data_time": 0.006714881151572041, "time": 0.10311234134367142, "step": 900}
{"lr": 0.0069979986657771765, "data_time": 0.35251150131225584, "loss": 2.809469127655029, "decode.loss_ce": 0.26885080635547637, "decode.acc_seg": 87.62572479248047, "aux_0.loss_ce": 0.7681063354015351, "aux_0.acc_seg": 57.9732780456543, "aux_1.loss_ce": 0.6590042114257812, "aux_1.acc_seg": 65.06655883789062, "aux_2.loss_ce": 0.5778134822845459, "aux_2.acc_seg": 68.51872253417969, "aux_3.loss_ce": 0.5356942594051362, "aux_3.acc_seg": 69.54444885253906, "time": 0.5744957685470581, "iter": 1000, "memory": 3338, "step": 1000}
{"aAcc": 78.93, "mIoU": 60.91, "mAcc": 72.92, "avg_val_loss": 3.648470987835953, "data_time": 0.006620185128573714, "time": 0.1022979911716505, "step": 1000}
{"lr": 0.0075983989326217465, "data_time": 0.20391278266906737, "loss": 3.0017879724502565, "decode.loss_ce": 0.30458230823278426, "decode.acc_seg": 86.98039245605469, "aux_0.loss_ce": 0.775984811782837, "aux_0.acc_seg": 69.60416412353516, "aux_1.loss_ce": 0.6867488384246826, "aux_1.acc_seg": 70.33560943603516, "aux_2.loss_ce": 0.6313355833292007, "aux_2.acc_seg": 71.85533142089844, "aux_3.loss_ce": 0.60313640832901, "aux_3.acc_seg": 72.34711456298828, "time": 0.5128390073776246, "iter": 1100, "memory": 3338, "step": 1100}
{"aAcc": 81.09, "mIoU": 64.76, "mAcc": 76.38, "avg_val_loss": 3.537541115112951, "data_time": 0.007640882470141882, "time": 0.10269875910090304, "step": 1100}
{"lr": 0.008198799199466306, "data_time": 0.3240482330322266, "loss": 2.697492003440857, "decode.loss_ce": 0.249514639377594, "decode.acc_seg": 88.1500015258789, "aux_0.loss_ce": 0.7264857888221741, "aux_0.acc_seg": 71.9427261352539, "aux_1.loss_ce": 0.6232052326202393, "aux_1.acc_seg": 75.94322204589844, "aux_2.loss_ce": 0.5671346336603165, "aux_2.acc_seg": 76.6141128540039, "aux_3.loss_ce": 0.5311517506837845, "aux_3.acc_seg": 74.47900390625,