{"lr": 0.009669333669451887, "data_time": 0.0037681102752685548, "loss": 6.140789222717285, "decode.loss_ce": 0.8227648198604584, "decode.acc_seg": 82.3824462890625, "aux_0.loss_ce": 1.535315465927124, "aux_0.acc_seg": 57.965999603271484, "aux_1.loss_ce": 1.3694625675678254, "aux_1.acc_seg": 63.91266632080078, "aux_2.loss_ce": 1.217745292186737, "aux_2.acc_seg": 67.94955444335938, "aux_3.loss_ce": 1.19550102353096, "aux_3.acc_seg": 66.99578094482422, "time": 0.12285711765289306, "iter": 3728, "memory": 17408, "step": 3728}
{"aAcc": 59.63, "mIoU": 29.27, "mAcc": 43.48, "avg_val_loss": 6.6440109205873386, "data_time": 0.009773929495560496, "time": 0.40588295585230777, "step": 7456}
{"lr": 0.009106373674004149, "data_time": 0.0551971435546875, "loss": 6.890480709075928, "decode.loss_ce": 0.8297602355480194, "decode.acc_seg": 69.02688598632812, "aux_0.loss_ce": 1.7436386406421662, "aux_0.acc_seg": 26.524444580078125, "aux_1.loss_ce": 1.4998253881931305, "aux_1.acc_seg": 35.9206657409668, "aux_2.loss_ce": 1.39814333319664, "aux_2.acc_seg": 39.17555618286133, "aux_3.loss_ce": 1.4191133379936218, "aux_3.acc_seg": 36.98377990722656, "time": 0.13683514595031737, "iter": 10000, "memory": 34198, "step": 10000}
{"aAcc": 76.32, "mIoU": 42.64, "mAcc": 52.23, "avg_val_loss": 6.0600348308682435, "data_time": 0.008418828248977661, "time": 0.349194273352623, "step": 14912}
{"lr": 0.008200516139713258, "data_time": 0.023848986625671385, "loss": 5.884026837348938, "decode.loss_ce": 0.6418738484382629, "decode.acc_seg": 88.46910858154297, "aux_0.loss_ce": 1.7288581252098083, "aux_0.acc_seg": 61.01644515991211, "aux_1.loss_ce": 1.3335988640785217, "aux_1.acc_seg": 72.09911346435547, "aux_2.loss_ce": 1.1164186477661133, "aux_2.acc_seg": 78.89466857910156, "aux_3.loss_ce": 1.0632771134376526, "aux_3.acc_seg": 72.80555725097656, "time": 0.13416335582733155, "iter": 20000, "memory": 901, "step": 20000}
{"aAcc": 73.9, "mIoU": 39.36, "mAcc": 50.61, "avg_val_loss": 5.94687752660952, "data_time": 0.009227092067400614, "time": 0.34685316930214566, "step": 22368}
{"aAcc": 63.69, "mIoU": 29.18, "mAcc": 40.16, "avg_val_loss": 6.102878817876702, "data_time": 0.007942850391070047, "time": 0.34741106381018955, "step": 29824}
{"lr": 0.007283232762750171, "data_time": 0.0703033447265625, "loss": 4.489654016494751, "decode.loss_ce": 0.45441353023052217, "decode.acc_seg": 73.71822357177734, "aux_0.loss_ce": 1.4069576621055604, "aux_0.acc_seg": 46.93088912963867, "aux_1.loss_ce": 1.0556692242622376, "aux_1.acc_seg": 52.65355682373047, "aux_2.loss_ce": 0.8134320676326752, "aux_2.acc_seg": 55.11955642700195, "aux_3.loss_ce": 0.7591814815998077, "aux_3.acc_seg": 59.34977722167969, "time": 0.16335670948028563, "iter": 30000, "memory": 901, "step": 30000}
{"aAcc": 74.53, "mIoU": 40.36, "mAcc": 51.2, "avg_val_loss": 6.0026802101103875, "data_time": 0.0073408509294192, "time": 0.36109911402066547, "step": 37280}
{"lr": 0.006352703407289149, "data_time": 0.03793292045593262, "loss": 3.6442145824432375, "decode.loss_ce": 0.3208135664463043, "decode.acc_seg": 92.28800201416016, "aux_0.loss_ce": 1.3320465207099914, "aux_0.acc_seg": 73.65533447265625, "aux_1.loss_ce": 0.9028707683086395, "aux_1.acc_seg": 82.89688873291016, "aux_2.loss_ce": 0.5856273829936981, "aux_2.acc_seg": 90.16000366210938, "aux_3.loss_ce": 0.5028563380241394, "aux_3.acc_seg": 89.86355590820312, "time": 0.16575355529785157, "iter": 40000, "memory": 901, "step": 40000}
{"aAcc": 76.85, "mIoU": 41.24, "mAcc": 49.24, "avg_val_loss": 5.8797129696398445, "data_time": 0.008462044099966684, "time": 0.3603133832414945, "step": 44736}
{"lr": 0.0054064577076796795, "data_time": 0.04501121044158936, "loss": 4.240007758140564, "decode.loss_ce": 0.3374362483620644, "decode.acc_seg": 83.94644165039062, "aux_0.loss_ce": 1.4370902001857757, "aux_0.acc_seg": 17.227556228637695, "aux_1.loss_ce": 1.0937971353530884, "aux_1.acc_seg": 29.72333335876465, "aux_2.loss_ce": 0.7643446743488311, "aux_2.acc_seg": 54.39155578613281, "aux_3.loss_ce": 0.6073395133018493, "aux_3.acc_seg": 73.26155853271484, "time": 0.12749097347259522, "iter": 50000, "memory": 901, "step": 50000}
{"aAcc": 76.83, "mIoU": 41.29, "mAcc": 51.04, "avg_val_loss": 5.802111511643892, "data_time": 0.008124309281508127, "time": 0.3579995781183243, "step": 52192}
{"aAcc": 70.82, "mIoU": 37.25, "mAcc": 48.87, "avg_val_loss": 5.779792384768983, "data_time": 0.0079933429757754, "time": 0.349860355257988, "step": 59648}
{"lr": 0.004440959115695473, "data_time": 0.03958122730255127, "loss": 3.673716735839844, "decode.loss_ce": 0.2982174947857857, "decode.acc_seg": 93.49622344970703, "aux_0.loss_ce": 1.3493478775024415, "aux_0.acc_seg": 75.4020004272461, "aux_1.loss_ce": 0.858257070183754, "aux_1.acc_seg": 83.4000015258789, "aux_2.loss_ce": 0.6205226600170135, "aux_2.acc_seg": 85.47733306884766, "aux_3.loss_ce": 0.5473716050386429, "aux_3.acc_seg": 86.09244537353516, "time": 0.139107608795166, "iter": 60000, "memory": 901, "step": 60000}
{"aAcc": 76.24, "mIoU": 41.87, "mAcc": 52.84, "avg_val_loss": 5.729442672379184, "data_time": 0.008515256146589914, "time": 0.35875558108091354, "step": 67104}
{"lr": 0.0034507407905215665, "data_time": 0.0037648916244506837, "loss": 3.5386192321777346, "decode.loss_ce": 0.27710015773773194, "decode.acc_seg": 86.4911117553711, "aux_0.loss_ce": 1.2850343823432921, "aux_0.acc_seg": 57.784446716308594, "aux_1.loss_ce": 0.8662226021289825, "aux_1.acc_seg": 62.67311096191406, "aux_2.loss_ce": 0.6052717953920365, "aux_2.acc_seg": 65.85488891601562, "aux_3.loss_ce": 0.5049902737140656, "aux_3.acc_seg": 68.054443359375, "time": 0.12892701625823974, "iter": 70000, "memory": 901, "step": 70000}
{"aAcc": 79.5, "mIoU": 41.83, "mAcc": 51.5, "avg_val_loss": 5.647410426963317, "data_time": 0.008437884350617727, "time": 0.3616078967849414, "step": 74560}
{"lr": 0.002426262391078836, "data_time": 0.0628448486328125, "loss": 3.369145941734314, "decode.loss_ce": 0.2815928265452385, "decode.acc_seg": 94.36377716064453, "aux_0.loss_ce": 1.1554025292396546, "aux_0.acc_seg": 84.8413314819336, "aux_1.loss_ce": 0.8168582797050477, "aux_1.acc_seg": 89.19222259521484, "aux_2.loss_ce": 0.6098113119602203, "aux_2.acc_seg": 91.35733795166016, "aux_3.loss_ce": 0.5054809987545014, "aux_3.acc_seg": 91.2280044555664, "time": 0.1477045774459839, "iter": 80000, "memory": 901, "step": 80000}
{"aAcc": 80.14, "mIoU": 44.23, "mAcc": 52.75, "avg_val_loss": 5.49217463155326, "data_time": 0.009400005141894022, "time": 0.3618129367629687, "step": 82016}
{"aAcc": 80.32, "mIoU": 49.18, "mAcc": 58.84, "avg_val_loss": 5.434480994610409, "data_time": 0.008978389203548431, "time": 0.3601905753215154, "step": 89472}
{"lr": 0.0013466131488271919, "data_time": 0.05283145904541016, "loss": 3.913359081745148, "decode.loss_ce": 0.3127200208604336, "decode.acc_seg": 87.28133392333984, "aux_0.loss_ce": 1.3479610979557037, "aux_0.acc_seg": 51.28155517578125, "aux_1.loss_ce": 1.008154484629631, "aux_1.acc_seg": 52.75777816772461, "aux_2.loss_ce": 0.6841462969779968, "aux_2.acc_seg": 73.94689178466797, "aux_3.loss_ce": 0.5603772044181824, "aux_3.acc_seg": 84.21444702148438, "time": 0.136414098739624, "iter": 90000, "memory": 901, "step": 90000}
{"aAcc": 78.22, "mIoU": 43.69, "mAcc": 53.85, "avg_val_loss": 5.3805006909919415, "data_time": 0.008230850100517273, "time": 0.3491876497864723, "step": 96928}
{"lr": 0.0001, "data_time": 0.004298973083496094, "loss": 3.5681318283081054, "decode.loss_ce": 0.2629167504608631, "decode.acc_seg": 91.11978149414062, "aux_0.loss_ce": 1.3825438141822814, "aux_0.acc_seg": 27.416000366210938, "aux_1.loss_ce": 0.9220874309539795, "aux_1.acc_seg": 48.91866683959961, "aux_2.loss_ce": 0.5699112877249718, "aux_2.acc_seg": 71.85400390625, "aux_3.loss_ce": 0.4306725636124611, "aux_3.acc_seg": 88.34577941894531, "time": 0.13682777881622316, "iter": 100000, "memory": 901, "step": 100000}
{"aAcc": 76.84, "mIoU": 39.67, "mAcc": 50.03, "avg_val_loss": 5.265863688117579,