{"lr": 0.0015930867963809803, "data_time": 0.49353044033050536, "loss": 7.880304670333862, "decode.loss_ce": 1.3011662185192108, "decode.acc_seg": 51.247501373291016, "aux_0.loss_ce": 2.1151078820228575, "aux_0.acc_seg": 46.529109954833984, "aux_1.loss_ce": 1.5935598492622376, "aux_1.acc_seg": 51.11616897583008, "aux_2.loss_ce": 1.4414669871330261, "aux_2.acc_seg": 51.99244689941406, "aux_3.loss_ce": 1.4290037155151367, "aux_3.acc_seg": 46.55183410644531, "time": 0.9503715753555297, "iter": 100, "memory": 19198, "step": 100}
