{"lr": 0.0072072072072071995, "data_time": 0.0033156633377075194, "loss": 5.114698803424835, "decode.loss_ce": 0.8868097543716431, "decode.acc_seg": 45.51555633544922, "aux_0.loss_ce": 1.3339024543762208, "aux_0.acc_seg": 47.27764129638672, "aux_1.loss_ce": 1.080615109205246, "aux_1.acc_seg": 46.913475036621094, "aux_2.loss_ce": 0.9060223221778869, "aux_2.acc_seg": 45.48111343383789, "aux_3.loss_ce": 0.9073491781949997, "aux_3.acc_seg": 41.41111373901367, "time": 0.09504940509796142, "iter": 50, "memory": 17605, "step": 50}
{"lr": 0.009459459459459446, "data_time": 0.0036049604415893553, "loss": 4.669885206222534, "decode.loss_ce": 0.8635652482509613, "decode.acc_seg": 63.39694595336914, "aux_0.loss_ce": 1.0107950508594512, "aux_0.acc_seg": 64.10292053222656, "aux_1.loss_ce": 0.9392411351203919, "aux_1.acc_seg": 58.254722595214844, "aux_2.loss_ce": 0.9600910067558288, "aux_2.acc_seg": 57.52138900756836, "aux_3.loss_ce": 0.896192753314972, "aux_3.acc_seg": 56.073612213134766, "time": 0.09734518527984619, "iter": 100, "memory": 1290, "step": 100}
{"lr": 0.011711711711711703, "data_time": 0.0032521724700927735, "loss": 3.5592283964157105, "decode.loss_ce": 0.6791450381278992, "decode.acc_seg": 70.03189086914062, "aux_0.loss_ce": 0.6895203441381454, "aux_0.acc_seg": 90.75960540771484, "aux_1.loss_ce": 0.6734562516212463, "aux_1.acc_seg": 86.6546630859375, "aux_2.loss_ce": 0.6791335016489028, "aux_2.acc_seg": 78.05915832519531, "aux_3.loss_ce": 0.8379733473062515, "aux_3.acc_seg": 73.93912506103516, "time": 0.0950420618057251, "iter": 150, "memory": 1291, "step": 150}
{"lr": 0.013963963963963955, "data_time": 0.0037395238876342775, "loss": 4.627375340461731, "decode.loss_ce": 0.967866849899292, "decode.acc_seg": 66.04683685302734, "aux_0.loss_ce": 0.8982526123523712, "aux_0.acc_seg": 59.651973724365234, "aux_1.loss_ce": 0.8583123862743378, "aux_1.acc_seg": 55.32413101196289, "aux_2.loss_ce": 0.8763616263866425, "aux_2.acc_seg": 58.539085388183594, "aux_3.loss_ce": 1.0265818774700164, "aux_3.acc_seg": 59.09157180786133, "time": 0.1322927236557007, "iter": 200, "memory": 1291, "step": 200}
{"lr": 0.01621621621621619, "data_time": 0.004426121711730957, "loss": 4.668803262710571, "decode.loss_ce": 0.9028086930513382, "decode.acc_seg": 64.78706359863281, "aux_0.loss_ce": 0.972203916311264, "aux_0.acc_seg": 64.11299896240234, "aux_1.loss_ce": 0.942769530415535, "aux_1.acc_seg": 64.92791748046875, "aux_2.loss_ce": 0.9286546558141708, "aux_2.acc_seg": 61.95278549194336, "aux_3.loss_ce": 0.9223665982484818, "aux_3.acc_seg": 65.57396697998047, "time": 0.1145582914352417, "iter": 250, "memory": 1291, "step": 250}
{"lr": 0.01846846846846844, "data_time": 0.008140015602111816, "loss": 5.396590209007263, "decode.loss_ce": 1.056814268231392, "decode.acc_seg": 83.6627197265625, "aux_0.loss_ce": 1.0572714805603027, "aux_0.acc_seg": 84.49589538574219, "aux_1.loss_ce": 0.996060562133789, "aux_1.acc_seg": 80.23513793945312, "aux_2.loss_ce": 1.0691601425409316, "aux_2.acc_seg": 85.79852294921875, "aux_3.loss_ce": 1.2172839105129243, "aux_3.acc_seg": 81.47389221191406, "time": 0.10482759475708008, "iter": 300, "memory": 1291, "step": 300}
