{"lr": 0.005201541801877408, "data_time": 0.004681801795959473, "loss": 7.199822902679443, "decode.loss_ce": 1.0000651717185973, "decode.acc_seg": 68.28600311279297, "aux_0.loss_ce": 1.637725043296814, "aux_0.acc_seg": 55.33177947998047, "aux_1.loss_ce": 1.5251947164535522, "aux_1.acc_seg": 53.700889587402344, "aux_2.loss_ce": 1.4543865382671357, "aux_2.acc_seg": 58.377777099609375, "aux_3.loss_ce": 1.5824514746665954, "aux_3.acc_seg": 49.21266555786133, "time": 0.14061348438262938, "iter": 500, "memory": 17409, "step": 500}
