{"lr": 0.0050220502205022026, "data_time": 0.003538060188293457, "loss": 9.632105827331543, "decode.loss_ce": 1.7016406297683715, "decode.acc_seg": 58.135555267333984, "aux_0.loss_ce": 2.2419214248657227, "aux_0.acc_seg": 54.316890716552734, "aux_1.loss_ce": 1.9915441632270814, "aux_1.acc_seg": 52.363555908203125, "aux_2.loss_ce": 1.8309916257858276, "aux_2.acc_seg": 35.23533248901367, "aux_3.loss_ce": 1.8660081028938293, "aux_3.acc_seg": 32.99177932739258, "time": 0.15017197132110596, "iter": 50, "memory": 17408, "step": 50}
{"val_loss": 96.13604447379907, "data_time": 0.007509359768127293, "time": 0.09076433866273458, "step": 50}
{"lr": 0.00504455044550445, "data_time": 0.0617145299911499, "loss": 9.221107578277588, "decode.loss_ce": 1.7672064423561096, "decode.acc_seg": 32.977779388427734, "aux_0.loss_ce": 2.0366424322128296, "aux_0.acc_seg": 20.09577751159668, "aux_1.loss_ce": 1.9316852331161498, "aux_1.acc_seg": 29.26911163330078, "aux_2.loss_ce": 1.7273052334785461, "aux_2.acc_seg": 40.123111724853516, "aux_3.loss_ce": 1.7582682490348815, "aux_3.acc_seg": 35.86688995361328, "time": 0.14430601596832277, "iter": 100, "memory": 901, "step": 100}
