{"lr": 0.0007971981320880594, "data_time": 0.014520049095153809, "loss": 5.537560033798218, "decode.loss_ce": 0.7559610962867737, "decode.acc_seg": 60.52888870239258, "aux_0.loss_ce": 2.02898530960083, "aux_0.acc_seg": 47.331443786621094, "aux_1.loss_ce": 1.3146714329719544, "aux_1.acc_seg": 44.011444091796875, "aux_2.loss_ce": 0.7796677410602569, "aux_2.acc_seg": 63.78722381591797, "aux_3.loss_ce": 0.658274382352829, "aux_3.acc_seg": 68.34477996826172, "time": 0.5520115375518799, "iter": 100, "memory": 19902, "step": 100}
{"aAcc": 63.4, "mIoU": 47.21, "mAcc": 63.67, "avg_val_loss": 5.63557739372839, "data_time": 0.011554465737453726, "time": 0.14929827423982842, "step": 100}
{"lr": 0.0010973982655103425, "data_time": 0.4207216024398804, "loss": 3.9888826608657837, "decode.loss_ce": 0.6239073216915131, "decode.acc_seg": 74.24827575683594, "aux_0.loss_ce": 1.251572275161743, "aux_0.acc_seg": 74.01066589355469, "aux_1.loss_ce": 0.8619396030902863, "aux_1.acc_seg": 74.23339080810547, "aux_2.loss_ce": 0.6681343078613281, "aux_2.acc_seg": 74.24678039550781, "aux_3.loss_ce": 0.5833291590213776, "aux_3.acc_seg": 74.9560546875, "time": 0.6866087913513184, "iter": 200, "memory": 34507, "step": 200}
{"aAcc": 59.1, "mIoU": 43.95, "mAcc": 62.68, "avg_val_loss": 5.122241987296713, "data_time": 0.007212896456663636, "time": 0.11435330051115189, "step": 200}
{"lr": 0.0013975983989326238, "data_time": 0.14427731037139893, "loss": 3.5540658712387083, "decode.loss_ce": 0.5899643391370774, "decode.acc_seg": 63.004112243652344, "aux_0.loss_ce": 0.9434145867824555, "aux_0.acc_seg": 65.64739227294922, "aux_1.loss_ce": 0.7892209529876709, "aux_1.acc_seg": 65.30955505371094, "aux_2.loss_ce": 0.6440029799938202, "aux_2.acc_seg": 65.83805847167969, "aux_3.loss_ce": 0.5874629884958267, "aux_3.acc_seg": 66.2252197265625, "time": 0.6224625587463379, "iter": 300, "memory": 3746, "step": 300}
{"aAcc": 65.86, "mIoU": 48.6, "mAcc": 64.12, "avg_val_loss": 4.84042015511971, "data_time": 0.008917123421855357, "time": 0.11687763257958424, "step": 300}
{"lr": 0.0016977985323549047, "data_time": 0.36675548553466797, "loss": 3.2278295278549196, "decode.loss_ce": 0.5022688329219818, "decode.acc_seg": 75.83183288574219, "aux_0.loss_ce": 0.8629349589347839, "aux_0.acc_seg": 50.0984992980957, "aux_1.loss_ce": 0.744670033454895, "aux_1.acc_seg": 58.60511016845703, "aux_2.loss_ce": 0.5883605509996415, "aux_2.acc_seg": 74.03478240966797, "aux_3.loss_ce": 0.5295951336622238, "aux_3.acc_seg": 74.88105773925781, "time": 0.6363893747329712, "iter": 400, "memory": 3746, "step": 400}
{"aAcc": 51.43, "mIoU": 36.71, "mAcc": 56.9, "avg_val_loss": 4.837553115964633, "data_time": 0.008299427470941654, "time": 0.11914784606845899, "step": 400}
{"lr": 0.0019979986657771864, "data_time": 0.010825324058532714, "loss": 3.1967535495758055, "decode.loss_ce": 0.5212357610464096, "decode.acc_seg": 75.18000030517578, "aux_0.loss_ce": 0.7988722085952759, "aux_0.acc_seg": 59.54427719116211, "aux_1.loss_ce": 0.7152172505855561, "aux_1.acc_seg": 68.22100067138672, "aux_2.loss_ce": 0.6033908188343048, "aux_2.acc_seg": 73.31722259521484, "aux_3.loss_ce": 0.5580374389886856, "aux_3.acc_seg": 74.95361328125, "time": 0.6506011962890625, "iter": 500, "memory": 3746, "step": 500}
{"aAcc": 68.4, "mIoU": 51.67, "mAcc": 67.53, "avg_val_loss": 4.671790512002003, "data_time": 0.005955405618952608, "time": 0.11484711471645312, "step": 500}
{"lr": 0.0022981987991994688, "data_time": 0.23121974468231202, "loss": 2.9070762395858765, "decode.loss_ce": 0.4537454009056091, "decode.acc_seg": 87.28005981445312, "aux_0.loss_ce": 0.7460849225521088, "aux_0.acc_seg": 60.53361129760742, "aux_1.loss_ce": 0.6576365053653717, "aux_1.acc_seg": 68.7590560913086, "aux_2.loss_ce": 0.5547470688819885, "aux_2.acc_seg": 86.3572769165039, "aux_3.loss_ce": 0.4948622852563858, "aux_3.acc_seg": 87.5800552368164, "time": 0.5408747434616089, "iter": 600, "memory": 3746, "step": 600}
{"aAcc": 46.75, "mIoU": 32.11, "mAcc": 53.08, "avg_val_loss": 4.830086179455238, "data_time": 0.016045499122005768, "time": 0.12608383441793508, "step": 600}
{"lr": 0.0025983989326217477, "data_time": 0.23671286106109618, "loss": 2.8159327030181887, "decode.loss_ce": 0.425252965092659, "decode.acc_seg": 88.3143310546875, "aux_0.loss_ce": 0.7541446208953857, "aux_0.acc_seg": 63.08761215209961, "aux_1.loss_ce": 0.6464845299720764, "aux_1.acc_seg": 70.73149871826172, "aux_2.loss_ce": 0.5216148495674133, "aux_2.acc_seg": 83.19466400146484, "aux_3.loss_ce": 0.4684357523918152, "aux_3.acc_seg": 87.0193862915039, "time": 0.5045831680297852, "iter": 700, "memory": 3746, "step": 700}
{"aAcc": 66.7, "mIoU": 48.43, "mAcc": 64.48, "avg_val_loss": 4.659050165349579, "data_time": 0.007888064987358006, "time": 0.11648045463123541, "step": 700}
{"lr": 0.002898599066044028, "data_time": 0.016733002662658692, "loss": 2.975730061531067, "decode.loss_ce": 0.4217883050441742, "decode.acc_seg": 83.41928100585938, "aux_0.loss_ce": 0.7997409164905548, "aux_0.acc_seg": 68.05183410644531, "aux_1.loss_ce": 0.6810332179069519, "aux_1.acc_seg": 72.9560546875, "aux_2.loss_ce": 0.5705972880125045, "aux_2.acc_seg": 77.72266387939453, "aux_3.loss_ce": 0.5025702953338623, "aux_3.acc_seg": 77.16094207763672, "time": 0.535231614112854, "iter": 800, "memory": 3746, "step": 800}
{"aAcc": 53.21, "mIoU": 36.33, "mAcc": 55.43, "avg_val_loss": 4.583907113524906, "data_time": 0.007724361858148685, "time": 0.11778149111517544, "step": 800}
{"lr": 0.003198799199466308, "data_time": 0.04840223789215088, "loss": 2.6236634969711305, "decode.loss_ce": 0.34645274579524993, "decode.acc_seg": 86.35083770751953, "aux_0.loss_ce": 0.7420735538005829, "aux_0.acc_seg": 68.39128112792969, "aux_1.loss_ce": 0.610805481672287, "aux_1.acc_seg": 72.88755798339844, "aux_2.loss_ce": 0.49682693779468534, "aux_2.acc_seg": 78.6221694946289, "aux_3.loss_ce": 0.42750475704669955, "aux_3.acc_seg": 81.15583801269531, "time": 0.66063551902771, "iter": 900, "memory": 3746, "step": 900}
{"aAcc": 43.12, "mIoU": 26.96, "mAcc": 48.13, "avg_val_loss": 4.954760532349329, "data_time": 0.007591740838412581, "time": 0.11521467395212459, "step": 900}
