{"lr": 0.009977946193619735, "data_time": 1.0193127632141112, "loss": 1.666812574863434, "decode.loss_context": 1.1067601501941682, "decode.loss_spatial": 0.5600524395704269, "decode.acc_seg": 79.77156066894531, "time": 1.2255462646484374, "iter": 50, "memory": 6806, "step": 50}
{"lr": 0.009955436725093325, "data_time": 0.79809410572052, "loss": 1.341821312904358, "decode.loss_context": 0.8989287555217743, "decode.loss_spatial": 0.4428925573825836, "decode.acc_seg": 74.57295227050781, "time": 1.2153913974761963, "iter": 100, "memory": 4916, "step": 100}
{"lr": 0.009932921600204743, "data_time": 0.712564754486084, "loss": 1.286040461063385, "decode.loss_context": 0.877062326669693, "decode.loss_spatial": 0.4089781254529953, "decode.acc_seg": 84.85628509521484, "time": 1.079720139503479, "iter": 150, "memory": 4916, "step": 150}
{"lr": 0.009910400803279436, "data_time": 1.1459847927093505, "loss": 1.3069067478179932, "decode.loss_context": 0.8930738747119904, "decode.loss_spatial": 0.41383289694786074, "decode.acc_seg": 82.34193420410156, "time": 1.3627966165542602, "iter": 200, "memory": 4916, "step": 200}
{"lr": 0.009887874318559725, "data_time": 0.7297240018844604, "loss": 1.2131043314933776, "decode.loss_context": 0.8215124309062958, "decode.loss_spatial": 0.3915919214487076, "decode.acc_seg": 86.0146484375, "time": 0.9369453430175781, "iter": 250, "memory": 4916, "step": 250}
{"lr": 0.009865342130204138, "data_time": 1.0575642347335816, "loss": 1.2171674966812134, "decode.loss_context": 0.8320032179355621, "decode.loss_spatial": 0.38516428172588346, "decode.acc_seg": 84.61625671386719, "time": 1.2781826734542847, "iter": 300, "memory": 4916, "step": 300}
{"lr": 0.00984280422228677, "data_time": 0.7936158180236816, "loss": 1.2896104812622071, "decode.loss_context": 0.885541707277298, "decode.loss_spatial": 0.4040687829256058, "decode.acc_seg": 85.73731231689453, "time": 1.013039469718933, "iter": 350, "memory": 4916, "step": 350}
{"lr": 0.009820260578796598, "data_time": 1.1239423990249633, "loss": 1.213615393638611, "decode.loss_context": 0.8426435589790344, "decode.loss_spatial": 0.3709718257188797, "decode.acc_seg": 85.33399963378906, "time": 1.334077739715576, "iter": 400, "memory": 4916, "step": 400}
{"lr": 0.009797711183636806, "data_time": 0.8390054941177368, "loss": 1.1984418511390686, "decode.loss_context": 0.8162964522838593, "decode.loss_spatial": 0.3821453958749771, "decode.acc_seg": 87.49971771240234, "time": 1.0468209981918335, "iter": 450, "memory": 4916, "step": 450}
{"lr": 0.00977515602062414, "data_time": 0.921589732170105, "loss": 1.1326756119728087, "decode.loss_context": 0.7763809740543366, "decode.loss_spatial": 0.3562946438789368, "decode.acc_seg": 84.10413360595703, "time": 1.1310018301010132, "iter": 500, "memory": 4916, "step": 500}
{"lr": 0.00975259507348816, "data_time": 0.982725715637207, "loss": 1.1529929637908936, "decode.loss_context": 0.7968020498752594, "decode.loss_spatial": 0.35619092881679537, "decode.acc_seg": 84.98298645019531, "time": 1.1897682189941405, "iter": 550, "memory": 4916, "step": 550}
{"lr": 0.009730028325870601, "data_time": 0.7859666824340821, "loss": 1.1351669669151305, "decode.loss_context": 0.773714679479599, "decode.loss_spatial": 0.3614522725343704, "decode.acc_seg": 82.47427368164062, "time": 0.9934635639190674, "iter": 600, "memory": 4916, "step": 600}
{"lr": 0.009707455761324642, "data_time": 1.204988431930542, "loss": 1.1221611499786377, "decode.loss_context": 0.7802534520626068, "decode.loss_spatial": 0.3419076979160309, "decode.acc_seg": 87.87522888183594, "time": 1.4142306327819825, "iter": 650, "memory": 4916, "step": 650}
{"lr": 0.009684877363314207, "data_time": 0.7545085430145264, "loss": 1.1072418093681335, "decode.loss_context": 0.7698343932628632, "decode.loss_spatial": 0.33740743696689607, "decode.acc_seg": 87.52289581298828, "time": 0.9657587766647339, "iter": 700, "memory": 4916, "step": 700}
{"lr": 0.009662293115213242, "data_time": 1.1731515645980835, "loss": 1.173100233078003, "decode.loss_context": 0.8119764447212219, "decode.loss_spatial": 0.3611238181591034, "decode.acc_seg": 85.64585876464844, "time": 1.3818361282348632, "iter": 750, "memory": 4916, "step": 750}
{"lr": 0.009639703000304992, "data_time": 0.7525085210800171, "loss": 1.1085841536521912, "decode.loss_context": 0.7626517832279205, "decode.loss_spatial": 0.3459323674440384, "decode.acc_seg": 85.48383331298828, "time": 0.9703736305236816, "iter": 800, "memory": 4916, "step": 800}
{"lr": 0.009617107001781271, "data_time": 0.97224280834198, "loss": 1.1134640574455261, "decode.loss_context": 0.7796856820583343, "decode.loss_spatial": 0.3337783694267273, "decode.acc_seg": 83.49262237548828, "time": 1.2558565139770508, "iter": 850, "memory": 4916, "step": 850}
{"lr": 0.00959450510274172, "data_time": 0.8058152914047241, "loss": 1.141678011417389, "decode.loss_context": 0.7848880529403687, "decode.loss_spatial": 0.3567899584770203, "decode.acc_seg": 86.48445892333984, "time": 1.0616997480392456, "iter": 900, "memory": 4916, "step": 900}
{"lr": 0.00957189728619307, "data_time": 1.1003081560134889, "loss": 1.1014923572540283, "decode.loss_context": 0.7729109942913055, "decode.loss_spatial": 0.32858137488365174, "decode.acc_seg": 81.59835052490234, "time": 1.3090086460113526, "iter": 950, "memory": 4916, "step": 950}
{"lr": 0.009549283535048369, "data_time": 0.7895609617233277, "loss": 1.1730011582374573, "decode.loss_context": 0.8060964524745942, "decode.loss_spatial": 0.3669047087430954, "decode.acc_seg": 85.62860107421875, "time": 1.015165376663208, "iter": 1000, "memory": 4916, "step": 1000}
{"lr": 0.009526663832126216, "data_time": 1.023947262763977, "loss": 1.1201766967773437, "decode.loss_context": 0.7796711683273315, "decode.loss_spatial": 0.3405055582523346, "decode.acc_seg": 85.09846496582031, "time": 1.231638503074646, "iter": 1050, "memory": 4916, "step": 1050}
{"lr": 0.009504038160149995, "data_time": 1.0085968494415283, "loss": 1.1189017713069915, "decode.loss_context": 0.773553091287613, "decode.loss_spatial": 0.3453486680984497, "decode.acc_seg": 85.61557006835938, "time": 1.2163571834564209, "iter": 1100, "memory": 4916, "step": 1100}
