{"aAcc": 87.72, "mIoU": 54.28, "mAcc": 64.56, "data_time": 0.055346404136247335, "time": 0.07432411498137383}