{"lr": 0.0015943962641761188, "data_time": 0.009710168838500977, "loss": 4.579223918914795, "decode.loss_ce": 0.6491118490695953, "decode.acc_seg": 71.49883270263672, "aux_0.loss_ce": 1.6159318327903747, "aux_0.acc_seg": 55.10494613647461, "aux_1.loss_ce": 0.983132404088974, "aux_1.acc_seg": 55.01761245727539, "aux_2.loss_ce": 0.7117978453636169, "aux_2.acc_seg": 73.80355834960938, "aux_3.loss_ce": 0.6192499756813049, "aux_3.acc_seg": 77.12000274658203, "time": 0.5939607143402099, "iter": 100, "memory": 19645, "step": 100}
{"aAcc": 61.61, "mIoU": 46.59, "mAcc": 63.06, "avg_val_loss": 5.081970772199464, "data_time": 0.011743567710699038, "time": 0.12808587662009305, "step": 100}
{"lr": 0.002194796531020685, "data_time": 0.45078096389770506, "loss": 3.414419078826904, "decode.loss_ce": 0.502940782904625, "decode.acc_seg": 75.26889038085938, "aux_0.loss_ce": 0.9430881083011627, "aux_0.acc_seg": 62.400943756103516, "aux_1.loss_ce": 0.762301629781723, "aux_1.acc_seg": 63.029109954833984, "aux_2.loss_ce": 0.6169019222259522, "aux_2.acc_seg": 69.73194885253906, "aux_3.loss_ce": 0.5891866534948349, "aux_3.acc_seg": 69.72005462646484, "time": 0.6710342168807983, "iter": 200, "memory": 34219, "step": 200}
{"aAcc": 44.29, "mIoU": 24.68, "mAcc": 44.73, "avg_val_loss": 6.4347285619604655, "data_time": 0.008725125214149212, "time": 0.10304363842668204, "step": 200}
{"lr": 0.0027951967978652476, "data_time": 0.03161675930023193, "loss": 3.3576728105545044, "decode.loss_ce": 0.4563895225524902, "decode.acc_seg": 80.61355590820312, "aux_0.loss_ce": 0.8806475162506103, "aux_0.acc_seg": 69.75527954101562, "aux_1.loss_ce": 0.7720129132270813, "aux_1.acc_seg": 65.02210998535156, "aux_2.loss_ce": 0.6543882250785827, "aux_2.acc_seg": 73.47044372558594, "aux_3.loss_ce": 0.5942346304655075, "aux_3.acc_seg": 75.47777557373047, "time": 0.5525172233581543, "iter": 300, "memory": 3339, "step": 300}
{"aAcc": 59.61, "mIoU": 41.31, "mAcc": 59.97, "avg_val_loss": 5.903054412810193, "data_time": 0.008117056441033024, "time": 0.10306904781823871, "step": 300}
{"lr": 0.0033955970647098093, "data_time": 0.11489326953887939, "loss": 3.10947527885437, "decode.loss_ce": 0.4419306367635727, "decode.acc_seg": 81.5165023803711, "aux_0.loss_ce": 0.7706213057041168, "aux_0.acc_seg": 63.645721435546875, "aux_1.loss_ce": 0.6866059720516204, "aux_1.acc_seg": 74.14372253417969, "aux_2.loss_ce": 0.6241140097379685, "aux_2.acc_seg": 74.64238739013672, "aux_3.loss_ce": 0.5862033247947693, "aux_3.acc_seg": 73.6489486694336, "time": 0.564116644859314, "iter": 400, "memory": 3339, "step": 400}
{"aAcc": 61.44, "mIoU": 44.17, "mAcc": 60.59, "avg_val_loss": 5.40759880073935, "data_time": 0.007226305446405521, "time": 0.10245095998391338, "step": 400}
{"lr": 0.003995997331554373, "data_time": 0.010961222648620605, "loss": 2.687931442260742, "decode.loss_ce": 0.3400504231452942, "decode.acc_seg": 86.802001953125, "aux_0.loss_ce": 0.7524975001811981, "aux_0.acc_seg": 57.180110931396484, "aux_1.loss_ce": 0.6111769437789917, "aux_1.acc_seg": 74.94977569580078, "aux_2.loss_ce": 0.518722340464592, "aux_2.acc_seg": 79.70938873291016, "aux_3.loss_ce": 0.4654842853546143, "aux_3.acc_seg": 82.78483581542969, "time": 0.5423857927322387, "iter": 500, "memory": 3339, "step": 500}
{"aAcc": 58.47, "mIoU": 38.5, "mAcc": 56.17, "avg_val_loss": 5.225580146124488, "data_time": 0.00788124676408439, "time": 0.10254017512003581, "step": 500}
{"lr": 0.0045963975983989375, "data_time": 0.04992821216583252, "loss": 2.670403075218201, "decode.loss_ce": 0.3330772936344147, "decode.acc_seg": 85.86978149414062, "aux_0.loss_ce": 0.7525077819824219, "aux_0.acc_seg": 59.55500030517578, "aux_1.loss_ce": 0.6105807304382325, "aux_1.acc_seg": 77.56005859375, "aux_2.loss_ce": 0.5170994251966476, "aux_2.acc_seg": 83.0584487915039, "aux_3.loss_ce": 0.457137855887413, "aux_3.acc_seg": 84.02422332763672, "time": 0.5305041074752808, "iter": 600, "memory": 3339, "step": 600}
{"aAcc": 58.66, "mIoU": 40.15, "mAcc": 58.03, "avg_val_loss": 5.27176379654956, "data_time": 0.0071582492740674955, "time": 0.10129261838978734, "step": 600}
{"lr": 0.005196797865243495, "data_time": 0.2201972484588623, "loss": 2.627707529067993, "decode.loss_ce": 0.3307744860649109, "decode.acc_seg": 87.07611083984375, "aux_0.loss_ce": 0.7162641108036041, "aux_0.acc_seg": 67.76350402832031, "aux_1.loss_ce": 0.5909746527671814, "aux_1.acc_seg": 82.64871978759766, "aux_2.loss_ce": 0.5127341032028199, "aux_2.acc_seg": 83.04360961914062, "aux_3.loss_ce": 0.4769601792097092, "aux_3.acc_seg": 84.86805725097656, "time": 0.593459939956665, "iter": 700, "memory": 3339, "step": 700}
{"aAcc": 64.85, "mIoU": 46.63, "mAcc": 62.8, "avg_val_loss": 5.137226661581643, "data_time": 0.007593053510819359, "time": 0.10188542289295416, "step": 700}
{"lr": 0.005797198132088056, "data_time": 0.06296284198760986, "loss": 2.547874927520752, "decode.loss_ce": 0.28666622191667557, "decode.acc_seg": 87.06505584716797, "aux_0.loss_ce": 0.7463794767856597, "aux_0.acc_seg": 58.44072341918945, "aux_1.loss_ce": 0.5922822892665863, "aux_1.acc_seg": 69.99427795410156, "aux_2.loss_ce": 0.48733496069908144, "aux_2.acc_seg": 79.01638793945312, "aux_3.loss_ce": 0.4352119654417038, "aux_3.acc_seg": 80.62127685546875, "time": 0.6534891128540039, "iter": 800, "memory": 3339, "step": 800}
{"aAcc": 58.57, "mIoU": 39.18, "mAcc": 56.32, "avg_val_loss": 5.112600654145779, "data_time": 0.007129660968122811, "time": 0.10170503046320772, "step": 800}
{"lr": 0.006397598398932616, "data_time": 0.4162170648574829, "loss": 2.4768055200576784, "decode.loss_ce": 0.2810985028743744, "decode.acc_seg": 88.16777801513672, "aux_0.loss_ce": 0.7293614625930787, "aux_0.acc_seg": 65.30516815185547, "aux_1.loss_ce": 0.5653998672962188, "aux_1.acc_seg": 71.7763900756836, "aux_2.loss_ce": 0.47362641990184784, "aux_2.acc_seg": 76.58183288574219, "aux_3.loss_ce": 0.42731926441192625, "aux_3.acc_seg": 80.07477569580078, "time": 0.6343494892120362, "iter": 900, "memory": 3339, "step": 900}
{"aAcc": 64.92, "mIoU": 43.28, "mAcc": 59.16, "avg_val_loss": 5.218477233789276, "data_time": 0.007816298254604998, "time": 0.10244365944259468, "step": 900}
{"lr": 0.0069979986657771765, "data_time": 0.3884671449661255, "loss": 2.517597961425781, "decode.loss_ce": 0.28856595456600187, "decode.acc_seg": 86.47660827636719, "aux_0.loss_ce": 0.7190714597702026, "aux_0.acc_seg": 64.12044525146484, "aux_1.loss_ce": 0.5801967054605484, "aux_1.acc_seg": 74.06722259521484, "aux_2.loss_ce": 0.49359732270240786, "aux_2.acc_seg": 79.5967788696289, "aux_3.loss_ce": 0.4361664980649948, "aux_3.acc_seg": 79.90694427490234, "time": 0.6423022031784058, "iter": 1000, "memory": 3339, "step": 1000}
{"aAcc": 71.56, "mIoU": 54.55, "mAcc": 69.65, "avg_val_loss": 5.1838442749883, "data_time": 0.006443733456491053, "time": 0.10094466976735783, "step": 1000}
{"lr": 0.0075983989326217465, "data_time": 0.011640810966491699, "loss": 2.5369184255599975, "decode.loss_ce": 0.3034709706902504, "decode.acc_seg": 82.18194580078125, "aux_0.loss_ce": 0.6847485482692719, "aux_0.acc_seg": 57.58816909790039, "aux_1.loss_ce": 0.5972999274730683, "aux_1.acc_seg": 64.89722442626953, "aux_2.loss_ce": 0.4998272031545639, "aux_2.acc_seg": 76.00733184814453, "aux_3.loss_ce": 0.45157177448272706, "aux_3.acc_seg": 78.48333740234375, "time": 0.47166290283203127, "iter": 1100, "memory": 3339, "step": 1100}
{"aAcc": 72.61, "mIoU": 53.6, "mAcc": 67.85, "avg_val_loss": 5.185973954322742, "data_time": 0.007364185377099048, "time": 0.10143057779334057, "step": 1100}
{"lr": 0.008198799199466306, "data_time": 0.29419770240783694, "loss": 2.440477991104126, "decode.loss_ce": 0.27256463915109636, "decode.acc_seg": 86.92655944824219, "aux_0.loss_ce": 0.7069895565509796, "aux_0.acc_seg": 62.24333572387695, "aux_1.loss_ce": 0.5632122725248336, "aux_1.acc_seg": 73.2239990234375, "aux_2.loss_ce": 0.47129317224025724, "aux_2.acc_seg": 78.19589233398438, "aux_3.loss_ce": 0.42641830146312715, "aux_3.acc_seg": 80.1532211303711,