{"lr": 0.0015930867963809803, "data_time": 0.12681748867034912, "loss": 5.277887010574341, "decode.loss_ce": 0.752164614200592, "decode.acc_seg": 85.07333374023438, "aux_0.loss_ce": 1.8091165661811828, "aux_0.acc_seg": 70.86272430419922, "aux_1.loss_ce": 1.135116958618164, "aux_1.acc_seg": 74.33616638183594, "aux_2.loss_ce": 0.8403056621551513, "aux_2.acc_seg": 80.37188720703125, "aux_3.loss_ce": 0.7411831915378571, "aux_3.acc_seg": 83.78416442871094, "time": 0.379223108291626, "iter": 100, "memory": 19198, "step": 100}
{"aAcc": 7.06, "mIoU": 1.01, "mAcc": 7.2, "avg_val_loss": 20.962574752450685, "data_time": 0.011705925298291583, "time": 0.09806129821511202, "step": 100}
{"lr": 0.002191123271301943, "data_time": 0.008609318733215332, "loss": 4.415212202072143, "decode.loss_ce": 0.717051750421524, "decode.acc_seg": 83.11244201660156, "aux_0.loss_ce": 1.3203084230422975, "aux_0.acc_seg": 68.71700286865234, "aux_1.loss_ce": 0.9184852600097656, "aux_1.acc_seg": 78.89739227294922, "aux_2.loss_ce": 0.7603842616081238, "aux_2.acc_seg": 80.78656005859375, "aux_3.loss_ce": 0.698982447385788, "aux_3.acc_seg": 85.37183380126953, "time": 0.3740950584411621, "iter": 200, "memory": 10746, "step": 200}
{"aAcc": 6.82, "mIoU": 0.97, "mAcc": 7.02, "avg_val_loss": 21.40106297236437, "data_time": 0.007236842451424435, "time": 0.08725445297942765, "step": 200}
{"lr": 0.0027881034698292294, "data_time": 0.20255577564239502, "loss": 3.9016952514648438, "decode.loss_ce": 0.6602644920349121, "decode.acc_seg": 68.16122436523438, "aux_0.loss_ce": 1.0673552751541138, "aux_0.acc_seg": 60.42433547973633, "aux_1.loss_ce": 0.8109728038311005, "aux_1.acc_seg": 61.94289016723633, "aux_2.loss_ce": 0.7039113879203797, "aux_2.acc_seg": 64.92361450195312, "aux_3.loss_ce": 0.6591912627220153, "aux_3.acc_seg": 68.06261444091797, "time": 0.4203488349914551, "iter": 300, "memory": 2889, "step": 300}
{"aAcc": 7.64, "mIoU": 1.24, "mAcc": 7.65, "avg_val_loss": 22.530145718107914, "data_time": 0.007248503038252907, "time": 0.08991388068802056, "step": 300}
{"lr": 0.0033840217450599877, "data_time": 0.2242802619934082, "loss": 3.8178760528564455, "decode.loss_ce": 0.6781657367944718, "decode.acc_seg": 85.98628234863281, "aux_0.loss_ce": 0.9854470193386078, "aux_0.acc_seg": 78.23622131347656, "aux_1.loss_ce": 0.7861548125743866, "aux_1.acc_seg": 83.61194610595703, "aux_2.loss_ce": 0.6994972586631775, "aux_2.acc_seg": 85.7687759399414, "aux_3.loss_ce": 0.6686111986637115, "aux_3.acc_seg": 83.769775390625, "time": 0.4256685972213745, "iter": 400, "memory": 2889, "step": 400}
{"aAcc": 9.94, "mIoU": 1.51, "mAcc": 7.95, "avg_val_loss": 23.83099660225082, "data_time": 0.006621903386609307, "time": 0.09046695150178054, "step": 400}
{"lr": 0.003978874422200742, "data_time": 0.02069270610809326, "loss": 3.2934556007385254, "decode.loss_ce": 0.5553641885519027, "decode.acc_seg": 82.95616912841797, "aux_0.loss_ce": 0.8561731398105621, "aux_0.acc_seg": 79.841552734375, "aux_1.loss_ce": 0.6892600774765014, "aux_1.acc_seg": 86.89778137207031, "aux_2.loss_ce": 0.620625513792038, "aux_2.acc_seg": 86.5280532836914, "aux_3.loss_ce": 0.5720326781272889, "aux_3.acc_seg": 84.38838958740234, "time": 0.4068397045135498, "iter": 500, "memory": 2889, "step": 500}
{"aAcc": 4.85, "mIoU": 0.86, "mAcc": 6.63, "avg_val_loss": 25.30625075847782, "data_time": 0.00682090616774285, "time": 0.09044735459075577, "step": 500}
{"lr": 0.004572658891684879, "data_time": 0.12621853351593018, "loss": 3.7484686374664307, "decode.loss_ce": 0.678464487195015, "decode.acc_seg": 74.21561431884766, "aux_0.loss_ce": 0.9171102821826935, "aux_0.acc_seg": 64.6788330078125, "aux_1.loss_ce": 0.7802675008773804, "aux_1.acc_seg": 71.46316528320312, "aux_2.loss_ce": 0.7011506974697113, "aux_2.acc_seg": 69.99300384521484, "aux_3.loss_ce": 0.6714756995439529, "aux_3.acc_seg": 72.02522277832031, "time": 0.382297158241272, "iter": 600, "memory": 2889, "step": 600}
{"aAcc": 7.05, "mIoU": 1.17, "mAcc": 7.55, "avg_val_loss": 25.900556943802343, "data_time": 0.007363453678701116, "time": 0.09101541563012135, "step": 600}
{"lr": 0.005165373185965325, "data_time": 0.008454680442810059, "loss": 3.336494469642639, "decode.loss_ce": 0.562195110321045, "decode.acc_seg": 85.33049774169922, "aux_0.loss_ce": 0.8556239783763886, "aux_0.acc_seg": 67.09344482421875, "aux_1.loss_ce": 0.7106793165206909, "aux_1.acc_seg": 73.97516632080078, "aux_2.loss_ce": 0.6313362687826156, "aux_2.acc_seg": 81.59794616699219, "aux_3.loss_ce": 0.576659819483757, "aux_3.acc_seg": 86.10983276367188, "time": 0.4208443403244019, "iter": 700, "memory": 2889, "step": 700}
