{"lr": 0.0015943962641761188, "data_time": 0.01528913974761963, "loss": 3.544564938545227, "decode.loss_ce": 0.9048112511634827, "decode.acc_seg": 85.35678100585938, "aux_0.loss_ce": 0.6875131607055665, "aux_0.acc_seg": 74.1324462890625, "aux_1.loss_ce": 0.6155279278755188, "aux_1.acc_seg": 74.8848876953125, "aux_2.loss_seg": 0.704671460390091, "aux_3.loss_seg": 0.6320411682128906, "time": 0.8286027908325195, "iter": 100, "memory": 19648, "step": 100}
{"aAcc": 47.68, "mIoU": 33.85, "mAcc": 55.05, "avg_val_loss": 5.7517283715699845, "data_time": 0.016058824783147768, "time": 0.20300676933554715, "step": 100}
{"lr": 0.002194796531020685, "data_time": 0.3038646936416626, "loss": 2.81223886013031, "decode.loss_ce": 0.7055964738130569, "decode.acc_seg": 76.62728118896484, "aux_0.loss_ce": 0.555381578207016, "aux_0.acc_seg": 65.41205596923828, "aux_1.loss_ce": 0.46971808671951293, "aux_1.acc_seg": 67.58161163330078, "aux_2.loss_seg": 0.5685419380664826, "aux_3.loss_seg": 0.5130007892847062, "time": 0.6324103116989136, "iter": 200, "memory": 17143, "step": 200}
{"aAcc": 58.17, "mIoU": 43.33, "mAcc": 62.6, "avg_val_loss": 5.0498413134213775, "data_time": 0.010983702780186445, "time": 0.1626816700244772, "step": 200}
{"lr": 0.0027951967978652476, "data_time": 0.2819429159164429, "loss": 2.6923535823822022, "decode.loss_ce": 0.6570854961872101, "decode.acc_seg": 79.00394439697266, "aux_0.loss_ce": 0.5219299137592316, "aux_0.acc_seg": 70.88494873046875, "aux_1.loss_ce": 0.44963183999061584, "aux_1.acc_seg": 73.21644592285156, "aux_2.loss_seg": 0.5581320524215698, "aux_3.loss_seg": 0.505574283003807, "time": 0.6382592678070068, "iter": 300, "memory": 2682, "step": 300}
{"aAcc": 43.48, "mIoU": 28.81, "mAcc": 49.99, "avg_val_loss": 7.066270839633532, "data_time": 0.010539353578940204, "time": 0.16273568964552607, "step": 300}
{"lr": 0.0033955970647098093, "data_time": 0.26874380111694335, "loss": 2.7584671497344972, "decode.loss_ce": 0.7299353301525116, "decode.acc_seg": 88.15189361572266, "aux_0.loss_ce": 0.5213662952184677, "aux_0.acc_seg": 78.27144622802734, "aux_1.loss_ce": 0.4447367310523987, "aux_1.acc_seg": 84.72049713134766, "aux_2.loss_seg": 0.544220295548439, "aux_3.loss_seg": 0.518208509683609, "time": 0.6004580497741699, "iter": 400, "memory": 2682, "step": 400}
{"aAcc": 54.35, "mIoU": 39.15, "mAcc": 58.66, "avg_val_loss": 6.732152368154441, "data_time": 0.011719750261854851, "time": 0.16249333030876073, "step": 400}
{"lr": 0.003995997331554373, "data_time": 0.1740901231765747, "loss": 2.3989665865898133, "decode.loss_ce": 0.5971134841442108, "decode.acc_seg": 89.7405014038086, "aux_0.loss_ce": 0.4618801176548004, "aux_0.acc_seg": 81.5606689453125, "aux_1.loss_ce": 0.380854868888855, "aux_1.acc_seg": 84.60761260986328, "aux_2.loss_seg": 0.5038167089223862, "aux_3.loss_seg": 0.45530137717723845, "time": 0.660156536102295, "iter": 500, "memory": 2682, "step": 500}
{"aAcc": 52.33, "mIoU": 34.63, "mAcc": 53.53, "avg_val_loss": 6.462743359316161, "data_time": 0.011015357642338193, "time": 0.16597067350628733, "step": 500}
{"lr": 0.0045963975983989375, "data_time": 0.36130337715148925, "loss": 2.274408280849457, "decode.loss_ce": 0.5644830912351608, "decode.acc_seg": 89.90027618408203, "aux_0.loss_ce": 0.4108098387718201, "aux_0.acc_seg": 84.55049896240234, "aux_1.loss_ce": 0.3392277032136917, "aux_1.acc_seg": 87.4725570678711, "aux_2.loss_seg": 0.5070533335208893, "aux_3.loss_seg": 0.4528342694044113, "time": 0.6906761169433594, "iter": 600, "memory": 2682, "step": 600}
{"aAcc": 58.85, "mIoU": 44.1, "mAcc": 62.6, "avg_val_loss": 6.509417332723358, "data_time": 0.011973545469086746, "time": 0.1628188100354425, "step": 600}
{"lr": 0.005196797865243495, "data_time": 0.30049948692321776, "loss": 1.9733943939208984, "decode.loss_ce": 0.42428940534591675, "decode.acc_seg": 88.75455474853516, "aux_0.loss_ce": 0.39481537938117983, "aux_0.acc_seg": 84.75244903564453, "aux_1.loss_ce": 0.325323261320591, "aux_1.acc_seg": 87.77711486816406, "aux_2.loss_seg": 0.4404199838638306, "aux_3.loss_seg": 0.388546347618103, "time": 0.6308726787567138, "iter": 700, "memory": 2682, "step": 700}
{"aAcc": 59.68, "mIoU": 44.83, "mAcc": 63.17, "avg_val_loss": 6.328689722401854, "data_time": 0.011129943803809154, "time": 0.16637094267483415, "step": 700}
