{"lr": 0.0015943962641761188, "data_time": 0.009096837043762207, "loss": 2.893404459953308, "decode.loss_ce": 0.6615321964025498, "decode.acc_seg": 76.74522399902344, "aux_0.loss_ce": 0.4657031625509262, "aux_0.acc_seg": 85.91921997070312, "aux_1.loss_ce": 0.42301081120967865, "aux_1.acc_seg": 86.3310546875, "aux_2.loss_ce": 0.723961865901947, "aux_2.acc_seg": 77.5647201538086, "aux_3.loss_ce": 0.6191963493824005, "aux_3.acc_seg": 79.03011322021484, "time": 0.6001476287841797, "iter": 100, "memory": 19759, "step": 100}
{"aAcc": 74.49, "mIoU": 56.1, "mAcc": 70.98, "avg_val_loss": 3.9380361469168412, "data_time": 0.011641344358754713, "time": 0.11232391623563545, "step": 100}
{"lr": 0.002194796531020685, "data_time": 0.00935211181640625, "loss": 2.5236133098602296, "decode.loss_ce": 0.523433330655098, "decode.acc_seg": 68.70922088623047, "aux_0.loss_ce": 0.3491185218095779, "aux_0.acc_seg": 83.48072052001953, "aux_1.loss_ce": 0.3538111686706543, "aux_1.acc_seg": 84.83699798583984, "aux_2.loss_ce": 0.6817204535007477, "aux_2.acc_seg": 61.93977737426758, "aux_3.loss_ce": 0.6155298531055451, "aux_3.acc_seg": 64.16683197021484, "time": 0.5479132890701294, "iter": 200, "memory": 34391, "step": 200}
{"aAcc": 73.9, "mIoU": 54.84, "mAcc": 69.27, "avg_val_loss": 4.0825996767097745, "data_time": 0.007280105831979335, "time": 0.0889821737662129, "step": 200}
{"lr": 0.0027951967978652476, "data_time": 0.18462424278259276, "loss": 2.525127983093262, "decode.loss_ce": 0.47138831317424773, "decode.acc_seg": 86.70488739013672, "aux_0.loss_ce": 0.3467327892780304, "aux_0.acc_seg": 89.18633270263672, "aux_1.loss_ce": 0.3553215220570564, "aux_1.acc_seg": 88.59728240966797, "aux_2.loss_ce": 0.7066767156124115, "aux_2.acc_seg": 78.2658920288086, "aux_3.loss_ce": 0.6450085997581482, "aux_3.acc_seg": 78.70700073242188, "time": 0.7028031349182129, "iter": 300, "memory": 2904, "step": 300}
{"aAcc": 77.59, "mIoU": 59.81, "mAcc": 72.73, "avg_val_loss": 4.1714537533228855, "data_time": 0.006569292353487563, "time": 0.08957890806526973, "step": 300}
{"lr": 0.0033955970647098093, "data_time": 0.008966922760009766, "loss": 2.0912883281707764, "decode.loss_ce": 0.3428143888711929, "decode.acc_seg": 86.11094665527344, "aux_0.loss_ce": 0.2693718567490578, "aux_0.acc_seg": 89.05616760253906, "aux_1.loss_ce": 0.2757493942975998, "aux_1.acc_seg": 89.06455993652344, "aux_2.loss_ce": 0.6245320409536361, "aux_2.acc_seg": 75.99788665771484, "aux_3.loss_ce": 0.5788206398487091, "aux_3.acc_seg": 77.19000244140625, "time": 0.5099575996398926, "iter": 400, "memory": 2904, "step": 400}
{"aAcc": 66.33, "mIoU": 47.42, "mAcc": 63.05, "avg_val_loss": 4.4207239184441445, "data_time": 0.00746508850448433, "time": 0.09086287432703478, "step": 400}
{"lr": 0.003995997331554373, "data_time": 0.01187584400177002, "loss": 1.9906936883926392, "decode.loss_ce": 0.3298294171690941, "decode.acc_seg": 83.68949890136719, "aux_0.loss_ce": 0.27842223048210146, "aux_0.acc_seg": 87.21133422851562, "aux_1.loss_ce": 0.2810190573334694, "aux_1.acc_seg": 87.19338989257812, "aux_2.loss_ce": 0.5755428910255432, "aux_2.acc_seg": 70.68966674804688, "aux_3.loss_ce": 0.525880080461502, "aux_3.acc_seg": 73.31233215332031, "time": 0.5388954401016235, "iter": 500, "memory": 2904, "step": 500}
{"aAcc": 74.64, "mIoU": 53.22, "mAcc": 66.48, "avg_val_loss": 4.360268709934942, "data_time": 0.0074526222272851, "time": 0.0919605836100962, "step": 500}
