{"lr": 0.0015930867963809803, "data_time": 0.25376124382019044, "loss": 7.990131807327271, "decode.loss_ce": 1.3203100621700288, "decode.acc_seg": 57.03411102294922, "aux_0.loss_ce": 2.066194272041321, "aux_0.acc_seg": 53.55033493041992, "aux_1.loss_ce": 1.6966278314590455, "aux_1.acc_seg": 52.87216567993164, "aux_2.loss_ce": 1.4698195934295655, "aux_2.acc_seg": 53.331722259521484, "aux_3.loss_ce": 1.4371801018714905, "aux_3.acc_seg": 53.15538787841797, "time": 0.8704602718353271, "iter": 100, "memory": 19198, "step": 100}
