{"lr": 0.0015943962641761188, "data_time": 0.3164682149887085, "loss": 2.9370177507400514, "decode.loss_ce": 0.6097213625907898, "decode.acc_seg": 70.43183135986328, "aux_0.loss_ce": 0.7403210043907166, "aux_0.acc_seg": 68.7707748413086, "aux_1.loss_ce": 0.6253811955451966, "aux_1.acc_seg": 68.08405303955078, "aux_2.loss_ce": 0.4900250643491745, "aux_2.acc_seg": 82.78461456298828, "aux_3.loss_ce": 0.47156915068626404, "aux_3.acc_seg": 81.7248306274414, "time": 0.4971907615661621, "iter": 100, "memory": 19760, "step": 100}
{"aAcc": 51.31, "mIoU": 36.88, "mAcc": 56.87, "avg_val_loss": 4.84210404082697, "data_time": 0.012056921803674032, "time": 0.11710070177566173, "step": 100}
{"lr": 0.002194796531020685, "data_time": 0.009017682075500489, "loss": 2.753767704963684, "decode.loss_ce": 0.5822330921888351, "decode.acc_seg": 73.57611083984375, "aux_0.loss_ce": 0.6903124809265136, "aux_0.acc_seg": 69.73444366455078, "aux_1.loss_ce": 0.6320220589637756, "aux_1.acc_seg": 69.54550170898438, "aux_2.loss_ce": 0.42966258227825166, "aux_2.acc_seg": 83.20899963378906, "aux_3.loss_ce": 0.4195375174283981, "aux_3.acc_seg": 81.43167114257812, "time": 0.4617828369140625, "iter": 200, "memory": 34382, "step": 200}
{"aAcc": 71.28, "mIoU": 50.52, "mAcc": 64.83, "avg_val_loss": 4.437767916429809, "data_time": 0.007044800396623282, "time": 0.08855738585022674, "step": 200}
{"lr": 0.0027951967978652476, "data_time": 0.009483528137207032, "loss": 2.3954603910446166, "decode.loss_ce": 0.46686441004276275, "decode.acc_seg": 86.38417053222656, "aux_0.loss_ce": 0.6397301644086838, "aux_0.acc_seg": 82.06588745117188, "aux_1.loss_ce": 0.5885683029890061, "aux_1.acc_seg": 83.79183197021484, "aux_2.loss_ce": 0.34863085150718687, "aux_2.acc_seg": 90.58049774169922, "aux_3.loss_ce": 0.35166670083999635, "aux_3.acc_seg": 89.438720703125, "time": 0.549251651763916, "iter": 300, "memory": 2910, "step": 300}
{"aAcc": 41.11, "mIoU": 27.11, "mAcc": 46.91, "avg_val_loss": 4.818736950469296, "data_time": 0.008389826478629276, "time": 0.09009202595414786, "step": 300}
{"lr": 0.0033955970647098093, "data_time": 0.32285451889038086, "loss": 2.3106231451034547, "decode.loss_ce": 0.42721000611782073, "decode.acc_seg": 84.48271942138672, "aux_0.loss_ce": 0.6360979437828064, "aux_0.acc_seg": 73.64550018310547, "aux_1.loss_ce": 0.5878781914710999, "aux_1.acc_seg": 76.7840576171875, "aux_2.loss_ce": 0.33273846209049224, "aux_2.acc_seg": 86.6709976196289, "aux_3.loss_ce": 0.32669854909181595, "aux_3.acc_seg": 87.5949478149414, "time": 0.5042868375778198, "iter": 400, "memory": 2910, "step": 400}
{"aAcc": 56.9, "mIoU": 41.52, "mAcc": 59.22, "avg_val_loss": 4.698991947834603, "data_time": 0.008310992142249798, "time": 0.08965915098957632, "step": 400}
{"lr": 0.003995997331554373, "data_time": 0.3800743341445923, "loss": 2.3268433928489687, "decode.loss_ce": 0.41961556673049927, "decode.acc_seg": 87.24077606201172, "aux_0.loss_ce": 0.614960691332817, "aux_0.acc_seg": 83.3207778930664, "aux_1.loss_ce": 0.5735294878482818, "aux_1.acc_seg": 77.41156005859375, "aux_2.loss_ce": 0.36748630106449126, "aux_2.acc_seg": 89.50633239746094, "aux_3.loss_ce": 0.3512513369321823, "aux_3.acc_seg": 88.52544403076172, "time": 0.5642152786254883, "iter": 500, "memory": 2910, "step": 500}
{"aAcc": 50.9, "mIoU": 32.11, "mAcc": 49.44, "avg_val_loss": 4.702516081876922, "data_time": 0.00859930323458266, "time": 0.09080547573922694, "step": 500}
{"lr": 0.0045963975983989375, "data_time": 0.3901747941970825, "loss": 1.9451501369476318, "decode.loss_ce": 0.31617755591869356, "decode.acc_seg": 84.60749816894531, "aux_0.loss_ce": 0.5624379247426987, "aux_0.acc_seg": 75.57250213623047, "aux_1.loss_ce": 0.5016805738210678, "aux_1.acc_seg": 76.22511291503906, "aux_2.loss_ce": 0.2837225660681725, "aux_2.acc_seg": 86.32888793945312, "aux_3.loss_ce": 0.28113150149583815, "aux_3.acc_seg": 85.53678131103516, "time": 0.5943249702453614, "iter": 600, "memory": 2910, "step": 600}
{"aAcc": 74.81, "mIoU": 56.37, "mAcc": 69.57, "avg_val_loss": 4.480590011372611, "data_time": 0.008463538926223228, "time": 0.09206699502879176, "step": 600}
{"lr": 0.005196797865243495, "data_time": 0.24489643573760986, "loss": 2.0587427854537963, "decode.loss_ce": 0.3386769875884056, "decode.acc_seg": 84.02911376953125, "aux_0.loss_ce": 0.5952824234962464, "aux_0.acc_seg": 66.83738708496094, "aux_1.loss_ce": 0.550210964679718, "aux_1.acc_seg": 66.92716979980469, "aux_2.loss_ce": 0.28582247644662856, "aux_2.acc_seg": 87.00389099121094, "aux_3.loss_ce": 0.2887499138712883, "aux_3.acc_seg": 87.65333557128906, "time": 0.6415754079818725, "iter": 700, "memory": 2910, "step": 700}
{"aAcc": 58.04, "mIoU": 41.32, "mAcc": 58.97, "avg_val_loss": 4.400943191371915, "data_time": 0.007853993054093986, "time": 0.09057329989027703, "step": 700}
{"lr": 0.005797198132088056, "data_time": 0.03810341358184814, "loss": 1.9437576413154602, "decode.loss_ce": 0.30923242419958114, "decode.acc_seg": 89.51844787597656, "aux_0.loss_ce": 0.5662751466035842, "aux_0.acc_seg": 81.88861083984375, "aux_1.loss_ce": 0.5186204791069031, "aux_1.acc_seg": 83.19294738769531, "aux_2.loss_ce": 0.27510710060596466, "aux_2.acc_seg": 91.13261413574219, "aux_3.loss_ce": 0.2745224922895432, "aux_3.acc_seg": 90.67833709716797, "time": 0.527070689201355, "iter": 800, "memory": 2910, "step": 800}
{"aAcc": 77.1, "mIoU": 58.37, "mAcc": 71.06, "avg_val_loss": 4.295148552395403, "data_time": 0.00804795615974514, "time": 0.09232103413548963, "step": 800}
{"lr": 0.006397598398932616, "data_time": 0.3000014066696167, "loss": 2.0740967750549317, "decode.loss_ce": 0.3215471342206001, "decode.acc_seg": 82.41433715820312, "aux_0.loss_ce": 0.6115390956401825, "aux_0.acc_seg": 62.52955627441406, "aux_1.loss_ce": 0.5546793878078461, "aux_1.acc_seg": 71.68739318847656, "aux_2.loss_ce": 0.2885894805192947, "aux_2.acc_seg": 84.26333618164062, "aux_3.loss_ce": 0.29774165600538255, "aux_3.acc_seg": 83.68655395507812, "time": 0.515700101852417, "iter": 900, "memory": 2910, "step": 900}
{"aAcc": 74.65, "mIoU": 56.81, "mAcc": 70.25, "avg_val_loss": 4.218066394091853, "data_time": 0.008210680950647113, "time": 0.09152945704843807, "step": 900}
{"lr": 0.0069979986657771765, "data_time": 0.4119196653366089, "loss": 2.0526699662208556, "decode.loss_ce": 0.3247179716825485, "decode.acc_seg": 85.81317138671875, "aux_0.loss_ce": 0.5999343574047089, "aux_0.acc_seg": 74.52677917480469, "aux_1.loss_ce": 0.560970601439476, "aux_1.acc_seg": 76.98566436767578, "aux_2.loss_ce": 0.28105477541685103, "aux_2.acc_seg": 87.81294250488281, "aux_3.loss_ce": 0.28599228113889696, "aux_3.acc_seg": 86.95100402832031, "time": 0.6863665580749512, "iter": 1000, "memory": 2910, "step": 1000}
{"aAcc": 71.22, "mIoU": 51.94, "mAcc": 66.1, "avg_val_loss": 4.206208292159595, "data_time": 0.007426804509656182, "time": 0.09230361587699802, "step": 1000}
{"lr": 0.0075983989326217465, "data_time": 0.20587775707244874, "loss": 1.878035020828247, "decode.loss_ce": 0.2822660326957703, "decode.acc_seg": 78.30094909667969, "aux_0.loss_ce": 0.5663612991571426, "aux_0.acc_seg": 59.47044372558594, "aux_1.loss_ce": 0.5162297576665879, "aux_1.acc_seg": 64.52405548095703, "aux_2.loss_ce": 0.2544015720486641, "aux_2.acc_seg": 81.34083557128906, "aux_3.loss_ce": 0.2587763637304306, "aux_3.acc_seg": 81.12455749511719, "time": 0.4720658779144287, "iter": 1100, "memory": 2910, "step": 1100}
{"aAcc": 77.64, "mIoU": 59.65, "mAcc": 72.16, "avg_val_loss": 4.066399291750283, "data_time": 0.007840277134687051, "time": 0.09126342028036885, "step": 1100}
{"lr": 0.008198799199466306, "data_time": 0.36189913749694824, "loss": 1.7494788885116577, "decode.loss_ce": 0.2654444262385368, "decode.acc_seg": 85.60556030273438, "aux_0.loss_ce": 0.501693731546402, "aux_0.acc_seg": 75.77960968017578, "aux_1.loss_ce": 0.4677123188972473, "aux_1.acc_seg": 76.70616912841797, "aux_2.loss_ce": 0.25775434225797655, "aux_2.acc_seg": 86.19261169433594, "aux_3.loss_ce": 0.2568740501999855,