{"lr": 0.0050220502205022026, "data_time": 0.007334399223327637, "loss": 9.53066110610962, "decode.loss_ce": 1.758415699005127, "decode.acc_seg": 42.89777755737305, "aux_0.loss_ce": 2.451394510269165, "aux_0.acc_seg": 48.13844680786133, "aux_1.loss_ce": 1.8321639776229859, "aux_1.acc_seg": 52.708221435546875, "aux_2.loss_ce": 1.7231137990951537, "aux_2.acc_seg": 54.00466537475586, "aux_3.loss_ce": 1.7655730843544006, "aux_3.acc_seg": 54.60422134399414, "time": 0.1096351146697998, "iter": 50, "memory": 17408, "step": 50}
