{"lr": 0.0015930867963809803, "data_time": 0.16788911819458008, "loss": 4.862913990020752, "decode.loss_ce": 0.6750121891498566, "decode.acc_seg": 75.97200012207031, "aux_0.loss_ce": 1.8059685468673705, "aux_0.acc_seg": 49.76416778564453, "aux_1.loss_ce": 1.0116042792797089, "aux_1.acc_seg": 71.10478210449219, "aux_2.loss_ce": 0.7382735967636108, "aux_2.acc_seg": 75.77588653564453, "aux_3.loss_ce": 0.6320551663637162, "aux_3.acc_seg": 76.14033508300781, "time": 0.46439058780670167, "iter": 100, "memory": 19198, "step": 100}
{"aAcc": 36.8, "mIoU": 15.78, "mAcc": 31.38, "avg_val_loss": 5.888779142542066, "data_time": 0.004760227203369141, "time": 0.3527984280056424, "step": 100}
{"lr": 0.002191123271301943, "data_time": 0.008591103553771972, "loss": 3.477630591392517, "decode.loss_ce": 0.5509139090776444, "decode.acc_seg": 80.33805847167969, "aux_0.loss_ce": 1.0412408709526062, "aux_0.acc_seg": 65.52116394042969, "aux_1.loss_ce": 0.7619851768016815, "aux_1.acc_seg": 76.0058364868164, "aux_2.loss_ce": 0.6012109577655792, "aux_2.acc_seg": 78.751220703125, "aux_3.loss_ce": 0.5222796827554703, "aux_3.acc_seg": 80.73516845703125, "time": 0.394706130027771, "iter": 200, "memory": 2889, "step": 200}
