{"lr": 0.0015943962641761188, "data_time": 0.2609881401062012, "loss": 4.609733819961548, "decode.loss_ce": 0.6506091892719269, "decode.acc_seg": 66.00639343261719, "aux_0.loss_ce": 1.6167882323265075, "aux_0.acc_seg": 69.58411407470703, "aux_1.loss_ce": 0.984359222650528, "aux_1.acc_seg": 68.30589294433594, "aux_2.loss_ce": 0.7199064910411834, "aux_2.acc_seg": 71.8409423828125, "aux_3.loss_ce": 0.6380708158016205, "aux_3.acc_seg": 66.99627685546875, "time": 0.5183348417282104, "iter": 100, "memory": 19642, "step": 100}
{"aAcc": 44.71, "mIoU": 30.87, "mAcc": 52.37, "avg_val_loss": 5.891433786927608, "data_time": 0.01185289371845334, "time": 0.13288278080696284, "step": 100}
{"lr": 0.002194796531020685, "data_time": 0.35836129188537597, "loss": 3.499661350250244, "decode.loss_ce": 0.5389015197753906, "decode.acc_seg": 76.5247802734375, "aux_0.loss_ce": 1.0128353178501128, "aux_0.acc_seg": 78.91544342041016, "aux_1.loss_ce": 0.7682703733444214, "aux_1.acc_seg": 75.43655395507812, "aux_2.loss_ce": 0.6337559521198273, "aux_2.acc_seg": 78.70911407470703, "aux_3.loss_ce": 0.5458982467651368, "aux_3.acc_seg": 79.41594696044922, "time": 0.576293683052063, "iter": 200, "memory": 34219, "step": 200}
{"aAcc": 61.79, "mIoU": 45.19, "mAcc": 64.66, "avg_val_loss": 5.361412241706374, "data_time": 0.00737014310113315, "time": 0.10234729997042952, "step": 200}
{"lr": 0.0027951967978652476, "data_time": 0.08975563049316407, "loss": 3.149654674530029, "decode.loss_ce": 0.46985163986682893, "decode.acc_seg": 75.11372375488281, "aux_0.loss_ce": 0.8344517707824707, "aux_0.acc_seg": 59.82950210571289, "aux_1.loss_ce": 0.7015658140182495, "aux_1.acc_seg": 64.21739196777344, "aux_2.loss_ce": 0.6085234105587005, "aux_2.acc_seg": 66.81444549560547, "aux_3.loss_ce": 0.5352620184421539, "aux_3.acc_seg": 71.90755462646484, "time": 0.59305260181427, "iter": 300, "memory": 3341, "step": 300}
{"aAcc": 52.03, "mIoU": 34.68, "mAcc": 55.26, "avg_val_loss": 5.504418434949181, "data_time": 0.007474140189159876, "time": 0.10308491498574443, "step": 300}
{"lr": 0.0033955970647098093, "data_time": 0.008723616600036621, "loss": 3.045573353767395, "decode.loss_ce": 0.448869463801384, "decode.acc_seg": 82.60411071777344, "aux_0.loss_ce": 0.8089513182640076, "aux_0.acc_seg": 63.07866668701172, "aux_1.loss_ce": 0.6895284652709961, "aux_1.acc_seg": 66.41500091552734, "aux_2.loss_ce": 0.5779115468263626, "aux_2.acc_seg": 73.61294555664062, "aux_3.loss_ce": 0.5203125357627869, "aux_3.acc_seg": 77.31688690185547, "time": 0.666062593460083, "iter": 400, "memory": 3341, "step": 400}
{"aAcc": 60.51, "mIoU": 45.11, "mAcc": 63.32, "avg_val_loss": 5.088944210621872, "data_time": 0.007765210908034752, "time": 0.10341178411724923, "step": 400}
{"lr": 0.003995997331554373, "data_time": 0.011036229133605958, "loss": 2.998841404914856, "decode.loss_ce": 0.43444674611091616, "decode.acc_seg": 80.98705291748047, "aux_0.loss_ce": 0.7889698266983032, "aux_0.acc_seg": 55.715389251708984, "aux_1.loss_ce": 0.6753498196601868, "aux_1.acc_seg": 71.61128234863281, "aux_2.loss_ce": 0.5798196911811828, "aux_2.acc_seg": 77.12505340576172, "aux_3.loss_ce": 0.5202553242444992, "aux_3.acc_seg": 78.04322052001953, "time": 0.7081795692443847, "iter": 500, "memory": 3341, "step": 500}
{"aAcc": 73.88, "mIoU": 55.71, "mAcc": 69.55, "avg_val_loss": 4.812104942453535, "data_time": 0.007679191128960971, "time": 0.10270024442124641, "step": 500}
{"lr": 0.0045963975983989375, "data_time": 0.4482033967971802, "loss": 2.834231638908386, "decode.loss_ce": 0.40841974318027496, "decode.acc_seg": 85.58311462402344, "aux_0.loss_ce": 0.7532947838306427, "aux_0.acc_seg": 70.59955596923828, "aux_1.loss_ce": 0.6199454665184021, "aux_1.acc_seg": 77.51483154296875, "aux_2.loss_ce": 0.5440492570400238, "aux_2.acc_seg": 80.77088928222656, "aux_3.loss_ce": 0.5085223764181137, "aux_3.acc_seg": 82.65361022949219, "time": 0.6660732984542846, "iter": 600, "memory": 3341, "step": 600}
{"aAcc": 72.85, "mIoU": 55.23, "mAcc": 69.75, "avg_val_loss": 4.751743862517977, "data_time": 0.008298410766426173, "time": 0.10261188704392006, "step": 600}
{"lr": 0.005196797865243495, "data_time": 0.36208508014678953, "loss": 2.8508982419967652, "decode.loss_ce": 0.38320653438568114, "decode.acc_seg": 74.92216491699219, "aux_0.loss_ce": 0.7556739330291748, "aux_0.acc_seg": 64.55227661132812, "aux_1.loss_ce": 0.6352980822324753, "aux_1.acc_seg": 60.894832611083984, "aux_2.loss_ce": 0.5650286138057709, "aux_2.acc_seg": 67.55921936035156, "aux_3.loss_ce": 0.5116911441087723, "aux_3.acc_seg": 69.01277923583984, "time": 0.5851518392562867, "iter": 700, "memory": 3341, "step": 700}
{"aAcc": 51.28, "mIoU": 32.58, "mAcc": 51.62, "avg_val_loss": 4.856147693586828, "data_time": 0.008093192659575364, "time": 0.1028778251560255, "step": 700}
{"lr": 0.005797198132088056, "data_time": 0.232214617729187, "loss": 2.570005750656128, "decode.loss_ce": 0.332547253370285, "decode.acc_seg": 87.69161224365234, "aux_0.loss_ce": 0.7120990216732025, "aux_0.acc_seg": 56.20844650268555, "aux_1.loss_ce": 0.5837550550699234, "aux_1.acc_seg": 79.20761108398438, "aux_2.loss_ce": 0.49737977981567383, "aux_2.acc_seg": 82.68260955810547, "aux_3.loss_ce": 0.4442246437072754, "aux_3.acc_seg": 84.78377532958984, "time": 0.4982362508773804, "iter": 800, "memory": 3341, "step": 800}
{"aAcc": 60.02, "mIoU": 42.79, "mAcc": 60.43, "avg_val_loss": 4.751572542066811, "data_time": 0.0077586256224533605, "time": 0.10148066213761253, "step": 800}
{"lr": 0.006397598398932616, "data_time": 0.06824946403503418, "loss": 2.3838593482971193, "decode.loss_ce": 0.27431791722774507, "decode.acc_seg": 88.68055725097656, "aux_0.loss_ce": 0.7022389829158783, "aux_0.acc_seg": 74.6786117553711, "aux_1.loss_ce": 0.5696831107139587, "aux_1.acc_seg": 79.51100158691406, "aux_2.loss_ce": 0.4528995305299759, "aux_2.acc_seg": 78.83977508544922, "aux_3.loss_ce": 0.3847197681665421, "aux_3.acc_seg": 81.87677764892578, "time": 0.4994672298431396, "iter": 900, "memory": 3341, "step": 900}
{"aAcc": 63.85, "mIoU": 46.56, "mAcc": 63.62, "avg_val_loss": 4.614058036998621, "data_time": 0.007768282945128693, "time": 0.10240751573409157, "step": 900}
{"lr": 0.0069979986657771765, "data_time": 0.3876577615737915, "loss": 2.431039237976074, "decode.loss_ce": 0.29536463469266894, "decode.acc_seg": 86.60111236572266, "aux_0.loss_ce": 0.6865420937538147, "aux_0.acc_seg": 62.13083267211914, "aux_1.loss_ce": 0.555343896150589, "aux_1.acc_seg": 73.61739349365234, "aux_2.loss_ce": 0.467656809091568, "aux_2.acc_seg": 77.08222198486328, "aux_3.loss_ce": 0.4261317640542984, "aux_3.acc_seg": 80.04855346679688, "time": 0.6353887796401978, "iter": 1000, "memory": 3341, "step": 1000}
{"aAcc": 64.01, "mIoU": 46.87, "mAcc": 63.97, "avg_val_loss": 4.596184169104573, "data_time": 0.006561229968893117, "time": 0.10093317908802252, "step": 1000}
