{"lr": 0.0015930867963809803, "data_time": 0.036661076545715335, "loss": 5.772899723052978, "decode.loss_ce": 0.8652866661548615, "decode.acc_seg": 66.1767807006836, "aux_0.loss_ce": 1.7961436986923218, "aux_0.acc_seg": 60.796112060546875, "aux_1.loss_ce": 1.2501706779003143, "aux_1.acc_seg": 63.80038833618164, "aux_2.loss_ce": 0.9750395357608795, "aux_2.acc_seg": 65.10710906982422, "aux_3.loss_ce": 0.8862590610980987, "aux_3.acc_seg": 62.44244384765625, "time": 0.6428109169006347, "iter": 100, "memory": 19616, "step": 100}
