{"lr": 0.00019780345871169333, "data_time": 0.061314845085144044, "loss": 7.693076848983765, "decode.loss_ce": 1.299859642982483, "decode.acc_seg": 65.4517822265625, "aux_0.loss_ce": 1.8970255136489869, "aux_0.acc_seg": 48.416446685791016, "aux_1.loss_ce": 1.613366723060608, "aux_1.acc_seg": 59.49044418334961, "aux_2.loss_ce": 1.4688279986381532, "aux_2.acc_seg": 59.84088897705078, "aux_3.loss_ce": 1.413997083902359, "aux_3.acc_seg": 58.888221740722656, "time": 0.1412663459777832, "iter": 2360, "memory": 17408, "step": 2360}
{"lr": 0.00017725749050246333, "data_time": 0.004256606101989746, "loss": 5.796958947181702, "decode.loss_ce": 0.7813342452049256, "decode.acc_seg": 69.86622619628906, "aux_0.loss_ce": 1.4883439064025878, "aux_0.acc_seg": 35.686222076416016, "aux_1.loss_ce": 1.33349050283432, "aux_1.acc_seg": 41.78889083862305, "aux_2.loss_ce": 1.1546587646007538, "aux_2.acc_seg": 44.856666564941406, "aux_3.loss_ce": 1.039131474494934, "aux_3.acc_seg": 50.08466720581055, "time": 0.13592243194580078, "iter": 25000, "memory": 901, "step": 25000}
{"aAcc": 84.89, "mIoU": 42.66, "mAcc": 49.66, "avg_val_loss": 3.915200479056382, "data_time": 0.004910359417435026, "time": 0.34884325373201763, "step": 25000}
{"lr": 0.00015572250792434246, "data_time": 0.07796275615692139, "loss": 5.097637152671814, "decode.loss_ce": 0.608404652774334, "decode.acc_seg": 86.67488861083984, "aux_0.loss_ce": 1.3882601797580718, "aux_0.acc_seg": 73.408447265625, "aux_1.loss_ce": 1.149018681049347, "aux_1.acc_seg": 79.07111358642578, "aux_2.loss_ce": 1.002646017074585, "aux_2.acc_seg": 83.38533782958984, "aux_3.loss_ce": 0.9493077397346497, "aux_3.acc_seg": 84.22911071777344, "time": 0.16514670848846436, "iter": 50000, "memory": 34198, "step": 50000}
{"aAcc": 82.12, "mIoU": 48.18, "mAcc": 57.75, "avg_val_loss": 3.9616718187283873, "data_time": 0.004272815671939294, "time": 0.3557881782355818, "step": 50000}
{"lr": 0.00013544304865895575, "data_time": 0.06551527976989746, "loss": 5.855866003036499, "decode.loss_ce": 0.6838943347334862, "decode.acc_seg": 86.57466888427734, "aux_0.loss_ce": 1.5689476132392883, "aux_0.acc_seg": 56.18911361694336, "aux_1.loss_ce": 1.338228416442871, "aux_1.acc_seg": 57.72711181640625, "aux_2.loss_ce": 1.1764289796352387, "aux_2.acc_seg": 62.792667388916016, "aux_3.loss_ce": 1.0883667111396789, "aux_3.acc_seg": 63.3726692199707, "time": 0.1629490375518799, "iter": 75000, "memory": 901, "step": 75000}
{"aAcc": 84.26, "mIoU": 51.05, "mAcc": 60.95, "avg_val_loss": 3.8983437635860594, "data_time": 0.004210821054514172, "time": 0.35639848523926965, "step": 75000}
{"lr": 0.0001164733007203249, "data_time": 0.005404043197631836, "loss": 5.579420757293701, "decode.loss_ce": 0.6756124287843704, "decode.acc_seg": 83.78977966308594, "aux_0.loss_ce": 1.4073439836502075, "aux_0.acc_seg": 65.27666473388672, "aux_1.loss_ce": 1.2515964031219482, "aux_1.acc_seg": 69.2497787475586, "aux_2.loss_ce": 1.1613720953464508, "aux_2.acc_seg": 72.85755920410156, "aux_3.loss_ce": 1.0834957778453826, "aux_3.acc_seg": 72.90266418457031, "time": 0.13850014209747313, "iter": 100000, "memory": 901, "step": 100000}
{"aAcc": 85.52, "mIoU": 51.17, "mAcc": 60.94, "avg_val_loss": 3.7848458601599706, "data_time": 0.004346375905194329, "time": 0.3555674170984805, "step": 100000}
{"lr": 9.887665706210372e-05, "data_time": 0.08016881942749024, "loss": 4.416028547286987, "decode.loss_ce": 0.43499603271484377, "decode.acc_seg": 84.98822021484375, "aux_0.loss_ce": 1.3124027967453002, "aux_0.acc_seg": 62.07355499267578, "aux_1.loss_ce": 1.0766329348087311, "aux_1.acc_seg": 64.9542236328125, "aux_2.loss_ce": 0.8580820739269257, "aux_2.acc_seg": 67.75778198242188, "aux_3.loss_ce": 0.7339148044586181, "aux_3.acc_seg": 71.65044403076172, "time": 0.1992429256439209, "iter": 125000, "memory": 901, "step": 125000}
{"aAcc": 85.58, "mIoU": 53.87, "mAcc": 63.13, "avg_val_loss": 3.7239361590557207, "data_time": 0.004284592508112342, "time": 0.354450325364048, "step": 125000}
{"lr": 8.272877898295815e-05, "data_time": 0.03123021125793457, "loss": 3.8090313911437987, "decode.loss_ce": 0.3803117394447327, "decode.acc_seg": 85.6893310546875, "aux_0.loss_ce": 1.143835824728012, "aux_0.acc_seg": 48.13711166381836, "aux_1.loss_ce": 0.923544728755951, "aux_1.acc_seg": 52.0977783203125, "aux_2.loss_ce": 0.7341210007667541, "aux_2.acc_seg": 70.6719970703125, "aux_3.loss_ce": 0.6272182166576385, "aux_3.acc_seg": 80.08377838134766, "time": 0.1755129337310791, "iter": 150000, "memory": 901, "step": 150000}
{"aAcc": 87.59, "mIoU": 57.15, "mAcc": 64.82, "avg_val_loss": 3.6499432972660713, "data_time": 0.004383535639753619, "time": 0.3538595657904171, "step": 150000}
{"lr": 6.812234583073221e-05, "data_time": 0.00771331787109375, "loss": 4.766195583343506, "decode.loss_ce": 0.5561186239123345, "decode.acc_seg": 90.63311004638672, "aux_0.loss_ce": 1.364322191476822, "aux_0.acc_seg": 77.41488647460938, "aux_1.loss_ce": 1.1142195105552672, "aux_1.acc_seg": 78.0893325805664, "aux_2.loss_ce": 0.9412766873836518, "aux_2.acc_seg": 81.64622497558594, "aux_3.loss_ce": 0.7902587354183197, "aux_3.acc_seg": 82.58467102050781, "time": 0.12580955028533936, "iter": 175000, "memory": 901, "step": 175000}
{"aAcc": 87.46, "mIoU": 56.49, "mAcc": 64.39, "avg_val_loss": 3.5979886409793034, "data_time": 0.004706717810584503, "time": 0.3534673238263547, "step": 175000}
{"lr": 5.517493598137271e-05, "data_time": 0.004432511329650879, "loss": 4.40643048286438, "decode.loss_ce": 0.4167231395840645, "decode.acc_seg": 87.6893310546875, "aux_0.loss_ce": 1.3014938294887544, "aux_0.acc_seg": 46.64177703857422, "aux_1.loss_ce": 1.1157973468303681, "aux_1.acc_seg": 53.69733428955078, "aux_2.loss_ce": 0.8637338936328888, "aux_2.acc_seg": 63.980445861816406, "aux_3.loss_ce": 0.7086821913719177, "aux_3.acc_seg": 69.21955871582031, "time": 0.14729723930358887, "iter": 200000, "memory": 901, "step": 200000}
{"aAcc": 87.68, "mIoU": 57.41, "mAcc": 65.45, "avg_val_loss": 3.5525170238847403, "data_time": 0.004316642446425355, "time": 0.35355392474572633, "step": 200000}
{"lr": 4.404339513689353e-05, "data_time": 0.004435157775878907, "loss": 4.061191153526306, "decode.loss_ce": 0.47258785665035247, "decode.acc_seg": 86.05911254882812, "aux_0.loss_ce": 1.1922930181026459, "aux_0.acc_seg": 69.52244567871094, "aux_1.loss_ce": 0.9451180100440979, "aux_1.acc_seg": 73.98422241210938, "aux_2.loss_ce": 0.7676629960536957, "aux_2.acc_seg": 74.59733581542969, "aux_3.loss_ce": 0.6835292249917984, "aux_3.acc_seg": 77.03578186035156, "time": 0.1354220390319824, "iter": 225000, "memory": 901, "step": 225000}
{"aAcc": 86.6, "mIoU": 56.01, "mAcc": 64.13, "avg_val_loss": 3.5350824218378984, "data_time": 0.005014769660616384, "time": 0.3556506228678435, "step": 225000}
{"lr": 3.495401668362195e-05, "data_time": 0.011690878868103027, "loss": 4.324315977096558, "decode.loss_ce": 0.46212503015995027, "decode.acc_seg": 77.69955444335938, "aux_0.loss_ce": 1.288382351398468, "aux_0.acc_seg": 31.420223236083984, "aux_1.loss_ce": 1.0229028582572937, "aux_1.acc_seg": 48.020668029785156, "aux_2.loss_ce": 0.8390289008617401, "aux_2.acc_seg": 64.66333770751953, "aux_3.loss_ce": 0.7118768870830536, "aux_3.acc_seg": 74.9606704711914, "time": 0.14852752685546874, "iter": 250000, "memory": 901, "step": 250000}
{"aAcc": 87.81, "mIoU": 57.09, "mAcc": 63.95, "avg_val_loss": 3.5090624277170264, "data_time": 0.004396395775878314, "time": 0.3561302232510835, "step": 250000}
{"lr": 2.828360093950093e-05, "data_time": 0.0068979978561401365, "loss": 3.7526705980300905, "decode.loss_ce": 0.3578140795230865, "decode.acc_seg": 88.78911590576172, "aux_0.loss_ce": 1.1250112235546113, "aux_0.acc_seg": 52.440223693847656, "aux_1.loss_ce": 0.9059272646903992, "aux_1.acc_seg": 47.63133239746094, "aux_2.loss_ce": 0.7412343919277191, "aux_2.acc_seg": 52.29622268676758, "aux_3.loss_ce": 0.6226836740970612, "aux_3.acc_seg": 56.465335845947266, "time": 0.13758547306060792, "iter": 275000, "memory": 901,