{"lr": 0.0050220502205022026, "data_time": 0.07211165428161621, "loss": 8.895341110229491, "decode.loss_ce": 1.6135041892528534, "decode.acc_seg": 56.65488815307617, "aux_0.loss_ce": 2.3717180728912353, "aux_0.acc_seg": 42.15444564819336, "aux_1.loss_ce": 1.7367163062095643, "aux_1.acc_seg": 54.92377853393555, "aux_2.loss_ce": 1.555698299407959, "aux_2.acc_seg": 62.514888763427734, "aux_3.loss_ce": 1.6177043855190276, "aux_3.acc_seg": 70.65733337402344, "time": 0.15311794281005858, "iter": 50, "memory": 17408, "step": 50}
{"val_loss": 7.717687258766862, "data_time": 0.009904251771541698, "time": 0.09093449817666752, "step": 50}
{"lr": 0.00504455044550445, "data_time": 0.07323362827301025, "loss": 9.052740287780761, "decode.loss_ce": 1.6967339515686035, "decode.acc_seg": 62.476890563964844, "aux_0.loss_ce": 2.088599956035614, "aux_0.acc_seg": 68.5913314819336, "aux_1.loss_ce": 1.820145070552826, "aux_1.acc_seg": 62.75955581665039, "aux_2.loss_ce": 1.7135650515556335, "aux_2.acc_seg": 54.29622268676758, "aux_3.loss_ce": 1.7336962461471557, "aux_3.acc_seg": 21.306222915649414, "time": 0.15370433330535888, "iter": 100, "memory": 901, "step": 100}
{"val_loss": 106.89752619249812, "data_time": 0.0072594695878260345, "time": 0.08319637208308989, "step": 100}
