{"lr": 0.005201541801877408, "data_time": 0.06574492454528809, "loss": 7.431739473342896, "decode.loss_ce": 1.0233222454786302, "decode.acc_seg": 53.907554626464844, "aux_0.loss_ce": 1.7487881541252137, "aux_0.acc_seg": 30.53155517578125, "aux_1.loss_ce": 1.63210529088974, "aux_1.acc_seg": 33.24399948120117, "aux_2.loss_ce": 1.5320947289466857, "aux_2.acc_seg": 38.87577819824219, "aux_3.loss_ce": 1.4954289674758912, "aux_3.acc_seg": 37.218223571777344, "time": 0.13536131381988525, "iter": 500, "memory": 17409, "step": 500}
