{"lr": 0.005201541801877408, "data_time": 0.023054862022399904, "loss": 7.99117865562439, "decode.loss_ce": 1.0568247735500336, "decode.acc_seg": 59.46977996826172, "aux_0.loss_ce": 1.7993770956993103, "aux_0.acc_seg": 25.561111450195312, "aux_1.loss_ce": 1.7152562737464905, "aux_1.acc_seg": 37.90533447265625, "aux_2.loss_ce": 1.6593072891235352, "aux_2.acc_seg": 34.652442932128906, "aux_3.loss_ce": 1.760413372516632, "aux_3.acc_seg": 31.786890029907227, "time": 0.09948623180389404, "iter": 500, "memory": 17409, "step": 500}
{"val_loss": 2319.8511853665113, "data_time": 0.00805187109040051, "time": 0.08721309754906631, "step": 500}
{"lr": 0.005401471167152687, "data_time": 0.06675019264221191, "loss": 6.347196435928344, "decode.loss_ce": 0.9566442608833313, "decode.acc_seg": 75.75688934326172, "aux_0.loss_ce": 1.4708348155021667, "aux_0.acc_seg": 68.43155670166016, "aux_1.loss_ce": 1.3221068263053894, "aux_1.acc_seg": 75.10400390625, "aux_2.loss_ce": 1.2547523379325867, "aux_2.acc_seg": 76.10466766357422, "aux_3.loss_ce": 1.3428582668304443, "aux_3.acc_seg": 73.8451156616211, "time": 0.13667774200439453, "iter": 1000, "memory": 33494, "step": 1000}
{"val_loss": 2200.962172538042, "data_time": 0.008025375384728885, "time": 0.07839885267239173, "step": 1000}
{"lr": 0.005599379706405267, "data_time": 0.0808568000793457, "loss": 6.576363134384155, "decode.loss_ce": 0.7854482978582382, "decode.acc_seg": 66.81400299072266, "aux_0.loss_ce": 1.617326021194458, "aux_0.acc_seg": 20.35711097717285, "aux_1.loss_ce": 1.4420920252799987, "aux_1.acc_seg": 35.448890686035156, "aux_2.loss_ce": 1.3457833886146546, "aux_2.acc_seg": 40.661556243896484, "aux_3.loss_ce": 1.3857133984565735, "aux_3.acc_seg": 39.875999450683594, "time": 0.15076663494110107, "iter": 1500, "memory": 899, "step": 1500}
{"val_loss": 2223.0255660017333, "data_time": 0.010142652733812055, "time": 0.08137865436887279, "step": 1500}
{"lr": 0.0057952649886820196, "data_time": 0.004099369049072266, "loss": 6.823705673217773, "decode.loss_ce": 0.7690223783254624, "decode.acc_seg": 50.9379997253418, "aux_0.loss_ce": 1.657493567466736, "aux_0.acc_seg": 21.124889373779297, "aux_1.loss_ce": 1.5244570255279541, "aux_1.acc_seg": 22.7191104888916, "aux_2.loss_ce": 1.421870881319046, "aux_2.acc_seg": 26.106889724731445, "aux_3.loss_ce": 1.4508619248867034, "aux_3.acc_seg": 30.566667556762695, "time": 0.14258143901824952, "iter": 2000, "memory": 899, "step": 2000}
{"val_loss": 2205.785828936845, "data_time": 0.007980544590255588, "time": 0.07938687083790603, "step": 2000}
{"lr": 0.005989124626295371, "data_time": 0.06217722892761231, "loss": 6.973573064804077, "decode.loss_ce": 0.7935979992151261, "decode.acc_seg": 81.8302230834961, "aux_0.loss_ce": 1.6443848371505738, "aux_0.acc_seg": 42.130889892578125, "aux_1.loss_ce": 1.576749223470688, "aux_1.acc_seg": 41.236446380615234, "aux_2.loss_ce": 1.4909429848194122, "aux_2.acc_seg": 47.78977966308594, "aux_3.loss_ce": 1.4678979694843293, "aux_3.acc_seg": 50.26533508300781, "time": 0.13949732780456542, "iter": 2500, "memory": 899, "step": 2500}
{"val_loss": 2245.107389304042, "data_time": 0.011727099279755527, "time": 0.08364323620657318, "step": 2500}
{"lr": 0.00618095626868123, "data_time": 0.011740374565124511, "loss": 7.755242443084716, "decode.loss_ce": 0.9424007177352905, "decode.acc_seg": 57.9468879699707, "aux_0.loss_ce": 1.7783006489276887, "aux_0.acc_seg": 28.247333526611328, "aux_1.loss_ce": 1.7520367324352264, "aux_1.acc_seg": 29.884889602661133, "aux_2.loss_ce": 1.6321056067943573, "aux_2.acc_seg": 29.614667892456055, "aux_3.loss_ce": 1.6503986954689025, "aux_3.acc_seg": 25.72888946533203, "time": 0.18604705333709717, "iter": 3000, "memory": 899, "step": 3000}
{"val_loss": 2218.4446018077433, "data_time": 0.007184912857500095, "time": 0.0781049068691661, "step": 3000}
{"lr": 0.006370757597088137, "data_time": 0.0038347959518432615, "loss": 6.907129240036011, "decode.loss_ce": 0.8380140721797943, "decode.acc_seg": 35.66866683959961, "aux_0.loss_ce": 1.66754549741745, "aux_0.acc_seg": 16.777555465698242, "aux_1.loss_ce": 1.4799442052841187, "aux_1.acc_seg": 19.172222137451172, "aux_2.loss_ce": 1.452288991212845, "aux_2.acc_seg": 20.439332962036133, "aux_3.loss_ce": 1.4693365335464477, "aux_3.acc_seg": 20.76799964904785, "time": 0.16257824897766113, "iter": 3500, "memory": 899, "step": 3500}
{"val_loss": 2214.593240500561, "data_time": 0.009400974199609849, "time": 0.08123597473774141, "step": 3500}
{"lr": 0.006558526319956188, "data_time": 0.08575870990753173, "loss": 6.469493865966797, "decode.loss_ce": 0.7078790903091431, "decode.acc_seg": 70.21644592285156, "aux_0.loss_ce": 1.5895814895629883, "aux_0.acc_seg": 36.31577682495117, "aux_1.loss_ce": 1.4674920201301576, "aux_1.acc_seg": 38.7215576171875, "aux_2.loss_ce": 1.3362536251544952, "aux_2.acc_seg": 46.17466735839844, "aux_3.loss_ce": 1.3682877898216248, "aux_3.acc_seg": 47.37466812133789, "time": 0.15544216632843016, "iter": 4000, "memory": 899, "step": 4000}
{"val_loss": 2191.9200580110773, "data_time": 0.010537814168096746, "time": 0.08129284567045934, "step": 4000}
{"lr": 0.006744260168871878, "data_time": 0.003952240943908692, "loss": 6.6024151802062985, "decode.loss_ce": 0.7998960062861442, "decode.acc_seg": 69.10911560058594, "aux_0.loss_ce": 1.5671005964279174, "aux_0.acc_seg": 35.814666748046875, "aux_1.loss_ce": 1.4358965575695037, "aux_1.acc_seg": 40.617332458496094, "aux_2.loss_ce": 1.402722454071045, "aux_2.acc_seg": 38.582889556884766, "aux_3.loss_ce": 1.3967995703220368, "aux_3.acc_seg": 36.619998931884766, "time": 0.17417762279510499, "iter": 4500, "memory": 899, "step": 4500}
{"val_loss": 2212.2912092299925, "data_time": 0.009167825134055129, "time": 0.0814656516880665, "step": 4500}
{"lr": 0.006927956895006671, "data_time": 0.003965950012207032, "loss": 5.190268445014953, "decode.loss_ce": 0.49796549081802366, "decode.acc_seg": 78.92911529541016, "aux_0.loss_ce": 1.3451644718647002, "aux_0.acc_seg": 47.61955642700195, "aux_1.loss_ce": 1.1791004300117494, "aux_1.acc_seg": 55.70199966430664, "aux_2.loss_ce": 1.083705335855484, "aux_2.acc_seg": 55.070220947265625, "aux_3.loss_ce": 1.0843327283859252, "aux_3.acc_seg": 56.73844528198242, "time": 0.12981741428375243, "iter": 5000, "memory": 899, "step": 5000}
{"val_loss": 2186.356906642765, "data_time": 0.009543268425950727, "time": 0.08050941958010775, "step": 5000}
{"lr": 0.007109614265964269, "data_time": 0.00424644947052002, "loss": 6.395290231704712, "decode.loss_ce": 0.6467535451054574, "decode.acc_seg": 71.18599700927734, "aux_0.loss_ce": 1.5952926218509673, "aux_0.acc_seg": 45.007999420166016, "aux_1.loss_ce": 1.4682519078254699, "aux_1.acc_seg": 49.92599868774414, "aux_2.loss_ce": 1.346126878261566, "aux_2.acc_seg": 51.06444549560547, "aux_3.loss_ce": 1.3388651669025422, "aux_3.acc_seg": 52.25955581665039, "time": 0.16170942783355713, "iter": 5500, "memory": 899, "step": 5500}
{"val_loss": 2156.4236200153828, "data_time": 0.01093292236328125, "time": 0.08271676822773462, "step": 5500}
{"lr": 0.007289230062975398, "data_time": 0.061907505989074706, "loss": 6.939122200012207, "decode.loss_ce": 0.714909452199936, "decode.acc_seg": 76.90467071533203, "aux_0.loss_ce": 1.769398283958435, "aux_0.acc_seg": 42.05355453491211, "aux_1.loss_ce": 1.5820650815963746, "aux_1.acc_seg": 48.77111053466797, "aux_2.loss_ce": 1.4475440502166748, "aux_2.acc_seg": 51.0273323059082, "aux_3.loss_ce": 1.4252052307128906, "aux_3.acc_seg": 54.65800094604492, "time": 0.1480919599533081, "iter": 6000, "memory": 899, "step": 6000}
{"val_loss": 2148.6041197933255, "data_time": 0.01075539889844876, "time": 0.08290603322890198, "step": 6000}
{"lr": 0.007466802078388701, "data_time": 0.07384178638458253, "loss": 6.2504455804824826, "decode.loss_ce": 0.5768223293125629, "decode.acc_seg": 80.54467010498047, "aux_0.loss_ce": 1.6154819548130035, "aux_0.acc_seg": 25.579334259033203, "aux_1.loss_ce": 1.4629292905330658, "aux_1.acc_seg": 29.253999710083008,