{"lr": 0.006536340807380855, "data_time": 0.6939165353775024, "loss": 4.552745914459228, "decode.loss_ce": 0.7259700894355774, "decode.acc_seg": 76.2033920288086, "aux_0.loss_ce": 1.1316919863224029, "aux_0.acc_seg": 74.27383422851562, "aux_1.loss_ce": 0.9660486817359925, "aux_1.acc_seg": 74.13972473144531, "aux_2.loss_ce": 0.8825039386749267, "aux_2.acc_seg": 75.60038757324219, "aux_3.loss_ce": 0.846531230211258, "aux_3.acc_seg": 74.50328063964844, "time": 0.8961677789688111, "iter": 932, "memory": 19198, "step": 932}
{"lr": 0.009106373674004149, "data_time": 0.8397929430007934, "loss": 2.969789242744446, "decode.loss_ce": 0.41535361409187316, "decode.acc_seg": 83.90922546386719, "aux_0.loss_ce": 0.8471055865287781, "aux_0.acc_seg": 75.70094299316406, "aux_1.loss_ce": 0.6287957280874252, "aux_1.acc_seg": 78.51516723632812, "aux_2.loss_ce": 0.5460197269916535, "aux_2.acc_seg": 80.2064437866211, "aux_3.loss_ce": 0.5325146168470383, "aux_3.acc_seg": 81.07444763183594, "time": 1.0431215047836304, "iter": 10000, "memory": 2889, "step": 10000}
{"aAcc": 69.89, "mIoU": 37.57, "mAcc": 50.76, "avg_val_loss": 5.633336633071304, "data_time": 0.018196341865941098, "time": 0.375081225445396, "step": 10000}
{"lr": 0.008200516139713258, "data_time": 0.7327656507492065, "loss": 2.658125305175781, "decode.loss_ce": 0.37950046360492706, "decode.acc_seg": 87.35977935791016, "aux_0.loss_ce": 0.7713675320148468, "aux_0.acc_seg": 73.44660949707031, "aux_1.loss_ce": 0.5428669154644012, "aux_1.acc_seg": 82.02127838134766, "aux_2.loss_ce": 0.48023276031017303, "aux_2.acc_seg": 83.32483673095703, "aux_3.loss_ce": 0.48415759205818176, "aux_3.acc_seg": 82.48589324951172, "time": 0.9364488363265991, "iter": 20000, "memory": 10746, "step": 20000}
{"aAcc": 71.08, "mIoU": 41.45, "mAcc": 52.54, "avg_val_loss": 5.724549545337887, "data_time": 0.013237165908018747, "time": 0.3607231229543686, "step": 20000}
{"lr": 0.007283232762750171, "data_time": 0.7468399286270142, "loss": 2.5576078057289124, "decode.loss_ce": 0.3415822073817253, "decode.acc_seg": 85.67350006103516, "aux_0.loss_ce": 0.7409422874450684, "aux_0.acc_seg": 77.30244445800781, "aux_1.loss_ce": 0.536184898018837, "aux_1.acc_seg": 82.4637222290039, "aux_2.loss_ce": 0.4730507552623749, "aux_2.acc_seg": 82.27161407470703, "aux_3.loss_ce": 0.46584770977497103, "aux_3.acc_seg": 80.63200378417969, "time": 0.9495851278305054, "iter": 30000, "memory": 2889, "step": 30000}
{"aAcc": 71.51, "mIoU": 42.42, "mAcc": 52.73, "avg_val_loss": 5.511341484498821, "data_time": 0.012503770490487417, "time": 0.3613753492633502, "step": 30000}
{"lr": 0.006352703407289149, "data_time": 0.681573486328125, "loss": 2.4170011281967163, "decode.loss_ce": 0.32379462122917174, "decode.acc_seg": 86.5247802734375, "aux_0.loss_ce": 0.7392298877239227, "aux_0.acc_seg": 72.84061431884766, "aux_1.loss_ce": 0.5025008529424667, "aux_1.acc_seg": 79.1080551147461, "aux_2.loss_ce": 0.4269217401742935, "aux_2.acc_seg": 81.14611053466797, "aux_3.loss_ce": 0.42455403208732606, "aux_3.acc_seg": 82.9263916015625, "time": 0.8851246356964111, "iter": 40000, "memory": 2889, "step": 40000}
{"aAcc": 71.01, "mIoU": 41.86, "mAcc": 53.32, "avg_val_loss": 5.573164642624263, "data_time": 0.012987146774927774, "time": 0.3625122358401616, "step": 40000}
{"lr": 0.0054064577076796795, "data_time": 0.007852959632873534, "loss": 2.284865307807922, "decode.loss_ce": 0.30645132809877396, "decode.acc_seg": 88.00389099121094, "aux_0.loss_ce": 0.7118858695030212, "aux_0.acc_seg": 76.74561309814453, "aux_1.loss_ce": 0.4503826379776001, "aux_1.acc_seg": 85.44650268554688, "aux_2.loss_ce": 0.4022455781698227, "aux_2.acc_seg": 85.14849853515625, "aux_3.loss_ce": 0.4138999044895172, "aux_3.acc_seg": 83.54438781738281, "time": 0.9192147254943848, "iter": 50000, "memory": 2889, "step": 50000}
{"aAcc": 76.81, "mIoU": 50.2, "mAcc": 56.8, "avg_val_loss": 5.434780331844171, "data_time": 0.013007360200087229, "time": 0.364814929664135, "step": 50000}
{"lr": 0.004440959115695473, "data_time": 1.0312469720840454, "loss": 2.243285870552063, "decode.loss_ce": 0.3059549108147621, "decode.acc_seg": 84.43360900878906, "aux_0.loss_ce": 0.6737939059734345, "aux_0.acc_seg": 74.2881088256836, "aux_1.loss_ce": 0.44271309673786163, "aux_1.acc_seg": 79.55010986328125, "aux_2.loss_ce": 0.4026216298341751, "aux_2.acc_seg": 79.70188903808594, "aux_3.loss_ce": 0.4182023048400879, "aux_3.acc_seg": 79.23255920410156, "time": 1.2327924251556397, "iter": 60000, "memory": 2889, "step": 60000}
{"aAcc": 75.24, "mIoU": 47.08, "mAcc": 54.65, "avg_val_loss": 5.438325006137358, "data_time": 0.01265290379524231, "time": 0.3619612629214923, "step": 60000}
{"lr": 0.0034507407905215665, "data_time": 0.7493762016296387, "loss": 2.353407561779022, "decode.loss_ce": 0.31455100923776624, "decode.acc_seg": 86.69477844238281, "aux_0.loss_ce": 0.7379836499691009, "aux_0.acc_seg": 71.30799865722656, "aux_1.loss_ce": 0.45292826890945437, "aux_1.acc_seg": 81.5621109008789, "aux_2.loss_ce": 0.41587082147598264, "aux_2.acc_seg": 82.82350158691406, "aux_3.loss_ce": 0.4320738106966019, "aux_3.acc_seg": 81.68283081054688, "time": 0.9529033422470092, "iter": 70000, "memory": 2889, "step": 70000}
{"aAcc": 75.79, "mIoU": 49.26, "mAcc": 58.57, "avg_val_loss": 5.379816036088799, "data_time": 0.013120072583357493, "time": 0.3617846618096034, "step": 70000}
{"lr": 0.002426262391078836, "data_time": 0.7529384374618531, "loss": 2.2258352041244507, "decode.loss_ce": 0.30462678223848344, "decode.acc_seg": 89.0280532836914, "aux_0.loss_ce": 0.6758969753980637, "aux_0.acc_seg": 82.05322265625, "aux_1.loss_ce": 0.4369626849889755, "aux_1.acc_seg": 86.1074447631836, "aux_2.loss_ce": 0.39487752318382263, "aux_2.acc_seg": 86.0513916015625, "aux_3.loss_ce": 0.4134712427854538, "aux_3.acc_seg": 84.87344360351562, "time": 0.9554814577102662, "iter": 80000, "memory": 2889, "step": 80000}
{"aAcc": 76.59, "mIoU": 48.93, "mAcc": 56.36, "avg_val_loss": 5.350536149909328, "data_time": 0.013028631607691446, "time": 0.3561281735698382, "step": 80000}
{"lr": 0.0013466131488271919, "data_time": 0.20887019634246826, "loss": 2.182774817943573, "decode.loss_ce": 0.28923928588628767, "decode.acc_seg": 90.54727935791016, "aux_0.loss_ce": 0.6981988072395324, "aux_0.acc_seg": 75.66439056396484, "aux_1.loss_ce": 0.42278173565864563, "aux_1.acc_seg": 86.28816986083984, "aux_2.loss_ce": 0.3800137758255005, "aux_2.acc_seg": 88.0078353881836, "aux_3.loss_ce": 0.3925412207841873, "aux_3.acc_seg": 87.60377502441406, "time": 0.8929830312728881, "iter": 90000, "memory": 2889, "step": 90000}
{"aAcc": 76.57, "mIoU": 50.64, "mAcc": 59.21, "avg_val_loss": 5.299998363239244, "data_time": 0.013407657543818155, "time": 0.3634206900993983, "step": 90000}
{"lr": 0.0001, "data_time": 1.0853931903839111, "loss": 2.245060348510742, "decode.loss_ce": 0.2959918513894081, "decode.acc_seg": 88.94033813476562, "aux_0.loss_ce": 0.7142013311386108, "aux_0.acc_seg": 76.21338653564453, "aux_1.loss_ce": 0.4398044288158417, "aux_1.acc_seg": 86.62672424316406, "aux_2.loss_ce": 0.3896280348300934, "aux_2.acc_seg": 86.03988647460938, "aux_3.loss_ce": 0.40543471574783324, "aux_3.acc_seg": 84.84100341796875, "time": 1.2858679056167603, "iter": 100000, "memory": 2889, "step": 100000}
{"aAcc": 77.68, "mIoU": 51.01, "mAcc": 58.51, "avg_val_loss": 5.244807610398061, "data_time": 0.01250266283750534, "time": 0.34973880648612976, "step": 100000}
