{"lr": 0.0015943962641761188, "data_time": 0.5675316333770752, "loss": 4.146377635002136, "decode.loss_ce": 0.6936159670352936, "decode.acc_seg": 75.686279296875, "aux_0.loss_ce": 1.5044770002365113, "aux_0.acc_seg": 73.98777770996094, "aux_1.loss_ce": 0.8272587120532989, "aux_1.acc_seg": 77.59117126464844, "aux_2.loss_ce": 0.5706988543272018, "aux_2.acc_seg": 79.00633239746094, "aux_3.loss_ce": 0.5503271520137787, "aux_3.acc_seg": 79.05472564697266, "time": 0.7879739761352539, "iter": 100, "memory": 19652, "step": 100}
{"aAcc": 46.75, "mIoU": 33.54, "mAcc": 52.98, "avg_val_loss": 4.475955811334632, "data_time": 0.011336811753206475, "time": 0.13290078972661218, "step": 100}
{"lr": 0.002194796531020685, "data_time": 0.11600289344787598, "loss": 2.8629745960235597, "decode.loss_ce": 0.5937931567430497, "decode.acc_seg": 64.2852783203125, "aux_0.loss_ce": 0.7951553344726563, "aux_0.acc_seg": 68.96805572509766, "aux_1.loss_ce": 0.5463487684726716, "aux_1.acc_seg": 70.29777526855469, "aux_2.loss_ce": 0.46975655257701876, "aux_2.acc_seg": 67.86333465576172, "aux_3.loss_ce": 0.45792080760002135, "aux_3.acc_seg": 64.55950164794922, "time": 0.6338862657546998, "iter": 200, "memory": 34222, "step": 200}
{"aAcc": 77.95, "mIoU": 60.07, "mAcc": 72.83, "avg_val_loss": 4.060659678848951, "data_time": 0.006218488188995712, "time": 0.09787011968678441, "step": 200}
{"lr": 0.0027951967978652476, "data_time": 0.3831319808959961, "loss": 2.5551496267318727, "decode.loss_ce": 0.5685330003499984, "decode.acc_seg": 80.7193374633789, "aux_0.loss_ce": 0.6347883999347687, "aux_0.acc_seg": 83.42622375488281, "aux_1.loss_ce": 0.48309043049812317, "aux_1.acc_seg": 85.8895034790039, "aux_2.loss_ce": 0.43727852404117584, "aux_2.acc_seg": 86.33716583251953, "aux_3.loss_ce": 0.43145928978919984, "aux_3.acc_seg": 84.32250213623047, "time": 0.6299244642257691, "iter": 300, "memory": 3356, "step": 300}
{"aAcc": 74.56, "mIoU": 53.55, "mAcc": 66.73, "avg_val_loss": 4.009870507977685, "data_time": 0.006063505150805944, "time": 0.09912109923088687, "step": 300}
{"lr": 0.0033955970647098093, "data_time": 0.00917520523071289, "loss": 2.35878244638443, "decode.loss_ce": 0.4930765897035599, "decode.acc_seg": 76.58411407470703, "aux_0.loss_ce": 0.589665538072586, "aux_0.acc_seg": 81.59249877929688, "aux_1.loss_ce": 0.45097188651561737, "aux_1.acc_seg": 85.97450256347656, "aux_2.loss_ce": 0.41248397827148436, "aux_2.acc_seg": 84.86122131347656, "aux_3.loss_ce": 0.4125844568014145, "aux_3.acc_seg": 82.5408935546875, "time": 0.47784788608551027, "iter": 400, "memory": 3356, "step": 400}
{"aAcc": 79.51, "mIoU": 63.08, "mAcc": 76.38, "avg_val_loss": 3.8087335235836823, "data_time": 0.0076404028925402415, "time": 0.10141893638961616, "step": 400}
{"lr": 0.003995997331554373, "data_time": 0.1964341878890991, "loss": 2.2555001974105835, "decode.loss_ce": 0.47930112183094026, "decode.acc_seg": 79.98555755615234, "aux_0.loss_ce": 0.5393602967262268, "aux_0.acc_seg": 82.29533386230469, "aux_1.loss_ce": 0.4273157179355621, "aux_1.acc_seg": 83.43305969238281, "aux_2.loss_ce": 0.3970741957426071, "aux_2.acc_seg": 83.99644470214844, "aux_3.loss_ce": 0.41244887709617617, "aux_3.acc_seg": 82.72666931152344, "time": 0.6202722072601319, "iter": 500, "memory": 3356, "step": 500}
{"aAcc": 81.55, "mIoU": 65.83, "mAcc": 77.32, "avg_val_loss": 3.651781934451813, "data_time": 0.007088984566173334, "time": 0.10094199235411896, "step": 500}
{"lr": 0.0045963975983989375, "data_time": 0.5251425504684448, "loss": 2.028037202358246, "decode.loss_ce": 0.433630108833313, "decode.acc_seg": 84.19811248779297, "aux_0.loss_ce": 0.4733064502477646, "aux_0.acc_seg": 86.09449768066406, "aux_1.loss_ce": 0.37676931023597715, "aux_1.acc_seg": 88.41444396972656, "aux_2.loss_ce": 0.36710070818662643, "aux_2.acc_seg": 87.4006118774414, "aux_3.loss_ce": 0.3772306278347969, "aux_3.acc_seg": 86.6506118774414, "time": 0.7466517448425293, "iter": 600, "memory": 3356, "step": 600}
{"aAcc": 75.73, "mIoU": 56.99, "mAcc": 70.05, "avg_val_loss": 3.7416292539639784, "data_time": 0.007133815480374742, "time": 0.10135097613279846, "step": 600}
{"lr": 0.005196797865243495, "data_time": 0.303722620010376, "loss": 1.9288163304328918, "decode.loss_ce": 0.362935408949852, "decode.acc_seg": 86.24261474609375, "aux_0.loss_ce": 0.484978124499321, "aux_0.acc_seg": 75.2137222290039, "aux_1.loss_ce": 0.38415204286575316, "aux_1.acc_seg": 80.35211181640625, "aux_2.loss_ce": 0.35499122738838196, "aux_2.acc_seg": 85.8498306274414, "aux_3.loss_ce": 0.34175955653190615, "aux_3.acc_seg": 89.47622680664062, "time": 0.5825262784957885, "iter": 700, "memory": 3356, "step": 700}
{"aAcc": 68.36, "mIoU": 52.08, "mAcc": 67.87, "avg_val_loss": 3.7457464168886148, "data_time": 0.006589747023308414, "time": 0.10014563319326818, "step": 700}
{"lr": 0.005797198132088056, "data_time": 0.29005980491638184, "loss": 1.7198686003684998, "decode.loss_ce": 0.3377949923276901, "decode.acc_seg": 82.68611145019531, "aux_0.loss_ce": 0.4161760777235031, "aux_0.acc_seg": 82.71839141845703, "aux_1.loss_ce": 0.33486832976341246, "aux_1.acc_seg": 86.13116455078125, "aux_2.loss_ce": 0.315854674577713, "aux_2.acc_seg": 84.29238891601562, "aux_3.loss_ce": 0.315174525976181, "aux_3.acc_seg": 84.64277648925781, "time": 0.5137092590332031, "iter": 800, "memory": 3356, "step": 800}
{"aAcc": 81.54, "mIoU": 64.6, "mAcc": 76.04, "avg_val_loss": 3.6884004694725556, "data_time": 0.007330450518377896, "time": 0.10011049248706336, "step": 800}
{"lr": 0.006397598398932616, "data_time": 0.00878159999847412, "loss": 1.8558172464370728, "decode.loss_ce": 0.3499098002910614, "decode.acc_seg": 84.033447265625, "aux_0.loss_ce": 0.4510247319936752, "aux_0.acc_seg": 80.26822662353516, "aux_1.loss_ce": 0.3690175235271454, "aux_1.acc_seg": 83.29044342041016, "aux_2.loss_ce": 0.34493583142757417, "aux_2.acc_seg": 80.76655578613281, "aux_3.loss_ce": 0.3409293800592422, "aux_3.acc_seg": 79.25477600097656, "time": 0.7654620885849, "iter": 900, "memory": 3356, "step": 900}
{"aAcc": 79.73, "mIoU": 61.79, "mAcc": 73.78, "avg_val_loss": 3.719409242763757, "data_time": 0.005663663491435434, "time": 0.09870578776830914, "step": 900}
{"lr": 0.0069979986657771765, "data_time": 0.4216426372528076, "loss": 1.755229377746582, "decode.loss_ce": 0.3274293810129166, "decode.acc_seg": 85.65994262695312, "aux_0.loss_ce": 0.4425620049238205, "aux_0.acc_seg": 83.49994659423828, "aux_1.loss_ce": 0.34649417400360105, "aux_1.acc_seg": 85.99305725097656, "aux_2.loss_ce": 0.32069083452224734, "aux_2.acc_seg": 86.55044555664062, "aux_3.loss_ce": 0.31805301308631895, "aux_3.acc_seg": 86.17811584472656, "time": 0.6422709465026856, "iter": 1000, "memory": 3356, "step": 1000}
{"aAcc": 80.95, "mIoU": 64.1, "mAcc": 75.52, "avg_val_loss": 3.727151375133217, "data_time": 0.0060546124118498, "time": 0.09974467891386185, "step": 1000}
{"lr": 0.0075983989326217465, "data_time": 0.32095096111297605, "loss": 1.6835278511047362, "decode.loss_ce": 0.3293361350893974, "decode.acc_seg": 86.27261352539062, "aux_0.loss_ce": 0.4139486014842987, "aux_0.acc_seg": 86.7687759399414, "aux_1.loss_ce": 0.3247521877288818, "aux_1.acc_seg": 88.35722351074219, "aux_2.loss_ce": 0.30628884136676787, "aux_2.acc_seg": 88.67494201660156, "aux_3.loss_ce": 0.30920209139585497, "aux_3.acc_seg": 87.51205444335938, "time": 0.5429632663726807, "iter": 1100, "memory": 3356, "step": 1100}
{"aAcc": 79.32, "mIoU": 60.34, "mAcc": 72.54, "avg_val_loss": 3.6870491204598146, "data_time": 0.008125151710948724, "time": 0.10180839998968716, "step": 1100}
{"lr": 0.008198799199466306, "data_time": 0.09618220329284669, "loss": 1.628613829612732, "decode.loss_ce": 0.30343627482652663, "decode.acc_seg": 91.36183166503906, "aux_0.loss_ce": 0.4153477966785431, "aux_0.acc_seg": 86.2465591430664, "aux_1.loss_ce": 0.3195317894220352, "aux_1.acc_seg": 88.23527526855469, "aux_2.loss_ce": 0.2956601709127426, "aux_2.acc_seg": 89.47566986083984, "aux_3.loss_ce": 0.2946377873420715,