{"lr": 0.0050220502205022026, "data_time": 0.06179325580596924, "loss": 9.606060266494751, "decode.loss_ce": 1.7132752776145934, "decode.acc_seg": 51.17866897583008, "aux_0.loss_ce": 2.317720341682434, "aux_0.acc_seg": 45.42244338989258, "aux_1.loss_ce": 1.9284402012825013, "aux_1.acc_seg": 42.98955535888672, "aux_2.loss_ce": 1.7712502360343934, "aux_2.acc_seg": 42.2042236328125, "aux_3.loss_ce": 1.8753743767738342, "aux_3.acc_seg": 38.798667907714844, "time": 0.15059826374053956, "iter": 50, "memory": 17408, "step": 50}
