{"lr": 0.0015943962641761188, "data_time": 0.3957932710647583, "loss": 2.897273230552673, "decode.loss_ce": 2.4182340025901796, "decode.acc_seg": 84.9366683959961, "aux_0.loss_ce": 0.4790392369031906, "aux_0.acc_seg": 83.69322204589844, "time": 0.47979795932769775, "iter": 100, "memory": 9521, "step": 100}
{"aAcc": 51.18, "mIoU": 34.42, "mAcc": 53.78, "avg_val_loss": 10.00608167522832, "data_time": 0.03214849982150765, "time": 0.07334769326587055, "step": 100}
{"lr": 0.002194796531020685, "data_time": 0.18733699321746827, "loss": 2.402620029449463, "decode.loss_ce": 2.0009083271026613, "decode.acc_seg": 85.40955352783203, "aux_0.loss_ce": 0.401711693406105, "aux_0.acc_seg": 84.44994354248047, "time": 0.49359242916107177, "iter": 200, "memory": 34131, "step": 200}
{"aAcc": 49.13, "mIoU": 32.6, "mAcc": 50.68, "avg_val_loss": 12.625064484644355, "data_time": 0.034711615792636215, "time": 0.0725217605459279, "step": 200}
{"lr": 0.0027951967978652476, "data_time": 0.09569730758666992, "loss": 2.0999057292938232, "decode.loss_ce": 1.7612995862960816, "decode.acc_seg": 88.29927825927734, "aux_0.loss_ce": 0.3386061280965805, "aux_0.acc_seg": 88.15911102294922, "time": 0.46728835105895994, "iter": 300, "memory": 975, "step": 300}
{"aAcc": 47.91, "mIoU": 33.08, "mAcc": 53.91, "avg_val_loss": 15.01118774041098, "data_time": 0.02763796948838508, "time": 0.06509094950796544, "step": 300}
{"lr": 0.0033955970647098093, "data_time": 0.47437257766723634, "loss": 2.2781567931175233, "decode.loss_ce": 1.9134350061416625, "decode.acc_seg": 75.42216491699219, "aux_0.loss_ce": 0.3647217571735382, "aux_0.acc_seg": 76.31616973876953, "time": 0.5768821239471436, "iter": 400, "memory": 975, "step": 400}
{"aAcc": 56.12, "mIoU": 39.53, "mAcc": 57.89, "avg_val_loss": 14.344459382174485, "data_time": 0.025320179160984082, "time": 0.06367095037438404, "step": 400}
{"lr": 0.003995997331554373, "data_time": 0.1366340160369873, "loss": 2.166355240345001, "decode.loss_ce": 1.8107614874839784, "decode.acc_seg": 89.03355407714844, "aux_0.loss_ce": 0.3555937483906746, "aux_0.acc_seg": 90.7469482421875, "time": 0.6369699239730835, "iter": 500, "memory": 975, "step": 500}
{"aAcc": 71.88, "mIoU": 53.42, "mAcc": 67.92, "avg_val_loss": 12.5839392761738, "data_time": 0.024431414987849093, "time": 0.06224179541927644, "step": 500}
{"lr": 0.0045963975983989375, "data_time": 0.1151747465133667, "loss": 2.091484308242798, "decode.loss_ce": 1.7717704057693482, "decode.acc_seg": 78.62283325195312, "aux_0.loss_ce": 0.319713893532753, "aux_0.acc_seg": 81.98271942138672, "time": 0.5126004695892334, "iter": 600, "memory": 975, "step": 600}
{"aAcc": 74.67, "mIoU": 58.33, "mAcc": 72.49, "avg_val_loss": 11.324927186858469, "data_time": 0.026373194552015984, "time": 0.06440730204527405, "step": 600}
{"lr": 0.005196797865243495, "data_time": 0.053684544563293454, "loss": 2.0019863724708555, "decode.loss_ce": 1.6716806769371033, "decode.acc_seg": 90.80094909667969, "aux_0.loss_ce": 0.3303056865930557, "aux_0.acc_seg": 88.6707763671875, "time": 0.4607041358947754, "iter": 700, "memory": 975, "step": 700}
{"aAcc": 65.63, "mIoU": 48.97, "mAcc": 65.63, "avg_val_loss": 10.801146926910757, "data_time": 0.03394807892284174, "time": 0.07254698084688735, "step": 700}
{"lr": 0.005797198132088056, "data_time": 0.012051606178283691, "loss": 1.7304822564125062, "decode.loss_ce": 1.447843599319458, "decode.acc_seg": 87.98527526855469, "aux_0.loss_ce": 0.2826386585831642, "aux_0.acc_seg": 87.82221984863281, "time": 0.4837820529937744, "iter": 800, "memory": 975, "step": 800}
{"aAcc": 64.06, "mIoU": 46.79, "mAcc": 62.42, "avg_val_loss": 10.53070319824095, "data_time": 0.030849018316159302, "time": 0.06911462750928156, "step": 800}
{"lr": 0.006397598398932616, "data_time": 0.0364229679107666, "loss": 1.859769833087921, "decode.loss_ce": 1.5512301921844482, "decode.acc_seg": 88.03866577148438, "aux_0.loss_ce": 0.3085396647453308, "aux_0.acc_seg": 87.76166534423828, "time": 0.464005184173584, "iter": 900, "memory": 975, "step": 900}
{"aAcc": 55.07, "mIoU": 38.45, "mAcc": 57.03, "avg_val_loss": 10.782556913817293, "data_time": 0.0385282834370931, "time": 0.07672079404195149, "step": 900}
{"lr": 0.0069979986657771765, "data_time": 0.41220200061798096, "loss": 1.7939483523368835, "decode.loss_ce": 1.5052856087684632, "decode.acc_seg": 86.30760955810547, "aux_0.loss_ce": 0.2886627480387688, "aux_0.acc_seg": 88.21988677978516, "time": 0.49828622341156004, "iter": 1000, "memory": 975, "step": 1000}
{"aAcc": 59.54, "mIoU": 41.63, "mAcc": 59.57, "avg_val_loss": 11.009595916259011, "data_time": 0.03160583835908736, "time": 0.06963487603198523, "step": 1000}
{"lr": 0.0075983989326217465, "data_time": 0.06586058139801025, "loss": 1.94107586145401, "decode.loss_ce": 1.6270597219467162, "decode.acc_seg": 88.47216796875, "aux_0.loss_ce": 0.3140161335468292, "aux_0.acc_seg": 88.74661254882812, "time": 0.6470711946487426, "iter": 1100, "memory": 975, "step": 1100}
{"aAcc": 59.11, "mIoU": 43.61, "mAcc": 61.07, "avg_val_loss": 10.970228711520022, "data_time": 0.0194926590755068, "time": 0.06640079925800192, "step": 1100}
{"lr": 0.008198799199466306, "data_time": 0.04105830192565918, "loss": 1.9438177585601806, "decode.loss_ce": 1.6244709134101867, "decode.acc_seg": 87.16139221191406, "aux_0.loss_ce": 0.31934683620929716, "aux_0.acc_seg": 87.22333526611328, "time": 0.4999771356582642, "iter": 1200, "memory": 975, "step": 1200}
{"aAcc": 77.89, "mIoU": 62.33, "mAcc": 75.51, "avg_val_loss": 9.814850653481415, "data_time": 0.02197254663226248, "time": 0.06868005346977847, "step": 1200}
{"lr": 0.008799199466310867, "data_time": 0.45279850959777834, "loss": 1.774362576007843, "decode.loss_ce": 1.4878865599632263, "decode.acc_seg": 88.35839080810547, "aux_0.loss_ce": 0.28647602945566175, "aux_0.acc_seg": 88.51261138916016, "time": 0.6537592887878418, "iter": 1300, "memory": 975, "step": 1300}
{"aAcc": 57.81, "mIoU": 41.36, "mAcc": 59.28, "avg_val_loss": 9.226535390788005, "data_time": 0.015446542323320761, "time": 0.06199573922431332, "step": 1300}
{"lr": 0.009399599733155411, "data_time": 0.5587388753890992, "loss": 1.790951955318451, "decode.loss_ce": 1.4995068073272706, "decode.acc_seg": 87.20899963378906, "aux_0.loss_ce": 0.2914451450109482, "aux_0.acc_seg": 87.3048324584961, "time": 0.6564513921737671, "iter": 1400, "memory": 975, "step": 1400}
{"aAcc": 72.18, "mIoU": 56.23, "mAcc": 71.53, "avg_val_loss": 8.618352383566878, "data_time": 0.02093346913655599, "time": 0.06706687499736917, "step": 1400}
{"lr": 0.009999999999999966, "data_time": 0.21614792346954345, "loss": 1.5296416521072387, "decode.loss_ce": 1.2773048162460328, "decode.acc_seg": 89.40961456298828, "aux_0.loss_ce": 0.2523368403315544, "aux_0.acc_seg": 90.34911346435547, "time": 0.5080713987350464, "iter": 1500, "memory": 975, "step": 1500}
{"aAcc": 75.48, "mIoU": 59.71, "mAcc": 73.89, "avg_val_loss": 8.673761150197327, "data_time": 0.0329288641611735, "time": 0.07107810042370324, "step": 1500}
{"lr": 0.009884680550653002, "data_time": 0.1775986671447754, "loss": 1.6820295572280883, "decode.loss_ce": 1.4105157494544982, "decode.acc_seg": 90.84149932861328, "aux_0.loss_ce": 0.2715138033032417, "aux_0.acc_seg": 90.53894805908203, "time": 0.5547301530838012, "iter": 1600, "memory": 975, "step": 1600}
{"aAcc": 59.55, "mIoU": 43.07, "mAcc": 61.1, "avg_val_loss": 9.365086018324593, "data_time": 0.031062616699043363, "time": 0.06975245475769043, "step": 1600}
{"lr": 0.009768196258383342, "data_time": 0.47434794902801514, "loss": 1.6122545957565309, "decode.loss_ce": 1.3464512705802918, "decode.acc_seg": 89.21822357177734, "aux_0.loss_ce": 0.26580330431461335, "aux_0.acc_seg": 89.2516098022461, "time": 0.571299409866333, "iter": 1700, "memory": 975, "step": 1700}
{"aAcc": 64.98, "mIoU": 49.01, "mAcc": 65.91, "avg_val_loss": 9.543756415420457, "data_time": 0.019798322655688757, "time": 0.06618039635406144, "step": 1700}
{"lr": 0.009651711966113682, "data_time": 0.3800633192062378,