{"lr": 0.006406583235954008, "data_time": 0.00903308391571045, "loss": 3.262296175956726, "decode.loss_ce": 0.5720898419618606, "decode.acc_seg": 80.82988739013672, "aux_0.loss_ce": 0.7876541197299958, "aux_0.acc_seg": 78.82594299316406, "aux_1.loss_ce": 0.6896456897258758, "aux_1.acc_seg": 79.5856704711914, "aux_2.loss_ce": 0.6315582036972046, "aux_2.acc_seg": 81.50044250488281, "aux_3.loss_ce": 0.5813483566045761, "aux_3.acc_seg": 80.40983581542969, "time": 0.4772994041442871, "iter": 910, "memory": 19212, "step": 910}
{"lr": 0.009555466234936583, "data_time": 0.2813018798828125, "loss": 2.7933298349380493, "decode.loss_ce": 0.4492636024951935, "decode.acc_seg": 76.80188751220703, "aux_0.loss_ce": 0.7394234895706177, "aux_0.acc_seg": 69.34327697753906, "aux_1.loss_ce": 0.6282149255275726, "aux_1.acc_seg": 72.10250091552734, "aux_2.loss_ce": 0.5244053065776825, "aux_2.acc_seg": 73.35610961914062, "aux_3.loss_ce": 0.4520225077867508, "aux_3.acc_seg": 76.70572662353516, "time": 0.510322117805481, "iter": 5000, "memory": 2904, "step": 5000}
{"aAcc": 78.72, "mIoU": 45.44, "mAcc": 56.46, "avg_val_loss": 2.7252093086452187, "data_time": 0.004538442293802897, "time": 0.09055543210771348, "step": 5000}
{"lr": 0.009106373674004149, "data_time": 0.011546111106872559, "loss": 2.4893065333366393, "decode.loss_ce": 0.3827633857727051, "decode.acc_seg": 82.5165023803711, "aux_0.loss_ce": 0.69681116938591, "aux_0.acc_seg": 75.66094207763672, "aux_1.loss_ce": 0.5627378433942795, "aux_1.acc_seg": 79.19650268554688, "aux_2.loss_ce": 0.4624993324279785, "aux_2.acc_seg": 80.34972381591797, "aux_3.loss_ce": 0.38449486494064333, "aux_3.acc_seg": 82.03121948242188, "time": 0.5207034587860108, "iter": 10000, "memory": 10746, "step": 10000}
{"aAcc": 76.32, "mIoU": 44.76, "mAcc": 55.6, "avg_val_loss": 2.9672704455717254, "data_time": 0.0035350618764196425, "time": 0.08942162858408993, "step": 10000}
{"lr": 0.008654777854268367, "data_time": 0.008008575439453125, "loss": 2.536979866027832, "decode.loss_ce": 0.40554499328136445, "decode.acc_seg": 86.8407211303711, "aux_0.loss_ce": 0.6755859375, "aux_0.acc_seg": 71.19622039794922, "aux_1.loss_ce": 0.5725612610578537, "aux_1.acc_seg": 76.82272338867188, "aux_2.loss_ce": 0.47173487544059756, "aux_2.acc_seg": 84.54011535644531, "aux_3.loss_ce": 0.41155272126197817, "aux_3.acc_seg": 86.81549835205078, "time": 0.553148627281189, "iter": 15000, "memory": 2904, "step": 15000}
{"aAcc": 77.63, "mIoU": 45.87, "mAcc": 56.52, "avg_val_loss": 2.9765464554329824, "data_time": 0.0037565162599483243, "time": 0.08725502961490741, "step": 15000}
{"lr": 0.008200516139713258, "data_time": 0.008463191986083984, "loss": 2.4416183710098265, "decode.loss_ce": 0.38391812443733214, "decode.acc_seg": 82.70833587646484, "aux_0.loss_ce": 0.6645885884761811, "aux_0.acc_seg": 65.71761322021484, "aux_1.loss_ce": 0.5494013905525208, "aux_1.acc_seg": 71.46338653564453, "aux_2.loss_ce": 0.4588136225938797, "aux_2.acc_seg": 77.68389129638672, "aux_3.loss_ce": 0.38489663004875185, "aux_3.acc_seg": 83.12611389160156, "time": 0.5048634290695191, "iter": 20000, "memory": 2904, "step": 20000}
{"aAcc": 77.2, "mIoU": 45.44, "mAcc": 56.18, "avg_val_loss": 3.032305438862958, "data_time": 0.0036819367080992977, "time": 0.08795402689677913, "step": 20000}
{"lr": 0.007743404442460137, "data_time": 0.139639949798584, "loss": 2.441431760787964, "decode.loss_ce": 0.36428767144680024, "decode.acc_seg": 83.06022644042969, "aux_0.loss_ce": 0.6964748442173004, "aux_0.acc_seg": 71.91844177246094, "aux_1.loss_ce": 0.5595599621534347, "aux_1.acc_seg": 77.77227783203125, "aux_2.loss_ce": 0.45321626365184786, "aux_2.acc_seg": 82.26416778564453, "aux_3.loss_ce": 0.36789296865463256, "aux_3.acc_seg": 83.11544799804688, "time": 0.5103151082992554, "iter": 25000, "memory": 2904, "step": 25000}
{"aAcc": 79.51, "mIoU": 48.3, "mAcc": 58.32, "avg_val_loss": 3.086020321787663, "data_time": 0.004460539363175961, "time": 0.08907110569482368, "step": 25000}
{"lr": 0.007283232762750171, "data_time": 0.2962980270385742, "loss": 2.3787189722061157, "decode.loss_ce": 0.36689589619636537, "decode.acc_seg": 83.18267059326172, "aux_0.loss_ce": 0.6653802037239075, "aux_0.acc_seg": 76.28944396972656, "aux_1.loss_ce": 0.5368751376867295, "aux_1.acc_seg": 79.93794250488281, "aux_2.loss_ce": 0.44072870910167694, "aux_2.acc_seg": 82.01944732666016, "aux_3.loss_ce": 0.3688390076160431, "aux_3.acc_seg": 82.91644287109375, "time": 0.521707820892334, "iter": 30000, "memory": 2904, "step": 30000}
{"aAcc": 80.25, "mIoU": 49.03, "mAcc": 58.85, "avg_val_loss": 3.2090696685891875, "data_time": 0.0039576543144006155, "time": 0.08785569007010788, "step": 30000}
{"lr": 0.006819759413287659, "data_time": 0.2071361780166626, "loss": 2.307090926170349, "decode.loss_ce": 0.360207536816597, "decode.acc_seg": 80.24955749511719, "aux_0.loss_ce": 0.6463686525821686, "aux_0.acc_seg": 70.80372619628906, "aux_1.loss_ce": 0.5175594955682754, "aux_1.acc_seg": 74.49283599853516, "aux_2.loss_ce": 0.4215016722679138, "aux_2.acc_seg": 78.62689208984375, "aux_3.loss_ce": 0.36145355403423307, "aux_3.acc_seg": 79.80033111572266, "time": 0.4109557390213013, "iter": 35000, "memory": 2904, "step": 35000}
{"aAcc": 83.08, "mIoU": 51.32, "mAcc": 60.46, "avg_val_loss": 3.1290678677646224, "data_time": 0.004350012527601153, "time": 0.08672622249290314, "step": 35000}
{"lr": 0.006352703407289149, "data_time": 0.010469889640808106, "loss": 2.2658587217330934, "decode.loss_ce": 0.3495735451579094, "decode.acc_seg": 81.61144256591797, "aux_0.loss_ce": 0.6299534201622009, "aux_0.acc_seg": 72.08805847167969, "aux_1.loss_ce": 0.5127367228269577, "aux_1.acc_seg": 77.54405975341797, "aux_2.loss_ce": 0.42339991927146914, "aux_2.acc_seg": 82.73483276367188, "aux_3.loss_ce": 0.3501950979232788, "aux_3.acc_seg": 81.61000061035156, "time": 0.5396977186203002, "iter": 40000, "memory": 2904, "step": 40000}
{"aAcc": 78.76, "mIoU": 46.65, "mAcc": 57.11, "avg_val_loss": 3.119700709594055, "data_time": 0.0040331145876527094, "time": 0.08848543230551574, "step": 40000}
{"lr": 0.005881734222075994, "data_time": 0.30020437240600584, "loss": 2.392274332046509, "decode.loss_ce": 0.37635303735733033, "decode.acc_seg": 80.78561401367188, "aux_0.loss_ce": 0.6400363385677338, "aux_0.acc_seg": 74.78783416748047, "aux_1.loss_ce": 0.5431538492441177, "aux_1.acc_seg": 76.06261444091797, "aux_2.loss_ce": 0.45031624734401704, "aux_2.acc_seg": 79.95127868652344, "aux_3.loss_ce": 0.3824148803949356, "aux_3.acc_seg": 82.75411224365234, "time": 0.5045753479003906, "iter": 45000, "memory": 2904, "step": 45000}
{"aAcc": 77.9, "mIoU": 46.65, "mAcc": 56.99, "avg_val_loss": 3.1048553330949704, "data_time": 0.004097179933027787, "time": 0.08816514575560712, "step": 45000}
{"lr": 0.0054064577076796795, "data_time": 0.32217888832092284, "loss": 2.4387612104415894, "decode.loss_ce": 0.3558012664318085, "decode.acc_seg": 76.4631118774414, "aux_0.loss_ce": 0.6992179155349731, "aux_0.acc_seg": 60.95349884033203, "aux_1.loss_ce": 0.5708149641752243, "aux_1.acc_seg": 63.895835876464844, "aux_2.loss_ce": 0.4542297303676605, "aux_2.acc_seg": 67.86505889892578, "aux_3.loss_ce": 0.3586973547935486, "aux_3.acc_seg": 74.7822265625, "time": 0.5255801439285278, "iter": 50000, "memory": 2904, "step": 50000}
{"aAcc": 60.82, "mIoU": 33.86, "mAcc": 44.6, "avg_val_loss": 3.1383138312662933, "data_time": 0.00398820308253929, "time": 0.08771102391431178, "step": 50000}
