{"lr": 0.005040144980500798, "data_time": 0.0035944223403930665, "loss": 8.383144283294678, "decode.loss_ce": 1.5690038800239563, "decode.acc_seg": 54.21711349487305, "aux_0.loss_ce": 1.9543999910354615, "aux_0.acc_seg": 29.135555267333984, "aux_1.loss_ce": 1.685553991794586, "aux_1.acc_seg": 36.00222396850586, "aux_2.loss_ce": 1.625860857963562, "aux_2.acc_seg": 38.72755432128906, "aux_3.loss_ce": 1.548325502872467, "aux_3.acc_seg": 58.354000091552734, "time": 0.14476945400238037, "iter": 100, "memory": 17408, "step": 100}
{"aAcc": 34.09, "mIoU": 6.91, "mAcc": 12.86, "val_loss": 9.913013757509377, "data_time": 0.006180226657802461, "time": 0.13110840291582465, "step": 100}
{"lr": 0.005080615216132712, "data_time": 0.024948501586914064, "loss": 7.358617687225342, "decode.loss_ce": 1.3927283227443694, "decode.acc_seg": 44.2140007019043, "aux_0.loss_ce": 1.649351990222931, "aux_0.acc_seg": 62.2575569152832, "aux_1.loss_ce": 1.4677894592285157, "aux_1.acc_seg": 52.02133560180664, "aux_2.loss_ce": 1.4130732476711274, "aux_2.acc_seg": 50.12244415283203, "aux_3.loss_ce": 1.4356747567653656, "aux_3.acc_seg": 43.4382209777832, "time": 0.10563089847564697, "iter": 200, "memory": 901, "step": 200}
{"aAcc": 38.43, "mIoU": 6.63, "mAcc": 13.8, "val_loss": 11.043469044707724, "data_time": 0.005544871381185587, "time": 0.12688527928972707, "step": 200}
{"lr": 0.005121004778430786, "data_time": 0.003508138656616211, "loss": 8.438106298446655, "decode.loss_ce": 1.5637521982192992, "decode.acc_seg": 40.95933532714844, "aux_0.loss_ce": 1.7986631870269776, "aux_0.acc_seg": 38.196224212646484, "aux_1.loss_ce": 1.6602206349372863, "aux_1.acc_seg": 33.65333557128906, "aux_2.loss_ce": 1.6039745211601257, "aux_2.acc_seg": 35.845333099365234, "aux_3.loss_ce": 1.8114957928657531, "aux_3.acc_seg": 29.78644561767578, "time": 0.2590560674667358, "iter": 300, "memory": 901, "step": 300}
{"aAcc": 52.77, "mIoU": 13.76, "mAcc": 19.93, "val_loss": 9.237345564960707, "data_time": 0.0047158130164285305, "time": 0.12630631044073012, "step": 300}
{"lr": 0.00516131364708311, "data_time": 0.05617823600769043, "loss": 7.555063486099243, "decode.loss_ce": 1.3033345997333527, "decode.acc_seg": 51.77133560180664, "aux_0.loss_ce": 1.6550091981887818, "aux_0.acc_seg": 58.65044403076172, "aux_1.loss_ce": 1.4887916207313538, "aux_1.acc_seg": 64.76155853271484, "aux_2.loss_ce": 1.4743919253349305, "aux_2.acc_seg": 64.74578094482422, "aux_3.loss_ce": 1.6335360884666443, "aux_3.acc_seg": 69.71688842773438, "time": 0.13817269802093507, "iter": 400, "memory": 901, "step": 400}
{"aAcc": 69.37, "mIoU": 23.99, "mAcc": 33.22, "val_loss": 8.36673763871701, "data_time": 0.005262148033068018, "time": 0.12898383036400507, "step": 400}
{"lr": 0.005201541801877408, "data_time": 0.003705596923828125, "loss": 7.597072696685791, "decode.loss_ce": 1.2588540971279145, "decode.acc_seg": 53.95977783203125, "aux_0.loss_ce": 1.6019586086273194, "aux_0.acc_seg": 45.13755416870117, "aux_1.loss_ce": 1.5634012460708617, "aux_1.acc_seg": 43.1077766418457, "aux_2.loss_ce": 1.5418020129203795, "aux_2.acc_seg": 41.12066650390625, "aux_3.loss_ce": 1.6310566782951355, "aux_3.acc_seg": 40.09489059448242, "time": 0.13050527572631837, "iter": 500, "memory": 901, "step": 500}
{"aAcc": 40.06, "mIoU": 16.36, "mAcc": 30.88, "val_loss": 7.883611619632224, "data_time": 0.005406890679331659, "time": 0.13237574204657843, "step": 500}
{"lr": 0.005241689222698065, "data_time": 0.06022701263427734, "loss": 7.398639726638794, "decode.loss_ce": 1.16761434674263, "decode.acc_seg": 58.74177932739258, "aux_0.loss_ce": 1.6326341509819031, "aux_0.acc_seg": 68.63866424560547, "aux_1.loss_ce": 1.5506457090377808, "aux_1.acc_seg": 60.53155517578125, "aux_2.loss_ce": 1.4899099111557006, "aux_2.acc_seg": 64.54755401611328, "aux_3.loss_ce": 1.55783571600914, "aux_3.acc_seg": 71.57644653320312, "time": 0.1512903690338135, "iter": 600, "memory": 901, "step": 600}
{"aAcc": 69.12, "mIoU": 21.05, "mAcc": 29.89, "val_loss": 7.57619366619677, "data_time": 0.005317401538774805, "time": 0.1307093489517286, "step": 600}
{"lr": 0.005281755889523201, "data_time": 0.12956676483154297, "loss": 7.737205362319946, "decode.loss_ce": 1.3451012909412383, "decode.acc_seg": 52.52133560180664, "aux_0.loss_ce": 1.69322327375412, "aux_0.acc_seg": 43.91755676269531, "aux_1.loss_ce": 1.5418357491493224, "aux_1.acc_seg": 48.20866775512695, "aux_2.loss_ce": 1.5091749668121337, "aux_2.acc_seg": 48.313777923583984, "aux_3.loss_ce": 1.6478700280189513, "aux_3.acc_seg": 51.72444534301758, "time": 0.21251611709594725, "iter": 700, "memory": 901, "step": 700}
{"aAcc": 49.08, "mIoU": 15.1, "mAcc": 22.5, "val_loss": 7.348538706587651, "data_time": 0.005046408731960556, "time": 0.13019425892135472, "step": 700}
{"lr": 0.005321741782421746, "data_time": 0.06585776805877686, "loss": 6.824203062057495, "decode.loss_ce": 0.940512764453888, "decode.acc_seg": 69.6240005493164, "aux_0.loss_ce": 1.4768487453460692, "aux_0.acc_seg": 66.86000061035156, "aux_1.loss_ce": 1.4348015427589416, "aux_1.acc_seg": 64.76777648925781, "aux_2.loss_ce": 1.4023341178894042, "aux_2.acc_seg": 70.58777618408203, "aux_3.loss_ce": 1.569705957174301, "aux_3.acc_seg": 64.7020034790039, "time": 0.14811255931854247, "iter": 800, "memory": 901, "step": 800}
{"aAcc": 71.41, "mIoU": 24.21, "mAcc": 31.74, "val_loss": 7.062484403706897, "data_time": 0.005203782933429607, "time": 0.13001225295576077, "step": 800}
{"lr": 0.005361646881550746, "data_time": 0.08152534961700439, "loss": 7.253802394866943, "decode.loss_ce": 1.1509925782680512, "decode.acc_seg": 65.50199890136719, "aux_0.loss_ce": 1.6057112634181976, "aux_0.acc_seg": 30.53533363342285, "aux_1.loss_ce": 1.4871547281742097, "aux_1.acc_seg": 33.64066696166992, "aux_2.loss_ce": 1.4542258381843567, "aux_2.acc_seg": 35.88600158691406, "aux_3.loss_ce": 1.5557178676128387, "aux_3.acc_seg": 41.533111572265625, "time": 0.16318001747131347, "iter": 900, "memory": 901, "step": 900}
{"aAcc": 68.25, "mIoU": 25.46, "mAcc": 34.15, "val_loss": 6.82590864992808, "data_time": 0.005269552318795214, "time": 0.13009972826948443, "step": 900}
{"lr": 0.005401471167152687, "data_time": 0.037884879112243655, "loss": 6.694267845153808, "decode.loss_ce": 1.06594979763031, "decode.acc_seg": 55.86888885498047, "aux_0.loss_ce": 1.5310362696647644, "aux_0.acc_seg": 40.729557037353516, "aux_1.loss_ce": 1.4201159358024598, "aux_1.acc_seg": 42.1251106262207, "aux_2.loss_ce": 1.3281324565410615, "aux_2.acc_seg": 45.068668365478516, "aux_3.loss_ce": 1.3490334451198578, "aux_3.acc_seg": 46.22844314575195, "time": 0.176741361618042, "iter": 1000, "memory": 901, "step": 1000}
{"aAcc": 75.06, "mIoU": 26.46, "mAcc": 34.04, "val_loss": 6.582495407620388, "data_time": 0.004977779481017474, "time": 0.12840670578688093, "step": 1000}
{"lr": 0.0054412146195529035, "data_time": 0.10824689865112305, "loss": 6.231023931503296, "decode.loss_ce": 0.8937375724315644, "decode.acc_seg": 64.32422637939453, "aux_0.loss_ce": 1.4373574733734131, "aux_0.acc_seg": 51.345333099365234, "aux_1.loss_ce": 1.3297647416591645, "aux_1.acc_seg": 51.864891052246094, "aux_2.loss_ce": 1.2356863856315612, "aux_2.acc_seg": 53.863555908203125, "aux_3.loss_ce": 1.334477859735489, "aux_3.acc_seg": 49.386444091796875, "time": 0.1903667688369751, "iter": 1100, "memory": 901, "step": 1100}
{"aAcc": 70.24, "mIoU": 26.54, "mAcc": 35.97, "val_loss": 6.084838205267392, "data_time": 0.005207897389976724, "time": 0.12968362014270524, "step": 1100}
{"lr": 0.005480877219157078, "data_time": 0.007912850379943848, "loss": 6.680099582672119, "decode.loss_ce": 0.9309032917022705, "decode.acc_seg": 80.58467102050781, "aux_0.loss_ce": 1.608474111557007, "aux_0.acc_seg": 69.32422637939453, "aux_1.loss_ce": 1.4674447059631348, "aux_1.acc_seg": 47.97844314575195, "aux_2.loss_ce": 1.3034276783466339, "aux_2.acc_seg": 46.93489074707031, "aux_3.loss_ce": 1.369849866628647, "aux_3.acc_seg": 45.28377914428711, "time": 0.10988283157348633, "iter": 1200, "memory": 901,