{"lr": 0.0072072072072071995, "data_time": 0.4047160863876343, "loss": 5.224935054779053, "decode.loss_ce": 0.9238641262054443, "decode.acc_seg": 68.32766723632812, "aux_0.loss_ce": 1.3543346881866456, "aux_0.acc_seg": 67.43213653564453, "aux_1.loss_ce": 1.1327467679977417, "aux_1.acc_seg": 68.08839416503906, "aux_2.loss_ce": 0.9270412862300873, "aux_2.acc_seg": 68.18568420410156, "aux_3.loss_ce": 0.8869482636451721, "aux_3.acc_seg": 69.40397644042969, "time": 0.8165157794952392, "iter": 50, "memory": 39314, "step": 50}
