{"lr": 0.0015930867963809803, "data_time": 0.19183578491210937, "loss": 5.257733392715454, "decode.loss_ce": 0.7390743851661682, "decode.acc_seg": 77.69400024414062, "aux_0.loss_ce": 1.9132227182388306, "aux_0.acc_seg": 46.95349884033203, "aux_1.loss_ce": 1.129943597316742, "aux_1.acc_seg": 72.56316375732422, "aux_2.loss_ce": 0.785249900817871, "aux_2.acc_seg": 76.56294250488281, "aux_3.loss_ce": 0.6902427911758423, "aux_3.acc_seg": 71.36483764648438, "time": 0.39031686782836916, "iter": 100, "memory": 19198, "step": 100}
{"aAcc": 52.58, "mIoU": 26.44, "mAcc": 39.04, "avg_val_loss": 4.872912104886949, "data_time": 0.004639720386928982, "time": 0.08952691978878445, "step": 100}
