{"lr": 0.0015943962641761188, "data_time": 0.025601696968078614, "loss": 4.1176584482192995, "decode.loss_ce": 0.6601087808609009, "decode.acc_seg": 80.21244812011719, "aux_0.loss_ce": 1.1566961050033568, "aux_0.acc_seg": 68.7935562133789, "aux_1.loss_ce": 0.900182843208313, "aux_1.acc_seg": 72.35449981689453, "aux_2.loss_ce": 0.7378704488277436, "aux_2.acc_seg": 76.44416809082031, "aux_3.loss_ce": 0.6628001630306244, "aux_3.acc_seg": 79.76705932617188, "time": 0.5727160453796387, "iter": 100, "memory": 19642, "step": 100}
{"aAcc": 49.08, "mIoU": 34.09, "mAcc": 53.67, "avg_val_loss": 4.760744484195932, "data_time": 0.011918711107830668, "time": 0.12331103446871736, "step": 100}
