{"lr": 0.00500735002450008, "data_time": 0.0674325704574585, "loss": 9.83054485321045, "decode.loss_ce": 1.7130378246307374, "decode.acc_seg": 50.787113189697266, "aux_0.loss_ce": 2.3003142356872557, "aux_0.acc_seg": 32.43600082397461, "aux_1.loss_ce": 2.096255326271057, "aux_1.acc_seg": 35.13111114501953, "aux_2.loss_ce": 1.8579882979393005, "aux_2.acc_seg": 43.06111145019531, "aux_3.loss_ce": 1.8629493236541748, "aux_3.acc_seg": 45.04244613647461, "time": 0.15619773864746095, "iter": 50, "memory": 17408, "step": 50}
