{"lr": 0.0015930867963809803, "data_time": 0.49045889377593993, "loss": 9.03868989944458, "decode.loss_ce": 1.3900348544120789, "decode.acc_seg": 52.179443359375, "aux_0.loss_ce": 2.539164423942566, "aux_0.acc_seg": 41.4184455871582, "aux_1.loss_ce": 1.9463993191719056, "aux_1.acc_seg": 43.02544403076172, "aux_2.loss_ce": 1.6315315246582032, "aux_2.acc_seg": 47.89177703857422, "aux_3.loss_ce": 1.531559956073761, "aux_3.acc_seg": 47.54105758666992, "time": 0.6871760129928589, "iter": 100, "memory": 19219, "step": 100}
{"aAcc": 46.82, "mIoU": 9.77, "mAcc": 16.28, "avg_val_loss": 10.195704919727225, "data_time": 0.019363029379593697, "time": 0.38969208064832184, "step": 100}
{"lr": 0.002191123271301943, "data_time": 0.4104665994644165, "loss": 7.431683683395386, "decode.loss_ce": 1.1497636020183564, "decode.acc_seg": 62.729000091552734, "aux_0.loss_ce": 2.022394835948944, "aux_0.acc_seg": 46.5248908996582, "aux_1.loss_ce": 1.590000569820404, "aux_1.acc_seg": 54.940555572509766, "aux_2.loss_ce": 1.3679426908493042, "aux_2.acc_seg": 60.366722106933594, "aux_3.loss_ce": 1.30158189535141, "aux_3.acc_seg": 59.39200210571289, "time": 0.703249168395996, "iter": 200, "memory": 10769, "step": 200}
{"aAcc": 56.23, "mIoU": 17.79, "mAcc": 26.3, "avg_val_loss": 9.751180986040517, "data_time": 0.008743266264597574, "time": 0.3720946063597997, "step": 200}
