{"lr": 0.0015943962641761188, "data_time": 0.4613341331481934, "loss": 1.6202809035778045, "decode.loss_seg": 0.7102312415838241, "aux_0.loss_seg": 0.25650557950139047, "aux_1.loss_seg": 0.22398961707949638, "aux_2.loss_seg": 0.2141669809818268, "aux_3.loss_seg": 0.2153875172138214, "time": 0.7519092082977294, "iter": 100, "memory": 19977, "step": 100}
{"aAcc": 57.78, "mIoU": 42.88, "mAcc": 60.61, "avg_val_loss": 0.0, "data_time": 0.010946991831757302, "time": 0.08930731928625772, "step": 100}
{"lr": 0.002194796531020685, "data_time": 0.3905262231826782, "loss": 1.6748071253299712, "decode.loss_seg": 0.7649211794137954, "aux_0.loss_seg": 0.23155898004770278, "aux_1.loss_seg": 0.22307344302535057, "aux_2.loss_seg": 0.23019782677292824, "aux_3.loss_seg": 0.22505567148327826, "time": 0.525597357749939, "iter": 200, "memory": 34270, "step": 200}
{"aAcc": 60.73, "mIoU": 45.1, "mAcc": 62.4, "avg_val_loss": 0.0, "data_time": 0.010846359976406756, "time": 0.06507501382937377, "step": 200}
{"lr": 0.0027951967978652476, "data_time": 0.014979243278503418, "loss": 1.2874634563922882, "decode.loss_seg": 0.6047432035207748, "aux_0.loss_seg": 0.16977571025490762, "aux_1.loss_seg": 0.1631897784769535, "aux_2.loss_seg": 0.17351847887039185, "aux_3.loss_seg": 0.17623628675937653, "time": 0.6845165252685547, "iter": 300, "memory": 3095, "step": 300}
{"aAcc": 55.19, "mIoU": 40.27, "mAcc": 58.72, "avg_val_loss": 0.0, "data_time": 0.013583131220148897, "time": 0.07682427318616845, "step": 300}
{"lr": 0.0033955970647098093, "data_time": 0.32501749992370604, "loss": 1.0538572698831559, "decode.loss_seg": 0.506236957013607, "aux_0.loss_seg": 0.12746857050806285, "aux_1.loss_seg": 0.1285880956798792, "aux_2.loss_seg": 0.14321504309773445, "aux_3.loss_seg": 0.14834860004484654, "time": 0.4798309087753296, "iter": 400, "memory": 3095, "step": 400}
{"aAcc": 59.56, "mIoU": 40.58, "mAcc": 57.54, "avg_val_loss": 0.0, "data_time": 0.011346548453144643, "time": 0.0753878779794978, "step": 400}
{"lr": 0.003995997331554373, "data_time": 0.48798580169677735, "loss": 1.202735674381256, "decode.loss_seg": 0.5810225605964661, "aux_0.loss_seg": 0.145198941975832, "aux_1.loss_seg": 0.14739277139306067, "aux_2.loss_seg": 0.1606551818549633, "aux_3.loss_seg": 0.16846621334552764, "time": 0.643658709526062, "iter": 500, "memory": 3095, "step": 500}
{"aAcc": 62.32, "mIoU": 45.81, "mAcc": 62.61, "avg_val_loss": 0.0, "data_time": 0.014830030243972251, "time": 0.07789050573590157, "step": 500}
{"lr": 0.0045963975983989375, "data_time": 0.008954167366027832, "loss": 1.3170178174972533, "decode.loss_seg": 0.6454710066318512, "aux_0.loss_seg": 0.15481096059083937, "aux_1.loss_seg": 0.1592437781393528, "aux_2.loss_seg": 0.17657659202814102, "aux_3.loss_seg": 0.1809154585003853, "time": 0.6739205121994019, "iter": 600, "memory": 3095, "step": 600}
{"aAcc": 61.22, "mIoU": 45.01, "mAcc": 62.3, "avg_val_loss": 0.0, "data_time": 0.00876891201940076, "time": 0.061032974857023393, "step": 600}
{"lr": 0.005196797865243495, "data_time": 0.010912251472473145, "loss": 1.094177746772766, "decode.loss_seg": 0.5413877606391907, "aux_0.loss_seg": 0.12756821811199187, "aux_1.loss_seg": 0.13074065148830413, "aux_2.loss_seg": 0.14404672235250474, "aux_3.loss_seg": 0.1504344068467617, "time": 0.46774826049804685, "iter": 700, "memory": 3095, "step": 700}
{"aAcc": 51.59, "mIoU": 33.96, "mAcc": 54.54, "avg_val_loss": 0.0, "data_time": 0.011761898281930507, "time": 0.06470440996104274, "step": 700}
{"lr": 0.005797198132088056, "data_time": 0.38128526210784913, "loss": 1.131967705488205, "decode.loss_seg": 0.5525989413261414, "aux_0.loss_seg": 0.13244954571127893, "aux_1.loss_seg": 0.13915298953652383, "aux_2.loss_seg": 0.15118056982755662, "aux_3.loss_seg": 0.15658567622303962, "time": 0.51117103099823, "iter": 800, "memory": 3095, "step": 800}
{"aAcc": 55.4, "mIoU": 38.25, "mAcc": 56.45, "avg_val_loss": 0.0, "data_time": 0.014654814511880108, "time": 0.06694235198799221, "step": 800}
{"lr": 0.006397598398932616, "data_time": 0.32011849880218507, "loss": 1.0122874617576598, "decode.loss_seg": 0.5007334887981415, "aux_0.loss_seg": 0.11549578160047531, "aux_1.loss_seg": 0.12094878777861595, "aux_2.loss_seg": 0.1344059593975544, "aux_3.loss_seg": 0.1407034307718277, "time": 0.5292558193206787, "iter": 900, "memory": 3095, "step": 900}
{"aAcc": 62.43, "mIoU": 44.13, "mAcc": 62.18, "avg_val_loss": 0.0, "data_time": 0.015229077174745757, "time": 0.06763702973552134, "step": 900}
{"lr": 0.0069979986657771765, "data_time": 0.009403085708618164, "loss": 1.0504440903663634, "decode.loss_seg": 0.5202694654464721, "aux_0.loss_seg": 0.12158279791474343, "aux_1.loss_seg": 0.12772839963436128, "aux_2.loss_seg": 0.13841744586825372, "aux_3.loss_seg": 0.14244598224759103, "time": 0.4527620315551758, "iter": 1000, "memory": 3095, "step": 1000}
{"aAcc": 64.67, "mIoU": 47.76, "mAcc": 64.15, "avg_val_loss": 0.0, "data_time": 0.008415874393506982, "time": 0.060746192932128906, "step": 1000}
{"lr": 0.0075983989326217465, "data_time": 0.14403207302093507, "loss": 1.2266361653804778, "decode.loss_seg": 0.605892226099968, "aux_0.loss_seg": 0.14340481534600258, "aux_1.loss_seg": 0.1509958826005459, "aux_2.loss_seg": 0.16029312536120416, "aux_3.loss_seg": 0.16605011820793153, "time": 0.5848815441131592, "iter": 1100, "memory": 3095, "step": 1100}
{"aAcc": 64.21, "mIoU": 46.17, "mAcc": 62.62, "avg_val_loss": 0.0, "data_time": 0.01104605334928666, "time": 0.06362008226328883, "step": 1100}
{"lr": 0.008198799199466306, "data_time": 0.011346745491027831, "loss": 1.1110861837863921, "decode.loss_seg": 0.5534171253442765, "aux_0.loss_seg": 0.12285277247428894, "aux_1.loss_seg": 0.1307817231863737, "aux_2.loss_seg": 0.14850902035832406, "aux_3.loss_seg": 0.15552556440234183, "time": 0.6056758642196656, "iter": 1200, "memory": 3095, "step": 1200}
{"aAcc": 66.6, "mIoU": 48.51, "mAcc": 65.46, "avg_val_loss": 0.0, "data_time": 0.008994023005167643, "time": 0.06177126676186748, "step": 1200}
{"lr": 0.008799199466310867, "data_time": 0.5627052068710328, "loss": 1.1850383222103118, "decode.loss_seg": 0.5881840050220489, "aux_0.loss_seg": 0.13285700231790543, "aux_1.loss_seg": 0.14199012145400047, "aux_2.loss_seg": 0.15678739100694655, "aux_3.loss_seg": 0.16521978750824928, "time": 0.6951422214508056, "iter": 1300, "memory": 3095, "step": 1300}
{"aAcc": 61.46, "mIoU": 43.55, "mAcc": 61.47, "avg_val_loss": 0.0, "data_time": 0.008354239080144071, "time": 0.06050114247990751, "step": 1300}
{"lr": 0.009399599733155411, "data_time": 0.3472715139389038, "loss": 0.9375632226467132, "decode.loss_seg": 0.4620543509721756, "aux_0.loss_seg": 0.10594464093446732, "aux_1.loss_seg": 0.11336874589323997, "aux_2.loss_seg": 0.12406326308846474, "aux_3.loss_seg": 0.13213223814964295, "time": 0.5433565139770508, "iter": 1400, "memory": 3095, "step": 1400}
{"aAcc": 51.92, "mIoU": 33.22, "mAcc": 54.76, "avg_val_loss": 0.0, "data_time": 0.014399665525589866, "time": 0.06682828377033102, "step": 1400}
{"lr": 0.009999999999999966, "data_time": 0.1081465721130371, "loss": 0.9092741370201111, "decode.loss_seg": 0.45489650070667265, "aux_0.loss_seg": 0.10104090869426727, "aux_1.loss_seg": 0.10891002342104912, "aux_2.loss_seg": 0.11763035953044891, "aux_3.loss_seg": 0.12679637745022773, "time": 0.5492042303085327, "iter": 1500, "memory": 3095, "step": 1500}
{"aAcc": 56.69, "mIoU": 37.83, "mAcc": 57.81, "avg_val_loss": 0.0, "data_time": 0.013262858335999236, "time": 0.07541253100866559, "step": 1500}
{"lr": 0.009884680550653002, "data_time": 0.47688047885894774, "loss": 0.9690490871667862, "decode.loss_seg": 0.4781627804040909, "aux_0.loss_seg": 0.10745167396962643, "aux_1.loss_seg": 0.11760873310267925, "aux_2.loss_seg": 0.12753617241978646, "aux_3.loss_seg": 0.1382897265255451, "time": 0.6217050790786743, "iter": 1600, "memory": 3095, "step": 1600}
{"aAcc": 55.16, "mIoU": 37.59, "mAcc": 56.66, "avg_val_loss": 0.0, "data_time": 0.013888419359579853, "time": 0.06607790925036902,