{"lr": 0.0015943962641761188, "data_time": 0.5254311800003052, "loss": 0.6155949592590332, "decode.loss_seg": 0.26597750931978226, "aux_0.loss_seg": 0.10585120879113674, "aux_1.loss_seg": 0.08422509133815766, "aux_2.loss_seg": 0.08042388297617435, "aux_3.loss_seg": 0.0791172593832016, "time": 0.6769087076187134, "iter": 100, "memory": 19977, "step": 100}
{"aAcc": 50.39, "mIoU": 32.35, "mAcc": 55.0, "avg_val_loss": 0.0, "data_time": 0.01759138218192167, "time": 0.10664264268653337, "step": 100}
