{"lr": 0.005201541801877408, "data_time": 0.0036441326141357423, "loss": 6.88079469203949, "decode.loss_ce": 1.2134142994880677, "decode.acc_seg": 52.80955505371094, "aux_0.loss_ce": 1.495787101984024, "aux_0.acc_seg": 40.13844299316406, "aux_1.loss_ce": 1.3840547025203704, "aux_1.acc_seg": 41.858890533447266, "aux_2.loss_ce": 1.3487300455570221, "aux_2.acc_seg": 51.985111236572266, "aux_3.loss_ce": 1.438808536529541, "aux_3.acc_seg": 49.11466598510742, "time": 0.14821820259094237, "iter": 500, "memory": 17403, "step": 500}
{"aAcc": 60.47, "mIoU": 20.48, "mAcc": 29.59, "data_time": 0.057273406517214895, "time": 0.08186884740503823, "step": 500}
{"lr": 0.005401471167152687, "data_time": 0.003387761116027832, "loss": 6.0112488746643065, "decode.loss_ce": 1.0243777930736542, "decode.acc_seg": 66.6582260131836, "aux_0.loss_ce": 1.4188809394836426, "aux_0.acc_seg": 65.28089141845703, "aux_1.loss_ce": 1.229425495862961, "aux_1.acc_seg": 60.74911117553711, "aux_2.loss_ce": 1.1550760865211487, "aux_2.acc_seg": 60.3204460144043, "aux_3.loss_ce": 1.183488631248474, "aux_3.acc_seg": 61.068443298339844, "time": 0.1764070987701416, "iter": 1000, "memory": 10747, "step": 1000}
{"aAcc": 80.28, "mIoU": 30.91, "mAcc": 37.26, "data_time": 0.060175233674280855, "time": 0.08138462524969602, "step": 1000}
{"lr": 0.005599379706405267, "data_time": 0.0782780647277832, "loss": 4.9517391443252565, "decode.loss_ce": 0.8350678890943527, "decode.acc_seg": 51.92422103881836, "aux_0.loss_ce": 1.1394628226757049, "aux_0.acc_seg": 33.292667388916016, "aux_1.loss_ce": 0.9879297614097595, "aux_1.acc_seg": 42.26533508300781, "aux_2.loss_ce": 0.9303939789533615, "aux_2.acc_seg": 46.04600143432617, "aux_3.loss_ce": 1.0588846951723099, "aux_3.acc_seg": 41.51288986206055, "time": 0.14676847457885742, "iter": 1500, "memory": 896, "step": 1500}
{"aAcc": 60.89, "mIoU": 23.15, "mAcc": 36.17, "data_time": 0.061078123675966725, "time": 0.08216724349457083, "step": 1500}
{"lr": 0.0057952649886820196, "data_time": 0.10465619564056397, "loss": 4.12811017036438, "decode.loss_ce": 0.6670019507408143, "decode.acc_seg": 90.98755645751953, "aux_0.loss_ce": 0.99941326379776, "aux_0.acc_seg": 71.70755767822266, "aux_1.loss_ce": 0.81115443110466, "aux_1.acc_seg": 88.23733520507812, "aux_2.loss_ce": 0.7864836186170578, "aux_2.acc_seg": 88.21910858154297, "aux_3.loss_ce": 0.8640568107366562, "aux_3.acc_seg": 88.41022491455078, "time": 0.17393300533294678, "iter": 2000, "memory": 896, "step": 2000}
{"aAcc": 65.4, "mIoU": 29.04, "mAcc": 39.61, "data_time": 0.060773114556247745, "time": 0.08195023745009043, "step": 2000}
{"lr": 0.005989124626295371, "data_time": 0.0755852460861206, "loss": 5.430387926101685, "decode.loss_ce": 0.9298925429582596, "decode.acc_seg": 56.8824462890625, "aux_0.loss_ce": 1.2495847165584564, "aux_0.acc_seg": 22.853334426879883, "aux_1.loss_ce": 1.115077829360962, "aux_1.acc_seg": 29.64644432067871, "aux_2.loss_ce": 1.0222893536090851, "aux_2.acc_seg": 34.05022430419922, "aux_3.loss_ce": 1.1135434627532959, "aux_3.acc_seg": 33.394222259521484, "time": 0.15041675567626953, "iter": 2500, "memory": 896, "step": 2500}
{"aAcc": 65.77, "mIoU": 32.57, "mAcc": 42.78, "data_time": 0.06046180701950221, "time": 0.08152060022631895, "step": 2500}
{"lr": 0.00618095626868123, "data_time": 0.04612843990325928, "loss": 4.745453310012818, "decode.loss_ce": 0.7335922002792359, "decode.acc_seg": 60.18088912963867, "aux_0.loss_ce": 1.1814008355140686, "aux_0.acc_seg": 56.41511154174805, "aux_1.loss_ce": 0.9555912613868713, "aux_1.acc_seg": 57.59466552734375, "aux_2.loss_ce": 0.8855290532112121, "aux_2.acc_seg": 54.27288818359375, "aux_3.loss_ce": 0.9893399477005005, "aux_3.acc_seg": 54.76266860961914, "time": 0.1683744192123413, "iter": 3000, "memory": 896, "step": 3000}
{"aAcc": 80.74, "mIoU": 35.38, "mAcc": 41.94, "data_time": 0.06064531988310583, "time": 0.08173341195560196, "step": 3000}
{"lr": 0.006370757597088137, "data_time": 0.0731518030166626, "loss": 4.362740778923035, "decode.loss_ce": 0.6627445861697197, "decode.acc_seg": 66.94644165039062, "aux_0.loss_ce": 1.0746209084987641, "aux_0.acc_seg": 59.42222213745117, "aux_1.loss_ce": 0.895162233710289, "aux_1.acc_seg": 61.585113525390625, "aux_2.loss_ce": 0.8456856995820999, "aux_2.acc_seg": 59.305110931396484, "aux_3.loss_ce": 0.8845274329185486, "aux_3.acc_seg": 52.62333297729492, "time": 0.14428811073303222, "iter": 3500, "memory": 896, "step": 3500}
{"aAcc": 72.86, "mIoU": 32.64, "mAcc": 44.06, "data_time": 0.060069108472287074, "time": 0.08116383344224355, "step": 3500}
{"lr": 0.006558526319956188, "data_time": 0.07168045043945312, "loss": 4.8104576587677, "decode.loss_ce": 0.7445014595985413, "decode.acc_seg": 71.77222442626953, "aux_0.loss_ce": 1.083439177274704, "aux_0.acc_seg": 53.47333526611328, "aux_1.loss_ce": 0.9553282260894775, "aux_1.acc_seg": 62.382667541503906, "aux_2.loss_ce": 0.9272885918617249, "aux_2.acc_seg": 63.05666732788086, "aux_3.loss_ce": 1.0999001264572144, "aux_3.acc_seg": 62.35688781738281, "time": 0.16796212196350097, "iter": 4000, "memory": 896, "step": 4000}
{"aAcc": 73.72, "mIoU": 34.4, "mAcc": 44.94, "data_time": 0.06136201654823081, "time": 0.08227055165374163, "step": 4000}
{"lr": 0.006744260168871878, "data_time": 0.0037992238998413087, "loss": 4.612234091758728, "decode.loss_ce": 0.737738960981369, "decode.acc_seg": 80.43800354003906, "aux_0.loss_ce": 1.1106425404548645, "aux_0.acc_seg": 61.000221252441406, "aux_1.loss_ce": 0.9191793084144593, "aux_1.acc_seg": 72.07177734375, "aux_2.loss_ce": 0.8725225776433945, "aux_2.acc_seg": 75.73110961914062, "aux_3.loss_ce": 0.9721506893634796, "aux_3.acc_seg": 77.20578002929688, "time": 0.1405872344970703, "iter": 4500, "memory": 896, "step": 4500}
{"aAcc": 80.57, "mIoU": 40.54, "mAcc": 49.63, "data_time": 0.060394861165759636, "time": 0.08138312992540378, "step": 4500}
{"lr": 0.006927956895006671, "data_time": 0.022801661491394044, "loss": 3.787463736534119, "decode.loss_ce": 0.5868637144565583, "decode.acc_seg": 85.74888610839844, "aux_0.loss_ce": 0.9601041853427887, "aux_0.acc_seg": 75.58333587646484, "aux_1.loss_ce": 0.7453526616096496, "aux_1.acc_seg": 84.5237808227539, "aux_2.loss_ce": 0.7125803232192993, "aux_2.acc_seg": 82.08866882324219, "aux_3.loss_ce": 0.782562917470932, "aux_3.acc_seg": 79.2280044555664, "time": 0.1398414134979248, "iter": 5000, "memory": 896, "step": 5000}
{"aAcc": 75.96, "mIoU": 39.2, "mAcc": 48.8, "data_time": 0.06058565852711502, "time": 0.0819776474850849, "step": 5000}
{"lr": 0.007109614265964269, "data_time": 0.004105043411254883, "loss": 4.306116390228271, "decode.loss_ce": 0.6736237466335296, "decode.acc_seg": 75.73799896240234, "aux_0.loss_ce": 1.0270857334136962, "aux_0.acc_seg": 63.47933578491211, "aux_1.loss_ce": 0.8976732790470123, "aux_1.acc_seg": 70.787109375, "aux_2.loss_ce": 0.8081310808658599, "aux_2.acc_seg": 73.4739990234375, "aux_3.loss_ce": 0.8996025919914246, "aux_3.acc_seg": 69.82866668701172, "time": 0.18062994480133057, "iter": 5500, "memory": 896, "step": 5500}
{"aAcc": 81.68, "mIoU": 43.83, "mAcc": 52.78, "data_time": 0.06005148285800971, "time": 0.08120693396596075, "step": 5500}
{"lr": 0.007289230062975398, "data_time": 0.01266467571258545, "loss": 3.60261332988739, "decode.loss_ce": 0.568528589606285, "decode.acc_seg": 86.23999786376953, "aux_0.loss_ce": 0.9148679077625275, "aux_0.acc_seg": 83.40489196777344, "aux_1.loss_ce": 0.7044826835393906, "aux_1.acc_seg": 84.76399993896484, "aux_2.loss_ce": 0.671427720785141, "aux_2.acc_seg": 81.63088989257812, "aux_3.loss_ce": 0.7433063745498657, "aux_3.acc_seg": 77.04933166503906, "time": 0.16505627632141112, "iter": 6000, "memory": 896, "step": 6000}
{"aAcc": 76.48, "mIoU": 37.72, "mAcc": 52.15, "data_time": 0.06018611875552576, "time": 0.08122858607653276, "step": 6000}
{"lr": 0.007466802078388701, "data_time": 0.00362851619720459, "loss": 4.309086012840271, "decode.loss_ce": 0.6412423193454743, "decode.acc_seg": 86.13111114501953,