{"lr": 0.0015943962641761188, "data_time": 0.4601484775543213, "loss": 6.394118928909302, "decode.loss_ce": 2.08549143075943, "decode.acc_seg": 61.99966812133789, "aux_0.loss_ce": 1.0310789406299592, "aux_0.acc_seg": 69.1798324584961, "aux_1.loss_ce": 0.9082212746143341, "aux_1.acc_seg": 71.66722106933594, "aux_2.loss_seg": 1.216706383228302, "aux_3.loss_seg": 1.1526208519935608, "time": 0.6224788188934326, "iter": 100, "memory": 19648, "step": 100}
{"aAcc": 49.68, "mIoU": 21.59, "mAcc": 32.08, "avg_val_loss": 5.659103282710962, "data_time": 0.02847734994666521, "time": 0.12588332974633507, "step": 100}
{"lr": 0.002194796531020685, "data_time": 0.42622640132904055, "loss": 5.095180225372315, "decode.loss_ce": 1.5420893549919128, "decode.acc_seg": 72.0989990234375, "aux_0.loss_ce": 0.7805941641330719, "aux_0.acc_seg": 70.81222534179688, "aux_1.loss_ce": 0.6840423464775085, "aux_1.acc_seg": 71.482666015625, "aux_2.loss_seg": 1.0894266486167907, "aux_3.loss_seg": 0.9990277111530304, "time": 0.5755006074905396, "iter": 200, "memory": 34244, "step": 200}
{"aAcc": 35.72, "mIoU": 13.14, "mAcc": 23.52, "avg_val_loss": 6.573564206299029, "data_time": 0.03552930382476456, "time": 0.10296922716601141, "step": 200}
{"lr": 0.0027951967978652476, "data_time": 0.025658202171325684, "loss": 4.51513295173645, "decode.loss_ce": 1.3395750403404236, "decode.acc_seg": 82.48333740234375, "aux_0.loss_ce": 0.6971420168876648, "aux_0.acc_seg": 76.30066680908203, "aux_1.loss_ce": 0.6282456874847412, "aux_1.acc_seg": 81.49099731445312, "aux_2.loss_seg": 0.9669696867465973, "aux_3.loss_seg": 0.8832005321979522, "time": 0.5474299430847168, "iter": 300, "memory": 2731, "step": 300}
{"aAcc": 47.06, "mIoU": 19.21, "mAcc": 30.23, "avg_val_loss": 6.390728599960112, "data_time": 0.026362901446463048, "time": 0.09415675579816446, "step": 300}
{"lr": 0.0033955970647098093, "data_time": 0.09981577396392823, "loss": 4.1675808191299435, "decode.loss_ce": 1.1031277120113372, "decode.acc_seg": 78.53333282470703, "aux_0.loss_ce": 0.6474077224731445, "aux_0.acc_seg": 70.12605285644531, "aux_1.loss_ce": 0.563720417022705, "aux_1.acc_seg": 73.27133178710938, "aux_2.loss_seg": 0.9851211249828339, "aux_3.loss_seg": 0.8682038247585296, "time": 0.6161399602890014, "iter": 400, "memory": 2731, "step": 400}
{"aAcc": 58.14, "mIoU": 26.41, "mAcc": 37.38, "avg_val_loss": 6.09207352629879, "data_time": 0.03502689558884193, "time": 0.10329420539154403, "step": 400}
{"lr": 0.003995997331554373, "data_time": 0.4308523416519165, "loss": 3.91076021194458, "decode.loss_ce": 1.039547073841095, "decode.acc_seg": 80.00794219970703, "aux_0.loss_ce": 0.6050682365894318, "aux_0.acc_seg": 68.15911102294922, "aux_1.loss_ce": 0.5169288843870163, "aux_1.acc_seg": 77.26327514648438, "aux_2.loss_seg": 0.9177401006221771, "aux_3.loss_seg": 0.8314758777618408, "time": 0.5818266630172729, "iter": 500, "memory": 2731, "step": 500}
{"aAcc": 54.6, "mIoU": 25.0, "mAcc": 37.9, "avg_val_loss": 5.990579905635432, "data_time": 0.032697707757182504, "time": 0.10017237992122255, "step": 500}
{"lr": 0.0045963975983989375, "data_time": 0.013257718086242676, "loss": 3.700314927101135, "decode.loss_ce": 0.90735023021698, "decode.acc_seg": 88.04872131347656, "aux_0.loss_ce": 0.5816255211830139, "aux_0.acc_seg": 82.98616790771484, "aux_1.loss_ce": 0.4842765867710114, "aux_1.acc_seg": 88.5554428100586, "aux_2.loss_seg": 0.9236151993274688, "aux_3.loss_seg": 0.8034473717212677, "time": 0.6779072046279907, "iter": 600, "memory": 2731, "step": 600}
{"aAcc": 60.22, "mIoU": 29.15, "mAcc": 44.38, "avg_val_loss": 5.835142131117816, "data_time": 0.03281224733111502, "time": 0.10058412058600064, "step": 600}
{"lr": 0.005196797865243495, "data_time": 0.03706979751586914, "loss": 3.8157937288284303, "decode.loss_ce": 0.8795003831386566, "decode.acc_seg": 83.72866821289062, "aux_0.loss_ce": 0.6456031680107117, "aux_0.acc_seg": 79.06183624267578, "aux_1.loss_ce": 0.5326943904161453, "aux_1.acc_seg": 80.25344848632812, "aux_2.loss_seg": 0.9468340218067169, "aux_3.loss_seg": 0.8111617982387542, "time": 0.5863946437835693, "iter": 700, "memory": 2731, "step": 700}
{"aAcc": 55.16, "mIoU": 27.61, "mAcc": 45.45, "avg_val_loss": 5.950246374185819, "data_time": 0.030822203077118974, "time": 0.09937664284103218, "step": 700}
{"lr": 0.005797198132088056, "data_time": 0.3550701379776001, "loss": 3.3520105123519897, "decode.loss_ce": 0.8066815793514251, "decode.acc_seg": 80.52960968017578, "aux_0.loss_ce": 0.51236090362072, "aux_0.acc_seg": 75.01216888427734, "aux_1.loss_ce": 0.4103352457284927, "aux_1.acc_seg": 78.36161041259766, "aux_2.loss_seg": 0.8619979083538055, "aux_3.loss_seg": 0.7606349587440491, "time": 0.6234199047088623, "iter": 800, "memory": 2731, "step": 800}
{"aAcc": 64.7, "mIoU": 32.0, "mAcc": 43.51, "avg_val_loss": 5.852106514381386, "data_time": 0.0312780621408046, "time": 0.09854985105580297, "step": 800}
{"lr": 0.006397598398932616, "data_time": 0.4200716733932495, "loss": 3.330967831611633, "decode.loss_ce": 0.7914626121520996, "decode.acc_seg": 87.96916961669922, "aux_0.loss_ce": 0.5076666712760926, "aux_0.acc_seg": 82.95227813720703, "aux_1.loss_ce": 0.4197770953178406, "aux_1.acc_seg": 89.10444641113281, "aux_2.loss_seg": 0.8564099967479706, "aux_3.loss_seg": 0.7556513547897339, "time": 0.5742381811141968, "iter": 900, "memory": 2731, "step": 900}
{"aAcc": 61.51, "mIoU": 32.03, "mAcc": 45.47, "avg_val_loss": 5.837627346791409, "data_time": 0.03682388930485166, "time": 0.10527997181333344, "step": 900}
{"lr": 0.0069979986657771765, "data_time": 0.3953503370285034, "loss": 2.6885261297225953, "decode.loss_ce": 0.6056468665599823, "decode.acc_seg": 88.70828247070312, "aux_0.loss_ce": 0.3941705733537674, "aux_0.acc_seg": 89.27877807617188, "aux_1.loss_ce": 0.3255405694246292, "aux_1.acc_seg": 88.94683074951172, "aux_2.loss_seg": 0.7414825975894928, "aux_3.loss_seg": 0.6216855615377426, "time": 0.5566511154174805, "iter": 1000, "memory": 2731, "step": 1000}
{"aAcc": 64.23, "mIoU": 31.99, "mAcc": 43.17, "avg_val_loss": 5.7640325095918445, "data_time": 0.021068033130689598, "time": 0.08953098044998345, "step": 1000}
{"lr": 0.0075983989326217465, "data_time": 0.3338784217834473, "loss": 2.967560315132141, "decode.loss_ce": 0.5926994055509567, "decode.acc_seg": 87.01288604736328, "aux_0.loss_ce": 0.4452610671520233, "aux_0.acc_seg": 85.32194519042969, "aux_1.loss_ce": 0.3443333297967911, "aux_1.acc_seg": 86.92050170898438, "aux_2.loss_seg": 0.8591103315353393, "aux_3.loss_seg": 0.7261561572551727, "time": 0.6819145917892456, "iter": 1100, "memory": 2731, "step": 1100}
{"aAcc": 64.55, "mIoU": 35.18, "mAcc": 47.5, "avg_val_loss": 5.7280941418214155, "data_time": 0.034622628113319134, "time": 0.10293061705841415, "step": 1100}
{"lr": 0.008198799199466306, "data_time": 0.5793326616287231, "loss": 2.535415506362915, "decode.loss_ce": 0.5494400709867477, "decode.acc_seg": 87.55867004394531, "aux_0.loss_ce": 0.38134247362613677, "aux_0.acc_seg": 86.8685531616211, "aux_1.loss_ce": 0.29171653985977175, "aux_1.acc_seg": 89.49905395507812, "aux_2.loss_seg": 0.7172899782657624, "aux_3.loss_seg": 0.5956264108419418, "time": 0.758778429031372, "iter": 1200, "memory": 2731, "step": 1200}
{"aAcc": 61.28, "mIoU": 33.34, "mAcc": 50.01, "avg_val_loss": 5.5285030280637475, "data_time": 0.026737813291878534, "time": 0.09479083411995022, "step": 1200}
{"lr": 0.008799199466310867, "data_time": 0.15340197086334229, "loss": 2.6666688203811644, "decode.loss_ce": 0.5916609048843384, "decode.acc_seg": 91.70255279541016, "aux_0.loss_ce": 0.415294773876667, "aux_0.acc_seg": 92.4205551147461, "aux_1.loss_ce": 0.3315615266561508, "aux_1.acc_seg": 92.57561492919922, "aux_2.loss_seg": 0.7108727395534515, "aux_3.loss_seg": 0.6172788739204407, "time": 0.62597815990448, "iter": 1300, "memory": 2731, "step": 1300}
{"aAcc": 46.44, "mIoU": 19.67, "mAcc": 30.66, "avg_val_loss": 5.773461508472063, "data_time": 0.0372197107336987, "time": 0.10645978204135237,