{"lr": 0.0015943962641761188, "data_time": 0.32891342639923093, "loss": 4.179195785522461, "decode.loss_ce": 0.4780992865562439, "decode.acc_seg": 83.47088623046875, "aux_0.loss_ce": 1.4267343640327455, "aux_0.acc_seg": 60.045833587646484, "aux_1.loss_ce": 0.9786014199256897, "aux_1.acc_seg": 61.262943267822266, "aux_2.loss_ce": 0.6934469759464263, "aux_2.acc_seg": 72.76261138916016, "aux_3.loss_ce": 0.6023137509822846, "aux_3.acc_seg": 76.04655456542969, "time": 0.5574655294418335, "iter": 100, "memory": 19237, "step": 100}
{"aAcc": 47.64, "mIoU": 31.93, "mAcc": 51.79, "avg_val_loss": 5.5548673517871325, "data_time": 0.01238030611082565, "time": 0.10537921827892925, "step": 100}
{"lr": 0.002194796531020685, "data_time": 0.20585882663726807, "loss": 3.1931128025054933, "decode.loss_ce": 0.34547052085399627, "decode.acc_seg": 86.6177749633789, "aux_0.loss_ce": 0.9230340182781219, "aux_0.acc_seg": 54.063777923583984, "aux_1.loss_ce": 0.7486626982688904, "aux_1.acc_seg": 63.91172409057617, "aux_2.loss_ce": 0.61953684091568, "aux_2.acc_seg": 71.72472381591797, "aux_3.loss_ce": 0.5564087629318237, "aux_3.acc_seg": 75.12694549560547, "time": 0.5536890506744385, "iter": 200, "memory": 17079, "step": 200}
{"aAcc": 60.25, "mIoU": 43.14, "mAcc": 60.81, "avg_val_loss": 5.2507152311634595, "data_time": 0.00754963940587537, "time": 0.09373269684013279, "step": 200}
{"lr": 0.0027951967978652476, "data_time": 0.4539039134979248, "loss": 3.229692220687866, "decode.loss_ce": 0.350538370013237, "decode.acc_seg": 87.62344360351562, "aux_0.loss_ce": 0.8715576469898224, "aux_0.acc_seg": 58.81605529785156, "aux_1.loss_ce": 0.7470629990100861, "aux_1.acc_seg": 67.22994232177734, "aux_2.loss_ce": 0.6475370526313782, "aux_2.acc_seg": 82.68716430664062, "aux_3.loss_ce": 0.612996119260788, "aux_3.acc_seg": 80.89472198486328, "time": 0.6564544677734375, "iter": 300, "memory": 2926, "step": 300}
{"aAcc": 51.52, "mIoU": 35.42, "mAcc": 55.06, "avg_val_loss": 5.473114035108633, "data_time": 0.007008640245459546, "time": 0.09321244283654224, "step": 300}
{"lr": 0.0033955970647098093, "data_time": 0.038248324394226076, "loss": 2.875454807281494, "decode.loss_ce": 0.2892815738916397, "decode.acc_seg": 87.0473861694336, "aux_0.loss_ce": 0.7984259009361268, "aux_0.acc_seg": 64.52510833740234, "aux_1.loss_ce": 0.6806839644908905, "aux_1.acc_seg": 67.03422546386719, "aux_2.loss_ce": 0.5906753420829773, "aux_2.acc_seg": 73.62455749511719, "aux_3.loss_ce": 0.5163879960775375, "aux_3.acc_seg": 73.86061096191406, "time": 0.4628448486328125, "iter": 400, "memory": 2926, "step": 400}
{"aAcc": 60.01, "mIoU": 43.49, "mAcc": 59.58, "avg_val_loss": 5.177337629687891, "data_time": 0.007772516930240324, "time": 0.09441402862811911, "step": 400}
{"lr": 0.003995997331554373, "data_time": 0.1694108724594116, "loss": 2.714304804801941, "decode.loss_ce": 0.29065880477428435, "decode.acc_seg": 88.06233215332031, "aux_0.loss_ce": 0.7580646574497223, "aux_0.acc_seg": 62.01883316040039, "aux_1.loss_ce": 0.6328485190868378, "aux_1.acc_seg": 68.53216552734375, "aux_2.loss_ce": 0.5451086819171905, "aux_2.acc_seg": 73.3667221069336, "aux_3.loss_ce": 0.4876241683959961, "aux_3.acc_seg": 76.77227783203125, "time": 0.6402295589447021, "iter": 500, "memory": 2926, "step": 500}
{"aAcc": 72.38, "mIoU": 55.09, "mAcc": 69.86, "avg_val_loss": 4.842509804273907, "data_time": 0.007848879386638773, "time": 0.09440679111699948, "step": 500}
{"lr": 0.0045963975983989375, "data_time": 0.181626558303833, "loss": 2.702680468559265, "decode.loss_ce": 0.27933199554681776, "decode.acc_seg": 92.44872283935547, "aux_0.loss_ce": 0.7489794433116913, "aux_0.acc_seg": 63.30889129638672, "aux_1.loss_ce": 0.6567027866840363, "aux_1.acc_seg": 68.29483032226562, "aux_2.loss_ce": 0.5311070114374161, "aux_2.acc_seg": 79.64411163330078, "aux_3.loss_ce": 0.48655925989151, "aux_3.acc_seg": 84.70266723632812, "time": 0.5060079336166382, "iter": 600, "memory": 2926, "step": 600}
{"aAcc": 67.32, "mIoU": 47.81, "mAcc": 63.78, "avg_val_loss": 4.722362000487934, "data_time": 0.008358769033147001, "time": 0.0949983761228364, "step": 600}
{"lr": 0.005196797865243495, "data_time": 0.3497387170791626, "loss": 2.6447301149368285, "decode.loss_ce": 0.26894866675138474, "decode.acc_seg": 89.52877807617188, "aux_0.loss_ce": 0.7255303144454956, "aux_0.acc_seg": 62.24683380126953, "aux_1.loss_ce": 0.6151360988616943, "aux_1.acc_seg": 70.40144348144531, "aux_2.loss_ce": 0.5399265885353088, "aux_2.acc_seg": 74.90450286865234, "aux_3.loss_ce": 0.4951884686946869, "aux_3.acc_seg": 75.75133514404297, "time": 0.5915593147277832, "iter": 700, "memory": 2926, "step": 700}
{"aAcc": 65.68, "mIoU": 47.18, "mAcc": 63.38, "avg_val_loss": 4.630860885444938, "data_time": 0.007504912628524605, "time": 0.09313169567064307, "step": 700}
{"lr": 0.005797198132088056, "data_time": 0.20522868633270264, "loss": 2.59245080947876, "decode.loss_ce": 0.25028845071792605, "decode.acc_seg": 89.65255737304688, "aux_0.loss_ce": 0.7450104415416717, "aux_0.acc_seg": 62.194278717041016, "aux_1.loss_ce": 0.6063362210988998, "aux_1.acc_seg": 73.0326156616211, "aux_2.loss_ce": 0.5178866624832154, "aux_2.acc_seg": 74.47394561767578, "aux_3.loss_ce": 0.4729290097951889, "aux_3.acc_seg": 78.55838775634766, "time": 0.5486454486846923, "iter": 800, "memory": 2926, "step": 800}
{"aAcc": 75.37, "mIoU": 58.56, "mAcc": 72.41, "avg_val_loss": 4.537991879736645, "data_time": 0.007770593138946884, "time": 0.0949216272639132, "step": 800}
{"lr": 0.006397598398932616, "data_time": 0.3931448221206665, "loss": 2.7417186498641968, "decode.loss_ce": 0.276727032661438, "decode.acc_seg": 87.61561584472656, "aux_0.loss_ce": 0.7510551869869232, "aux_0.acc_seg": 60.41666793823242, "aux_1.loss_ce": 0.6333632439374923, "aux_1.acc_seg": 65.59483337402344, "aux_2.loss_ce": 0.5602622091770172, "aux_2.acc_seg": 69.02139282226562, "aux_3.loss_ce": 0.5203110188245773, "aux_3.acc_seg": 74.74244689941406, "time": 0.59693922996521, "iter": 900, "memory": 2926, "step": 900}
{"aAcc": 58.59, "mIoU": 41.85, "mAcc": 59.72, "avg_val_loss": 4.571544488116159, "data_time": 0.007702438310645093, "time": 0.09517059929069431, "step": 900}
{"lr": 0.0069979986657771765, "data_time": 0.23024284839630127, "loss": 2.6500651597976685, "decode.loss_ce": 0.2677504807710648, "decode.acc_seg": 93.71038818359375, "aux_0.loss_ce": 0.7682709753513336, "aux_0.acc_seg": 49.682167053222656, "aux_1.loss_ce": 0.6245483487844468, "aux_1.acc_seg": 81.43561553955078, "aux_2.loss_ce": 0.5118533253669739, "aux_2.acc_seg": 88.03644561767578, "aux_3.loss_ce": 0.47764196395874026, "aux_3.acc_seg": 83.53494262695312, "time": 0.5829656839370727, "iter": 1000, "memory": 2926, "step": 1000}
{"aAcc": 64.65, "mIoU": 46.91, "mAcc": 63.7, "avg_val_loss": 4.480325028631422, "data_time": 0.007009818636137864, "time": 0.09342656464412294, "step": 1000}
{"lr": 0.0075983989326217465, "data_time": 0.007503151893615723, "loss": 2.4347448110580445, "decode.loss_ce": 0.2421135574579239, "decode.acc_seg": 88.8375015258789, "aux_0.loss_ce": 0.7149290919303894, "aux_0.acc_seg": 54.48116683959961, "aux_1.loss_ce": 0.5659951865673065, "aux_1.acc_seg": 75.37922668457031, "aux_2.loss_ce": 0.4656824767589569, "aux_2.acc_seg": 79.3556137084961, "aux_3.loss_ce": 0.4460245192050934, "aux_3.acc_seg": 78.94772338867188, "time": 0.5447715044021606, "iter": 1100, "memory": 2926, "step": 1100}
{"aAcc": 70.17, "mIoU": 53.24, "mAcc": 68.21, "avg_val_loss": 4.249506754702643, "data_time": 0.008742220100315138, "time": 0.09470036934162009, "step": 1100}
{"lr": 0.008198799199466306, "data_time": 0.18129127025604247, "loss": 2.1946609258651733, "decode.loss_ce": 0.20068496614694595, "decode.acc_seg": 88.26988983154297, "aux_0.loss_ce": 0.6800587415695191, "aux_0.acc_seg": 77.34805297851562, "aux_1.loss_ce": 0.5213123261928558, "aux_1.acc_seg": 78.0511703491211, "aux_2.loss_ce": 0.4158432841300964, "aux_2.acc_seg": 80.19772338867188, "aux_3.loss_ce": 0.3767616182565689, "aux_3.acc_seg": 81.8038330078125,