{"aAcc": 87.66, "mIoU": 59.88, "mAcc": 69.74, "data_time": 5.26627272338402, "time": 5.2922464039267565}