{"lr": 0.0050220502205022026, "data_time": 0.041312336921691895, "loss": 9.14739441871643, "decode.loss_ce": 1.600707185268402, "decode.acc_seg": 52.23088836669922, "aux_0.loss_ce": 2.2250275373458863, "aux_0.acc_seg": 54.666221618652344, "aux_1.loss_ce": 1.8326329946517945, "aux_1.acc_seg": 56.838443756103516, "aux_2.loss_ce": 1.6875605583190918, "aux_2.acc_seg": 65.4715576171875, "aux_3.loss_ce": 1.801465928554535, "aux_3.acc_seg": 41.21466827392578, "time": 0.14893078804016113, "iter": 50, "memory": 17408, "step": 50}
{"val_loss": 7.935547351256358, "data_time": 0.007924626923535572, "time": 0.08772802468924047, "step": 50}
{"lr": 0.00504455044550445, "data_time": 0.05893442630767822, "loss": 8.779216241836547, "decode.loss_ce": 1.5660971403121948, "decode.acc_seg": 46.06822204589844, "aux_0.loss_ce": 1.9580092668533324, "aux_0.acc_seg": 52.542667388916016, "aux_1.loss_ce": 1.7779348015785217, "aux_1.acc_seg": 54.48844528198242, "aux_2.loss_ce": 1.753512454032898, "aux_2.acc_seg": 53.33133316040039, "aux_3.loss_ce": 1.7236624658107758, "aux_3.acc_seg": 56.50177764892578, "time": 0.16426496505737304, "iter": 100, "memory": 901, "step": 100}
{"val_loss": 8.509764831662904, "data_time": 0.005666608949309414, "time": 0.08211396099294274, "step": 100}
{"lr": 0.005067050670506697, "data_time": 0.0430161714553833, "loss": 8.603493642807006, "decode.loss_ce": 1.5278679013252259, "decode.acc_seg": 71.44755554199219, "aux_0.loss_ce": 1.9072460770606994, "aux_0.acc_seg": 70.36311340332031, "aux_1.loss_ce": 1.7563985586166382, "aux_1.acc_seg": 59.796669006347656, "aux_2.loss_ce": 1.5992310881614684, "aux_2.acc_seg": 61.60089111328125, "aux_3.loss_ce": 1.812749993801117, "aux_3.acc_seg": 48.41177749633789, "time": 0.14161839485168456, "iter": 150, "memory": 901, "step": 150}
