{"lr": 0.0015930867963809803, "data_time": 0.0302217960357666, "loss": 5.326376914978027, "decode.loss_ce": 0.8140120446681977, "decode.acc_seg": 71.30149841308594, "aux_0.loss_ce": 1.6744226574897767, "aux_0.acc_seg": 66.45783233642578, "aux_1.loss_ce": 1.177898347377777, "aux_1.acc_seg": 68.05683135986328, "aux_2.loss_ce": 0.8726879477500915, "aux_2.acc_seg": 70.20899963378906, "aux_3.loss_ce": 0.7873559176921845, "aux_3.acc_seg": 68.72711181640625, "time": 0.39293532371520995, "iter": 100, "memory": 19198, "step": 100}
{"aAcc": 63.71, "mIoU": 31.99, "mAcc": 44.78, "avg_val_loss": 6.4529907135238425, "data_time": 0.011305664860925008, "time": 0.09791314324667287, "step": 100}
{"lr": 0.002191123271301943, "data_time": 0.12143423557281494, "loss": 4.09533953666687, "decode.loss_ce": 0.6867197722196579, "decode.acc_seg": 76.96977996826172, "aux_0.loss_ce": 1.1418443262577056, "aux_0.acc_seg": 73.63372039794922, "aux_1.loss_ce": 0.8525058209896088, "aux_1.acc_seg": 80.17150115966797, "aux_2.loss_ce": 0.7235966980457306, "aux_2.acc_seg": 79.38761138916016, "aux_3.loss_ce": 0.6906730473041535, "aux_3.acc_seg": 79.91722106933594, "time": 0.40286803245544434, "iter": 200, "memory": 10746, "step": 200}
{"aAcc": 64.68, "mIoU": 33.37, "mAcc": 46.06, "avg_val_loss": 6.2062728171460115, "data_time": 0.007114933825087273, "time": 0.08748988721562528, "step": 200}
{"lr": 0.0027881034698292294, "data_time": 0.20470068454742432, "loss": 4.005205917358398, "decode.loss_ce": 0.708209702372551, "decode.acc_seg": 74.29794311523438, "aux_0.loss_ce": 1.0268597722053527, "aux_0.acc_seg": 70.8277816772461, "aux_1.loss_ce": 0.8450358271598816, "aux_1.acc_seg": 74.84811401367188, "aux_2.loss_ce": 0.7399309754371644, "aux_2.acc_seg": 76.15877532958984, "aux_3.loss_ce": 0.6851696461439133, "aux_3.acc_seg": 78.97733306884766, "time": 0.4053366661071777, "iter": 300, "memory": 2889, "step": 300}
{"aAcc": 39.66, "mIoU": 21.26, "mAcc": 37.88, "avg_val_loss": 6.79473553658926, "data_time": 0.0077659343851023705, "time": 0.09200588588056893, "step": 300}
{"lr": 0.0033840217450599877, "data_time": 0.20537035465240477, "loss": 4.033414459228515, "decode.loss_ce": 0.6912867099046707, "decode.acc_seg": 68.28555297851562, "aux_0.loss_ce": 1.0088312745094299, "aux_0.acc_seg": 64.16033172607422, "aux_1.loss_ce": 0.8618557989597321, "aux_1.acc_seg": 68.20149993896484, "aux_2.loss_ce": 0.7667156398296356, "aux_2.acc_seg": 69.06327819824219, "aux_3.loss_ce": 0.7047249943017959, "aux_3.acc_seg": 69.67172241210938, "time": 0.41215901374816893, "iter": 400, "memory": 2889, "step": 400}
{"aAcc": 68.17, "mIoU": 36.97, "mAcc": 49.6, "avg_val_loss": 6.492697830262937, "data_time": 0.007771048052557583, "time": 0.09332992838717055, "step": 400}
