{"lr": 0.0015930867963809803, "data_time": 0.3324011564254761, "loss": 3.7361511468887327, "decode.loss_ce": 0.47857290506362915, "decode.acc_seg": 78.98149871826172, "aux_0.loss_ce": 1.4730551362037658, "aux_0.acc_seg": 63.33905792236328, "aux_1.loss_ce": 0.8146171748638154, "aux_1.acc_seg": 69.6240005493164, "aux_2.loss_ce": 0.5108453333377838, "aux_2.acc_seg": 76.34217071533203, "aux_3.loss_ce": 0.4590605854988098, "aux_3.acc_seg": 78.901611328125, "time": 0.5481199026107788, "iter": 100, "memory": 19198, "step": 100}
{"aAcc": 47.31, "mIoU": 20.05, "mAcc": 37.12, "avg_val_loss": 5.20226036378486, "data_time": 0.004842845069037543, "time": 0.09706714948018393, "step": 100}
{"lr": 0.002191123271301943, "data_time": 0.16763062477111818, "loss": 2.734678316116333, "decode.loss_ce": 0.4034457117319107, "decode.acc_seg": 83.60261535644531, "aux_0.loss_ce": 0.8321970999240875, "aux_0.acc_seg": 71.09139251708984, "aux_1.loss_ce": 0.6037538290023804, "aux_1.acc_seg": 77.78316497802734, "aux_2.loss_ce": 0.45971075892448426, "aux_2.acc_seg": 80.78055572509766, "aux_3.loss_ce": 0.43557083904743193, "aux_3.acc_seg": 78.9915542602539, "time": 0.43088808059692385, "iter": 200, "memory": 2889, "step": 200}
{"aAcc": 76.44, "mIoU": 45.21, "mAcc": 55.97, "avg_val_loss": 4.945320204994305, "data_time": 0.0039026916952196616, "time": 0.0959149421979477, "step": 200}
{"lr": 0.0027881034698292294, "data_time": 0.16814069747924804, "loss": 2.1799542546272277, "decode.loss_ce": 0.3321818381547928, "decode.acc_seg": 80.9352798461914, "aux_0.loss_ce": 0.69555544257164, "aux_0.acc_seg": 56.06727981567383, "aux_1.loss_ce": 0.4676939517259598, "aux_1.acc_seg": 76.37311553955078, "aux_2.loss_ce": 0.34819436222314837, "aux_2.acc_seg": 77.42655944824219, "aux_3.loss_ce": 0.3363287031650543, "aux_3.acc_seg": 79.6611099243164, "time": 0.4200767993927002, "iter": 300, "memory": 2889, "step": 300}
{"aAcc": 70.75, "mIoU": 40.65, "mAcc": 52.44, "avg_val_loss": 5.115817884780939, "data_time": 0.004002189953417048, "time": 0.09828287852048345, "step": 300}
