{"lr": 0.0050220502205022026, "data_time": 0.09170899391174317, "loss": 9.299341773986816, "decode.loss_ce": 1.602169895172119, "decode.acc_seg": 21.132444381713867, "aux_0.loss_ce": 2.2321956396102904, "aux_0.acc_seg": 47.10089111328125, "aux_1.loss_ce": 1.831339418888092, "aux_1.acc_seg": 49.61866760253906, "aux_2.loss_ce": 1.74922616481781, "aux_2.acc_seg": 45.6597785949707, "aux_3.loss_ce": 1.8844105839729308, "aux_3.acc_seg": 22.07111167907715, "time": 0.17187876701354982, "iter": 50, "memory": 17408, "step": 50}
{"aAcc": 52.3, "mIoU": 9.09, "mAcc": 13.46, "val_loss": 13.515741532017339, "data_time": 0.006161357944609185, "time": 0.3605137033764173, "step": 50}
{"lr": 0.00504455044550445, "data_time": 0.0035581350326538085, "loss": 8.002655220031738, "decode.loss_ce": 1.4906981110572814, "decode.acc_seg": 65.45933532714844, "aux_0.loss_ce": 1.8011764764785767, "aux_0.acc_seg": 67.8128890991211, "aux_1.loss_ce": 1.6083622455596924, "aux_1.acc_seg": 63.39666748046875, "aux_2.loss_ce": 1.5388622403144836, "aux_2.acc_seg": 62.44644546508789, "aux_3.loss_ce": 1.5635563254356384, "aux_3.acc_seg": 66.49022674560547, "time": 0.12320280075073242, "iter": 100, "memory": 901, "step": 100}
