{"lr": 0.005201541801877408, "data_time": 0.004268360137939453, "loss": 7.073515510559082, "decode.loss_ce": 0.9870383441448212, "decode.acc_seg": 82.58399963378906, "aux_0.loss_ce": 1.596513020992279, "aux_0.acc_seg": 56.768001556396484, "aux_1.loss_ce": 1.5074526071548462, "aux_1.acc_seg": 63.685333251953125, "aux_2.loss_ce": 1.486795687675476, "aux_2.acc_seg": 65.17133331298828, "aux_3.loss_ce": 1.4957157373428345, "aux_3.acc_seg": 59.14666748046875, "time": 0.0778120994567871, "iter": 500, "memory": 17409, "step": 500}
{"aAcc": 57.33, "mIoU": 20.14, "mAcc": 29.47, "data_time": 0.04828496677119557, "time": 0.07420502057889612, "step": 500}
