{"lr": 0.005201541801877408, "data_time": 0.004167246818542481, "loss": 7.33536810874939, "decode.loss_ce": 0.9732518851757049, "decode.acc_seg": 73.88400268554688, "aux_0.loss_ce": 1.695268952846527, "aux_0.acc_seg": 42.19933319091797, "aux_1.loss_ce": 1.586776852607727, "aux_1.acc_seg": 43.846221923828125, "aux_2.loss_ce": 1.541252475976944, "aux_2.acc_seg": 40.16311264038086, "aux_3.loss_ce": 1.5388180494308472, "aux_3.acc_seg": 38.79600143432617, "time": 0.14061479568481444, "iter": 500, "memory": 17409, "step": 500}
{"val_loss/val_loss": 0.0, "data_time": 0.006809229967070789, "time": 0.08795258708116485, "step": 500}
