{"lr": 0.0050220502205022026, "data_time": 0.02146313190460205, "loss": 9.521305418014526, "decode.loss_ce": 1.6773837566375733, "decode.acc_seg": 48.628665924072266, "aux_0.loss_ce": 2.256058168411255, "aux_0.acc_seg": 44.063777923583984, "aux_1.loss_ce": 1.9178829312324523, "aux_1.acc_seg": 48.3477783203125, "aux_2.loss_ce": 1.8087627291679382, "aux_2.acc_seg": 47.71555709838867, "aux_3.loss_ce": 1.8612177491188049, "aux_3.acc_seg": 38.77044677734375, "time": 0.1198375940322876, "iter": 50, "memory": 17408, "step": 50}
{"val_loss": 10.395318299713436, "data_time": 0.008733942560905959, "time": 0.09007687928322748, "step": 50}
{"lr": 0.00504455044550445, "data_time": 0.04589438438415527, "loss": 9.798509693145752, "decode.loss_ce": 1.815770411491394, "decode.acc_seg": 26.276222229003906, "aux_0.loss_ce": 2.1672250270843505, "aux_0.acc_seg": 20.804000854492188, "aux_1.loss_ce": 2.0136408686637877, "aux_1.acc_seg": 24.1733341217041, "aux_2.loss_ce": 1.8967015743255615, "aux_2.acc_seg": 22.843555450439453, "aux_3.loss_ce": 1.905171775817871, "aux_3.acc_seg": 24.16177749633789, "time": 0.1275789260864258, "iter": 100, "memory": 901, "step": 100}
{"val_loss": 11.57827179052217, "data_time": 0.007347587821553055, "time": 0.0836923567994127, "step": 100}
{"lr": 0.005067050670506697, "data_time": 0.004801011085510254, "loss": 8.461827898025513, "decode.loss_ce": 1.5116065800189973, "decode.acc_seg": 31.02688980102539, "aux_0.loss_ce": 1.8690152883529663, "aux_0.acc_seg": 16.698888778686523, "aux_1.loss_ce": 1.6976494073867798, "aux_1.acc_seg": 19.88422203063965, "aux_2.loss_ce": 1.6081119000911712, "aux_2.acc_seg": 22.709556579589844, "aux_3.loss_ce": 1.7754447221755982, "aux_3.acc_seg": 29.255111694335938, "time": 0.13730769157409667, "iter": 150, "memory": 901, "step": 150}
