{"lr": 0.0015943962641761188, "data_time": 0.3794900417327881, "loss": 3.6765064001083374, "decode.loss_ce": 1.1285807728767394, "decode.acc_seg": 76.12122344970703, "aux_0.loss_ce": 0.6628765165805817, "aux_0.acc_seg": 78.50267028808594, "aux_1.loss_ce": 0.5293954730033874, "aux_1.acc_seg": 84.31322479248047, "aux_2.loss_seg": 0.7128552854061126, "aux_3.loss_seg": 0.6427983403205871, "time": 0.7527372360229492, "iter": 100, "memory": 19648, "step": 100}
{"aAcc": 42.23, "mIoU": 26.91, "mAcc": 47.87, "avg_val_loss": 6.450549454542628, "data_time": 0.014710376429003339, "time": 0.20231513089911882, "step": 100}
{"lr": 0.002194796531020685, "data_time": 0.3977068901062012, "loss": 2.992119383811951, "decode.loss_ce": 0.9473703503608704, "decode.acc_seg": 83.5979995727539, "aux_0.loss_ce": 0.4463392972946167, "aux_0.acc_seg": 87.11844635009766, "aux_1.loss_ce": 0.3769326090812683, "aux_1.acc_seg": 87.17133331298828, "aux_2.loss_seg": 0.6441410124301911, "aux_3.loss_seg": 0.5773360699415206, "time": 0.7640039920806885, "iter": 200, "memory": 17143, "step": 200}
{"aAcc": 58.19, "mIoU": 42.53, "mAcc": 61.25, "avg_val_loss": 5.809791932503382, "data_time": 0.010955407701689622, "time": 0.16038435629044456, "step": 200}
{"lr": 0.0027951967978652476, "data_time": 0.027835965156555176, "loss": 2.453557276725769, "decode.loss_ce": 0.7274149715900421, "decode.acc_seg": 85.28099822998047, "aux_0.loss_ce": 0.3575621694326401, "aux_0.acc_seg": 82.44883728027344, "aux_1.loss_ce": 0.3158524423837662, "aux_1.acc_seg": 84.96605682373047, "aux_2.loss_seg": 0.5653268784284592, "aux_3.loss_seg": 0.4874008059501648, "time": 0.673684048652649, "iter": 300, "memory": 2683, "step": 300}
{"aAcc": 67.79, "mIoU": 52.1, "mAcc": 68.52, "avg_val_loss": 5.354095863639494, "data_time": 0.011449764514791554, "time": 0.16236499260211812, "step": 300}
{"lr": 0.0033955970647098093, "data_time": 0.2146686553955078, "loss": 2.288177752494812, "decode.loss_ce": 0.6232285976409913, "decode.acc_seg": 85.18927764892578, "aux_0.loss_ce": 0.31404704600572586, "aux_0.acc_seg": 82.22322082519531, "aux_1.loss_ce": 0.27095894068479537, "aux_1.acc_seg": 83.70700073242188, "aux_2.loss_seg": 0.5662165701389312, "aux_3.loss_seg": 0.5137266010046005, "time": 0.7148732900619507, "iter": 400, "memory": 2683, "step": 400}
{"aAcc": 58.09, "mIoU": 40.91, "mAcc": 59.2, "avg_val_loss": 5.434147827000471, "data_time": 0.01093267024248496, "time": 0.16206891783352556, "step": 400}
{"lr": 0.003995997331554373, "data_time": 0.12311735153198242, "loss": 2.079688012599945, "decode.loss_ce": 0.5379879415035248, "decode.acc_seg": 91.63727569580078, "aux_0.loss_ce": 0.2712506130337715, "aux_0.acc_seg": 93.1602783203125, "aux_1.loss_ce": 0.23592187315225602, "aux_1.acc_seg": 94.00094604492188, "aux_2.loss_seg": 0.548288244009018, "aux_3.loss_seg": 0.4862393647432327, "time": 0.7930972814559937, "iter": 500, "memory": 2683, "step": 500}
{"aAcc": 78.51, "mIoU": 62.19, "mAcc": 75.11, "avg_val_loss": 5.088668681515587, "data_time": 0.011119793201314992, "time": 0.16148576517214722, "step": 500}
{"lr": 0.0045963975983989375, "data_time": 0.25395495891571046, "loss": 2.11484135389328, "decode.loss_ce": 0.5140176057815552, "decode.acc_seg": 83.46111297607422, "aux_0.loss_ce": 0.28070876747369766, "aux_0.acc_seg": 83.70672607421875, "aux_1.loss_ce": 0.24818881303071977, "aux_1.acc_seg": 82.779052734375, "aux_2.loss_seg": 0.5623317390680314, "aux_3.loss_seg": 0.5095944344997406, "time": 0.6075259208679199, "iter": 600, "memory": 2683, "step": 600}
{"aAcc": 67.83, "mIoU": 50.64, "mAcc": 66.66, "avg_val_loss": 5.048569663836244, "data_time": 0.012618514313094917, "time": 0.1634807312625578, "step": 600}
{"lr": 0.005196797865243495, "data_time": 0.01157989501953125, "loss": 2.004383385181427, "decode.loss_ce": 0.5185531228780746, "decode.acc_seg": 87.75839233398438, "aux_0.loss_ce": 0.25237691700458526, "aux_0.acc_seg": 91.21778106689453, "aux_1.loss_ce": 0.2344251662492752, "aux_1.acc_seg": 90.77644348144531, "aux_2.loss_seg": 0.5206212878227234, "aux_3.loss_seg": 0.47840688526630404, "time": 0.8039343595504761, "iter": 700, "memory": 2683, "step": 700}
{"aAcc": 72.51, "mIoU": 57.62, "mAcc": 73.66, "avg_val_loss": 5.0876992767865, "data_time": 0.011936807084357601, "time": 0.16443141575517325, "step": 700}
{"lr": 0.005797198132088056, "data_time": 0.2889334440231323, "loss": 1.9594276905059815, "decode.loss_ce": 0.42062524855136874, "decode.acc_seg": 91.15072631835938, "aux_0.loss_ce": 0.2536148190498352, "aux_0.acc_seg": 87.31194305419922, "aux_1.loss_ce": 0.22707165628671647, "aux_1.acc_seg": 90.93033599853516, "aux_2.loss_seg": 0.5590790182352066, "aux_3.loss_seg": 0.49903691112995147, "time": 0.6160231351852417, "iter": 800, "memory": 2683, "step": 800}
{"aAcc": 59.89, "mIoU": 45.38, "mAcc": 64.17, "avg_val_loss": 5.491773651182999, "data_time": 0.01304315150469199, "time": 0.16349782340828029, "step": 800}
{"lr": 0.006397598398932616, "data_time": 0.0705789566040039, "loss": 1.7360452175140382, "decode.loss_ce": 0.3841095894575119, "decode.acc_seg": 92.62938690185547, "aux_0.loss_ce": 0.21191903650760652, "aux_0.acc_seg": 93.21483612060547, "aux_1.loss_ce": 0.18299339413642884, "aux_1.acc_seg": 93.17266845703125, "aux_2.loss_seg": 0.5126692444086075, "aux_3.loss_seg": 0.44435396790504456, "time": 0.7576824426651001, "iter": 900, "memory": 2683, "step": 900}
{"aAcc": 74.53, "mIoU": 58.03, "mAcc": 72.42, "avg_val_loss": 5.409442856462455, "data_time": 0.011106189640089014, "time": 0.162762477480132, "step": 900}
{"lr": 0.0069979986657771765, "data_time": 0.4726116180419922, "loss": 1.8373058438301086, "decode.loss_ce": 0.44124820828437805, "decode.acc_seg": 88.09700012207031, "aux_0.loss_ce": 0.2219403862953186, "aux_0.acc_seg": 83.98094177246094, "aux_1.loss_ce": 0.2038620486855507, "aux_1.acc_seg": 86.67872619628906, "aux_2.loss_seg": 0.5148388832807541, "aux_3.loss_seg": 0.45541631877422334, "time": 0.8010067939758301, "iter": 1000, "memory": 2683, "step": 1000}
{"aAcc": 77.14, "mIoU": 61.57, "mAcc": 75.35, "avg_val_loss": 5.276897509056225, "data_time": 0.010422311980148842, "time": 0.1646445510031163, "step": 1000}
{"lr": 0.0075983989326217465, "data_time": 0.21939337253570557, "loss": 1.6101306080818176, "decode.loss_ce": 0.37286565601825716, "decode.acc_seg": 91.1681137084961, "aux_0.loss_ce": 0.1918599084019661, "aux_0.acc_seg": 92.80828094482422, "aux_1.loss_ce": 0.17444859743118285, "aux_1.acc_seg": 92.40544891357422, "aux_2.loss_seg": 0.47045319974422456, "aux_3.loss_seg": 0.40050322115421294, "time": 0.6982367753982544, "iter": 1100, "memory": 2683, "step": 1100}
{"aAcc": 82.15, "mIoU": 66.94, "mAcc": 78.55, "avg_val_loss": 5.0006363762401005, "data_time": 0.013383476213477123, "time": 0.16725587844848633, "step": 1100}
{"lr": 0.008198799199466306, "data_time": 0.15524075031280518, "loss": 1.6444489121437074, "decode.loss_ce": 0.36359277069568635, "decode.acc_seg": 92.1258316040039, "aux_0.loss_ce": 0.1915201023221016, "aux_0.acc_seg": 92.54844665527344, "aux_1.loss_ce": 0.160847008228302, "aux_1.acc_seg": 93.52772521972656, "aux_2.loss_seg": 0.49433071315288546, "aux_3.loss_seg": 0.43415830433368685, "time": 0.7562736988067627, "iter": 1200, "memory": 2683, "step": 1200}
{"aAcc": 82.23, "mIoU": 66.16, "mAcc": 77.67, "avg_val_loss": 4.875013405163037, "data_time": 0.010002867928866682, "time": 0.162439724494671, "step": 1200}
{"lr": 0.008799199466310867, "data_time": 0.3986701488494873, "loss": 1.5909416556358338, "decode.loss_ce": 0.35549687743186953, "decode.acc_seg": 94.27566528320312, "aux_0.loss_ce": 0.17720301002264022, "aux_0.acc_seg": 94.24844360351562, "aux_1.loss_ce": 0.16316485553979873, "aux_1.acc_seg": 95.12450408935547, "aux_2.loss_seg": 0.472164449095726, "aux_3.loss_seg": 0.42291244864463806, "time": 0.7296641349792481, "iter": 1300, "memory": 2683, "step": 1300}
{"aAcc": 78.26, "mIoU": 62.59, "mAcc": 75.79, "avg_val_loss": 4.860886666980404, "data_time": 0.011950059868823523,