{"lr": 0.0050220502205022026, "data_time": 0.0652961254119873, "loss": 10.072444772720337, "decode.loss_ce": 1.7717483639717102, "decode.acc_seg": 24.50200080871582, "aux_0.loss_ce": 2.4483817338943483, "aux_0.acc_seg": 14.135777473449707, "aux_1.loss_ce": 2.121315121650696, "aux_1.acc_seg": 11.43933391571045, "aux_2.loss_ce": 1.8869161248207091, "aux_2.acc_seg": 16.038000106811523, "aux_3.loss_ce": 1.8440833806991577, "aux_3.acc_seg": 25.689556121826172, "time": 0.1452184200286865, "iter": 50, "memory": 17408, "step": 50}
{"val_loss": 9.816015739243445, "data_time": 0.00901466796577992, "time": 0.08852415363283923, "step": 50}
