{"lr": 0.0015943962641761188, "data_time": 0.1411586046218872, "loss": 0.6429837942123413, "decode.loss_seg": 0.28705439865589144, "aux_0.loss_seg": 0.09962602034211158, "aux_1.loss_seg": 0.09257121346890926, "aux_2.loss_seg": 0.08161268271505832, "aux_3.loss_seg": 0.08211947679519653, "time": 0.6067569971084594, "iter": 100, "memory": 19977, "step": 100}
{"aAcc": 48.03, "mIoU": 31.83, "mAcc": 54.35, "avg_val_loss": 0.0, "data_time": 0.04561857567277065, "time": 0.1409532303033873, "step": 100}
{"lr": 0.002194796531020685, "data_time": 0.36188807487487795, "loss": 0.5734532564878464, "decode.loss_seg": 0.23938334882259368, "aux_0.loss_seg": 0.08912387043237686, "aux_1.loss_seg": 0.08280613012611866, "aux_2.loss_seg": 0.07986781559884548, "aux_3.loss_seg": 0.08227208442986012, "time": 0.491839075088501, "iter": 200, "memory": 34270, "step": 200}
{"aAcc": 48.75, "mIoU": 32.84, "mAcc": 55.02, "avg_val_loss": 0.0, "data_time": 0.021515503697011662, "time": 0.07222821520662856, "step": 200}
