{"lr": 0.005496825147513394, "data_time": 0.0236844539642334, "loss": 5.075925350189209, "decode.loss_ce": 0.6868359029293061, "decode.acc_seg": 77.24517059326172, "aux_0.loss_ce": 1.3122782349586486, "aux_0.acc_seg": 57.28233337402344, "aux_1.loss_ce": 1.1363356590270997, "aux_1.acc_seg": 62.474945068359375, "aux_2.loss_ce": 0.9977343738079071, "aux_2.acc_seg": 65.11505889892578, "aux_3.loss_ce": 0.9427411139011384, "aux_3.acc_seg": 66.33338928222656, "time": 0.5775793552398681, "iter": 756, "memory": 19219, "step": 756}
{"lr": 0.009106373674004149, "data_time": 0.35232932567596437, "loss": 4.168928599357605, "decode.loss_ce": 0.3752184987068176, "decode.acc_seg": 85.6717758178711, "aux_0.loss_ce": 1.3298503518104554, "aux_0.acc_seg": 58.094390869140625, "aux_1.loss_ce": 1.0317795038223267, "aux_1.acc_seg": 63.7772216796875, "aux_2.loss_ce": 0.7985881626605987, "aux_2.acc_seg": 70.68561553955078, "aux_3.loss_ce": 0.6334921002388001, "aux_3.acc_seg": 71.79589080810547, "time": 0.5569065093994141, "iter": 10000, "memory": 2908, "step": 10000}
{"aAcc": 54.32, "mIoU": 27.2, "mAcc": 39.09, "avg_val_loss": 10.677652611857967, "data_time": 0.02410229632728978, "time": 0.3837773824992933, "step": 10000}
{"lr": 0.008200516139713258, "data_time": 0.5006397247314454, "loss": 3.70634183883667, "decode.loss_ce": 0.3189511835575104, "decode.acc_seg": 87.52339172363281, "aux_0.loss_ce": 1.1686332285404206, "aux_0.acc_seg": 57.72922134399414, "aux_1.loss_ce": 0.9120084285736084, "aux_1.acc_seg": 65.48844146728516, "aux_2.loss_ce": 0.7191759943962097, "aux_2.acc_seg": 72.75260925292969, "aux_3.loss_ce": 0.5875729292631149, "aux_3.acc_seg": 78.1419448852539, "time": 0.7038645267486572, "iter": 20000, "memory": 10769, "step": 20000}
{"aAcc": 58.99, "mIoU": 29.06, "mAcc": 38.51, "avg_val_loss": 10.456417897029926, "data_time": 0.021107248961925507, "time": 0.3728945751984914, "step": 20000}
{"lr": 0.007283232762750171, "data_time": 0.2801236152648926, "loss": 3.497139096260071, "decode.loss_ce": 0.29571222960948945, "decode.acc_seg": 88.01266479492188, "aux_0.loss_ce": 1.147526389360428, "aux_0.acc_seg": 50.90488815307617, "aux_1.loss_ce": 0.8727655053138733, "aux_1.acc_seg": 66.20310974121094, "aux_2.loss_ce": 0.6461934566497802, "aux_2.acc_seg": 75.76560974121094, "aux_3.loss_ce": 0.5349414467811584, "aux_3.acc_seg": 78.27583312988281, "time": 0.4829143524169922, "iter": 30000, "memory": 2908, "step": 30000}
{"aAcc": 59.02, "mIoU": 30.8, "mAcc": 41.41, "avg_val_loss": 10.426313990249968, "data_time": 0.00653943916161855, "time": 0.34541158626476925, "step": 30000}
{"lr": 0.006352703407289149, "data_time": 0.3313337564468384, "loss": 3.4371636152267455, "decode.loss_ce": 0.264017616212368, "decode.acc_seg": 90.11316680908203, "aux_0.loss_ce": 1.1862980723381042, "aux_0.acc_seg": 61.82444381713867, "aux_1.loss_ce": 0.8833372116088867, "aux_1.acc_seg": 69.79144287109375, "aux_2.loss_ce": 0.6328198432922363, "aux_2.acc_seg": 79.61150360107422, "aux_3.loss_ce": 0.47069085836410524, "aux_3.acc_seg": 86.58499908447266, "time": 0.536094069480896, "iter": 40000, "memory": 2908, "step": 40000}
{"aAcc": 61.28, "mIoU": 32.46, "mAcc": 41.73, "avg_val_loss": 10.23626632102226, "data_time": 0.008667046825091044, "time": 0.35872461646795273, "step": 40000}
{"lr": 0.0054064577076796795, "data_time": 0.3253337860107422, "loss": 3.4209611892700194, "decode.loss_ce": 0.2868306189775467, "decode.acc_seg": 90.20967102050781, "aux_0.loss_ce": 1.175132191181183, "aux_0.acc_seg": 66.27288818359375, "aux_1.loss_ce": 0.8415213525295258, "aux_1.acc_seg": 74.44116973876953, "aux_2.loss_ce": 0.6227719902992248, "aux_2.acc_seg": 83.43572235107422, "aux_3.loss_ce": 0.49470501840114595, "aux_3.acc_seg": 86.62005615234375, "time": 0.5739391088485718, "iter": 50000, "memory": 2908, "step": 50000}
{"aAcc": 63.12, "mIoU": 32.78, "mAcc": 41.58, "avg_val_loss": 10.220861311272571, "data_time": 0.007337051133314769, "time": 0.345606525739034, "step": 50000}
{"lr": 0.004440959115695473, "data_time": 0.009423542022705077, "loss": 3.1987319707870485, "decode.loss_ce": 0.24372880905866623, "decode.acc_seg": 90.33216857910156, "aux_0.loss_ce": 1.1070724606513977, "aux_0.acc_seg": 65.9566650390625, "aux_1.loss_ce": 0.8213547885417938, "aux_1.acc_seg": 74.07694244384766, "aux_2.loss_ce": 0.5811410754919052, "aux_2.acc_seg": 80.43077850341797, "aux_3.loss_ce": 0.44543481767177584, "aux_3.acc_seg": 82.746337890625, "time": 0.5714050531387329, "iter": 60000, "memory": 2908, "step": 60000}
{"aAcc": 62.18, "mIoU": 32.83, "mAcc": 42.08, "avg_val_loss": 10.239373776421212, "data_time": 0.007461816072463989, "time": 0.35910796622435254, "step": 60000}
{"lr": 0.0034507407905215665, "data_time": 0.16006085872650147, "loss": 3.2061728715896605, "decode.loss_ce": 0.2315450578927994, "decode.acc_seg": 89.86016845703125, "aux_0.loss_ce": 1.1576510071754456, "aux_0.acc_seg": 60.241668701171875, "aux_1.loss_ce": 0.8110864043235779, "aux_1.acc_seg": 73.78372192382812, "aux_2.loss_ce": 0.5714305371046067, "aux_2.acc_seg": 78.4911117553711, "aux_3.loss_ce": 0.43445979356765746, "aux_3.acc_seg": 83.05394744873047, "time": 0.5764034986495972, "iter": 70000, "memory": 2908, "step": 70000}
{"aAcc": 63.09, "mIoU": 34.89, "mAcc": 43.94, "avg_val_loss": 10.252628749653809, "data_time": 0.016927992304166157, "time": 0.36208298057317734, "step": 70000}
{"lr": 0.002426262391078836, "data_time": 0.21488385200500487, "loss": 3.0519928693771363, "decode.loss_ce": 0.23140553534030914, "decode.acc_seg": 91.2681655883789, "aux_0.loss_ce": 1.0916249096393584, "aux_0.acc_seg": 68.0513916015625, "aux_1.loss_ce": 0.7719889104366302, "aux_1.acc_seg": 72.70977783203125, "aux_2.loss_ce": 0.5340974062681199, "aux_2.acc_seg": 79.53478240966797, "aux_3.loss_ce": 0.42287605404853823, "aux_3.acc_seg": 82.61244201660156, "time": 0.528799319267273, "iter": 80000, "memory": 2908, "step": 80000}
{"aAcc": 60.65, "mIoU": 31.88, "mAcc": 42.03, "avg_val_loss": 10.246428843783706, "data_time": 0.009852024416128794, "time": 0.3616347114245097, "step": 80000}
{"lr": 0.0013466131488271919, "data_time": 0.009680533409118652, "loss": 3.017927718162537, "decode.loss_ce": 0.20771990567445756, "decode.acc_seg": 87.75872039794922, "aux_0.loss_ce": 1.1136379480361938, "aux_0.acc_seg": 59.97083282470703, "aux_1.loss_ce": 0.7981666326522827, "aux_1.acc_seg": 67.43150329589844, "aux_2.loss_ce": 0.5210486352443695, "aux_2.acc_seg": 74.89550018310547, "aux_3.loss_ce": 0.3773546010255814, "aux_3.acc_seg": 79.7652816772461, "time": 0.4712084770202637, "iter": 90000, "memory": 2908, "step": 90000}
{"aAcc": 61.75, "mIoU": 34.31, "mAcc": 43.82, "avg_val_loss": 10.233371993184788, "data_time": 0.007856878141562143, "time": 0.3576658070087433, "step": 90000}
{"lr": 0.0001, "data_time": 0.008815169334411621, "loss": 2.8346250534057615, "decode.loss_ce": 0.20529266595840454, "decode.acc_seg": 93.0530014038086, "aux_0.loss_ce": 1.0223329186439514, "aux_0.acc_seg": 73.5856704711914, "aux_1.loss_ce": 0.7167311847209931, "aux_1.acc_seg": 79.7917251586914, "aux_2.loss_ce": 0.5057624906301499, "aux_2.acc_seg": 82.92127990722656, "aux_3.loss_ce": 0.38450575768947604, "aux_3.acc_seg": 84.34750366210938, "time": 0.5721191883087158, "iter": 100000, "memory": 2908, "step": 100000}
{"aAcc": 61.02, "mIoU": 32.67, "mAcc": 42.14, "avg_val_loss": 10.233262992564002, "data_time": 0.006302374104658763, "time": 0.34529956926902133, "step": 100000}
