{"lr": 0.005040144980500798, "data_time": 0.0033548593521118162, "loss": 8.675909185409546, "decode.loss_ce": 1.678937017917633, "decode.acc_seg": 57.29133224487305, "aux_0.loss_ce": 1.9117339372634887, "aux_0.acc_seg": 52.63888931274414, "aux_1.loss_ce": 1.7070737719535827, "aux_1.acc_seg": 62.125335693359375, "aux_2.loss_ce": 1.6778695821762084, "aux_2.acc_seg": 62.89622116088867, "aux_3.loss_ce": 1.7002950310707092, "aux_3.acc_seg": 48.55155563354492, "time": 0.21269505023956298, "iter": 100, "memory": 17408, "step": 100}
{"aAcc": 42.48, "mIoU": 9.58, "mAcc": 15.18, "val_loss": 7.902304933509641, "data_time": 0.005998671779957421, "time": 0.09330697535308319, "step": 100}
{"lr": 0.005080615216132712, "data_time": 0.018370532989501955, "loss": 8.133430576324463, "decode.loss_ce": 1.5053400456905366, "decode.acc_seg": 42.29310989379883, "aux_0.loss_ce": 1.8308086752891541, "aux_0.acc_seg": 32.55844497680664, "aux_1.loss_ce": 1.6316438913345337, "aux_1.acc_seg": 35.75, "aux_2.loss_ce": 1.537727129459381, "aux_2.acc_seg": 30.752666473388672, "aux_3.loss_ce": 1.6279105186462401, "aux_3.acc_seg": 35.46533203125, "time": 0.1615304470062256, "iter": 200, "memory": 901, "step": 200}
{"aAcc": 72.42, "mIoU": 18.18, "mAcc": 23.13, "val_loss": 6.880476588326598, "data_time": 0.006043342132012821, "time": 0.09105669063271828, "step": 200}
{"lr": 0.005121004778430786, "data_time": 0.01018667221069336, "loss": 8.610904312133789, "decode.loss_ce": 1.4853331804275514, "decode.acc_seg": 57.58133316040039, "aux_0.loss_ce": 1.887253725528717, "aux_0.acc_seg": 45.29622268676758, "aux_1.loss_ce": 1.7772445321083068, "aux_1.acc_seg": 46.14933395385742, "aux_2.loss_ce": 1.7456997632980347, "aux_2.acc_seg": 44.1424446105957, "aux_3.loss_ce": 1.715373122692108, "aux_3.acc_seg": 42.056888580322266, "time": 0.12918381690979003, "iter": 300, "memory": 901, "step": 300}
{"aAcc": 64.07, "mIoU": 19.26, "mAcc": 25.85, "val_loss": 6.875950940258853, "data_time": 0.005436824363412209, "time": 0.09134460942259112, "step": 300}
{"lr": 0.00516131364708311, "data_time": 0.05295753479003906, "loss": 7.914935159683227, "decode.loss_ce": 1.4984892547130584, "decode.acc_seg": 33.0260009765625, "aux_0.loss_ce": 1.7003379702568053, "aux_0.acc_seg": 35.366668701171875, "aux_1.loss_ce": 1.5527921319007874, "aux_1.acc_seg": 38.16288757324219, "aux_2.loss_ce": 1.4879733562469482, "aux_2.acc_seg": 44.6424446105957, "aux_3.loss_ce": 1.6753425359725953, "aux_3.acc_seg": 39.3466682434082, "time": 0.14990613460540772, "iter": 400, "memory": 901, "step": 400}
{"aAcc": 43.32, "mIoU": 14.78, "mAcc": 26.1, "val_loss": 6.830741539334336, "data_time": 0.005575845542463284, "time": 0.091984627316299, "step": 400}
{"lr": 0.005201541801877408, "data_time": 0.037691926956176756, "loss": 7.157458257675171, "decode.loss_ce": 1.2469912886619567, "decode.acc_seg": 50.1597785949707, "aux_0.loss_ce": 1.5509986519813537, "aux_0.acc_seg": 34.457557678222656, "aux_1.loss_ce": 1.4565378069877624, "aux_1.acc_seg": 34.69511032104492, "aux_2.loss_ce": 1.3809117734432221, "aux_2.acc_seg": 38.3291130065918, "aux_3.loss_ce": 1.522018736600876, "aux_3.acc_seg": 36.67399978637695, "time": 0.16221089363098146, "iter": 500, "memory": 901, "step": 500}
{"aAcc": 68.48, "mIoU": 21.74, "mAcc": 28.07, "val_loss": 6.8439075281936566, "data_time": 0.005609972963055361, "time": 0.09299485370950791, "step": 500}
{"lr": 0.005241689222698065, "data_time": 0.018271231651306154, "loss": 6.696265840530396, "decode.loss_ce": 1.0135980725288392, "decode.acc_seg": 55.26599884033203, "aux_0.loss_ce": 1.5922099947929382, "aux_0.acc_seg": 43.63533401489258, "aux_1.loss_ce": 1.4395296096801757, "aux_1.acc_seg": 46.08399963378906, "aux_2.loss_ce": 1.3523652732372284, "aux_2.acc_seg": 48.7944450378418, "aux_3.loss_ce": 1.2985627770423889, "aux_3.acc_seg": 48.76533508300781, "time": 0.16091711521148683, "iter": 600, "memory": 901, "step": 600}
{"aAcc": 72.79, "mIoU": 27.84, "mAcc": 38.85, "val_loss": 6.539536702937824, "data_time": 0.005513846295551189, "time": 0.09264941643742682, "step": 600}
{"lr": 0.005281755889523201, "data_time": 0.0041941642761230465, "loss": 7.221131992340088, "decode.loss_ce": 1.1787658989429475, "decode.acc_seg": 59.529335021972656, "aux_0.loss_ce": 1.6241805911064149, "aux_0.acc_seg": 51.321556091308594, "aux_1.loss_ce": 1.521587735414505, "aux_1.acc_seg": 54.02244567871094, "aux_2.loss_ce": 1.4305193305015564, "aux_2.acc_seg": 55.35133361816406, "aux_3.loss_ce": 1.4660783886909485, "aux_3.acc_seg": 55.12244415283203, "time": 0.16276078224182128, "iter": 700, "memory": 901, "step": 700}
{"aAcc": 79.68, "mIoU": 28.42, "mAcc": 34.55, "val_loss": 6.296406760617342, "data_time": 0.005781494298027557, "time": 0.0925617831424602, "step": 700}
{"lr": 0.005321741782421746, "data_time": 0.03245546817779541, "loss": 6.81738657951355, "decode.loss_ce": 1.0836289763450622, "decode.acc_seg": 81.65599822998047, "aux_0.loss_ce": 1.4849623322486878, "aux_0.acc_seg": 74.14933776855469, "aux_1.loss_ce": 1.4538081645965577, "aux_1.acc_seg": 78.6957778930664, "aux_2.loss_ce": 1.3874919891357422, "aux_2.acc_seg": 84.21022033691406, "aux_3.loss_ce": 1.4074952244758605, "aux_3.acc_seg": 79.47088623046875, "time": 0.11338810920715332, "iter": 800, "memory": 901, "step": 800}
{"aAcc": 56.63, "mIoU": 18.09, "mAcc": 25.45, "val_loss": 6.483766979017226, "data_time": 0.005714205862248986, "time": 0.09355625134069943, "step": 800}
{"lr": 0.005361646881550746, "data_time": 0.04336659908294678, "loss": 6.113752222061157, "decode.loss_ce": 0.8690296173095703, "decode.acc_seg": 77.01889038085938, "aux_0.loss_ce": 1.4724834501743316, "aux_0.acc_seg": 71.65644836425781, "aux_1.loss_ce": 1.2977936089038848, "aux_1.acc_seg": 72.42222595214844, "aux_2.loss_ce": 1.2052939891815186, "aux_2.acc_seg": 71.7757797241211, "aux_3.loss_ce": 1.26915163397789, "aux_3.acc_seg": 68.38755798339844, "time": 0.15122606754302978, "iter": 900, "memory": 901, "step": 900}
{"aAcc": 74.7, "mIoU": 27.47, "mAcc": 37.64, "val_loss": 6.354492966119452, "data_time": 0.0053341944240829315, "time": 0.09244895617938736, "step": 900}
{"lr": 0.005401471167152687, "data_time": 0.061159348487854, "loss": 7.214308404922486, "decode.loss_ce": 1.1236244797706605, "decode.acc_seg": 79.69889068603516, "aux_0.loss_ce": 1.6788931846618653, "aux_0.acc_seg": 70.1324462890625, "aux_1.loss_ce": 1.5506156921386718, "aux_1.acc_seg": 73.19288635253906, "aux_2.loss_ce": 1.4389956533908843, "aux_2.acc_seg": 74.84066772460938, "aux_3.loss_ce": 1.4221794366836549, "aux_3.acc_seg": 74.27333068847656, "time": 0.14203269481658937, "iter": 1000, "memory": 901, "step": 1000}
{"aAcc": 81.15, "mIoU": 30.05, "mAcc": 36.53, "val_loss": 6.300537263646485, "data_time": 0.00557898664937436, "time": 0.0934669491156791, "step": 1000}
{"lr": 0.0054412146195529035, "data_time": 0.10034413337707519, "loss": 7.0436460971832275, "decode.loss_ce": 1.1249290704727173, "decode.acc_seg": 55.96644592285156, "aux_0.loss_ce": 1.491878604888916, "aux_0.acc_seg": 66.85066986083984, "aux_1.loss_ce": 1.3970001578330993, "aux_1.acc_seg": 66.97444152832031, "aux_2.loss_ce": 1.4518480837345122, "aux_2.acc_seg": 68.50666809082031, "aux_3.loss_ce": 1.5779901981353759, "aux_3.acc_seg": 42.485557556152344, "time": 0.20206160545349122, "iter": 1100, "memory": 901, "step": 1100}
{"aAcc": 69.02, "mIoU": 22.97, "mAcc": 31.44, "val_loss": 6.035867378035793, "data_time": 0.005025125244288769, "time": 0.09220019185427324, "step": 1100}
{"lr": 0.005480877219157078, "data_time": 0.04280679225921631, "loss": 6.039087915420533, "decode.loss_ce": 0.8836913406848907, "decode.acc_seg": 67.63822174072266, "aux_0.loss_ce": 1.368829506635666, "aux_0.acc_seg": 48.212890625, "aux_1.loss_ce": 1.2691170215606689, "aux_1.acc_seg": 52.92733383178711, "aux_2.loss_ce": 1.2504182040691376, "aux_2.acc_seg": 50.09355545043945, "aux_3.loss_ce": 1.2670317947864533, "aux_3.acc_seg": 55.6075553894043, "time": 0.1424565553665161, "iter": 1200, "memory": 901,