{"lr": 0.0015943962641761188, "data_time": 0.24976556301116942, "loss": 2.5318206787109374, "decode.loss_ce": 0.3954796612262726, "decode.acc_seg": 75.74766540527344, "aux_0.loss_ce": 0.6756889224052429, "aux_0.acc_seg": 73.74327850341797, "aux_1.loss_ce": 0.5237661331892014, "aux_1.acc_seg": 77.97283172607422, "aux_2.loss_ce": 0.5014292448759079, "aux_2.acc_seg": 77.1425552368164, "aux_3.loss_ce": 0.43545670807361603, "aux_3.acc_seg": 77.32350158691406, "time": 0.5778988599777222, "iter": 100, "memory": 19646, "step": 100}
{"aAcc": 74.9, "mIoU": 59.1, "mAcc": 73.58, "avg_val_loss": 3.9599836813776115, "data_time": 0.011739631031834803, "time": 0.12483562979587288, "step": 100}
{"lr": 0.002194796531020685, "data_time": 0.28899469375610354, "loss": 2.1854374408721924, "decode.loss_ce": 0.349670347571373, "decode.acc_seg": 89.05433654785156, "aux_0.loss_ce": 0.5236101508140564, "aux_0.acc_seg": 80.52877807617188, "aux_1.loss_ce": 0.4318715512752533, "aux_1.acc_seg": 81.95172119140625, "aux_2.loss_ce": 0.45930481553077696, "aux_2.acc_seg": 83.0193862915039, "aux_3.loss_ce": 0.4209805577993393, "aux_3.acc_seg": 86.29267120361328, "time": 0.6021775484085083, "iter": 200, "memory": 34224, "step": 200}
{"aAcc": 60.14, "mIoU": 44.76, "mAcc": 63.55, "avg_val_loss": 4.9144874568483985, "data_time": 0.007916883490551477, "time": 0.08559999520751252, "step": 200}
{"lr": 0.0027951967978652476, "data_time": 0.010077238082885742, "loss": 2.2014164209365843, "decode.loss_ce": 0.37049857079982756, "decode.acc_seg": 75.82527923583984, "aux_0.loss_ce": 0.5154723763465882, "aux_0.acc_seg": 69.61116790771484, "aux_1.loss_ce": 0.4538906246423721, "aux_1.acc_seg": 72.4844970703125, "aux_2.loss_ce": 0.4464559882879257, "aux_2.acc_seg": 79.14749908447266, "aux_3.loss_ce": 0.41509888917207716, "aux_3.acc_seg": 75.9393310546875, "time": 0.4872096538543701, "iter": 300, "memory": 2740, "step": 300}
{"aAcc": 53.37, "mIoU": 38.54, "mAcc": 58.71, "avg_val_loss": 5.280378086205579, "data_time": 0.007966567730081493, "time": 0.08680144945780437, "step": 300}
{"lr": 0.0033955970647098093, "data_time": 0.21946606636047364, "loss": 1.8942808866500855, "decode.loss_ce": 0.31568540781736376, "decode.acc_seg": 90.47855377197266, "aux_0.loss_ce": 0.4473066687583923, "aux_0.acc_seg": 83.96177673339844, "aux_1.loss_ce": 0.3729922443628311, "aux_1.acc_seg": 86.9731674194336, "aux_2.loss_ce": 0.3960999697446823, "aux_2.acc_seg": 82.693115234375, "aux_3.loss_ce": 0.36219664216041564, "aux_3.acc_seg": 86.92222595214844, "time": 0.7452391624450684, "iter": 400, "memory": 2740, "step": 400}
{"aAcc": 59.18, "mIoU": 43.97, "mAcc": 63.43, "avg_val_loss": 5.4002750971033215, "data_time": 0.0071159806744805695, "time": 0.08674319859208732, "step": 400}
{"lr": 0.003995997331554373, "data_time": 0.33506622314453127, "loss": 1.8244213342666626, "decode.loss_ce": 0.27918999940156936, "decode.acc_seg": 85.86011505126953, "aux_0.loss_ce": 0.43787464797496795, "aux_0.acc_seg": 82.02655792236328, "aux_1.loss_ce": 0.373618882894516, "aux_1.acc_seg": 81.02261352539062, "aux_2.loss_ce": 0.38164364993572236, "aux_2.acc_seg": 83.13694763183594, "aux_3.loss_ce": 0.35209413170814513, "aux_3.acc_seg": 85.86577606201172, "time": 0.5229488134384155, "iter": 500, "memory": 2740, "step": 500}
{"aAcc": 72.89, "mIoU": 57.03, "mAcc": 72.3, "avg_val_loss": 5.1987134175691, "data_time": 0.00832652771609953, "time": 0.08891974646469643, "step": 500}
{"lr": 0.0045963975983989375, "data_time": 0.20796265602111816, "loss": 1.7485209584236145, "decode.loss_ce": 0.27265435755252837, "decode.acc_seg": 89.52083587646484, "aux_0.loss_ce": 0.427593594789505, "aux_0.acc_seg": 79.82749938964844, "aux_1.loss_ce": 0.35131649374961854, "aux_1.acc_seg": 82.52444458007812, "aux_2.loss_ce": 0.36657069623470306, "aux_2.acc_seg": 85.95989227294922, "aux_3.loss_ce": 0.3303858056664467, "aux_3.acc_seg": 86.66378021240234, "time": 0.4942906379699707, "iter": 600, "memory": 2740, "step": 600}
{"aAcc": 58.62, "mIoU": 43.82, "mAcc": 61.86, "avg_val_loss": 5.12175157950868, "data_time": 0.007717625848178206, "time": 0.08944701874393156, "step": 600}
