{"lr": 0.0015943962641761188, "data_time": 0.1796342372894287, "loss": 6.8489538669586185, "decode.loss_seg": 1.5531302094459534, "aux_0.loss_seg": 1.2697964191436768, "aux_1.loss_seg": 1.5601974606513977, "aux_2.loss_seg": 1.5684269547462464, "aux_3.loss_seg": 0.8974028825759888, "time": 0.5935611248016357, "iter": 100, "memory": 22821, "step": 100}
{"aAcc": 46.56, "mIoU": 31.51, "mAcc": 52.7, "avg_val_loss": 0.0, "data_time": 0.01239074939905211, "time": 0.1394595545391704, "step": 100}
{"lr": 0.002194796531020685, "data_time": 0.00950453281402588, "loss": 5.800792551040649, "decode.loss_seg": 1.2909495770931243, "aux_0.loss_seg": 1.156848782300949, "aux_1.loss_seg": 1.2431455433368683, "aux_2.loss_seg": 1.4745083928108216, "aux_3.loss_seg": 0.6353403270244599, "time": 0.7536085844039917, "iter": 200, "memory": 22820, "step": 200}
{"aAcc": 57.92, "mIoU": 42.42, "mAcc": 62.51, "avg_val_loss": 0.0, "data_time": 0.007178262732494837, "time": 0.12546011497234477, "step": 200}
{"lr": 0.0027951967978652476, "data_time": 0.19067037105560303, "loss": 4.538829207420349, "decode.loss_seg": 1.0391637921333312, "aux_0.loss_seg": 0.9259876310825348, "aux_1.loss_seg": 0.9042858302593231, "aux_2.loss_seg": 1.1126238524913787, "aux_3.loss_seg": 0.5567680299282074, "time": 0.600276780128479, "iter": 300, "memory": 22820, "step": 300}
{"aAcc": 45.64, "mIoU": 29.71, "mAcc": 51.1, "avg_val_loss": 0.0, "data_time": 0.008213514569161952, "time": 0.12649205909378228, "step": 300}
{"lr": 0.0033955970647098093, "data_time": 0.21704938411712646, "loss": 3.5407193660736085, "decode.loss_seg": 0.7976792514324188, "aux_0.loss_seg": 0.5699935913085937, "aux_1.loss_seg": 0.8007057070732116, "aux_2.loss_seg": 0.9446207344532013, "aux_3.loss_seg": 0.42772005796432494, "time": 0.6535346984863282, "iter": 400, "memory": 22820, "step": 400}
{"aAcc": 67.8, "mIoU": 52.51, "mAcc": 69.51, "avg_val_loss": 0.0, "data_time": 0.007521078504365066, "time": 0.1260424509815786, "step": 400}
{"lr": 0.003995997331554373, "data_time": 0.010670852661132813, "loss": 3.8115693807601927, "decode.loss_seg": 0.868231064081192, "aux_0.loss_seg": 0.770723482966423, "aux_1.loss_seg": 0.8378374695777893, "aux_2.loss_seg": 0.926887845993042, "aux_3.loss_seg": 0.40788946151733396, "time": 0.6394796133041382, "iter": 500, "memory": 22820, "step": 500}
{"aAcc": 65.32, "mIoU": 50.44, "mAcc": 68.13, "avg_val_loss": 0.0, "data_time": 0.007825623983624339, "time": 0.12613939416819606, "step": 500}
{"lr": 0.0045963975983989375, "data_time": 0.04778563976287842, "loss": 3.571059823036194, "decode.loss_seg": 0.8030447840690613, "aux_0.loss_seg": 0.7133349448442459, "aux_1.loss_seg": 0.824007225036621, "aux_2.loss_seg": 0.8539822995662689, "aux_3.loss_seg": 0.3766904830932617, "time": 0.5926386594772339, "iter": 600, "memory": 22820, "step": 600}
{"aAcc": 61.75, "mIoU": 46.43, "mAcc": 64.38, "avg_val_loss": 0.0, "data_time": 0.007307458197933504, "time": 0.12554721722657652, "step": 600}
{"lr": 0.005196797865243495, "data_time": 0.2221630334854126, "loss": 2.9443736553192137, "decode.loss_seg": 0.7215434968471527, "aux_0.loss_seg": 0.48296611607074735, "aux_1.loss_seg": 0.6505259811878205, "aux_2.loss_seg": 0.7380165606737137, "aux_3.loss_seg": 0.35132147669792174, "time": 0.6727509737014771, "iter": 700, "memory": 22820, "step": 700}
{"aAcc": 70.64, "mIoU": 54.99, "mAcc": 70.54, "avg_val_loss": 0.0, "data_time": 0.007708398775122632, "time": 0.12600198011288696, "step": 700}
{"lr": 0.005797198132088056, "data_time": 0.2772876024246216, "loss": 2.9049901008605956, "decode.loss_seg": 0.726551228761673, "aux_0.loss_seg": 0.5713188752532006, "aux_1.loss_seg": 0.5623542562127113, "aux_2.loss_seg": 0.6755146026611328, "aux_3.loss_seg": 0.3692510828375816, "time": 0.6867674350738525, "iter": 800, "memory": 22820, "step": 800}
{"aAcc": 56.03, "mIoU": 41.92, "mAcc": 61.62, "avg_val_loss": 0.0, "data_time": 0.007350603739420573, "time": 0.12593711655715417, "step": 800}
