{"lr": 0.0015943962641761188, "data_time": 0.26727311611175536, "loss": 2.7946657657623293, "decode.loss_ce": 0.47294365167617797, "decode.acc_seg": 75.74022674560547, "aux_0.loss_ce": 0.733413815498352, "aux_0.acc_seg": 65.53833770751953, "aux_1.loss_ce": 0.66225625872612, "aux_1.acc_seg": 68.6344985961914, "aux_2.loss_ce": 0.481248340010643, "aux_2.acc_seg": 71.31594848632812, "aux_3.loss_ce": 0.44480367600917814, "aux_3.acc_seg": 75.64588928222656, "time": 0.6765408992767334, "iter": 100, "memory": 19775, "step": 100}
{"aAcc": 59.93, "mIoU": 40.14, "mAcc": 57.48, "avg_val_loss": 4.536661511450483, "data_time": 0.011245186938795932, "time": 0.12804397871327955, "step": 100}
{"lr": 0.002194796531020685, "data_time": 0.03400125503540039, "loss": 2.301141607761383, "decode.loss_ce": 0.36172194480895997, "decode.acc_seg": 85.29383087158203, "aux_0.loss_ce": 0.6315356284379959, "aux_0.acc_seg": 71.96077728271484, "aux_1.loss_ce": 0.585031607747078, "aux_1.acc_seg": 72.0782241821289, "aux_2.loss_ce": 0.36287816166877745, "aux_2.acc_seg": 86.99378204345703, "aux_3.loss_ce": 0.3599742352962494, "aux_3.acc_seg": 86.6070556640625, "time": 0.5109121561050415, "iter": 200, "memory": 34384, "step": 200}
{"aAcc": 74.52, "mIoU": 54.67, "mAcc": 68.2, "avg_val_loss": 4.2366014749944565, "data_time": 0.0068581131682998835, "time": 0.08946376011289399, "step": 200}
{"lr": 0.0027951967978652476, "data_time": 0.2917567491531372, "loss": 2.561184620857239, "decode.loss_ce": 0.4199163824319839, "decode.acc_seg": 76.81866455078125, "aux_0.loss_ce": 0.682214206457138, "aux_0.acc_seg": 69.35494232177734, "aux_1.loss_ce": 0.62559614777565, "aux_1.acc_seg": 70.44567108154297, "aux_2.loss_ce": 0.4219755619764328, "aux_2.acc_seg": 77.20777893066406, "aux_3.loss_ce": 0.41148234307765963, "aux_3.acc_seg": 77.84117126464844, "time": 0.5908353567123413, "iter": 300, "memory": 2917, "step": 300}
{"aAcc": 75.57, "mIoU": 54.93, "mAcc": 68.23, "avg_val_loss": 4.171622419232398, "data_time": 0.007011542375060333, "time": 0.08980803380067322, "step": 300}
{"lr": 0.0033955970647098093, "data_time": 0.010393548011779784, "loss": 2.1292357206344605, "decode.loss_ce": 0.32201288640499115, "decode.acc_seg": 86.75294494628906, "aux_0.loss_ce": 0.6072080910205842, "aux_0.acc_seg": 73.26433563232422, "aux_1.loss_ce": 0.5531067103147507, "aux_1.acc_seg": 74.355224609375, "aux_2.loss_ce": 0.322378471493721, "aux_2.acc_seg": 86.8364486694336, "aux_3.loss_ce": 0.32452957332134247, "aux_3.acc_seg": 87.21333312988281, "time": 0.6610404253005981, "iter": 400, "memory": 2917, "step": 400}
{"aAcc": 71.37, "mIoU": 51.46, "mAcc": 66.09, "avg_val_loss": 4.132654993114068, "data_time": 0.008076062147644744, "time": 0.09061710861907608, "step": 400}
{"lr": 0.003995997331554373, "data_time": 0.3065300703048706, "loss": 2.3347372174263, "decode.loss_ce": 0.3449907019734383, "decode.acc_seg": 89.03683471679688, "aux_0.loss_ce": 0.6517889410257339, "aux_0.acc_seg": 76.70255279541016, "aux_1.loss_ce": 0.6287266433238983, "aux_1.acc_seg": 76.78516387939453, "aux_2.loss_ce": 0.3637759804725647, "aux_2.acc_seg": 89.46083068847656, "aux_3.loss_ce": 0.34545492827892305, "aux_3.acc_seg": 89.60771942138672, "time": 0.5161867141723633, "iter": 500, "memory": 2917, "step": 500}
{"aAcc": 66.82, "mIoU": 48.01, "mAcc": 63.8, "avg_val_loss": 4.105014285026936, "data_time": 0.0077796612662830575, "time": 0.09245495138497188, "step": 500}
{"lr": 0.0045963975983989375, "data_time": 0.29250850677490237, "loss": 2.164502167701721, "decode.loss_ce": 0.3178421422839165, "decode.acc_seg": 89.48522186279297, "aux_0.loss_ce": 0.6133877396583557, "aux_0.acc_seg": 79.29855346679688, "aux_1.loss_ce": 0.5601603329181671, "aux_1.acc_seg": 78.94416809082031, "aux_2.loss_ce": 0.3496433287858963, "aux_2.acc_seg": 88.5687255859375, "aux_3.loss_ce": 0.3234686583280563, "aux_3.acc_seg": 88.58572387695312, "time": 0.4755778074264526, "iter": 600, "memory": 2917, "step": 600}
{"aAcc": 67.86, "mIoU": 48.44, "mAcc": 64.05, "avg_val_loss": 4.21042086950142, "data_time": 0.00797333114448635, "time": 0.0933036393132703, "step": 600}
{"lr": 0.005196797865243495, "data_time": 0.09913463592529297, "loss": 1.9803600072860719, "decode.loss_ce": 0.28648596853017805, "decode.acc_seg": 90.70349884033203, "aux_0.loss_ce": 0.5778918921947479, "aux_0.acc_seg": 82.7435531616211, "aux_1.loss_ce": 0.5148941844701767, "aux_1.acc_seg": 83.40766906738281, "aux_2.loss_ce": 0.3103968009352684, "aux_2.acc_seg": 90.81005859375, "aux_3.loss_ce": 0.2906911730766296, "aux_3.acc_seg": 90.61956024169922, "time": 0.49553604125976564, "iter": 700, "memory": 2917, "step": 700}
{"aAcc": 70.59, "mIoU": 50.64, "mAcc": 65.38, "avg_val_loss": 4.1869629899237495, "data_time": 0.007615199034241424, "time": 0.09340592636459175, "step": 700}
{"lr": 0.005797198132088056, "data_time": 0.30913963317871096, "loss": 2.0138630151748655, "decode.loss_ce": 0.29398406893014906, "decode.acc_seg": 82.45611572265625, "aux_0.loss_ce": 0.5869187533855438, "aux_0.acc_seg": 68.14160919189453, "aux_1.loss_ce": 0.5502794057130813, "aux_1.acc_seg": 71.295166015625, "aux_2.loss_ce": 0.29306190013885497, "aux_2.acc_seg": 82.80183410644531, "aux_3.loss_ce": 0.289618881046772, "aux_3.acc_seg": 82.7516098022461, "time": 0.4946109771728516, "iter": 800, "memory": 2917, "step": 800}
{"aAcc": 71.21, "mIoU": 52.39, "mAcc": 67.33, "avg_val_loss": 4.179824367900821, "data_time": 0.00831340647291863, "time": 0.09392180113956847, "step": 800}
{"lr": 0.006397598398932616, "data_time": 0.06672663688659668, "loss": 2.200809955596924, "decode.loss_ce": 0.32444738894701003, "decode.acc_seg": 83.20310974121094, "aux_0.loss_ce": 0.6250308334827424, "aux_0.acc_seg": 69.98611450195312, "aux_1.loss_ce": 0.6083272963762283, "aux_1.acc_seg": 72.46283721923828, "aux_2.loss_ce": 0.32422361373901365, "aux_2.acc_seg": 83.64299774169922, "aux_3.loss_ce": 0.3187808617949486, "aux_3.acc_seg": 83.62139129638672, "time": 0.6576508522033692, "iter": 900, "memory": 2917, "step": 900}
{"aAcc": 65.88, "mIoU": 45.98, "mAcc": 62.12, "avg_val_loss": 4.290671097822706, "data_time": 0.007479536122289197, "time": 0.09380054747921297, "step": 900}
{"lr": 0.0069979986657771765, "data_time": 0.009830856323242187, "loss": 1.9424227714538573, "decode.loss_ce": 0.29005574733018874, "decode.acc_seg": 84.89572143554688, "aux_0.loss_ce": 0.5615986078977585, "aux_0.acc_seg": 71.0237808227539, "aux_1.loss_ce": 0.5202561467885971, "aux_1.acc_seg": 72.34088897705078, "aux_2.loss_ce": 0.2831833451986313, "aux_2.acc_seg": 85.61455535888672, "aux_3.loss_ce": 0.287328939139843, "aux_3.acc_seg": 85.3584976196289, "time": 0.6664626121520996, "iter": 1000, "memory": 2917, "step": 1000}
{"aAcc": 74.94, "mIoU": 55.38, "mAcc": 68.89, "avg_val_loss": 4.315118177078273, "data_time": 0.005697891629975417, "time": 0.09069421373564622, "step": 1000}
{"lr": 0.0075983989326217465, "data_time": 0.49876668453216555, "loss": 1.9081149578094483, "decode.loss_ce": 0.2729081273078918, "decode.acc_seg": 86.45844268798828, "aux_0.loss_ce": 0.5531459957361221, "aux_0.acc_seg": 75.5201644897461, "aux_1.loss_ce": 0.5071470409631729, "aux_1.acc_seg": 79.09950256347656, "aux_2.loss_ce": 0.2924433633685112, "aux_2.acc_seg": 86.06922149658203, "aux_3.loss_ce": 0.28247041553258895, "aux_3.acc_seg": 84.82555389404297, "time": 0.6830406188964844, "iter": 1100, "memory": 2917, "step": 1100}
{"aAcc": 73.6, "mIoU": 53.78, "mAcc": 67.82, "avg_val_loss": 4.28095103751062, "data_time": 0.007239985740047762, "time": 0.09260922464831121, "step": 1100}
{"lr": 0.008198799199466306, "data_time": 0.19504661560058595, "loss": 2.0661796808242796, "decode.loss_ce": 0.2989668518304825, "decode.acc_seg": 84.9131088256836, "aux_0.loss_ce": 0.5977487802505493, "aux_0.acc_seg": 73.15227508544922, "aux_1.loss_ce": 0.5529919654130936, "aux_1.acc_seg": 72.74739074707031, "aux_2.loss_ce": 0.3136775270104408, "aux_2.acc_seg": 84.74288940429688, "aux_3.loss_ce": 0.3027945473790169, "aux_3.acc_seg": 84.42060852050781,