{"lr": 0.005040144980500798, "data_time": 0.05306496620178223, "loss": 8.352675628662109, "decode.loss_ce": 1.490726387500763, "decode.acc_seg": 51.68377685546875, "aux_0.loss_ce": 1.788893210887909, "aux_0.acc_seg": 51.18333435058594, "aux_1.loss_ce": 1.689229679107666, "aux_1.acc_seg": 52.91266632080078, "aux_2.loss_ce": 1.6057384014129639, "aux_2.acc_seg": 42.73111343383789, "aux_3.loss_ce": 1.7780879020690918, "aux_3.acc_seg": 49.952667236328125, "time": 0.13260996341705322, "iter": 100, "memory": 17408, "step": 100}
{"aAcc": 46.76, "mIoU": 8.16, "mAcc": 13.18, "val_loss": 18.010780783358793, "data_time": 0.006080988259791168, "time": 0.0936045948316291, "step": 100}
