{"lr": 0.0015930867963809803, "data_time": 0.42491135597229, "loss": 5.931593894958496, "decode.loss_ce": 0.7008849382400513, "decode.acc_seg": 75.19866943359375, "aux_0.loss_ce": 2.0724647402763368, "aux_0.acc_seg": 61.37038803100586, "aux_1.loss_ce": 1.2912460923194886, "aux_1.acc_seg": 66.910888671875, "aux_2.loss_ce": 0.9903858244419098, "aux_2.acc_seg": 64.41416931152344, "aux_3.loss_ce": 0.8766122937202454, "aux_3.acc_seg": 68.42194366455078, "time": 0.6429003238677978, "iter": 100, "memory": 19653, "step": 100}
{"aAcc": 68.25, "mIoU": 42.26, "mAcc": 57.21, "avg_val_loss": 6.05806176843699, "data_time": 0.011949522550715956, "time": 0.13353025358776713, "step": 100}
{"lr": 0.002191123271301943, "data_time": 0.1489936351776123, "loss": 4.3942711353302, "decode.loss_ce": 0.5440578907728195, "decode.acc_seg": 83.79983520507812, "aux_0.loss_ce": 1.3290534257888793, "aux_0.acc_seg": 59.49155807495117, "aux_1.loss_ce": 0.966185474395752, "aux_1.acc_seg": 67.61044311523438, "aux_2.loss_ce": 0.8018138408660889, "aux_2.acc_seg": 75.1723861694336, "aux_3.loss_ce": 0.7531605005264282, "aux_3.acc_seg": 69.40727996826172, "time": 0.6596014738082886, "iter": 200, "memory": 34223, "step": 200}
{"aAcc": 59.5, "mIoU": 31.63, "mAcc": 47.99, "avg_val_loss": 6.333196451963737, "data_time": 0.007227053587464081, "time": 0.09890660746344204, "step": 200}
{"lr": 0.0027881034698292294, "data_time": 0.4490274667739868, "loss": 4.193019509315491, "decode.loss_ce": 0.4991334527730942, "decode.acc_seg": 80.27266693115234, "aux_0.loss_ce": 1.1568176031112671, "aux_0.acc_seg": 59.16539001464844, "aux_1.loss_ce": 0.9333033442497254, "aux_1.acc_seg": 64.8741683959961, "aux_2.loss_ce": 0.8278923273086548, "aux_2.acc_seg": 65.2013931274414, "aux_3.loss_ce": 0.7758727729320526, "aux_3.acc_seg": 69.86222076416016, "time": 0.670269775390625, "iter": 300, "memory": 3352, "step": 300}
{"aAcc": 67.27, "mIoU": 43.03, "mAcc": 57.3, "avg_val_loss": 5.911339828029246, "data_time": 0.010585453318453383, "time": 0.10624925843600569, "step": 300}
{"lr": 0.0033840217450599877, "data_time": 0.02773256301879883, "loss": 3.911337685585022, "decode.loss_ce": 0.47727873623371125, "decode.acc_seg": 73.63983154296875, "aux_0.loss_ce": 1.0040533721446991, "aux_0.acc_seg": 64.84217071533203, "aux_1.loss_ce": 0.8804628670215606, "aux_1.acc_seg": 64.9993896484375, "aux_2.loss_ce": 0.8104273080825806, "aux_2.acc_seg": 64.06099700927734, "aux_3.loss_ce": 0.7391153573989868, "aux_3.acc_seg": 63.8557243347168, "time": 0.5882781267166137, "iter": 400, "memory": 3352, "step": 400}
{"aAcc": 67.57, "mIoU": 44.2, "mAcc": 58.25, "avg_val_loss": 5.674592907556839, "data_time": 0.0062667117721733005, "time": 0.10201664354609347, "step": 400}
{"lr": 0.003978874422200742, "data_time": 0.3662121057510376, "loss": 3.5713706731796266, "decode.loss_ce": 0.4285190522670746, "decode.acc_seg": 83.457275390625, "aux_0.loss_ce": 0.9549781918525696, "aux_0.acc_seg": 68.56517028808594, "aux_1.loss_ce": 0.8005580365657806, "aux_1.acc_seg": 71.88516998291016, "aux_2.loss_ce": 0.7152688086032868, "aux_2.acc_seg": 73.48271942138672, "aux_3.loss_ce": 0.6720464706420899, "aux_3.acc_seg": 78.02033233642578, "time": 0.589609169960022, "iter": 500, "memory": 3352, "step": 500}
{"aAcc": 69.48, "mIoU": 42.92, "mAcc": 57.77, "avg_val_loss": 5.5687633380380985, "data_time": 0.006134726535314801, "time": 0.1006369645568146, "step": 500}
{"lr": 0.004572658891684879, "data_time": 0.01042318344116211, "loss": 3.5387073040008543, "decode.loss_ce": 0.41875156462192537, "decode.acc_seg": 84.0961685180664, "aux_0.loss_ce": 0.9342058598995209, "aux_0.acc_seg": 60.68361282348633, "aux_1.loss_ce": 0.7946972846984863, "aux_1.acc_seg": 67.71211242675781, "aux_2.loss_ce": 0.7168240010738373, "aux_2.acc_seg": 72.81616973876953, "aux_3.loss_ce": 0.6742285549640655, "aux_3.acc_seg": 75.64683532714844, "time": 0.5434180498123169, "iter": 600, "memory": 3352, "step": 600}
{"aAcc": 65.91, "mIoU": 44.49, "mAcc": 58.21, "avg_val_loss": 5.368257517964519, "data_time": 0.006848557242031755, "time": 0.10264366796646995, "step": 600}
{"lr": 0.005165373185965325, "data_time": 0.42743966579437254, "loss": 3.7165397882461546, "decode.loss_ce": 0.431850203871727, "decode.acc_seg": 82.48755645751953, "aux_0.loss_ce": 0.975311815738678, "aux_0.acc_seg": 65.76239013671875, "aux_1.loss_ce": 0.8288727700710297, "aux_1.acc_seg": 72.47672271728516, "aux_2.loss_ce": 0.7588656365871429, "aux_2.acc_seg": 73.17588806152344, "aux_3.loss_ce": 0.7216394543647766, "aux_3.acc_seg": 76.34828186035156, "time": 0.645714521408081, "iter": 700, "memory": 3352, "step": 700}
{"aAcc": 64.06, "mIoU": 35.4, "mAcc": 51.69, "avg_val_loss": 5.354516877616159, "data_time": 0.006917860316134047, "time": 0.10271913155742075, "step": 700}
{"lr": 0.005757015754784225, "data_time": 0.009260106086730956, "loss": 3.6868444442749024, "decode.loss_ce": 0.46086759567260743, "decode.acc_seg": 85.06083679199219, "aux_0.loss_ce": 0.9775210380554199, "aux_0.acc_seg": 67.98405456542969, "aux_1.loss_ce": 0.8287524104118347, "aux_1.acc_seg": 70.74617004394531, "aux_2.loss_ce": 0.7240749061107635, "aux_2.acc_seg": 70.85900115966797, "aux_3.loss_ce": 0.6956285655498504, "aux_3.acc_seg": 71.28705596923828, "time": 0.4715439319610596, "iter": 800, "memory": 3352, "step": 800}
{"aAcc": 69.65, "mIoU": 43.15, "mAcc": 58.06, "avg_val_loss": 5.3052750361527785, "data_time": 0.006945319559382296, "time": 0.10171320520598313, "step": 800}
{"lr": 0.006347585334568276, "data_time": 0.4675916194915771, "loss": 3.4988982915878295, "decode.loss_ce": 0.39884415566921233, "decode.acc_seg": 86.61900329589844, "aux_0.loss_ce": 0.8951283514499664, "aux_0.acc_seg": 65.6747817993164, "aux_1.loss_ce": 0.8014668107032776, "aux_1.acc_seg": 68.5016098022461, "aux_2.loss_ce": 0.7200087308883667, "aux_2.acc_seg": 68.7070541381836, "aux_3.loss_ce": 0.6834502518177032, "aux_3.acc_seg": 66.35411071777344, "time": 0.6900497674942017, "iter": 900, "memory": 3352, "step": 900}
{"aAcc": 71.18, "mIoU": 45.7, "mAcc": 60.1, "avg_val_loss": 5.313303318666203, "data_time": 0.007782481182580707, "time": 0.10203797515781446, "step": 900}
{"lr": 0.0069370808672639134, "data_time": 0.35776684284210203, "loss": 3.2630755424499513, "decode.loss_ce": 0.3459138453006744, "decode.acc_seg": 85.58694458007812, "aux_0.loss_ce": 0.8851718008518219, "aux_0.acc_seg": 67.57605743408203, "aux_1.loss_ce": 0.7364863514900207, "aux_1.acc_seg": 67.3663330078125, "aux_2.loss_ce": 0.6575562119483948, "aux_2.acc_seg": 67.74510955810547, "aux_3.loss_ce": 0.6379473507404327, "aux_3.acc_seg": 68.82844543457031, "time": 0.5786148071289062, "iter": 1000, "memory": 3352, "step": 1000}
{"aAcc": 68.55, "mIoU": 43.4, "mAcc": 58.11, "avg_val_loss": 5.251029093188849, "data_time": 0.006247665690279555, "time": 0.10208652759420461, "step": 1000}
{"lr": 0.007525501447207789, "data_time": 0.2999266624450684, "loss": 3.3597267150878904, "decode.loss_ce": 0.37813796699047086, "decode.acc_seg": 79.9517822265625, "aux_0.loss_ce": 0.8898139655590057, "aux_0.acc_seg": 67.78105926513672, "aux_1.loss_ce": 0.7629256963729858, "aux_1.acc_seg": 71.2590560913086, "aux_2.loss_ce": 0.689544427394867, "aux_2.acc_seg": 76.38016510009766, "aux_3.loss_ce": 0.6393046736717224, "aux_3.acc_seg": 76.0425033569336, "time": 0.5403458118438721, "iter": 1100, "memory": 3352, "step": 1100}
{"aAcc": 69.25, "mIoU": 44.49, "mAcc": 59.14, "avg_val_loss": 5.105657888539353, "data_time": 0.007655097150254524, "time": 0.10284847500680507, "step": 1100}
{"lr": 0.008112846284874206, "data_time": 0.3334623098373413, "loss": 3.509209394454956, "decode.loss_ce": 0.39740407168865205, "decode.acc_seg": 85.8376693725586, "aux_0.loss_ce": 0.9131219565868378, "aux_0.acc_seg": 72.41161346435547, "aux_1.loss_ce": 0.7861130952835083, "aux_1.acc_seg": 72.13644409179688, "aux_2.loss_ce": 0.7271722853183746, "aux_2.acc_seg": 70.6798324584961, "aux_3.loss_ce": 0.68539799451828, "aux_3.acc_seg": 71.31222534179688, "time": 0.5554064989089966,