{"aAcc": 94.23, "mIoU": 64.68, "mAcc": 80.83, "data_time": 5.454810142837976, "time": 5.478772254522845}