{"lr": 0.005201541801877408, "data_time": 0.004140257835388184, "loss": 6.479809188842774, "decode.loss_ce": 0.9130313038825989, "decode.acc_seg": 72.6582260131836, "aux_0.loss_ce": 1.5202631115913392, "aux_0.acc_seg": 62.02177810668945, "aux_1.loss_ce": 1.4105395793914794, "aux_1.acc_seg": 61.475555419921875, "aux_2.loss_ce": 1.2967120885849, "aux_2.acc_seg": 64.9304428100586, "aux_3.loss_ce": 1.339263105392456, "aux_3.acc_seg": 56.601112365722656, "time": 0.1519580602645874, "iter": 500, "memory": 17409, "step": 500}
{"aAcc": 67.35, "mIoU": 21.47, "mAcc": 30.78, "data_time": 0.05061868458259396, "time": 0.07649400873882015, "step": 500}
{"lr": 0.005401471167152687, "data_time": 0.01622309684753418, "loss": 7.270308351516723, "decode.loss_ce": 1.032505264878273, "decode.acc_seg": 86.60488891601562, "aux_0.loss_ce": 1.6734146237373353, "aux_0.acc_seg": 67.910888671875, "aux_1.loss_ce": 1.5426659345626832, "aux_1.acc_seg": 68.11711120605469, "aux_2.loss_ce": 1.4908324122428893, "aux_2.acc_seg": 69.8042221069336, "aux_3.loss_ce": 1.5308900356292725, "aux_3.acc_seg": 66.28044891357422, "time": 0.1334373712539673, "iter": 1000, "memory": 10772, "step": 1000}
{"aAcc": 77.26, "mIoU": 27.52, "mAcc": 36.4, "data_time": 0.04769127230042393, "time": 0.0697243202079847, "step": 1000}
{"lr": 0.005599379706405267, "data_time": 0.004560661315917969, "loss": 8.461472225189208, "decode.loss_ce": 1.1798668056726456, "decode.acc_seg": 72.00711059570312, "aux_0.loss_ce": 1.9135322332382203, "aux_0.acc_seg": 32.33422088623047, "aux_1.loss_ce": 1.845961618423462, "aux_1.acc_seg": 31.497112274169922, "aux_2.loss_ce": 1.788830041885376, "aux_2.acc_seg": 33.6682243347168, "aux_3.loss_ce": 1.7332817375659944, "aux_3.acc_seg": 27.384445190429688, "time": 0.12358505725860595, "iter": 1500, "memory": 899, "step": 1500}
{"aAcc": 70.93, "mIoU": 30.56, "mAcc": 41.89, "data_time": 0.04838589441429064, "time": 0.07030168551843143, "step": 1500}
{"lr": 0.0057952649886820196, "data_time": 0.0354116678237915, "loss": 5.528571057319641, "decode.loss_ce": 0.6438329204916954, "decode.acc_seg": 92.72888946533203, "aux_0.loss_ce": 1.377360111474991, "aux_0.acc_seg": 60.50777816772461, "aux_1.loss_ce": 1.2144529223442078, "aux_1.acc_seg": 60.813777923583984, "aux_2.loss_ce": 1.1357723593711853, "aux_2.acc_seg": 62.48311233520508, "aux_3.loss_ce": 1.1571528315544128, "aux_3.acc_seg": 63.47977828979492, "time": 0.1055488109588623, "iter": 2000, "memory": 899, "step": 2000}
{"aAcc": 81.0, "mIoU": 38.13, "mAcc": 45.68, "data_time": 0.04840215085779579, "time": 0.07034790400162484, "step": 2000}
{"lr": 0.005989124626295371, "data_time": 0.04165849685668945, "loss": 5.899173784255981, "decode.loss_ce": 0.6655705571174622, "decode.acc_seg": 91.69955444335938, "aux_0.loss_ce": 1.4963919043540954, "aux_0.acc_seg": 65.70578002929688, "aux_1.loss_ce": 1.3420829892158508, "aux_1.acc_seg": 71.054443359375, "aux_2.loss_ce": 1.1963232100009917, "aux_2.acc_seg": 75.53555297851562, "aux_3.loss_ce": 1.1988051891326905, "aux_3.acc_seg": 75.02955627441406, "time": 0.11287562847137451, "iter": 2500, "memory": 899, "step": 2500}
{"aAcc": 80.16, "mIoU": 38.97, "mAcc": 48.38, "data_time": 0.05250827895784841, "time": 0.0746956265088424, "step": 2500}
{"lr": 0.00618095626868123, "data_time": 0.10597536563873292, "loss": 5.533779144287109, "decode.loss_ce": 0.6335657864809037, "decode.acc_seg": 88.98066711425781, "aux_0.loss_ce": 1.358779901266098, "aux_0.acc_seg": 69.07333374023438, "aux_1.loss_ce": 1.217713761329651, "aux_1.acc_seg": 70.70000457763672, "aux_2.loss_ce": 1.1472672641277313, "aux_2.acc_seg": 70.73066711425781, "aux_3.loss_ce": 1.1764524340629579, "aux_3.acc_seg": 70.36421966552734, "time": 0.1776569366455078, "iter": 3000, "memory": 899, "step": 3000}
{"aAcc": 80.84, "mIoU": 35.36, "mAcc": 42.94, "data_time": 0.047596115510440566, "time": 0.06968457374757933, "step": 3000}
{"lr": 0.006370757597088137, "data_time": 0.040450453758239746, "loss": 6.145212435722351, "decode.loss_ce": 0.6955089837312698, "decode.acc_seg": 45.78244400024414, "aux_0.loss_ce": 1.5691084504127502, "aux_0.acc_seg": 22.05177879333496, "aux_1.loss_ce": 1.4010472416877746, "aux_1.acc_seg": 31.420000076293945, "aux_2.loss_ce": 1.271505057811737, "aux_2.acc_seg": 30.615556716918945, "aux_3.loss_ce": 1.2080427289009095, "aux_3.acc_seg": 32.70689010620117, "time": 0.11066815853118897, "iter": 3500, "memory": 899, "step": 3500}
{"aAcc": 81.98, "mIoU": 37.27, "mAcc": 44.96, "data_time": 0.047008277143089514, "time": 0.06928253405302473, "step": 3500}
{"lr": 0.006558526319956188, "data_time": 0.06748321056365966, "loss": 6.167718982696533, "decode.loss_ce": 0.6336519449949265, "decode.acc_seg": 89.47666931152344, "aux_0.loss_ce": 1.5245782494544984, "aux_0.acc_seg": 61.965335845947266, "aux_1.loss_ce": 1.4165627181529998, "aux_1.acc_seg": 53.60444641113281, "aux_2.loss_ce": 1.3043765425682068, "aux_2.acc_seg": 62.29111099243164, "aux_3.loss_ce": 1.288549679517746, "aux_3.acc_seg": 56.34000015258789, "time": 0.1510401725769043, "iter": 4000, "memory": 899, "step": 4000}
{"aAcc": 80.19, "mIoU": 41.55, "mAcc": 51.18, "data_time": 0.047617010699892506, "time": 0.06972235846287995, "step": 4000}
{"lr": 0.006744260168871878, "data_time": 0.02375943660736084, "loss": 7.22628173828125, "decode.loss_ce": 0.8290975511074066, "decode.acc_seg": 68.5324478149414, "aux_0.loss_ce": 1.7242844462394715, "aux_0.acc_seg": 32.848445892333984, "aux_1.loss_ce": 1.6056931853294372, "aux_1.acc_seg": 43.82533264160156, "aux_2.loss_ce": 1.51358705163002, "aux_2.acc_seg": 39.83222198486328, "aux_3.loss_ce": 1.5536194682121276, "aux_3.acc_seg": 35.627777099609375, "time": 0.14273853302001954, "iter": 4500, "memory": 899, "step": 4500}
{"aAcc": 68.16, "mIoU": 30.41, "mAcc": 41.96, "data_time": 0.04662629238610129, "time": 0.06888458682495413, "step": 4500}
{"lr": 0.006927956895006671, "data_time": 0.01142711639404297, "loss": 5.827139139175415, "decode.loss_ce": 0.5875618234276772, "decode.acc_seg": 80.0088882446289, "aux_0.loss_ce": 1.4232622683048248, "aux_0.acc_seg": 53.82355499267578, "aux_1.loss_ce": 1.2716487288475036, "aux_1.acc_seg": 53.948665618896484, "aux_2.loss_ce": 1.223201459646225, "aux_2.acc_seg": 52.86044692993164, "aux_3.loss_ce": 1.3214648067951202, "aux_3.acc_seg": 54.70022201538086, "time": 0.09879453182220459, "iter": 5000, "memory": 899, "step": 5000}
{"aAcc": 80.31, "mIoU": 42.24, "mAcc": 52.46, "data_time": 0.04742356179987343, "time": 0.06966872469892779, "step": 5000}
{"lr": 0.007109614265964269, "data_time": 0.0039644956588745115, "loss": 5.80478343963623, "decode.loss_ce": 0.6420182257890701, "decode.acc_seg": 81.61311340332031, "aux_0.loss_ce": 1.4237613797187805, "aux_0.acc_seg": 61.120887756347656, "aux_1.loss_ce": 1.3138102114200592, "aux_1.acc_seg": 66.33467102050781, "aux_2.loss_ce": 1.2114390313625336, "aux_2.acc_seg": 67.78555297851562, "aux_3.loss_ce": 1.213754552602768, "aux_3.acc_seg": 67.8759994506836, "time": 0.13429975509643555, "iter": 5500, "memory": 899, "step": 5500}
{"aAcc": 69.6, "mIoU": 31.58, "mAcc": 43.12, "data_time": 0.04685237222504847, "time": 0.06881475448608398, "step": 5500}
{"lr": 0.007289230062975398, "data_time": 0.009610557556152343, "loss": 5.64804105758667, "decode.loss_ce": 0.5496306538581848, "decode.acc_seg": 87.2042236328125, "aux_0.loss_ce": 1.4167025864124299, "aux_0.acc_seg": 51.20244598388672, "aux_1.loss_ce": 1.273207461833954, "aux_1.acc_seg": 70.15755462646484, "aux_2.loss_ce": 1.1872948706150055, "aux_2.acc_seg": 74.47844696044922, "aux_3.loss_ce": 1.2212055385112763, "aux_3.acc_seg": 74.83844757080078, "time": 0.12633178234100342, "iter": 6000, "memory": 899, "step": 6000}
{"aAcc": 79.77, "mIoU": 40.94, "mAcc": 52.4, "data_time": 0.04715568232304842, "time": 0.069166001764316, "step": 6000}
{"lr": 0.007466802078388701, "data_time": 0.051837921142578125, "loss": 6.077485179901123, "decode.loss_ce": 0.6248180150985718, "decode.acc_seg": 76.62577819824219,