{"lr": 0.0015930867963809803, "data_time": 0.16182801723480225, "loss": 8.977392864227294, "decode.loss_ce": 1.5196008920669555, "decode.acc_seg": 21.540000915527344, "aux_0.loss_ce": 2.136731004714966, "aux_0.acc_seg": 19.844223022460938, "aux_1.loss_ce": 1.9137603402137757, "aux_1.acc_seg": 14.728222846984863, "aux_2.loss_ce": 1.728922474384308, "aux_2.acc_seg": 18.06422233581543, "aux_3.loss_ce": 1.6783782958984375, "aux_3.acc_seg": 20.318222045898438, "time": 0.2882974147796631, "iter": 100, "memory": 17403, "step": 100}
