{"lr": 0.006406583235954008, "data_time": 0.008554792404174805, "loss": 3.1877957582473755, "decode.loss_ce": 0.570936632156372, "decode.acc_seg": 75.3479995727539, "aux_0.loss_ce": 0.8011120676994323, "aux_0.acc_seg": 65.95738983154297, "aux_1.loss_ce": 0.662942236661911, "aux_1.acc_seg": 72.15172576904297, "aux_2.loss_ce": 0.5983515679836273, "aux_2.acc_seg": 76.4187240600586, "aux_3.loss_ce": 0.5544532299041748, "aux_3.acc_seg": 75.8919448852539, "time": 0.44139995574951174, "iter": 910, "memory": 19198, "step": 910}
{"lr": 0.009555466234936583, "data_time": 0.008925485610961913, "loss": 2.4827757239341737, "decode.loss_ce": 0.40687479376792907, "decode.acc_seg": 84.8931655883789, "aux_0.loss_ce": 0.6691752970218658, "aux_0.acc_seg": 72.707275390625, "aux_1.loss_ce": 0.5451200932264328, "aux_1.acc_seg": 78.78816986083984, "aux_2.loss_ce": 0.4572976499795914, "aux_2.acc_seg": 81.14067077636719, "aux_3.loss_ce": 0.4043079107999802, "aux_3.acc_seg": 82.35344696044922, "time": 0.45867457389831545, "iter": 5000, "memory": 2889, "step": 5000}
{"aAcc": 78.99, "mIoU": 46.03, "mAcc": 56.8, "avg_val_loss": 3.1161075689238356, "data_time": 0.004557836320665147, "time": 0.09247090604570177, "step": 5000}
{"lr": 0.009106373674004149, "data_time": 0.31189837455749514, "loss": 2.343087649345398, "decode.loss_ce": 0.366306409239769, "decode.acc_seg": 81.71316528320312, "aux_0.loss_ce": 0.6530542552471161, "aux_0.acc_seg": 72.98666381835938, "aux_1.loss_ce": 0.522888571023941, "aux_1.acc_seg": 77.61566925048828, "aux_2.loss_ce": 0.43878384232521056, "aux_2.acc_seg": 79.3304443359375, "aux_3.loss_ce": 0.3620546221733093, "aux_3.acc_seg": 82.53761291503906, "time": 0.5472813606262207, "iter": 10000, "memory": 10746, "step": 10000}
{"aAcc": 54.69, "mIoU": 28.04, "mAcc": 41.85, "avg_val_loss": 4.721903353564864, "data_time": 0.003916761563252451, "time": 0.08841171920167369, "step": 10000}
{"lr": 0.008654777854268367, "data_time": 0.01121666431427002, "loss": 2.443925380706787, "decode.loss_ce": 0.37761791944503786, "decode.acc_seg": 81.92427825927734, "aux_0.loss_ce": 0.6748268306255341, "aux_0.acc_seg": 69.9996109008789, "aux_1.loss_ce": 0.5542528033256531, "aux_1.acc_seg": 75.05572509765625, "aux_2.loss_ce": 0.4541960209608078, "aux_2.acc_seg": 81.06938934326172, "aux_3.loss_ce": 0.3830317735671997, "aux_3.acc_seg": 81.670166015625, "time": 0.46208176612854, "iter": 15000, "memory": 2889, "step": 15000}
{"aAcc": 60.01, "mIoU": 32.07, "mAcc": 45.47, "avg_val_loss": 4.842550985893586, "data_time": 0.00511877076853141, "time": 0.09863264491975704, "step": 15000}
{"lr": 0.008200516139713258, "data_time": 0.00960230827331543, "loss": 2.354024350643158, "decode.loss_ce": 0.3487775713205338, "decode.acc_seg": 88.9897232055664, "aux_0.loss_ce": 0.6764343023300171, "aux_0.acc_seg": 73.51161193847656, "aux_1.loss_ce": 0.5390762537717819, "aux_1.acc_seg": 84.02205657958984, "aux_2.loss_ce": 0.433493372797966, "aux_2.acc_seg": 86.92911529541016, "aux_3.loss_ce": 0.3562428504228592, "aux_3.acc_seg": 88.38922119140625, "time": 0.45537190437316893, "iter": 20000, "memory": 2889, "step": 20000}
{"aAcc": 46.29, "mIoU": 21.79, "mAcc": 36.33, "avg_val_loss": 5.935448448868827, "data_time": 0.004858176089707605, "time": 0.09730439228387736, "step": 20000}
{"lr": 0.007743404442460137, "data_time": 0.20444469451904296, "loss": 2.3297772288322447, "decode.loss_ce": 0.37999817430973054, "decode.acc_seg": 82.87483215332031, "aux_0.loss_ce": 0.6223709642887115, "aux_0.acc_seg": 61.30500030517578, "aux_1.loss_ce": 0.5150637149810791, "aux_1.acc_seg": 72.27027893066406, "aux_2.loss_ce": 0.4301697134971619, "aux_2.acc_seg": 78.81300354003906, "aux_3.loss_ce": 0.38217467069625854, "aux_3.acc_seg": 82.29744720458984, "time": 0.5037123441696167, "iter": 25000, "memory": 2889, "step": 25000}
{"aAcc": 75.13, "mIoU": 43.95, "mAcc": 54.97, "avg_val_loss": 5.495079411541394, "data_time": 0.005181097931449535, "time": 0.0975210830536227, "step": 25000}
{"lr": 0.007283232762750171, "data_time": 0.049957871437072754, "loss": 2.4625652194023133, "decode.loss_ce": 0.3821423202753067, "decode.acc_seg": 83.3836669921875, "aux_0.loss_ce": 0.6826698184013367, "aux_0.acc_seg": 70.89350128173828, "aux_1.loss_ce": 0.5522081464529037, "aux_1.acc_seg": 76.48210906982422, "aux_2.loss_ce": 0.4565167337656021, "aux_2.acc_seg": 81.17383575439453, "aux_3.loss_ce": 0.389028200507164, "aux_3.acc_seg": 84.11133575439453, "time": 0.48134114742279055, "iter": 30000, "memory": 2889, "step": 30000}
{"aAcc": 53.61, "mIoU": 27.42, "mAcc": 40.86, "avg_val_loss": 5.575973626144691, "data_time": 0.005049551669879922, "time": 0.09896252636370267, "step": 30000}
{"lr": 0.006819759413287659, "data_time": 0.3164976596832275, "loss": 2.2431792855262755, "decode.loss_ce": 0.34022208899259565, "decode.acc_seg": 90.96983337402344, "aux_0.loss_ce": 0.6536985665559769, "aux_0.acc_seg": 62.6440544128418, "aux_1.loss_ce": 0.5019871205091476, "aux_1.acc_seg": 77.03944396972656, "aux_2.loss_ce": 0.4065627247095108, "aux_2.acc_seg": 87.08477783203125, "aux_3.loss_ce": 0.34070883989334105, "aux_3.acc_seg": 90.73699951171875, "time": 0.5394796133041382, "iter": 35000, "memory": 2889, "step": 35000}
{"aAcc": 73.31, "mIoU": 42.12, "mAcc": 53.46, "avg_val_loss": 5.3613969205948075, "data_time": 0.005190594497646831, "time": 0.09714294061428164, "step": 35000}
{"lr": 0.006352703407289149, "data_time": 0.05215952396392822, "loss": 2.3036588788032533, "decode.loss_ce": 0.34541996717453005, "decode.acc_seg": 85.77239227294922, "aux_0.loss_ce": 0.6551436007022857, "aux_0.acc_seg": 69.87427520751953, "aux_1.loss_ce": 0.5212974607944488, "aux_1.acc_seg": 79.76477813720703, "aux_2.loss_ce": 0.4306085228919983, "aux_2.acc_seg": 83.06700134277344, "aux_3.loss_ce": 0.3511893302202225, "aux_3.acc_seg": 85.55094909667969, "time": 0.46204276084899903, "iter": 40000, "memory": 2889, "step": 40000}
{"aAcc": 45.49, "mIoU": 21.65, "mAcc": 36.11, "avg_val_loss": 5.724634024334265, "data_time": 0.004772174120477985, "time": 0.09910205462555134, "step": 40000}
{"lr": 0.005881734222075994, "data_time": 0.18557052612304686, "loss": 2.274540460109711, "decode.loss_ce": 0.3335782214999199, "decode.acc_seg": 84.89849853515625, "aux_0.loss_ce": 0.6595067143440246, "aux_0.acc_seg": 65.66783142089844, "aux_1.loss_ce": 0.5243336677551269, "aux_1.acc_seg": 73.94844818115234, "aux_2.loss_ce": 0.4200898021459579, "aux_2.acc_seg": 80.24722290039062, "aux_3.loss_ce": 0.33703200668096545, "aux_3.acc_seg": 85.25033569335938, "time": 0.44503059387207033, "iter": 45000, "memory": 2889, "step": 45000}
{"aAcc": 79.77, "mIoU": 47.39, "mAcc": 57.69, "avg_val_loss": 5.396186778681223, "data_time": 0.005036398999706869, "time": 0.09678404981439764, "step": 45000}
{"lr": 0.0054064577076796795, "data_time": 0.009865188598632812, "loss": 2.377178692817688, "decode.loss_ce": 0.345682629942894, "decode.acc_seg": 84.62755584716797, "aux_0.loss_ce": 0.7010294973850251, "aux_0.acc_seg": 73.44255828857422, "aux_1.loss_ce": 0.5443408370018006, "aux_1.acc_seg": 76.6679458618164, "aux_2.loss_ce": 0.43909729421138766, "aux_2.acc_seg": 81.18922424316406, "aux_3.loss_ce": 0.34702846854925157, "aux_3.acc_seg": 84.14561462402344, "time": 0.5216976881027222, "iter": 50000, "memory": 2889, "step": 50000}
{"aAcc": 71.93, "mIoU": 41.27, "mAcc": 52.8, "avg_val_loss": 5.170400592097982, "data_time": 0.004670381546020508, "time": 0.09718082167885521, "step": 50000}
