{"lr": 0.0015943962641761188, "data_time": 0.010724091529846191, "loss": 4.333387565612793, "decode.loss_ce": 0.5901384115219116, "decode.acc_seg": 75.01799774169922, "aux_0.loss_ce": 1.5386312484741211, "aux_0.acc_seg": 60.458221435546875, "aux_1.loss_ce": 0.92198845744133, "aux_1.acc_seg": 61.42216873168945, "aux_2.loss_ce": 0.6830314874649048, "aux_2.acc_seg": 68.53972625732422, "aux_3.loss_ce": 0.5995979130268096, "aux_3.acc_seg": 75.8808364868164, "time": 0.4803835391998291, "iter": 100, "memory": 19652, "step": 100}
{"aAcc": 50.92, "mIoU": 34.9, "mAcc": 54.2, "avg_val_loss": 5.224487713728732, "data_time": 0.010752414548119833, "time": 0.1324598151584004, "step": 100}
{"lr": 0.002194796531020685, "data_time": 0.28942232131958007, "loss": 3.2532790899276733, "decode.loss_ce": 0.4713586777448654, "decode.acc_seg": 85.41989135742188, "aux_0.loss_ce": 0.9269562661647797, "aux_0.acc_seg": 67.70394897460938, "aux_1.loss_ce": 0.7379520416259766, "aux_1.acc_seg": 60.24127960205078, "aux_2.loss_ce": 0.6023093819618225, "aux_2.acc_seg": 76.8294448852539, "aux_3.loss_ce": 0.5147027224302292, "aux_3.acc_seg": 80.36044311523438, "time": 0.5955951452255249, "iter": 200, "memory": 34222, "step": 200}
{"aAcc": 53.75, "mIoU": 37.27, "mAcc": 56.34, "avg_val_loss": 5.044901686845815, "data_time": 0.007096578334939891, "time": 0.1023336854474298, "step": 200}
{"lr": 0.0027951967978652476, "data_time": 0.41117961406707765, "loss": 3.246869659423828, "decode.loss_ce": 0.478516036272049, "decode.acc_seg": 79.8108901977539, "aux_0.loss_ce": 0.873573648929596, "aux_0.acc_seg": 55.720001220703125, "aux_1.loss_ce": 0.7431703031063079, "aux_1.acc_seg": 63.59061050415039, "aux_2.loss_ce": 0.6056039690971374, "aux_2.acc_seg": 77.69400024414062, "aux_3.loss_ce": 0.546005716919899, "aux_3.acc_seg": 77.95761108398438, "time": 0.6568344116210938, "iter": 300, "memory": 3353, "step": 300}
{"aAcc": 70.3, "mIoU": 52.23, "mAcc": 68.02, "avg_val_loss": 4.538478644851588, "data_time": 0.006703798798308976, "time": 0.1024965938480421, "step": 300}
{"lr": 0.0033955970647098093, "data_time": 0.074157452583313, "loss": 2.902367949485779, "decode.loss_ce": 0.4261544406414032, "decode.acc_seg": 85.70378112792969, "aux_0.loss_ce": 0.7861014187335968, "aux_0.acc_seg": 59.89383316040039, "aux_1.loss_ce": 0.646646898984909, "aux_1.acc_seg": 72.84638977050781, "aux_2.loss_ce": 0.5475755870342255, "aux_2.acc_seg": 79.63500213623047, "aux_3.loss_ce": 0.49588959813117983, "aux_3.acc_seg": 81.79689025878906, "time": 0.45495946407318116, "iter": 400, "memory": 3353, "step": 400}
{"aAcc": 74.61, "mIoU": 56.73, "mAcc": 70.59, "avg_val_loss": 4.220404122133701, "data_time": 0.009163629049542307, "time": 0.11846446168833766, "step": 400}
{"lr": 0.003995997331554373, "data_time": 0.291192626953125, "loss": 2.947791075706482, "decode.loss_ce": 0.42358925491571425, "decode.acc_seg": 85.04100036621094, "aux_0.loss_ce": 0.7835798025131225, "aux_0.acc_seg": 60.487667083740234, "aux_1.loss_ce": 0.6464975357055665, "aux_1.acc_seg": 72.73171997070312, "aux_2.loss_ce": 0.5634439945220947, "aux_2.acc_seg": 76.80672454833984, "aux_3.loss_ce": 0.5306805193424224, "aux_3.acc_seg": 81.0627212524414, "time": 0.5450999975204468, "iter": 500, "memory": 3353, "step": 500}
{"aAcc": 72.76, "mIoU": 55.11, "mAcc": 69.83, "avg_val_loss": 4.121954644249196, "data_time": 0.009498201567551186, "time": 0.11826265817401053, "step": 500}
{"lr": 0.0045963975983989375, "data_time": 0.30284862518310546, "loss": 3.05957236289978, "decode.loss_ce": 0.40567426681518554, "decode.acc_seg": 83.39099884033203, "aux_0.loss_ce": 0.8033980846405029, "aux_0.acc_seg": 53.00316619873047, "aux_1.loss_ce": 0.6936380088329315, "aux_1.acc_seg": 73.57133483886719, "aux_2.loss_ce": 0.6095914959907531, "aux_2.acc_seg": 76.08555603027344, "aux_3.loss_ce": 0.5472704559564591, "aux_3.acc_seg": 78.34227752685547, "time": 0.6465375900268555, "iter": 600, "memory": 3353, "step": 600}
{"aAcc": 70.66, "mIoU": 48.62, "mAcc": 63.04, "avg_val_loss": 3.9723864981421713, "data_time": 0.006797634322067787, "time": 0.10159989609115425, "step": 600}
{"lr": 0.005196797865243495, "data_time": 0.19460556507110596, "loss": 2.7231879472732543, "decode.loss_ce": 0.34552873969078063, "decode.acc_seg": 88.40361022949219, "aux_0.loss_ce": 0.7366564095020294, "aux_0.acc_seg": 47.8126106262207, "aux_1.loss_ce": 0.6346833765506744, "aux_1.acc_seg": 67.35089111328125, "aux_2.loss_ce": 0.528311088681221, "aux_2.acc_seg": 75.470947265625, "aux_3.loss_ce": 0.47800837755203246, "aux_3.acc_seg": 84.77666473388672, "time": 0.564957571029663, "iter": 700, "memory": 3353, "step": 700}
{"aAcc": 72.97, "mIoU": 55.08, "mAcc": 69.5, "avg_val_loss": 3.8740083627160025, "data_time": 0.008067402346380826, "time": 0.10343096722131488, "step": 700}
{"lr": 0.005797198132088056, "data_time": 0.029757595062255858, "loss": 2.6711843490600584, "decode.loss_ce": 0.3131311357021332, "decode.acc_seg": 88.27716827392578, "aux_0.loss_ce": 0.7443378567695618, "aux_0.acc_seg": 60.121002197265625, "aux_1.loss_ce": 0.6255394160747528, "aux_1.acc_seg": 75.97672271728516, "aux_2.loss_ce": 0.5277807503938675, "aux_2.acc_seg": 79.42827606201172, "aux_3.loss_ce": 0.4603952020406723, "aux_3.acc_seg": 81.88877868652344, "time": 0.5420676469802856, "iter": 800, "memory": 3353, "step": 800}
{"aAcc": 77.74, "mIoU": 60.12, "mAcc": 72.99, "avg_val_loss": 3.7850026952004745, "data_time": 0.007966776003782776, "time": 0.10343902686546588, "step": 800}
{"lr": 0.006397598398932616, "data_time": 0.2762961149215698, "loss": 2.5790753841400145, "decode.loss_ce": 0.3300170570611954, "decode.acc_seg": 82.33877563476562, "aux_0.loss_ce": 0.686216002702713, "aux_0.acc_seg": 71.18561553955078, "aux_1.loss_ce": 0.5942159175872803, "aux_1.acc_seg": 68.95549774169922, "aux_2.loss_ce": 0.5146379947662354, "aux_2.acc_seg": 71.49161529541016, "aux_3.loss_ce": 0.4539884328842163, "aux_3.acc_seg": 76.1441650390625, "time": 0.6089365243911743, "iter": 900, "memory": 3353, "step": 900}
{"aAcc": 74.21, "mIoU": 55.97, "mAcc": 69.75, "avg_val_loss": 3.830169956741432, "data_time": 0.008156255743969446, "time": 0.10214574857689869, "step": 900}
