{"lr": 0.0015930867963809803, "data_time": 0.009642767906188964, "loss": 6.186818599700928, "decode.loss_ce": 0.6232143461704254, "decode.acc_seg": 78.81300354003906, "aux_0.loss_ce": 2.2079761743545534, "aux_0.acc_seg": 47.712554931640625, "aux_1.loss_ce": 1.4145121335983277, "aux_1.acc_seg": 62.411556243896484, "aux_2.loss_ce": 1.0378803193569184, "aux_2.acc_seg": 63.32683563232422, "aux_3.loss_ce": 0.903235673904419, "aux_3.acc_seg": 65.61627960205078, "time": 0.5207419872283936, "iter": 100, "memory": 19647, "step": 100}
{"aAcc": 67.85, "mIoU": 42.23, "mAcc": 56.96, "avg_val_loss": 9.03066425016749, "data_time": 0.012004364368527434, "time": 0.13265695960022683, "step": 100}
{"lr": 0.002191123271301943, "data_time": 0.01245884895324707, "loss": 4.960649490356445, "decode.loss_ce": 0.5617357194423676, "decode.acc_seg": 81.0639419555664, "aux_0.loss_ce": 1.5401008248329162, "aux_0.acc_seg": 50.0434455871582, "aux_1.loss_ce": 1.1295718789100646, "aux_1.acc_seg": 56.99911117553711, "aux_2.loss_ce": 0.9120192408561707, "aux_2.acc_seg": 60.45083236694336, "aux_3.loss_ce": 0.8172218203544617, "aux_3.acc_seg": 63.56572341918945, "time": 0.5298405885696411, "iter": 200, "memory": 34205, "step": 200}
{"aAcc": 67.36, "mIoU": 43.21, "mAcc": 57.56, "avg_val_loss": 9.709610981027982, "data_time": 0.006716728210449219, "time": 0.1028696860390148, "step": 200}
{"lr": 0.0027881034698292294, "data_time": 0.23458528518676758, "loss": 4.390208387374878, "decode.loss_ce": 0.45116692781448364, "decode.acc_seg": 84.2249984741211, "aux_0.loss_ce": 1.2688412427902223, "aux_0.acc_seg": 46.88105773925781, "aux_1.loss_ce": 1.0364635109901428, "aux_1.acc_seg": 57.10794448852539, "aux_2.loss_ce": 0.8583069026470185, "aux_2.acc_seg": 64.20822143554688, "aux_3.loss_ce": 0.775429755449295, "aux_3.acc_seg": 68.8560562133789, "time": 0.6011218547821044, "iter": 300, "memory": 3337, "step": 300}
{"aAcc": 68.94, "mIoU": 43.39, "mAcc": 58.38, "avg_val_loss": 9.197913234403492, "data_time": 0.008044445651701126, "time": 0.10563265044113686, "step": 300}
{"lr": 0.0033840217450599877, "data_time": 0.01114063262939453, "loss": 4.3908010721206665, "decode.loss_ce": 0.5209011048078537, "decode.acc_seg": 81.54594421386719, "aux_0.loss_ce": 1.20486079454422, "aux_0.acc_seg": 51.932613372802734, "aux_1.loss_ce": 1.0070005655288696, "aux_1.acc_seg": 58.36688995361328, "aux_2.loss_ce": 0.8644253969192505, "aux_2.acc_seg": 66.58383178710938, "aux_3.loss_ce": 0.7936131894588471, "aux_3.acc_seg": 69.63249969482422, "time": 0.6552190065383912, "iter": 400, "memory": 3337, "step": 400}
{"aAcc": 62.96, "mIoU": 41.34, "mAcc": 55.64, "avg_val_loss": 13.645602071145822, "data_time": 0.006735527652433549, "time": 0.10281885903457115, "step": 400}
{"lr": 0.003978874422200742, "data_time": 0.24275827407836914, "loss": 4.293130230903626, "decode.loss_ce": 0.47689540684223175, "decode.acc_seg": 81.98538970947266, "aux_0.loss_ce": 1.1895161986351013, "aux_0.acc_seg": 47.1948356628418, "aux_1.loss_ce": 0.9984078049659729, "aux_1.acc_seg": 56.48222351074219, "aux_2.loss_ce": 0.846143388748169, "aux_2.acc_seg": 60.63855743408203, "aux_3.loss_ce": 0.7821673512458801, "aux_3.acc_seg": 61.42778015136719, "time": 0.5930557012557983, "iter": 500, "memory": 3337, "step": 500}
{"aAcc": 60.93, "mIoU": 39.15, "mAcc": 52.58, "avg_val_loss": 14.486316855121078, "data_time": 0.00680326867377621, "time": 0.10336895372675753, "step": 500}
{"lr": 0.004572658891684879, "data_time": 0.16531088352203369, "loss": 4.187595057487488, "decode.loss_ce": 0.43769867718219757, "decode.acc_seg": 86.24944305419922, "aux_0.loss_ce": 1.1838127017021178, "aux_0.acc_seg": 57.66461181640625, "aux_1.loss_ce": 0.9724362313747406, "aux_1.acc_seg": 62.30588912963867, "aux_2.loss_ce": 0.8309057533740998, "aux_2.acc_seg": 70.58927917480469, "aux_3.loss_ce": 0.7627417981624603, "aux_3.acc_seg": 69.71355438232422, "time": 0.6445544719696045, "iter": 600, "memory": 3337, "step": 600}
{"aAcc": 64.54, "mIoU": 42.36, "mAcc": 55.99, "avg_val_loss": 18.508703907592253, "data_time": 0.007657955432760304, "time": 0.10442570982308223, "step": 600}
{"lr": 0.005165373185965325, "data_time": 0.3503932237625122, "loss": 4.1047362089157104, "decode.loss_ce": 0.4361918181180954, "decode.acc_seg": 84.42122650146484, "aux_0.loss_ce": 1.159085476398468, "aux_0.acc_seg": 57.05927658081055, "aux_1.loss_ce": 0.9476774752140045, "aux_1.acc_seg": 67.17094421386719, "aux_2.loss_ce": 0.8146807432174683, "aux_2.acc_seg": 75.14961242675781, "aux_3.loss_ce": 0.7471007168292999, "aux_3.acc_seg": 76.06138610839844, "time": 0.6829257726669311, "iter": 700, "memory": 3337, "step": 700}
{"aAcc": 58.18, "mIoU": 36.56, "mAcc": 52.48, "avg_val_loss": 18.61395424723924, "data_time": 0.007627895508689442, "time": 0.10512259636802235, "step": 700}
{"lr": 0.005757015754784225, "data_time": 0.3541757106781006, "loss": 3.763055372238159, "decode.loss_ce": 0.37810284793376925, "decode.acc_seg": 86.31639099121094, "aux_0.loss_ce": 1.0911239743232728, "aux_0.acc_seg": 57.3111686706543, "aux_1.loss_ce": 0.8670721352100372, "aux_1.acc_seg": 68.73411560058594, "aux_2.loss_ce": 0.7296428322792053, "aux_2.acc_seg": 72.63139343261719, "aux_3.loss_ce": 0.6971135318279267, "aux_3.acc_seg": 74.03299713134766, "time": 0.5776962757110595, "iter": 800, "memory": 3337, "step": 800}
{"aAcc": 65.25, "mIoU": 42.41, "mAcc": 56.49, "avg_val_loss": 18.73063079180599, "data_time": 0.0059845776393495755, "time": 0.10218389554955494, "step": 800}
{"lr": 0.006347585334568276, "data_time": 0.25062899589538573, "loss": 3.885113787651062, "decode.loss_ce": 0.3897477567195892, "decode.acc_seg": 78.58577728271484, "aux_0.loss_ce": 1.1288740456104278, "aux_0.acc_seg": 53.70872116088867, "aux_1.loss_ce": 0.9256170392036438, "aux_1.acc_seg": 62.143890380859375, "aux_2.loss_ce": 0.7642115473747253, "aux_2.acc_seg": 64.76305389404297, "aux_3.loss_ce": 0.6766634225845337, "aux_3.acc_seg": 66.42627716064453, "time": 0.5888505697250366, "iter": 900, "memory": 3337, "step": 900}
{"aAcc": 66.97, "mIoU": 42.75, "mAcc": 57.02, "avg_val_loss": 19.60073423337208, "data_time": 0.006947309121318247, "time": 0.10445494213323483, "step": 900}
{"lr": 0.0069370808672639134, "data_time": 0.25325760841369627, "loss": 4.023963713645935, "decode.loss_ce": 0.41532963812351226, "decode.acc_seg": 85.89717102050781, "aux_0.loss_ce": 1.1308629214763641, "aux_0.acc_seg": 47.3935546875, "aux_1.loss_ce": 0.9348933637142182, "aux_1.acc_seg": 55.36405563354492, "aux_2.loss_ce": 0.8160120368003845, "aux_2.acc_seg": 64.42411041259766, "aux_3.loss_ce": 0.7268657982349396, "aux_3.acc_seg": 66.5726089477539, "time": 0.5478531122207642, "iter": 1000, "memory": 3337, "step": 1000}
{"aAcc": 64.22, "mIoU": 42.36, "mAcc": 56.0, "avg_val_loss": 20.604590208906878, "data_time": 0.007313193946049131, "time": 0.10420148400054581, "step": 1000}
{"lr": 0.007525501447207789, "data_time": 0.00921647548675537, "loss": 4.051904845237732, "decode.loss_ce": 0.4292647272348404, "decode.acc_seg": 85.69300079345703, "aux_0.loss_ce": 1.1472580671310424, "aux_0.acc_seg": 52.53200149536133, "aux_1.loss_ce": 0.9589066445827484, "aux_1.acc_seg": 63.000335693359375, "aux_2.loss_ce": 0.7996543407440185, "aux_2.acc_seg": 69.19972229003906, "aux_3.loss_ce": 0.7168210327625275, "aux_3.acc_seg": 71.19844818115234, "time": 0.5393024206161499, "iter": 1100, "memory": 3337, "step": 1100}
{"aAcc": 62.02, "mIoU": 42.25, "mAcc": 57.15, "avg_val_loss": 21.52841591198891, "data_time": 0.0072398898245274335, "time": 0.10491280720151704, "step": 1100}
{"lr": 0.008112846284874206, "data_time": 0.02768402099609375, "loss": 4.168464922904969, "decode.loss_ce": 0.40952094197273253, "decode.acc_seg": 86.43766784667969, "aux_0.loss_ce": 1.1450428366661072, "aux_0.acc_seg": 50.686946868896484, "aux_1.loss_ce": 0.976978600025177, "aux_1.acc_seg": 61.73755645751953, "aux_2.loss_ce": 0.8594510972499847, "aux_2.acc_seg": 60.092166900634766, "aux_3.loss_ce": 0.7774714410305024,