{"lr": 0.0050220502205022026, "data_time": 0.0031720399856567383, "loss": 9.95452527999878, "decode.loss_ce": 1.9300397634506226, "decode.acc_seg": 33.230220794677734, "aux_0.loss_ce": 2.3819891929626467, "aux_0.acc_seg": 58.87155532836914, "aux_1.loss_ce": 1.9550317049026489, "aux_1.acc_seg": 47.582889556884766, "aux_2.loss_ce": 1.7799906253814697, "aux_2.acc_seg": 43.81355667114258, "aux_3.loss_ce": 1.9074740767478944, "aux_3.acc_seg": 16.17155647277832, "time": 0.10508637428283692, "iter": 50, "memory": 17408, "step": 50}
{"aAcc": 41.61, "mIoU": 6.98, "mAcc": 13.75, "val_loss": 10.743198719918002, "data_time": 0.005830175975233389, "time": 0.360774982294607, "step": 50}
{"lr": 0.00504455044550445, "data_time": 0.011980390548706055, "loss": 8.543331050872803, "decode.loss_ce": 1.5742568731307984, "decode.acc_seg": 67.6953353881836, "aux_0.loss_ce": 2.0146145105361937, "aux_0.acc_seg": 62.71800231933594, "aux_1.loss_ce": 1.7184771180152894, "aux_1.acc_seg": 64.41422271728516, "aux_2.loss_ce": 1.5458689212799073, "aux_2.acc_seg": 63.46200180053711, "aux_3.loss_ce": 1.690113651752472, "aux_3.acc_seg": 60.608890533447266, "time": 0.16417434215545654, "iter": 100, "memory": 901, "step": 100}
{"aAcc": 42.6, "mIoU": 8.81, "mAcc": 15.33, "val_loss": 11.099725352912923, "data_time": 0.005015782360891694, "time": 0.35636552676413824, "step": 100}
{"lr": 0.005067050670506697, "data_time": 0.023316383361816406, "loss": 7.312098550796509, "decode.loss_ce": 1.400675618648529, "decode.acc_seg": 53.44933319091797, "aux_0.loss_ce": 1.6836877584457397, "aux_0.acc_seg": 66.30155944824219, "aux_1.loss_ce": 1.4496826112270356, "aux_1.acc_seg": 68.7957763671875, "aux_2.loss_ce": 1.3489553868770598, "aux_2.acc_seg": 67.28133392333984, "aux_3.loss_ce": 1.4290971457958221, "aux_3.acc_seg": 65.38688659667969, "time": 0.13824155330657958, "iter": 150, "memory": 901, "step": 150}
{"aAcc": 30.05, "mIoU": 5.87, "mAcc": 13.31, "val_loss": 11.062441094489186, "data_time": 0.005100214944302457, "time": 0.36999382613932047, "step": 150}
{"lr": 0.005089550895508947, "data_time": 0.018041825294494628, "loss": 6.951669025421142, "decode.loss_ce": 1.1847140610218048, "decode.acc_seg": 38.874000549316406, "aux_0.loss_ce": 1.7164716005325318, "aux_0.acc_seg": 26.615556716918945, "aux_1.loss_ce": 1.4224884629249572, "aux_1.acc_seg": 30.635334014892578, "aux_2.loss_ce": 1.3108888268470764, "aux_2.acc_seg": 31.100889205932617, "aux_3.loss_ce": 1.3171061098575592, "aux_3.acc_seg": 33.55377960205078, "time": 0.15790553092956544, "iter": 200, "memory": 901, "step": 200}
