{"lr": 0.005040144980500798, "data_time": 0.07262322902679444, "loss": 8.901136207580567, "decode.loss_ce": 1.660984492301941, "decode.acc_seg": 50.63155746459961, "aux_0.loss_ce": 2.067979598045349, "aux_0.acc_seg": 38.27644348144531, "aux_1.loss_ce": 1.8045490026473998, "aux_1.acc_seg": 42.33311080932617, "aux_2.loss_ce": 1.6289931178092956, "aux_2.acc_seg": 46.39177703857422, "aux_3.loss_ce": 1.7386298298835754, "aux_3.acc_seg": 34.06822204589844, "time": 0.1535588264465332, "iter": 100, "memory": 17408, "step": 100}
{"aAcc": 63.27, "mIoU": 12.62, "mAcc": 17.8, "val_loss": 6.82584219158204, "data_time": 0.006051709762164856, "time": 0.09168443540587043, "step": 100}
{"lr": 0.005080615216132712, "data_time": 0.0829312562942505, "loss": 8.401100873947144, "decode.loss_ce": 1.4765506446361543, "decode.acc_seg": 39.799110412597656, "aux_0.loss_ce": 1.8293844759464264, "aux_0.acc_seg": 35.39066696166992, "aux_1.loss_ce": 1.686252051591873, "aux_1.acc_seg": 38.30933380126953, "aux_2.loss_ce": 1.6197179973125457, "aux_2.acc_seg": 39.298221588134766, "aux_3.loss_ce": 1.7891956686973571, "aux_3.acc_seg": 38.70600128173828, "time": 0.19880290031433107, "iter": 200, "memory": 901, "step": 200}
{"aAcc": 19.5, "mIoU": 4.33, "mAcc": 14.8, "val_loss": 10.368626043018994, "data_time": 0.005394605178277469, "time": 0.09051848673126073, "step": 200}
{"lr": 0.005121004778430786, "data_time": 0.0034962892532348633, "loss": 7.6566907405853275, "decode.loss_ce": 1.2781074285507201, "decode.acc_seg": 78.46133422851562, "aux_0.loss_ce": 1.7706181168556214, "aux_0.acc_seg": 75.63066864013672, "aux_1.loss_ce": 1.5928709030151367, "aux_1.acc_seg": 77.4217758178711, "aux_2.loss_ce": 1.507744812965393, "aux_2.acc_seg": 76.2762222290039, "aux_3.loss_ce": 1.5073493599891663, "aux_3.acc_seg": 61.11866760253906, "time": 0.14727675914764404, "iter": 300, "memory": 901, "step": 300}
{"aAcc": 51.49, "mIoU": 15.26, "mAcc": 25.43, "val_loss": 9.284325165655185, "data_time": 0.005260328644687689, "time": 0.09135399165662747, "step": 300}
{"lr": 0.00516131364708311, "data_time": 0.09414896965026856, "loss": 7.660525941848755, "decode.loss_ce": 1.3071291267871856, "decode.acc_seg": 24.436445236206055, "aux_0.loss_ce": 1.6771066665649415, "aux_0.acc_seg": 38.90399932861328, "aux_1.loss_ce": 1.5596985816955566, "aux_1.acc_seg": 35.15044403076172, "aux_2.loss_ce": 1.5153243124485016, "aux_2.acc_seg": 39.2597770690918, "aux_3.loss_ce": 1.6012674808502196, "aux_3.acc_seg": 26.601110458374023, "time": 0.1765352725982666, "iter": 400, "memory": 901, "step": 400}
{"aAcc": 61.08, "mIoU": 19.13, "mAcc": 28.36, "val_loss": 8.423349152783095, "data_time": 0.005045622876546915, "time": 0.09245440045606743, "step": 400}
{"lr": 0.005201541801877408, "data_time": 0.08809065818786621, "loss": 6.168459367752075, "decode.loss_ce": 0.9650273621082306, "decode.acc_seg": 70.92222595214844, "aux_0.loss_ce": 1.4451495885849, "aux_0.acc_seg": 60.55022430419922, "aux_1.loss_ce": 1.3404597043991089, "aux_1.acc_seg": 62.596221923828125, "aux_2.loss_ce": 1.1890151083469391, "aux_2.acc_seg": 66.98377990722656, "aux_3.loss_ce": 1.2288076102733612, "aux_3.acc_seg": 70.58755493164062, "time": 0.1692455768585205, "iter": 500, "memory": 901, "step": 500}
{"aAcc": 71.91, "mIoU": 23.76, "mAcc": 31.54, "val_loss": 7.759853701179125, "data_time": 0.005212708005627382, "time": 0.09213386635178501, "step": 500}
{"lr": 0.005241689222698065, "data_time": 0.056212759017944335, "loss": 8.189833450317384, "decode.loss_ce": 1.3837251901626586, "decode.acc_seg": 59.77199935913086, "aux_0.loss_ce": 1.8231526374816895, "aux_0.acc_seg": 63.65999984741211, "aux_1.loss_ce": 1.6907262682914734, "aux_1.acc_seg": 52.70000076293945, "aux_2.loss_ce": 1.600825035572052, "aux_2.acc_seg": 56.03466796875, "aux_3.loss_ce": 1.6914045333862304, "aux_3.acc_seg": 31.489778518676758, "time": 0.13885364532470704, "iter": 600, "memory": 901, "step": 600}
{"aAcc": 63.02, "mIoU": 21.4, "mAcc": 31.33, "val_loss": 7.36382485485106, "data_time": 0.005606813916882265, "time": 0.09273935348084829, "step": 600}
{"lr": 0.005281755889523201, "data_time": 0.004363751411437989, "loss": 6.534693241119385, "decode.loss_ce": 1.1140554606914521, "decode.acc_seg": 46.03644561767578, "aux_0.loss_ce": 1.4919296860694886, "aux_0.acc_seg": 32.71799850463867, "aux_1.loss_ce": 1.367956268787384, "aux_1.acc_seg": 37.07755661010742, "aux_2.loss_ce": 1.2721293807029723, "aux_2.acc_seg": 44.82088851928711, "aux_3.loss_ce": 1.2886224925518035, "aux_3.acc_seg": 44.44822311401367, "time": 0.14692039489746095, "iter": 700, "memory": 901, "step": 700}
{"aAcc": 58.95, "mIoU": 17.69, "mAcc": 26.57, "val_loss": 7.145820047236411, "data_time": 0.00533994887639018, "time": 0.0931762312222453, "step": 700}
{"lr": 0.005321741782421746, "data_time": 0.01994152069091797, "loss": 7.154218482971191, "decode.loss_ce": 1.1159371495246888, "decode.acc_seg": 65.8477783203125, "aux_0.loss_ce": 1.5827728629112243, "aux_0.acc_seg": 62.79800033569336, "aux_1.loss_ce": 1.5022083640098571, "aux_1.acc_seg": 62.93511199951172, "aux_2.loss_ce": 1.4363409996032714, "aux_2.acc_seg": 61.56422424316406, "aux_3.loss_ce": 1.5169591844081878, "aux_3.acc_seg": 53.554443359375, "time": 0.1293335437774658, "iter": 800, "memory": 901, "step": 800}
{"aAcc": 67.41, "mIoU": 23.16, "mAcc": 31.36, "val_loss": 6.941161512883877, "data_time": 0.0056080615636214465, "time": 0.09372649377989538, "step": 800}
{"lr": 0.005361646881550746, "data_time": 0.08137717247009277, "loss": 6.655993175506592, "decode.loss_ce": 1.07593714594841, "decode.acc_seg": 67.79177856445312, "aux_0.loss_ce": 1.5134339332580566, "aux_0.acc_seg": 48.67000198364258, "aux_1.loss_ce": 1.3700323224067688, "aux_1.acc_seg": 50.46955490112305, "aux_2.loss_ce": 1.276246815919876, "aux_2.acc_seg": 52.4542236328125, "aux_3.loss_ce": 1.4203430593013764, "aux_3.acc_seg": 52.3402214050293, "time": 0.17310893535614014, "iter": 900, "memory": 901, "step": 900}
{"aAcc": 60.91, "mIoU": 19.85, "mAcc": 30.49, "val_loss": 6.799453172475273, "data_time": 0.005108314231761451, "time": 0.09249787481085768, "step": 900}
{"lr": 0.005401471167152687, "data_time": 0.004193854331970215, "loss": 6.454527139663696, "decode.loss_ce": 0.9707501888275146, "decode.acc_seg": 79.92400360107422, "aux_0.loss_ce": 1.515498733520508, "aux_0.acc_seg": 74.6259994506836, "aux_1.loss_ce": 1.3571739375591279, "aux_1.acc_seg": 72.97622680664062, "aux_2.loss_ce": 1.2217416226863862, "aux_2.acc_seg": 74.02733612060547, "aux_3.loss_ce": 1.3893626987934113, "aux_3.acc_seg": 64.83799743652344, "time": 0.11594791412353515, "iter": 1000, "memory": 901, "step": 1000}
{"aAcc": 73.28, "mIoU": 25.12, "mAcc": 33.32, "val_loss": 6.631386712440329, "data_time": 0.005259580403855703, "time": 0.09229053571386245, "step": 1000}
{"lr": 0.0054412146195529035, "data_time": 0.09356446266174316, "loss": 7.097953224182129, "decode.loss_ce": 1.0922102153301239, "decode.acc_seg": 61.082889556884766, "aux_0.loss_ce": 1.6367905020713807, "aux_0.acc_seg": 54.49311065673828, "aux_1.loss_ce": 1.4684959292411803, "aux_1.acc_seg": 53.26555633544922, "aux_2.loss_ce": 1.3999786615371703, "aux_2.acc_seg": 50.84422302246094, "aux_3.loss_ce": 1.5004778385162354, "aux_3.acc_seg": 54.057777404785156, "time": 0.18691928386688234, "iter": 1100, "memory": 901, "step": 1100}
{"aAcc": 63.4, "mIoU": 24.75, "mAcc": 33.1, "val_loss": 6.549161209864826, "data_time": 0.005055850570641675, "time": 0.09280985478058602, "step": 1100}
{"lr": 0.005480877219157078, "data_time": 0.053424072265625, "loss": 7.131993389129638, "decode.loss_ce": 1.1267259299755097, "decode.acc_seg": 48.323333740234375, "aux_0.loss_ce": 1.6045938372611999, "aux_0.acc_seg": 28.706890106201172, "aux_1.loss_ce": 1.4983037889003754, "aux_1.acc_seg": 27.673555374145508, "aux_2.loss_ce": 1.4415865659713745, "aux_2.acc_seg": 34.96111297607422, "aux_3.loss_ce": 1.4607832849025726, "aux_3.acc_seg": 41.69244384765625, "time": 0.139015531539917, "iter": 1200, "memory": 901,