{"lr": 0.005935048249219757, "data_time": 0.051353621482849124, "loss": 6.416496992111206, "decode.loss_ce": 0.8536006271839142, "decode.acc_seg": 58.40444564819336, "aux_0.loss_ce": 1.5457036256790162, "aux_0.acc_seg": 36.84555435180664, "aux_1.loss_ce": 1.4180448651313782, "aux_1.acc_seg": 42.93422317504883, "aux_2.loss_ce": 1.2757243812084198, "aux_2.acc_seg": 48.75777816772461, "aux_3.loss_ce": 1.3234233856201172, "aux_3.acc_seg": 45.5704460144043, "time": 0.15112683773040772, "iter": 2360, "memory": 17408, "step": 2360}
{"lr": 0.012579920325783582, "data_time": 0.044232749938964845, "loss": 4.743824577331543, "decode.loss_ce": 0.46374387145042417, "decode.acc_seg": 87.66000366210938, "aux_0.loss_ce": 1.5040530562400818, "aux_0.acc_seg": 50.84044647216797, "aux_1.loss_ce": 1.077095627784729, "aux_1.acc_seg": 60.04066848754883, "aux_2.loss_ce": 0.8917253911495209, "aux_2.acc_seg": 75.24311065673828, "aux_3.loss_ce": 0.8072065532207489, "aux_3.acc_seg": 82.35533142089844, "time": 0.12658917903900146, "iter": 25000, "memory": 901, "step": 25000}
{"aAcc": 74.78, "mIoU": 46.74, "mAcc": 59.61, "val_loss": 6.932402869979153, "data_time": 0.005542743525075796, "time": 0.09828901812978035, "step": 25000}
{"lr": 0.014818238257484585, "data_time": 0.028897905349731447, "loss": 3.914319634437561, "decode.loss_ce": 0.3651273399591446, "decode.acc_seg": 85.97577667236328, "aux_0.loss_ce": 1.233857160806656, "aux_0.acc_seg": 48.81800079345703, "aux_1.loss_ce": 0.9226422011852264, "aux_1.acc_seg": 54.012001037597656, "aux_2.loss_ce": 0.7444981396198272, "aux_2.acc_seg": 62.03244400024414, "aux_3.loss_ce": 0.6481948852539062, "aux_3.acc_seg": 70.5975570678711, "time": 0.1349076509475708, "iter": 50000, "memory": 33493, "step": 50000}
{"aAcc": 80.76, "mIoU": 49.62, "mAcc": 61.6, "val_loss": 6.843695256473376, "data_time": 0.005084879190019033, "time": 0.09053584846478065, "step": 50000}
{"lr": 0.011242343634280236, "data_time": 0.0038075685501098634, "loss": 3.9708055019378663, "decode.loss_ce": 0.35236417651176455, "decode.acc_seg": 88.10289001464844, "aux_0.loss_ce": 1.3552098155021668, "aux_0.acc_seg": 72.51911163330078, "aux_1.loss_ce": 0.927278208732605, "aux_1.acc_seg": 75.84600067138672, "aux_2.loss_ce": 0.7267359375953675, "aux_2.acc_seg": 79.75511169433594, "aux_3.loss_ce": 0.6092173516750335, "aux_3.acc_seg": 80.10133361816406, "time": 0.14381680488586426, "iter": 75000, "memory": 901, "step": 75000}
{"aAcc": 86.25, "mIoU": 52.49, "mAcc": 62.79, "val_loss": 7.170415606650695, "data_time": 0.0048344847068045906, "time": 0.09120013470788604, "step": 75000}
{"lr": 0.0001, "data_time": 0.0036603212356567383, "loss": 3.2612686157226562, "decode.loss_ce": 0.22891280092298985, "decode.acc_seg": 85.53800201416016, "aux_0.loss_ce": 1.226059466600418, "aux_0.acc_seg": 35.31044387817383, "aux_1.loss_ce": 0.8275746881961823, "aux_1.acc_seg": 52.5271110534668, "aux_2.loss_ce": 0.5489661365747451, "aux_2.acc_seg": 74.86244201660156, "aux_3.loss_ce": 0.429755425453186, "aux_3.acc_seg": 79.81666564941406, "time": 0.16029584407806396, "iter": 100000, "memory": 901, "step": 100000}
{"aAcc": 90.95, "mIoU": 63.23, "mAcc": 73.22, "val_loss": 6.623858416801258, "data_time": 0.004809971573283371, "time": 0.09030525198260557, "step": 100000}
{"lr": 0.0001, "data_time": 0.005011153221130371, "loss": 3.281585717201233, "decode.loss_ce": 0.2878405570983887, "decode.acc_seg": 86.04844665527344, "aux_0.loss_ce": 1.0673664510250092, "aux_0.acc_seg": 69.62422180175781, "aux_1.loss_ce": 0.7606627374887467, "aux_1.acc_seg": 74.00267028808594, "aux_2.loss_ce": 0.6197135329246521, "aux_2.acc_seg": 77.32666778564453, "aux_3.loss_ce": 0.5460024654865265, "aux_3.acc_seg": 77.77777862548828, "time": 0.13135781288146972, "iter": 125000, "memory": 901, "step": 125000}
{"aAcc": 90.48, "mIoU": 60.91, "mAcc": 70.75, "val_loss": 6.230985712915223, "data_time": 0.004665607966265632, "time": 0.08988413938040872, "step": 125000}
{"lr": 0.0001, "data_time": 0.0377103328704834, "loss": 3.762480640411377, "decode.loss_ce": 0.2601112961769104, "decode.acc_seg": 93.71955871582031, "aux_0.loss_ce": 1.3340188086032867, "aux_0.acc_seg": 70.09222412109375, "aux_1.loss_ce": 1.0309810101985932, "aux_1.acc_seg": 78.85955810546875, "aux_2.loss_ce": 0.6651426136493683, "aux_2.acc_seg": 83.6893310546875, "aux_3.loss_ce": 0.4722269386053085, "aux_3.acc_seg": 84.29066467285156, "time": 0.14539380073547364, "iter": 150000, "memory": 901, "step": 150000}
{"aAcc": 90.84, "mIoU": 63.0, "mAcc": 72.76, "val_loss": 5.983914370948416, "data_time": 0.004559255919410187, "time": 0.09053265643351287, "step": 150000}
{"lr": 0.0001, "data_time": 0.07899746894836426, "loss": 3.7115806579589843, "decode.loss_ce": 0.2612703964114189, "decode.acc_seg": 89.19844818115234, "aux_0.loss_ce": 1.3319596529006958, "aux_0.acc_seg": 51.52288818359375, "aux_1.loss_ce": 0.9853395521640778, "aux_1.acc_seg": 69.74066925048828, "aux_2.loss_ce": 0.6616401165723801, "aux_2.acc_seg": 82.46155548095703, "aux_3.loss_ce": 0.47137108743190764, "aux_3.acc_seg": 84.7737808227539, "time": 0.16471033096313475, "iter": 175000, "memory": 901, "step": 175000}
{"aAcc": 89.03, "mIoU": 59.52, "mAcc": 69.49, "val_loss": 5.946328145739165, "data_time": 0.004816907702140437, "time": 0.09024251086040608, "step": 175000}
{"lr": 0.0001, "data_time": 0.054003334045410155, "loss": 3.6593326330184937, "decode.loss_ce": 0.27292991429567337, "decode.acc_seg": 88.93733215332031, "aux_0.loss_ce": 1.3697032928466797, "aux_0.acc_seg": 59.31822204589844, "aux_1.loss_ce": 0.9251984536647797, "aux_1.acc_seg": 68.36222076416016, "aux_2.loss_ce": 0.6250304490327835, "aux_2.acc_seg": 73.70111083984375, "aux_3.loss_ce": 0.4664705336093903, "aux_3.acc_seg": 74.38733673095703, "time": 0.14576935768127441, "iter": 200000, "memory": 901, "step": 200000}
{"aAcc": 90.91, "mIoU": 64.29, "mAcc": 73.91, "val_loss": 5.772464472985396, "data_time": 0.004858337559746307, "time": 0.09064333936543141, "step": 200000}
{"lr": 0.0001, "data_time": 0.0602165699005127, "loss": 3.238262641429901, "decode.loss_ce": 0.22440990507602693, "decode.acc_seg": 91.51333618164062, "aux_0.loss_ce": 1.3543030858039855, "aux_0.acc_seg": 16.225778579711914, "aux_1.loss_ce": 0.8189083307981491, "aux_1.acc_seg": 51.15822219848633, "aux_2.loss_ce": 0.49008976519107816, "aux_2.acc_seg": 81.38933563232422, "aux_3.loss_ce": 0.35055153965950014, "aux_3.acc_seg": 86.33822631835938, "time": 0.1482996940612793, "iter": 225000, "memory": 901, "step": 225000}
{"aAcc": 91.3, "mIoU": 67.52, "mAcc": 76.87, "val_loss": 5.654120177791856, "data_time": 0.004757603974018282, "time": 0.09005253060350141, "step": 225000}
{"lr": 0.0001, "data_time": 0.0045506000518798825, "loss": 3.492141056060791, "decode.loss_ce": 0.28976635336875917, "decode.acc_seg": 88.09867095947266, "aux_0.loss_ce": 1.194638180732727, "aux_0.acc_seg": 49.94511032104492, "aux_1.loss_ce": 0.8532411515712738, "aux_1.acc_seg": 62.13844680786133, "aux_2.loss_ce": 0.6289432108402252, "aux_2.acc_seg": 75.38666534423828, "aux_3.loss_ce": 0.5255520969629288, "aux_3.acc_seg": 76.5893325805664, "time": 0.11977958679199219, "iter": 250000, "memory": 901, "step": 250000}
{"aAcc": 90.79, "mIoU": 64.02, "mAcc": 74.22, "val_loss": 5.637322949187491, "data_time": 0.004511811779540719, "time": 0.08981278914849734, "step": 250000}
{"lr": 0.0001, "data_time": 0.07571210861206054, "loss": 3.700032138824463, "decode.loss_ce": 0.28836762383580206, "decode.acc_seg": 92.99177551269531, "aux_0.loss_ce": 1.443695318698883, "aux_0.acc_seg": 42.978668212890625, "aux_1.loss_ce": 0.9181831806898118, "aux_1.acc_seg": 73.85222625732422, "aux_2.loss_ce": 0.6007601976394653, "aux_2.acc_seg": 84.77955627441406, "aux_3.loss_ce": 0.4490258261561394, "aux_3.acc_seg": 88.7020034790039, "time": 0.16413733959197999, "iter": 275000, "memory": 901, "step": 275000}
{"aAcc": 90.11, "mIoU": 64.89, "mAcc": 74.85, "val_loss": 5.544219821710116, "data_time": 0.004635177769707245, "time": 0.08991743638677505,