{"lr": 0.005201541801877408, "data_time": 0.014389872550964355, "loss": 6.82270359992981, "decode.loss_ce": 0.9248349845409394, "decode.acc_seg": 86.47978210449219, "aux_0.loss_ce": 1.561413621902466, "aux_0.acc_seg": 67.0235595703125, "aux_1.loss_ce": 1.4719799280166626, "aux_1.acc_seg": 69.30066680908203, "aux_2.loss_ce": 1.3792378902435303, "aux_2.acc_seg": 68.8499984741211, "aux_3.loss_ce": 1.4852370262145995, "aux_3.acc_seg": 57.405555725097656, "time": 0.13188719749450684, "iter": 500, "memory": 17409, "step": 500}
