{"lr": 0.0007971981320880594, "data_time": 0.36471655368804934, "loss": 5.640885829925537, "decode.loss_ce": 0.7179538249969483, "decode.acc_seg": 66.11333465576172, "aux_0.loss_ce": 1.9610786437988281, "aux_0.acc_seg": 66.88127899169922, "aux_1.loss_ce": 1.4190536141395569, "aux_1.acc_seg": 66.88961029052734, "aux_2.loss_ce": 0.8352439403533936, "aux_2.acc_seg": 70.11322021484375, "aux_3.loss_ce": 0.707555627822876, "aux_3.acc_seg": 66.92444610595703, "time": 0.5934038877487182, "iter": 100, "memory": 19707, "step": 100}
{"aAcc": 49.05, "mIoU": 33.72, "mAcc": 53.53, "avg_val_loss": 6.064898134323588, "data_time": 0.011925944062166436, "time": 0.13965346924094266, "step": 100}
