{"lr": 0.0015930867963809803, "data_time": 0.012122821807861329, "loss": 10.14317626953125, "decode.loss_ce": 1.6664552807807922, "decode.acc_seg": 61.44644546508789, "aux_0.loss_ce": 2.6213204145431517, "aux_0.acc_seg": 49.944889068603516, "aux_1.loss_ce": 2.1202555656433106, "aux_1.acc_seg": 44.98111343383789, "aux_2.loss_ce": 1.88696129322052, "aux_2.acc_seg": 54.55022430419922, "aux_3.loss_ce": 1.8481837391853333, "aux_3.acc_seg": 60.69066619873047, "time": 0.14364256858825683, "iter": 100, "memory": 17408, "step": 100}
{"aAcc": 42.6, "mIoU": 7.25, "mAcc": 13.52, "avg_val_loss": 11.226962471949427, "data_time": 0.012915219758686267, "time": 0.37906535550167686, "step": 100}
{"lr": 0.002191123271301943, "data_time": 0.10792367458343506, "loss": 8.808970165252685, "decode.loss_ce": 1.5080401062965394, "decode.acc_seg": 44.56800079345703, "aux_0.loss_ce": 2.14193571805954, "aux_0.acc_seg": 33.12066650390625, "aux_1.loss_ce": 1.7951439142227172, "aux_1.acc_seg": 36.53822326660156, "aux_2.loss_ce": 1.6801528811454773, "aux_2.acc_seg": 40.028221130371094, "aux_3.loss_ce": 1.6836976289749146, "aux_3.acc_seg": 40.36688995361328, "time": 0.18884122371673584, "iter": 200, "memory": 34198, "step": 200}
{"aAcc": 34.9, "mIoU": 6.53, "mAcc": 12.58, "avg_val_loss": 11.065671000982586, "data_time": 0.007009824117024739, "time": 0.35377907504638034, "step": 200}
{"lr": 0.0027881034698292294, "data_time": 0.02623262405395508, "loss": 9.541227340698242, "decode.loss_ce": 1.6187320709228517, "decode.acc_seg": 68.00822448730469, "aux_0.loss_ce": 2.1499163031578066, "aux_0.acc_seg": 56.52777862548828, "aux_1.loss_ce": 1.9220451831817627, "aux_1.acc_seg": 48.433555603027344, "aux_2.loss_ce": 1.8944332480430603, "aux_2.acc_seg": 44.569557189941406, "aux_3.loss_ce": 1.956100630760193, "aux_3.acc_seg": 40.60289001464844, "time": 0.17334887981414795, "iter": 300, "memory": 901, "step": 300}
{"aAcc": 37.14, "mIoU": 10.98, "mAcc": 18.46, "avg_val_loss": 10.554012597548335, "data_time": 0.006563293437163035, "time": 0.3426535253723462, "step": 300}
{"lr": 0.0033840217450599877, "data_time": 0.06591963768005371, "loss": 7.534245204925537, "decode.loss_ce": 1.285004049539566, "decode.acc_seg": 57.5446662902832, "aux_0.loss_ce": 1.8035531282424926, "aux_0.acc_seg": 53.17266845703125, "aux_1.loss_ce": 1.5543597102165223, "aux_1.acc_seg": 55.21466827392578, "aux_2.loss_ce": 1.4557845652103425, "aux_2.acc_seg": 59.910888671875, "aux_3.loss_ce": 1.4355436444282532, "aux_3.acc_seg": 61.11600112915039, "time": 0.1777185916900635, "iter": 400, "memory": 901, "step": 400}
{"aAcc": 41.56, "mIoU": 9.12, "mAcc": 15.68, "avg_val_loss": 10.195913794087737, "data_time": 0.007182545959949493, "time": 0.3431762531399727, "step": 400}
{"lr": 0.003978874422200742, "data_time": 0.0036554336547851562, "loss": 7.9481525897979735, "decode.loss_ce": 1.3456574976444244, "decode.acc_seg": 67.5628890991211, "aux_0.loss_ce": 1.6629010915756226, "aux_0.acc_seg": 67.7757797241211, "aux_1.loss_ce": 1.5828956007957458, "aux_1.acc_seg": 63.85044479370117, "aux_2.loss_ce": 1.576342558860779, "aux_2.acc_seg": 63.88422393798828, "aux_3.loss_ce": 1.7803558111190796, "aux_3.acc_seg": 66.35511016845703, "time": 0.15192084312438964, "iter": 500, "memory": 901, "step": 500}
{"aAcc": 40.96, "mIoU": 13.22, "mAcc": 22.16, "avg_val_loss": 9.974197565442639, "data_time": 0.013473826150099436, "time": 0.3627719928820928, "step": 500}
{"lr": 0.004572658891684879, "data_time": 0.03265528678894043, "loss": 8.989881658554078, "decode.loss_ce": 1.533203661441803, "decode.acc_seg": 33.16777801513672, "aux_0.loss_ce": 1.952253794670105, "aux_0.acc_seg": 22.65711212158203, "aux_1.loss_ce": 1.7954283118247987, "aux_1.acc_seg": 23.027555465698242, "aux_2.loss_ce": 1.7536497116088867, "aux_2.acc_seg": 23.679777145385742, "aux_3.loss_ce": 1.9553462505340575, "aux_3.acc_seg": 27.570222854614258, "time": 0.12553911209106444, "iter": 600, "memory": 901, "step": 600}
{"aAcc": 43.6, "mIoU": 15.73, "mAcc": 25.24, "avg_val_loss": 9.782434122238243, "data_time": 0.0072026327252388, "time": 0.34524566183487576, "step": 600}
{"lr": 0.005165373185965325, "data_time": 0.013254380226135254, "loss": 8.479920721054077, "decode.loss_ce": 1.4032516062259675, "decode.acc_seg": 49.422889709472656, "aux_0.loss_ce": 1.8991201877593995, "aux_0.acc_seg": 49.38844680786133, "aux_1.loss_ce": 1.782751977443695, "aux_1.acc_seg": 48.3824462890625, "aux_2.loss_ce": 1.6561988472938538, "aux_2.acc_seg": 48.582000732421875, "aux_3.loss_ce": 1.738598072528839, "aux_3.acc_seg": 41.407554626464844, "time": 0.13984079360961915, "iter": 700, "memory": 901, "step": 700}
{"aAcc": 19.82, "mIoU": 6.81, "mAcc": 16.78, "avg_val_loss": 9.950008279622946, "data_time": 0.006492796043554942, "time": 0.3449162344137828, "step": 700}
{"lr": 0.005757015754784225, "data_time": 0.023434257507324217, "loss": 7.973314476013184, "decode.loss_ce": 1.3385057389736175, "decode.acc_seg": 47.20288848876953, "aux_0.loss_ce": 1.7462427377700807, "aux_0.acc_seg": 26.1868896484375, "aux_1.loss_ce": 1.6370725870132445, "aux_1.acc_seg": 25.56511116027832, "aux_2.loss_ce": 1.580025589466095, "aux_2.acc_seg": 24.581777572631836, "aux_3.loss_ce": 1.6714678525924682, "aux_3.acc_seg": 20.867111206054688, "time": 0.13907508850097655, "iter": 800, "memory": 901, "step": 800}
{"aAcc": 37.32, "mIoU": 11.16, "mAcc": 22.99, "avg_val_loss": 9.880160627749405, "data_time": 0.006784868737061818, "time": 0.35679295907417935, "step": 800}
{"lr": 0.006347585334568276, "data_time": 0.024554991722106935, "loss": 8.281454277038574, "decode.loss_ce": 1.6183890879154206, "decode.acc_seg": 55.211334228515625, "aux_0.loss_ce": 1.7390544652938842, "aux_0.acc_seg": 32.78422164916992, "aux_1.loss_ce": 1.621662449836731, "aux_1.acc_seg": 40.7748908996582, "aux_2.loss_ce": 1.5555218040943146, "aux_2.acc_seg": 44.2773323059082, "aux_3.loss_ce": 1.7468265473842621, "aux_3.acc_seg": 45.42555618286133, "time": 0.17395458221435547, "iter": 900, "memory": 901, "step": 900}
{"aAcc": 27.2, "mIoU": 7.04, "mAcc": 14.95, "avg_val_loss": 10.07260101385284, "data_time": 0.016257934272289276, "time": 0.36788376420736313, "step": 900}
{"lr": 0.0069370808672639134, "data_time": 0.06600522994995117, "loss": 7.422133588790894, "decode.loss_ce": 1.3014911949634551, "decode.acc_seg": 68.42266845703125, "aux_0.loss_ce": 1.564857268333435, "aux_0.acc_seg": 52.5273323059082, "aux_1.loss_ce": 1.522445547580719, "aux_1.acc_seg": 57.011112213134766, "aux_2.loss_ce": 1.4999370753765107, "aux_2.acc_seg": 57.73088836669922, "aux_3.loss_ce": 1.533402556180954, "aux_3.acc_seg": 53.82378005981445, "time": 0.14749999046325685, "iter": 1000, "memory": 901, "step": 1000}
{"aAcc": 45.29, "mIoU": 13.14, "mAcc": 21.43, "avg_val_loss": 10.115052465639616, "data_time": 0.006923226018746694, "time": 0.35815488547086716, "step": 1000}
{"lr": 0.007525501447207789, "data_time": 0.003456401824951172, "loss": 8.88394513130188, "decode.loss_ce": 1.6475062191486358, "decode.acc_seg": 19.47622299194336, "aux_0.loss_ce": 1.9005079865455627, "aux_0.acc_seg": 18.087554931640625, "aux_1.loss_ce": 1.7269699335098267, "aux_1.acc_seg": 23.243555068969727, "aux_2.loss_ce": 1.6744978427886963, "aux_2.acc_seg": 30.095111846923828, "aux_3.loss_ce": 1.9344632267951964, "aux_3.acc_seg": 16.777334213256836, "time": 0.13042337894439698, "iter": 1100, "memory": 901, "step": 1100}
{"aAcc": 46.71, "mIoU": 13.54, "mAcc": 20.38, "avg_val_loss": 9.94643524900863, "data_time": 0.006711244583129883, "time": 0.3452702760696411, "step": 1100}
{"lr": 0.008112846284874206, "data_time": 0.024886298179626464, "loss": 6.852348375320434, "decode.loss_ce": 1.0885069668293, "decode.acc_seg": 61.9368896484375, "aux_0.loss_ce": 1.4952030301094055, "aux_0.acc_seg": 48.92778015136719, "aux_1.loss_ce": 1.407952868938446, "aux_1.acc_seg": 52.912445068359375, "aux_2.loss_ce": 1.3619029343128204, "aux_2.acc_seg": 57.623779296875, "aux_3.loss_ce": 1.4987827658653259, "aux_3.acc_seg": 51.43555450439453,