{"lr": 0.0015930867963809803, "data_time": 0.15218007564544678, "loss": 4.790087795257568, "decode.loss_ce": 0.6954031884670258, "decode.acc_seg": 72.4727783203125, "aux_0.loss_ce": 1.7288402438163757, "aux_0.acc_seg": 64.8270034790039, "aux_1.loss_ce": 0.9847628951072693, "aux_1.acc_seg": 69.30533599853516, "aux_2.loss_ce": 0.7239848554134369, "aux_2.acc_seg": 71.06594848632812, "aux_3.loss_ce": 0.6570964992046356, "aux_3.acc_seg": 71.72872161865234, "time": 0.545817494392395, "iter": 100, "memory": 19652, "step": 100}
