{"lr": 0.0015943962641761188, "data_time": 0.2920226573944092, "loss": 4.965771198272705, "decode.loss_ce": 2.4922115325927736, "decode.acc_seg": 83.31444549560547, "aux_0.loss_ce": 2.4735597372055054, "aux_0.acc_seg": 83.6252212524414, "time": 0.63304283618927, "iter": 100, "memory": 34982, "step": 100}
{"aAcc": 72.32, "mIoU": 53.74, "mAcc": 68.68, "avg_val_loss": 7.354385900392867, "data_time": 0.032925020816714265, "time": 0.08469671704048334, "step": 100}
{"lr": 0.002194796531020685, "data_time": 0.6253339052200317, "loss": 4.255821275711059, "decode.loss_ce": 2.1652894496917723, "decode.acc_seg": 81.6977767944336, "aux_0.loss_ce": 2.090531826019287, "aux_0.acc_seg": 80.89299774169922, "time": 0.7160446643829346, "iter": 200, "memory": 8598, "step": 200}
{"aAcc": 60.45, "mIoU": 46.17, "mAcc": 64.33, "avg_val_loss": 8.619463476259806, "data_time": 0.031283131961164806, "time": 0.08453678536689145, "step": 200}
