{"lr": 0.0015943962641761188, "data_time": 0.4474024772644043, "loss": 2.9958434820175173, "decode.loss_ce": 0.5438073128461838, "decode.acc_seg": 63.99800109863281, "aux_0.loss_ce": 0.5280449092388153, "aux_0.acc_seg": 65.96739196777344, "aux_1.loss_ce": 0.8353250086307525, "aux_1.acc_seg": 55.38572311401367, "aux_2.loss_ce": 0.5430166602134705, "aux_2.acc_seg": 53.1960563659668, "aux_3.loss_ce": 0.5456495940685272, "aux_3.acc_seg": 62.28016662597656, "time": 0.6457249402999878, "iter": 100, "memory": 20145, "step": 100}
{"aAcc": 54.72, "mIoU": 39.16, "mAcc": 56.95, "avg_val_loss": 3.975590688269041, "data_time": 0.01144172424493834, "time": 0.14657685645790988, "step": 100}
{"lr": 0.002194796531020685, "data_time": 0.32726614475250243, "loss": 2.917824625968933, "decode.loss_ce": 0.5334770798683166, "decode.acc_seg": 73.32511138916016, "aux_0.loss_ce": 0.5056859642267227, "aux_0.acc_seg": 74.67261505126953, "aux_1.loss_ce": 0.7530166864395141, "aux_1.acc_seg": 59.784889221191406, "aux_2.loss_ce": 0.5454936653375626, "aux_2.acc_seg": 62.54977798461914, "aux_3.loss_ce": 0.5801512211561203, "aux_3.acc_seg": 71.91522216796875, "time": 0.5760577201843262, "iter": 200, "memory": 34389, "step": 200}
{"aAcc": 71.32, "mIoU": 54.97, "mAcc": 69.7, "avg_val_loss": 3.476263153535581, "data_time": 0.007908853991278287, "time": 0.10049973137077244, "step": 200}
{"lr": 0.0027951967978652476, "data_time": 0.009261798858642579, "loss": 2.727409815788269, "decode.loss_ce": 0.4680731356143951, "decode.acc_seg": 79.06094360351562, "aux_0.loss_ce": 0.45112786889076234, "aux_0.acc_seg": 79.04066467285156, "aux_1.loss_ce": 0.7285746157169342, "aux_1.acc_seg": 69.53994750976562, "aux_2.loss_ce": 0.5182686865329742, "aux_2.acc_seg": 68.17938995361328, "aux_3.loss_ce": 0.5613655030727387, "aux_3.acc_seg": 73.07177734375, "time": 0.5538432359695434, "iter": 300, "memory": 3602, "step": 300}
{"aAcc": 49.17, "mIoU": 32.14, "mAcc": 50.64, "avg_val_loss": 4.00828638469499, "data_time": 0.006868641951988484, "time": 0.09894944333482063, "step": 300}
{"lr": 0.0033955970647098093, "data_time": 0.4422421932220459, "loss": 2.560065305233002, "decode.loss_ce": 0.4108510196208954, "decode.acc_seg": 79.89289093017578, "aux_0.loss_ce": 0.384223198890686, "aux_0.acc_seg": 81.06266784667969, "aux_1.loss_ce": 0.7007314920425415, "aux_1.acc_seg": 61.16489028930664, "aux_2.loss_ce": 0.5187139362096786, "aux_2.acc_seg": 57.782554626464844, "aux_3.loss_ce": 0.5455456674098969, "aux_3.acc_seg": 65.66117095947266, "time": 0.6415109872817993, "iter": 400, "memory": 3602, "step": 400}
{"aAcc": 51.87, "mIoU": 34.49, "mAcc": 54.2, "avg_val_loss": 3.9658147812281785, "data_time": 0.00834428578957744, "time": 0.1025180405583875, "step": 400}
{"lr": 0.003995997331554373, "data_time": 0.04838802814483643, "loss": 2.3284258365631105, "decode.loss_ce": 0.3530777543783188, "decode.acc_seg": 83.64099884033203, "aux_0.loss_ce": 0.33063978999853133, "aux_0.acc_seg": 84.62916564941406, "aux_1.loss_ce": 0.6714788198471069, "aux_1.acc_seg": 59.92161178588867, "aux_2.loss_ce": 0.4747291326522827, "aux_2.acc_seg": 69.5780029296875, "aux_3.loss_ce": 0.4985003560781479, "aux_3.acc_seg": 75.62833404541016, "time": 0.6464193344116211, "iter": 500, "memory": 3602, "step": 500}
{"aAcc": 52.49, "mIoU": 33.86, "mAcc": 51.61, "avg_val_loss": 3.9784899774524902, "data_time": 0.006911899851656508, "time": 0.10086158226276266, "step": 500}
{"lr": 0.0045963975983989375, "data_time": 0.4090311527252197, "loss": 2.252073645591736, "decode.loss_ce": 0.3369855761528015, "decode.acc_seg": 79.78116607666016, "aux_0.loss_ce": 0.313965904712677, "aux_0.acc_seg": 81.61072540283203, "aux_1.loss_ce": 0.6467571437358857, "aux_1.acc_seg": 61.93088912963867, "aux_2.loss_ce": 0.4513401687145233, "aux_2.acc_seg": 63.67822265625, "aux_3.loss_ce": 0.5030248045921326, "aux_3.acc_seg": 66.4117202758789, "time": 0.6439673423767089, "iter": 600, "memory": 3602, "step": 600}
{"aAcc": 63.86, "mIoU": 43.87, "mAcc": 59.72, "avg_val_loss": 3.807639012625169, "data_time": 0.0073635057471264365, "time": 0.10166953898024285, "step": 600}
{"lr": 0.005196797865243495, "data_time": 0.07512733936309815, "loss": 1.9855281710624695, "decode.loss_ce": 0.2880443289875984, "decode.acc_seg": 84.65088653564453, "aux_0.loss_ce": 0.27762195765972136, "aux_0.acc_seg": 85.1578369140625, "aux_1.loss_ce": 0.5556519806385041, "aux_1.acc_seg": 75.76444244384766, "aux_2.loss_ce": 0.39192197024822234, "aux_2.acc_seg": 75.84278106689453, "aux_3.loss_ce": 0.4722879767417908, "aux_3.acc_seg": 77.4203872680664, "time": 0.5201578617095948, "iter": 700, "memory": 3602, "step": 700}
{"aAcc": 56.17, "mIoU": 36.61, "mAcc": 54.57, "avg_val_loss": 3.7615600636379862, "data_time": 0.007326652263772899, "time": 0.10482956075120246, "step": 700}
{"lr": 0.005797198132088056, "data_time": 0.4064948081970215, "loss": 2.1383219599723815, "decode.loss_ce": 0.2955165132880211, "decode.acc_seg": 83.2296142578125, "aux_0.loss_ce": 0.28290431648492814, "aux_0.acc_seg": 84.51516723632812, "aux_1.loss_ce": 0.6297157436609269, "aux_1.acc_seg": 67.59650421142578, "aux_2.loss_ce": 0.4438961952924728, "aux_2.acc_seg": 67.42938995361328, "aux_3.loss_ce": 0.4862892061471939, "aux_3.acc_seg": 72.59561157226562, "time": 0.6106905460357666, "iter": 800, "memory": 3602, "step": 800}
{"aAcc": 50.19, "mIoU": 32.53, "mAcc": 52.33, "avg_val_loss": 3.86522075034983, "data_time": 0.007230183173870218, "time": 0.10282190092678728, "step": 800}
{"lr": 0.006397598398932616, "data_time": 0.31236193180084226, "loss": 2.050147366523743, "decode.loss_ce": 0.27873523235321046, "decode.acc_seg": 87.03878021240234, "aux_0.loss_ce": 0.2693198621273041, "aux_0.acc_seg": 87.9038314819336, "aux_1.loss_ce": 0.595660462975502, "aux_1.acc_seg": 77.46533203125, "aux_2.loss_ce": 0.4263570696115494, "aux_2.acc_seg": 80.41638946533203, "aux_3.loss_ce": 0.4800747483968735, "aux_3.acc_seg": 77.12667083740234, "time": 0.5205445766448975, "iter": 900, "memory": 3602, "step": 900}
{"aAcc": 51.96, "mIoU": 33.75, "mAcc": 52.49, "avg_val_loss": 4.001189979680411, "data_time": 0.007521919820500517, "time": 0.10300613819867716, "step": 900}
{"lr": 0.0069979986657771765, "data_time": 0.3129186868667603, "loss": 2.0850440144538878, "decode.loss_ce": 0.2869331866502762, "decode.acc_seg": 83.42839050292969, "aux_0.loss_ce": 0.27939664870500563, "aux_0.acc_seg": 83.03005981445312, "aux_1.loss_ce": 0.5811772048473358, "aux_1.acc_seg": 72.05583190917969, "aux_2.loss_ce": 0.4350489556789398, "aux_2.acc_seg": 73.21900177001953, "aux_3.loss_ce": 0.5024880141019821, "aux_3.acc_seg": 70.64289093017578, "time": 0.5136310577392578, "iter": 1000, "memory": 3602, "step": 1000}
{"aAcc": 46.92, "mIoU": 27.47, "mAcc": 47.9, "avg_val_loss": 4.066596643491621, "data_time": 0.006024774463697411, "time": 0.1008608478239213, "step": 1000}
{"lr": 0.0075983989326217465, "data_time": 0.32962424755096437, "loss": 2.075428855419159, "decode.loss_ce": 0.2873153746128082, "decode.acc_seg": 87.12255859375, "aux_0.loss_ce": 0.27682986706495283, "aux_0.acc_seg": 86.7042236328125, "aux_1.loss_ce": 0.6123222231864929, "aux_1.acc_seg": 77.04061126708984, "aux_2.loss_ce": 0.43303242027759553, "aux_2.acc_seg": 78.34561157226562, "aux_3.loss_ce": 0.4659289687871933, "aux_3.acc_seg": 79.5516128540039, "time": 0.5673879623413086, "iter": 1100, "memory": 3602, "step": 1100}
{"aAcc": 53.52, "mIoU": 33.88, "mAcc": 53.1, "avg_val_loss": 4.188961176779012, "data_time": 0.008438995514792958, "time": 0.1063644694185805, "step": 1100}
{"lr": 0.008198799199466306, "data_time": 0.008450078964233398, "loss": 1.9361572265625, "decode.loss_ce": 0.2553485885262489, "decode.acc_seg": 85.74222564697266, "aux_0.loss_ce": 0.248457632958889, "aux_0.acc_seg": 85.79344177246094, "aux_1.loss_ce": 0.5789674818515778, "aux_1.acc_seg": 65.27188873291016, "aux_2.loss_ce": 0.4076292455196381, "aux_2.acc_seg": 65.62017059326172, "aux_3.loss_ce": 0.44575434029102323, "aux_3.acc_seg": 70.61177825927734,