{"lr": 0.0050220502205022026, "data_time": 0.003554987907409668, "loss": 9.780524969100952, "decode.loss_ce": 1.8222919583320618, "decode.acc_seg": 34.47444534301758, "aux_0.loss_ce": 2.3869946718215944, "aux_0.acc_seg": 0.3724444508552551, "aux_1.loss_ce": 1.9539570450782775, "aux_1.acc_seg": 30.00022315979004, "aux_2.loss_ce": 1.7042908906936645, "aux_2.acc_seg": 23.12266731262207, "aux_3.loss_ce": 1.9129904508590698, "aux_3.acc_seg": 29.101112365722656, "time": 0.13611259460449218, "iter": 50, "memory": 17408, "step": 50}
{"val_loss": 22.351300024348163, "data_time": 0.009583543396924243, "time": 0.09156741829104087, "step": 50}
