{"lr": 0.0015943962641761188, "data_time": 0.2959031105041504, "loss": 3.1225849628448485, "decode.loss_ce": 0.8831355392932891, "decode.acc_seg": 83.11994171142578, "aux_0.loss_ce": 0.578530740737915, "aux_0.acc_seg": 75.51016998291016, "aux_1.loss_ce": 0.5390399724245072, "aux_1.acc_seg": 77.6086654663086, "aux_2.loss_seg": 0.5876680463552475, "aux_3.loss_seg": 0.5342107117176056, "time": 0.6742893934249878, "iter": 100, "memory": 19766, "step": 100}
{"aAcc": 50.98, "mIoU": 33.71, "mAcc": 53.1, "avg_val_loss": 4.994340430574807, "data_time": 0.01558567202368448, "time": 0.20314123186954233, "step": 100}
{"lr": 0.002194796531020685, "data_time": 0.07567718029022216, "loss": 2.781841516494751, "decode.loss_ce": 0.7862427413463593, "decode.acc_seg": 85.94144439697266, "aux_0.loss_ce": 0.5493314236402511, "aux_0.acc_seg": 83.04489135742188, "aux_1.loss_ce": 0.4801251858472824, "aux_1.acc_seg": 85.2032241821289, "aux_2.loss_seg": 0.5144282281398773, "aux_3.loss_seg": 0.45171392560005186, "time": 0.6569357872009277, "iter": 200, "memory": 17306, "step": 200}
{"aAcc": 69.06, "mIoU": 51.79, "mAcc": 67.38, "avg_val_loss": 4.219270814144821, "data_time": 0.012502936111099419, "time": 0.17052539189656576, "step": 200}
{"lr": 0.0027951967978652476, "data_time": 0.06193351745605469, "loss": 2.4461976408958437, "decode.loss_ce": 0.6732784867286682, "decode.acc_seg": 87.29622650146484, "aux_0.loss_ce": 0.44630721807479856, "aux_0.acc_seg": 78.79761505126953, "aux_1.loss_ce": 0.3855138778686523, "aux_1.acc_seg": 85.32189178466797, "aux_2.loss_seg": 0.5053128808736801, "aux_3.loss_seg": 0.4357852220535278, "time": 0.7420355558395386, "iter": 300, "memory": 2845, "step": 300}
{"aAcc": 73.6, "mIoU": 54.05, "mAcc": 67.78, "avg_val_loss": 3.7760145999418597, "data_time": 0.01159642756670371, "time": 0.17212161250498104, "step": 300}
{"lr": 0.0033955970647098093, "data_time": 0.015435886383056641, "loss": 2.0174458503723143, "decode.loss_ce": 0.5605491727590561, "decode.acc_seg": 84.1761703491211, "aux_0.loss_ce": 0.3692422270774841, "aux_0.acc_seg": 80.81966400146484, "aux_1.loss_ce": 0.3221192181110382, "aux_1.acc_seg": 81.6588363647461, "aux_2.loss_seg": 0.40717142522335054, "aux_3.loss_seg": 0.3583637893199921, "time": 0.6951515197753906, "iter": 400, "memory": 2845, "step": 400}
{"aAcc": 74.65, "mIoU": 55.07, "mAcc": 68.76, "avg_val_loss": 3.648484963291918, "data_time": 0.010962845265180215, "time": 0.16947474698910767, "step": 400}
