{"lr": 0.005201541801877408, "data_time": 0.004074573516845703, "loss": 7.39060959815979, "decode.loss_ce": 1.0766304671764373, "decode.acc_seg": 58.34088897705078, "aux_0.loss_ce": 1.6225068688392639, "aux_0.acc_seg": 49.30799865722656, "aux_1.loss_ce": 1.549248743057251, "aux_1.acc_seg": 50.192222595214844, "aux_2.loss_ce": 1.5139671921730042, "aux_2.acc_seg": 49.67000198364258, "aux_3.loss_ce": 1.6282565355300904, "aux_3.acc_seg": 47.936668395996094, "time": 0.12133610248565674, "iter": 500, "memory": 17408, "step": 500}
{"aAcc": 58.7, "mIoU": 18.08, "mAcc": 25.71, "data_time": 0.05875165520644769, "time": 0.08521283312541683, "step": 500}
