{"lr": 0.004513328573972366, "data_time": 0.3272168397903442, "loss": 4.86289496421814, "decode.loss_ce": 0.7965678751468659, "decode.acc_seg": 77.11272430419922, "aux_0.loss_ce": 1.231783151626587, "aux_0.acc_seg": 63.55622482299805, "aux_1.loss_ce": 1.020170933008194, "aux_1.acc_seg": 67.68038940429688, "aux_2.loss_ce": 0.9193913161754608, "aux_2.acc_seg": 69.24099731445312, "aux_3.loss_ce": 0.8949816942214965, "aux_3.acc_seg": 69.04944610595703, "time": 1.1470316648483276, "iter": 590, "memory": 19198, "step": 590}
{"lr": 0.009580633962673021, "data_time": 1.0131845235824586, "loss": 2.903889298439026, "decode.loss_ce": 0.4374774694442749, "decode.acc_seg": 78.55022430419922, "aux_0.loss_ce": 0.7726456880569458, "aux_0.acc_seg": 66.93705749511719, "aux_1.loss_ce": 0.5974901258945465, "aux_1.acc_seg": 74.47683715820312, "aux_2.loss_ce": 0.5491741329431534, "aux_2.acc_seg": 74.67394256591797, "aux_3.loss_ce": 0.5471019089221955, "aux_3.acc_seg": 73.08311462402344, "time": 1.2168819665908814, "iter": 4719, "memory": 2889, "step": 4719}
{"lr": 0.009156973726733965, "data_time": 1.0753756999969482, "loss": 2.724868059158325, "decode.loss_ce": 0.398793163895607, "decode.acc_seg": 83.32455444335938, "aux_0.loss_ce": 0.755722039937973, "aux_0.acc_seg": 71.6512222290039, "aux_1.loss_ce": 0.5542439967393875, "aux_1.acc_seg": 77.05916595458984, "aux_2.loss_ce": 0.5072887063026428, "aux_2.acc_seg": 78.95738983154297, "aux_3.loss_ce": 0.5088201940059662, "aux_3.acc_seg": 77.80461120605469, "time": 1.278010106086731, "iter": 9438, "memory": 2889, "step": 9438}
{"aAcc": 88.02, "mIoU": 68.86, "mAcc": 75.83, "avg_val_loss": 2.30256372591737, "data_time": 0.0067872571829171655, "time": 0.35777093546233907, "step": 10000}
{"lr": 0.008731099066882514, "data_time": 0.6906866550445556, "loss": 2.6326919317245485, "decode.loss_ce": 0.385615935921669, "decode.acc_seg": 85.1598892211914, "aux_0.loss_ce": 0.7406403690576553, "aux_0.acc_seg": 70.02510833740234, "aux_1.loss_ce": 0.5331400752067565, "aux_1.acc_seg": 77.68311309814453, "aux_2.loss_ce": 0.48609798550605776, "aux_2.acc_seg": 78.87322235107422, "aux_3.loss_ce": 0.48719761371612547, "aux_3.acc_seg": 79.08272552490234, "time": 0.8898273706436157, "iter": 14157, "memory": 10746, "step": 14157}
{"lr": 0.008302875576495545, "data_time": 0.6112696409225464, "loss": 2.810607671737671, "decode.loss_ce": 0.4235251873731613, "decode.acc_seg": 87.43644714355469, "aux_0.loss_ce": 0.8095574021339417, "aux_0.acc_seg": 78.06261444091797, "aux_1.loss_ce": 0.5646056056022644, "aux_1.acc_seg": 82.05999755859375, "aux_2.loss_ce": 0.5060620993375778, "aux_2.acc_seg": 84.091552734375, "aux_3.loss_ce": 0.5068573862314224, "aux_3.acc_seg": 84.11827850341797, "time": 1.1156951665878296, "iter": 18876, "memory": 2889, "step": 18876}
{"aAcc": 90.86, "mIoU": 74.71, "mAcc": 77.9, "avg_val_loss": 1.9589917732960795, "data_time": 0.005914879655375064, "time": 0.3546822308336647, "step": 20000}
{"lr": 0.007872152356245068, "data_time": 0.009610176086425781, "loss": 2.771109175682068, "decode.loss_ce": 0.38762773871421813, "decode.acc_seg": 86.1392822265625, "aux_0.loss_ce": 0.8354298353195191, "aux_0.acc_seg": 67.5860595703125, "aux_1.loss_ce": 0.5458803087472915, "aux_1.acc_seg": 81.51660919189453, "aux_2.loss_ce": 0.496498242020607, "aux_2.acc_seg": 82.11421966552734, "aux_3.loss_ce": 0.505673062801361, "aux_3.acc_seg": 81.1679458618164, "time": 0.9053903579711914, "iter": 23595, "memory": 2889, "step": 23595}
{"lr": 0.0074387588392830165, "data_time": 1.0683166265487671, "loss": 2.495758616924286, "decode.loss_ce": 0.3750706046819687, "decode.acc_seg": 82.96333312988281, "aux_0.loss_ce": 0.687098178267479, "aux_0.acc_seg": 69.89383697509766, "aux_1.loss_ce": 0.5051125407218933, "aux_1.acc_seg": 77.55794525146484, "aux_2.loss_ce": 0.4601546138525009, "aux_2.acc_seg": 78.66016387939453, "aux_3.loss_ce": 0.4683227211236954, "aux_3.acc_seg": 77.48738861083984, "time": 1.27286057472229, "iter": 28314, "memory": 2889, "step": 28314}
{"aAcc": 90.95, "mIoU": 75.26, "mAcc": 78.79, "avg_val_loss": 1.8284049443469523, "data_time": 0.005693122599888774, "time": 0.3529403886748749, "step": 30000}
{"lr": 0.0070025007540214955, "data_time": 0.7427988290786743, "loss": 2.4099328994750975, "decode.loss_ce": 0.33695608377456665, "decode.acc_seg": 86.883056640625, "aux_0.loss_ce": 0.6957828164100647, "aux_0.acc_seg": 78.16194152832031, "aux_1.loss_ce": 0.47263669669628144, "aux_1.acc_seg": 84.7590560913086, "aux_2.loss_ce": 0.44341427385807036, "aux_2.acc_seg": 83.08428192138672, "aux_3.loss_ce": 0.46114301681518555, "aux_3.acc_seg": 81.15361022949219, "time": 0.947010588645935, "iter": 33033, "memory": 2889, "step": 33033}
{"lr": 0.006563154912187656, "data_time": 0.6668570280075073, "loss": 2.4697143912315367, "decode.loss_ce": 0.3485657453536987, "decode.acc_seg": 87.95116424560547, "aux_0.loss_ce": 0.7080367207527161, "aux_0.acc_seg": 76.97467041015625, "aux_1.loss_ce": 0.49540265202522277, "aux_1.acc_seg": 84.45088958740234, "aux_2.loss_ce": 0.45162037909030917, "aux_2.acc_seg": 84.91194915771484, "aux_3.loss_ce": 0.46608891189098356, "aux_3.acc_seg": 83.36922454833984, "time": 0.8705061197280883, "iter": 37752, "memory": 2889, "step": 37752}
{"aAcc": 91.16, "mIoU": 76.21, "mAcc": 79.16, "avg_val_loss": 1.7916476954791092, "data_time": 0.005507497532853803, "time": 0.35133681945430423, "step": 40000}
{"lr": 0.00612046236406813, "data_time": 0.7736658334732056, "loss": 2.2467424631118775, "decode.loss_ce": 0.3136947363615036, "decode.acc_seg": 86.48361206054688, "aux_0.loss_ce": 0.6667082041501999, "aux_0.acc_seg": 76.33311462402344, "aux_1.loss_ce": 0.4403087854385376, "aux_1.acc_seg": 83.69511413574219, "aux_2.loss_ce": 0.4038331091403961, "aux_2.acc_seg": 82.66561126708984, "aux_3.loss_ce": 0.42219760417938235, "aux_3.acc_seg": 80.67855834960938, "time": 0.9772161722183228, "iter": 42471, "memory": 2889, "step": 42471}
{"lr": 0.005674119231259946, "data_time": 0.9598265171051026, "loss": 2.220718061923981, "decode.loss_ce": 0.3216550663113594, "decode.acc_seg": 88.35033416748047, "aux_0.loss_ce": 0.6342131614685058, "aux_0.acc_seg": 77.88627624511719, "aux_1.loss_ce": 0.4262589246034622, "aux_1.acc_seg": 85.0274429321289, "aux_2.loss_ce": 0.40887883901596067, "aux_2.acc_seg": 84.0850601196289, "aux_3.loss_ce": 0.4297120630741119, "aux_3.acc_seg": 82.24072265625, "time": 1.162050437927246, "iter": 47190, "memory": 2889, "step": 47190}
{"aAcc": 76.36, "mIoU": 61.47, "mAcc": 72.66, "avg_val_loss": 1.9047160372319525, "data_time": 0.005629865289891808, "time": 0.35438473305655915, "step": 50000}
{"lr": 0.005223764146863152, "data_time": 0.672813105583191, "loss": 2.4468839883804323, "decode.loss_ce": 0.33840391933918, "decode.acc_seg": 87.43189239501953, "aux_0.loss_ce": 0.7085335791110993, "aux_0.acc_seg": 72.07233428955078, "aux_1.loss_ce": 0.4938224136829376, "aux_1.acc_seg": 80.19889068603516, "aux_2.loss_ce": 0.44824422597885133, "aux_2.acc_seg": 80.89655303955078, "aux_3.loss_ce": 0.4578798174858093, "aux_3.acc_seg": 81.80500030517578, "time": 0.8774016618728637, "iter": 51909, "memory": 2889, "step": 51909}
{"lr": 0.004768960583787299, "data_time": 0.8062604188919067, "loss": 2.4178772926330567, "decode.loss_ce": 0.3527689680457115, "decode.acc_seg": 85.7784423828125, "aux_0.loss_ce": 0.6815388262271881, "aux_0.acc_seg": 78.10883331298828, "aux_1.loss_ce": 0.477492681145668, "aux_1.acc_seg": 82.14622497558594, "aux_2.loss_ce": 0.44283489882946014, "aux_2.acc_seg": 82.72455596923828, "aux_3.loss_ce": 0.4632419109344482, "aux_3.acc_seg": 82.03327941894531, "time": 1.0105627059936524, "iter": 56628, "memory": 2889, "step": 56628}
{"aAcc": 91.32, "mIoU": 77.79, "mAcc": 80.47, "avg_val_loss": 1.842101466594702, "data_time": 0.005660919888505658, "time": 0.3498859226124958, "step": 60000}
{"lr": 0.004309171192442414, "data_time": 0.009967350959777832, "loss": 2.213629937171936, "decode.loss_ce": 0.3151527836918831, "decode.acc_seg": 85.01377868652344,