{"lr": 0.0015930867963809803, "data_time": 0.6664220094680786, "loss": 8.740725088119508, "decode.loss_ce": 1.4436469316482543, "decode.acc_seg": 49.477333068847656, "aux_0.loss_ce": 2.279694128036499, "aux_0.acc_seg": 36.56572341918945, "aux_1.loss_ce": 1.8110245227813722, "aux_1.acc_seg": 46.71022415161133, "aux_2.loss_ce": 1.638550090789795, "aux_2.acc_seg": 46.72999954223633, "aux_3.loss_ce": 1.5678094625473022, "aux_3.acc_seg": 47.1954460144043, "time": 0.8838567495346069, "iter": 100, "memory": 19198, "step": 100}
{"aAcc": 52.28, "mIoU": 11.46, "mAcc": 17.44, "avg_val_loss": 9.214779153936787, "data_time": 0.017726356104800577, "time": 0.3708506935521176, "step": 100}
