{"lr": 0.0015943962641761188, "data_time": 0.16841628551483154, "loss": 3.4247880935668946, "decode.loss_seg": 0.7638626396656036, "aux_0.loss_ce": 0.7633104801177979, "aux_0.acc_seg": 74.38383483886719, "aux_1.loss_ce": 0.6476600348949433, "aux_1.acc_seg": 76.55333709716797, "aux_2.loss_ce": 0.6512316226959228, "aux_2.acc_seg": 79.50250244140625, "aux_3.loss_ce": 0.598723366856575, "aux_3.acc_seg": 82.26361083984375, "time": 0.6990868330001831, "iter": 100, "memory": 19977, "step": 100}
{"aAcc": 56.85, "mIoU": 42.04, "mAcc": 60.34, "avg_val_loss": 3.2378377194641628, "data_time": 0.009705695995064668, "time": 0.11060752147851988, "step": 100}
{"lr": 0.002194796531020685, "data_time": 0.41199560165405275, "loss": 2.814722418785095, "decode.loss_seg": 0.684762817621231, "aux_0.loss_ce": 0.5715578675270081, "aux_0.acc_seg": 74.12689208984375, "aux_1.loss_ce": 0.5160915225744247, "aux_1.acc_seg": 73.8227767944336, "aux_2.loss_ce": 0.5365969806909561, "aux_2.acc_seg": 76.26444244384766, "aux_3.loss_ce": 0.505713227391243, "aux_3.acc_seg": 78.43955993652344, "time": 0.7087794303894043, "iter": 200, "memory": 34271, "step": 200}
{"aAcc": 54.85, "mIoU": 35.7, "mAcc": 53.38, "avg_val_loss": 3.2838935100457123, "data_time": 0.008162682083831436, "time": 0.08232087924562652, "step": 200}
{"lr": 0.0027951967978652476, "data_time": 0.19318323135375975, "loss": 2.581650400161743, "decode.loss_seg": 0.6372762680053711, "aux_0.loss_ce": 0.48430844247341154, "aux_0.acc_seg": 81.30327606201172, "aux_1.loss_ce": 0.4176365077495575, "aux_1.acc_seg": 82.98178100585938, "aux_2.loss_ce": 0.5269518733024597, "aux_2.acc_seg": 79.77811431884766, "aux_3.loss_ce": 0.5154773324728013, "aux_3.acc_seg": 78.61688995361328, "time": 0.47893807888031004, "iter": 300, "memory": 3098, "step": 300}
{"aAcc": 65.47, "mIoU": 48.6, "mAcc": 64.81, "avg_val_loss": 3.07491170808121, "data_time": 0.008067026905629826, "time": 0.08262275279253378, "step": 300}
{"lr": 0.0033955970647098093, "data_time": 0.5109017610549926, "loss": 2.3726255893707275, "decode.loss_seg": 0.5877240836620331, "aux_0.loss_ce": 0.4431187242269516, "aux_0.acc_seg": 79.70000457763672, "aux_1.loss_ce": 0.39003253877162936, "aux_1.acc_seg": 81.69922637939453, "aux_2.loss_ce": 0.48537273705005646, "aux_2.acc_seg": 74.06866455078125, "aux_3.loss_ce": 0.46637749671936035, "aux_3.acc_seg": 76.75594329833984, "time": 0.6637461900711059, "iter": 400, "memory": 3098, "step": 400}
{"aAcc": 62.93, "mIoU": 45.65, "mAcc": 62.31, "avg_val_loss": 2.995505924766872, "data_time": 0.0064431689251428365, "time": 0.08115865718359234, "step": 400}
{"lr": 0.003995997331554373, "data_time": 0.3999852418899536, "loss": 2.3429614543914794, "decode.loss_seg": 0.5506294518709183, "aux_0.loss_ce": 0.43560499250888823, "aux_0.acc_seg": 87.39411163330078, "aux_1.loss_ce": 0.39713746309280396, "aux_1.acc_seg": 88.02100372314453, "aux_2.loss_ce": 0.4892045110464096, "aux_2.acc_seg": 86.8443374633789, "aux_3.loss_ce": 0.4703850120306015, "aux_3.acc_seg": 86.15399932861328, "time": 0.5526315212249756, "iter": 500, "memory": 3098, "step": 500}
{"aAcc": 67.93, "mIoU": 49.06, "mAcc": 64.67, "avg_val_loss": 2.929212754285126, "data_time": 0.007698990832800153, "time": 0.0828152689440497, "step": 500}
{"lr": 0.0045963975983989375, "data_time": 0.2848364353179932, "loss": 2.2961554408073424, "decode.loss_seg": 0.5956729382276535, "aux_0.loss_ce": 0.393939933180809, "aux_0.acc_seg": 87.93072509765625, "aux_1.loss_ce": 0.3690324068069458, "aux_1.acc_seg": 87.43577575683594, "aux_2.loss_ce": 0.46783163249492643, "aux_2.acc_seg": 81.19650268554688, "aux_3.loss_ce": 0.46967850625514984, "aux_3.acc_seg": 81.16388702392578, "time": 0.5354308366775513, "iter": 600, "memory": 3098, "step": 600}
{"aAcc": 67.74, "mIoU": 49.57, "mAcc": 65.95, "avg_val_loss": 2.9456407892541345, "data_time": 0.007490056684647484, "time": 0.08332772912650273, "step": 600}
{"lr": 0.005196797865243495, "data_time": 0.05284557342529297, "loss": 2.181568706035614, "decode.loss_seg": 0.6150027006864548, "aux_0.loss_ce": 0.3818774849176407, "aux_0.acc_seg": 85.31639099121094, "aux_1.loss_ce": 0.35621260702610014, "aux_1.acc_seg": 85.74894714355469, "aux_2.loss_ce": 0.42613291144371035, "aux_2.acc_seg": 82.5138931274414, "aux_3.loss_ce": 0.4023429661989212, "aux_3.acc_seg": 82.90694427490234, "time": 0.733688473701477, "iter": 700, "memory": 3098, "step": 700}
{"aAcc": 61.53, "mIoU": 39.36, "mAcc": 55.86, "avg_val_loss": 2.8735534251607646, "data_time": 0.007348901924045606, "time": 0.08296269109879417, "step": 700}
{"lr": 0.005797198132088056, "data_time": 0.5659140586853028, "loss": 2.163410484790802, "decode.loss_seg": 0.5461144149303436, "aux_0.loss_ce": 0.37933827340602877, "aux_0.acc_seg": 83.36005401611328, "aux_1.loss_ce": 0.3627324849367142, "aux_1.acc_seg": 84.7411117553711, "aux_2.loss_ce": 0.44403658509254457, "aux_2.acc_seg": 77.83494567871094, "aux_3.loss_ce": 0.4311887264251709, "aux_3.acc_seg": 79.09144592285156, "time": 0.7885373115539551, "iter": 800, "memory": 3098, "step": 800}
{"aAcc": 60.47, "mIoU": 39.35, "mAcc": 56.23, "avg_val_loss": 2.847936784783215, "data_time": 0.00714544318188196, "time": 0.08355385133589821, "step": 800}
{"lr": 0.006397598398932616, "data_time": 0.35052311420440674, "loss": 1.9211596846580505, "decode.loss_seg": 0.40860437601804733, "aux_0.loss_ce": 0.3656755045056343, "aux_0.acc_seg": 84.33650207519531, "aux_1.loss_ce": 0.3388975977897644, "aux_1.acc_seg": 83.97406005859375, "aux_2.loss_ce": 0.4157489866018295, "aux_2.acc_seg": 82.30461120605469, "aux_3.loss_ce": 0.39223321080207824, "aux_3.acc_seg": 84.57211303710938, "time": 0.5086427211761475, "iter": 900, "memory": 3098, "step": 900}
{"aAcc": 56.98, "mIoU": 38.17, "mAcc": 58.34, "avg_val_loss": 2.832524618340863, "data_time": 0.006776431511188376, "time": 0.08183408879685676, "step": 900}
{"lr": 0.0069979986657771765, "data_time": 0.00876302719116211, "loss": 1.9906559824943542, "decode.loss_seg": 0.5458693087100983, "aux_0.loss_ce": 0.3624571681022644, "aux_0.acc_seg": 83.60778045654297, "aux_1.loss_ce": 0.3415466040372849, "aux_1.acc_seg": 83.37455749511719, "aux_2.loss_ce": 0.3744071781635284, "aux_2.acc_seg": 82.30339050292969, "aux_3.loss_ce": 0.3663757234811783, "aux_3.acc_seg": 81.09522247314453, "time": 0.7199605941772461, "iter": 1000, "memory": 3098, "step": 1000}
{"aAcc": 56.04, "mIoU": 37.55, "mAcc": 57.68, "avg_val_loss": 2.8098473508934876, "data_time": 0.006035275842951632, "time": 0.08187827022596338, "step": 1000}
{"lr": 0.0075983989326217465, "data_time": 0.15697052478790283, "loss": 1.9937212109565734, "decode.loss_seg": 0.518953162431717, "aux_0.loss_ce": 0.3502721130847931, "aux_0.acc_seg": 87.77105712890625, "aux_1.loss_ce": 0.3374925136566162, "aux_1.acc_seg": 87.79544830322266, "aux_2.loss_ce": 0.3954598993062973, "aux_2.acc_seg": 84.60671997070312, "aux_3.loss_ce": 0.3915435254573822, "aux_3.acc_seg": 88.89627838134766, "time": 0.6130054235458374, "iter": 1100, "memory": 3098, "step": 1100}
{"aAcc": 51.63, "mIoU": 31.07, "mAcc": 48.21, "avg_val_loss": 2.704769746122653, "data_time": 0.006383186099173009, "time": 0.08158149664429412, "step": 1100}
{"lr": 0.008198799199466306, "data_time": 0.008966565132141113, "loss": 2.0242237210273744, "decode.loss_seg": 0.5186290249228478, "aux_0.loss_ce": 0.36337311565876007, "aux_0.acc_seg": 85.20072174072266, "aux_1.loss_ce": 0.34530281126499174, "aux_1.acc_seg": 86.47766876220703, "aux_2.loss_ce": 0.40850394666194917, "aux_2.acc_seg": 81.80816650390625, "aux_3.loss_ce": 0.38841485381126406, "aux_3.acc_seg": 84.33422088623047, "time": 0.930460524559021, "iter": 1200, "memory": 3098, "step": 1200}
{"aAcc": 55.78, "mIoU": 37.37, "mAcc": 57.98, "avg_val_loss": 2.626367335513844, "data_time": 0.006741652543517365, "time": 0.08317700199697209, "step": 1200}
{"lr": 0.008799199466310867, "data_time": 0.37017436027526857, "loss": 1.980785644054413, "decode.loss_seg": 0.573324853181839, "aux_0.loss_ce": 0.33028513491153716,