{"lr": 0.0015930867963809803, "data_time": 0.3458669424057007, "loss": 9.111560392379761, "decode.loss_ce": 1.4897709965705872, "decode.acc_seg": 62.6058349609375, "aux_0.loss_ce": 2.404698371887207, "aux_0.acc_seg": 50.60466766357422, "aux_1.loss_ce": 1.9578949213027954, "aux_1.acc_seg": 53.63427734375, "aux_2.loss_ce": 1.683453905582428, "aux_2.acc_seg": 57.21738815307617, "aux_3.loss_ce": 1.5757421016693116, "aux_3.acc_seg": 56.25149917602539, "time": 0.6051871299743652, "iter": 100, "memory": 19219, "step": 100}
