{"lr": 0.0031233123312331018, "data_time": 0.003649115562438965, "loss": 6.609829568862915, "decode.loss_ce": 0.963742783665657, "decode.acc_seg": 75.37178039550781, "aux_0.loss_ce": 1.5272146344184876, "aux_0.acc_seg": 59.46711349487305, "aux_1.loss_ce": 1.4357880115509034, "aux_1.acc_seg": 63.97244644165039, "aux_2.loss_ce": 1.3243915557861328, "aux_2.acc_seg": 67.4306640625, "aux_3.loss_ce": 1.3586924254894257, "aux_3.acc_seg": 69.10755920410156, "time": 0.16998279094696045, "iter": 2360, "memory": 17408, "step": 2360}
{"lr": 0.009537952097622432, "data_time": 0.03730785846710205, "loss": 4.348803472518921, "decode.loss_ce": 0.3710650444030762, "decode.acc_seg": 89.93199920654297, "aux_0.loss_ce": 1.2616068303585053, "aux_0.acc_seg": 76.8193359375, "aux_1.loss_ce": 1.0237472474575042, "aux_1.acc_seg": 80.6520004272461, "aux_2.loss_ce": 0.8760721564292908, "aux_2.acc_seg": 82.06266784667969, "aux_3.loss_ce": 0.8163121402263641, "aux_3.acc_seg": 81.1346664428711, "time": 0.1578666925430298, "iter": 25000, "memory": 901, "step": 25000}
{"aAcc": 88.75, "mIoU": 59.59, "mAcc": 66.15, "avg_val_loss": 3.3472491090257406, "data_time": 0.004842418243705211, "time": 0.3488389552364674, "step": 25000}
{"lr": 0.00876212311557222, "data_time": 0.048174047470092775, "loss": 4.531381666660309, "decode.loss_ce": 0.4119168594479561, "decode.acc_seg": 92.99555969238281, "aux_0.loss_ce": 1.4532327950000763, "aux_0.acc_seg": 65.92111206054688, "aux_1.loss_ce": 1.0944747090339662, "aux_1.acc_seg": 69.05911254882812, "aux_2.loss_ce": 0.8116909444332123, "aux_2.acc_seg": 75.57266998291016, "aux_3.loss_ce": 0.7600663959980011, "aux_3.acc_seg": 75.19044494628906, "time": 0.1327515125274658, "iter": 50000, "memory": 34198, "step": 50000}
{"aAcc": 90.25, "mIoU": 62.4, "mAcc": 67.75, "avg_val_loss": 3.2396678864529376, "data_time": 0.004476805913795546, "time": 0.35571537318738916, "step": 50000}
{"lr": 0.007978483151654243, "data_time": 0.06307387351989746, "loss": 3.7179615259170533, "decode.loss_ce": 0.32135804295539855, "decode.acc_seg": 86.98088836669922, "aux_0.loss_ce": 1.2690658688545227, "aux_0.acc_seg": 47.525779724121094, "aux_1.loss_ce": 0.900437080860138, "aux_1.acc_seg": 56.65911102294922, "aux_2.loss_ce": 0.6549120008945465, "aux_2.acc_seg": 72.65799713134766, "aux_3.loss_ce": 0.572188550233841, "aux_3.acc_seg": 75.65533447265625, "time": 0.14534058570861816, "iter": 75000, "memory": 901, "step": 75000}
{"aAcc": 89.0, "mIoU": 61.41, "mAcc": 69.9, "avg_val_loss": 3.178761601685522, "data_time": 0.0044740941918012, "time": 0.3534650304942455, "step": 75000}
{"lr": 0.007186068404049393, "data_time": 0.10641810894012452, "loss": 3.893125033378601, "decode.loss_ce": 0.33389127999544144, "decode.acc_seg": 88.11199951171875, "aux_0.loss_ce": 1.2398312747478486, "aux_0.acc_seg": 62.0271110534668, "aux_1.loss_ce": 0.9297120273113251, "aux_1.acc_seg": 67.97000122070312, "aux_2.loss_ce": 0.7545388519763947, "aux_2.acc_seg": 76.96444702148438, "aux_3.loss_ce": 0.6351516783237457, "aux_3.acc_seg": 81.27799987792969, "time": 0.19275803565979005, "iter": 100000, "memory": 901, "step": 100000}
{"aAcc": 90.22, "mIoU": 69.06, "mAcc": 75.6, "avg_val_loss": 3.159179989003489, "data_time": 0.004414337931327449, "time": 0.3441251145983205, "step": 100000}
{"lr": 0.006383658700402408, "data_time": 0.010128545761108398, "loss": 3.581023335456848, "decode.loss_ce": 0.31519038528203963, "decode.acc_seg": 84.4368896484375, "aux_0.loss_ce": 1.1677897453308106, "aux_0.acc_seg": 42.034446716308594, "aux_1.loss_ce": 0.8830281615257263, "aux_1.acc_seg": 53.872222900390625, "aux_2.loss_ce": 0.6436054587364197, "aux_2.acc_seg": 62.18822479248047, "aux_3.loss_ce": 0.5714095890522003, "aux_3.acc_seg": 64.33000183105469, "time": 0.16044342517852783, "iter": 125000, "memory": 901, "step": 125000}
{"aAcc": 91.18, "mIoU": 68.04, "mAcc": 72.23, "avg_val_loss": 3.099749974773949, "data_time": 0.00434125164180126, "time": 0.34642203918938497, "step": 125000}
{"lr": 0.005569661845011098, "data_time": 0.03077690601348877, "loss": 4.361182522773743, "decode.loss_ce": 0.34844337999820707, "decode.acc_seg": 88.8302230834961, "aux_0.loss_ce": 1.4545789122581483, "aux_0.acc_seg": 51.827335357666016, "aux_1.loss_ce": 1.1058767437934875, "aux_1.acc_seg": 67.86599731445312, "aux_2.loss_ce": 0.7886797189712524, "aux_2.acc_seg": 78.9886703491211, "aux_3.loss_ce": 0.6636038333177566, "aux_3.acc_seg": 79.8759994506836, "time": 0.1439192295074463, "iter": 150000, "memory": 901, "step": 150000}
{"aAcc": 88.96, "mIoU": 63.92, "mAcc": 70.57, "avg_val_loss": 3.196445994969976, "data_time": 0.0045154916429982605, "time": 0.35670808970349505, "step": 150000}
{"lr": 0.004741916842245443, "data_time": 0.0043172121047973635, "loss": 3.5075125217437746, "decode.loss_ce": 0.3019548036158085, "decode.acc_seg": 89.4168930053711, "aux_0.loss_ce": 1.1422997415065765, "aux_0.acc_seg": 74.04066467285156, "aux_1.loss_ce": 0.8493849337100983, "aux_1.acc_seg": 76.67311096191406, "aux_2.loss_ce": 0.6599168837070465, "aux_2.acc_seg": 80.03622436523438, "aux_3.loss_ce": 0.5539561361074448, "aux_3.acc_seg": 83.51622009277344, "time": 0.13797943592071532, "iter": 175000, "memory": 901, "step": 175000}
{"aAcc": 89.87, "mIoU": 68.88, "mAcc": 74.63, "avg_val_loss": 3.1973614583787904, "data_time": 0.004206320035804823, "time": 0.35682746449720515, "step": 175000}
{"lr": 0.0038973300345891385, "data_time": 0.004231739044189453, "loss": 3.943134570121765, "decode.loss_ce": 0.32001648992300036, "decode.acc_seg": 88.97533416748047, "aux_0.loss_ce": 1.2710142135620117, "aux_0.acc_seg": 52.92177963256836, "aux_1.loss_ce": 1.0026310294866563, "aux_1.acc_seg": 64.2911148071289, "aux_2.loss_ce": 0.786995455622673, "aux_2.acc_seg": 80.42200469970703, "aux_3.loss_ce": 0.5624774008989334, "aux_3.acc_seg": 85.12110900878906, "time": 0.1295567274093628, "iter": 200000, "memory": 901, "step": 200000}
{"aAcc": 92.14, "mIoU": 72.88, "mAcc": 75.73, "avg_val_loss": 3.146260591245389, "data_time": 0.004375959484322557, "time": 0.35250018117497267, "step": 200000}
{"lr": 0.0030311192072655776, "data_time": 0.07437522411346435, "loss": 2.944253993034363, "decode.loss_ce": 0.22295052707195281, "decode.acc_seg": 92.9082260131836, "aux_0.loss_ce": 1.0915224194526671, "aux_0.acc_seg": 70.68822479248047, "aux_1.loss_ce": 0.7284540683031082, "aux_1.acc_seg": 74.25399780273438, "aux_2.loss_ce": 0.5032890200614929, "aux_2.acc_seg": 86.3586654663086, "aux_3.loss_ce": 0.398037976026535, "aux_3.acc_seg": 92.9082260131836, "time": 0.16315360069274903, "iter": 225000, "memory": 901, "step": 225000}
{"aAcc": 92.34, "mIoU": 74.34, "mAcc": 78.12, "avg_val_loss": 3.1068313388994104, "data_time": 0.004399465704427182, "time": 0.3424592920877401, "step": 225000}
{"lr": 0.002134938779782286, "data_time": 0.05648164749145508, "loss": 2.9985185503959655, "decode.loss_ce": 0.24665509164333344, "decode.acc_seg": 96.69466400146484, "aux_0.loss_ce": 1.1165085315704346, "aux_0.acc_seg": 72.18289184570312, "aux_1.loss_ce": 0.7361064910888672, "aux_1.acc_seg": 83.2155532836914, "aux_2.loss_ce": 0.5008323341608047, "aux_2.acc_seg": 88.21733093261719, "aux_3.loss_ce": 0.3984160766005516, "aux_3.acc_seg": 91.69422149658203, "time": 0.1641287088394165, "iter": 250000, "memory": 901, "step": 250000}
{"aAcc": 90.94, "mIoU": 72.6, "mAcc": 78.79, "avg_val_loss": 3.105312654948663, "data_time": 0.004966543137448505, "time": 0.35635862767117693, "step": 250000}
{"lr": 0.001190496691028158, "data_time": 0.00409541130065918, "loss": 3.406253385543823, "decode.loss_ce": 0.28462726175785064, "decode.acc_seg": 86.4024429321289, "aux_0.loss_ce": 1.0920036911964417, "aux_0.acc_seg": 47.55889129638672, "aux_1.loss_ce": 0.8154325962066651, "aux_1.acc_seg": 66.98977661132812, "aux_2.loss_ce": 0.655310308933258, "aux_2.acc_seg": 79.51000213623047, "aux_3.loss_ce": 0.5588794708251953, "aux_3.acc_seg": 83.3848876953125, "time": 0.13454594612121581, "iter": 275000, "memory": 901, "step": 275000}
{"aAcc": 92.31,