{"lr": 0.0072072072072071995, "data_time": 0.005043458938598633, "loss": 5.412156200408935, "decode.loss_ce": 0.9310779452323914, "decode.acc_seg": 82.33732604980469, "aux_0.loss_ce": 1.4023720622062683, "aux_0.acc_seg": 79.39945220947266, "aux_1.loss_ce": 1.1404038548469544, "aux_1.acc_seg": 79.48714447021484, "aux_2.loss_ce": 1.0116589307785033, "aux_2.acc_seg": 78.40434265136719, "aux_3.loss_ce": 0.9266434669494629, "aux_3.acc_seg": 81.6153793334961, "time": 0.336841344833374, "iter": 50, "memory": 36628, "step": 50}
{"lr": 0.009459459459459446, "data_time": 0.05476248264312744, "loss": 4.886845326423645, "decode.loss_ce": 0.8298798739910126, "decode.acc_seg": 64.53170776367188, "aux_0.loss_ce": 1.1970509588718414, "aux_0.acc_seg": 61.06257629394531, "aux_1.loss_ce": 0.992749935388565, "aux_1.acc_seg": 60.92372131347656, "aux_2.loss_ce": 0.9324174344539642, "aux_2.acc_seg": 62.8021240234375, "aux_3.loss_ce": 0.9347471415996551, "aux_3.acc_seg": 63.510704040527344, "time": 0.4354097843170166, "iter": 100, "memory": 3314, "step": 100}
{"lr": 0.011711711711711703, "data_time": 0.004536080360412598, "loss": 6.3907482624053955, "decode.loss_ce": 1.2963660210371017, "decode.acc_seg": 71.88802337646484, "aux_0.loss_ce": 1.292310607433319, "aux_0.acc_seg": 69.55093383789062, "aux_1.loss_ce": 1.2416644632816314, "aux_1.acc_seg": 71.6240005493164, "aux_2.loss_ce": 1.2365518748760223, "aux_2.acc_seg": 70.11683654785156, "aux_3.loss_ce": 1.3238553881645203, "aux_3.acc_seg": 67.84815979003906, "time": 0.3534302473068237, "iter": 150, "memory": 3314, "step": 150}
