{"lr": 0.005201541801877408, "data_time": 0.0038514137268066406, "loss": 7.479929637908936, "decode.loss_ce": 1.0711593896150589, "decode.acc_seg": 82.03266906738281, "aux_0.loss_ce": 1.716906976699829, "aux_0.acc_seg": 63.23377990722656, "aux_1.loss_ce": 1.60886709690094, "aux_1.acc_seg": 59.006221771240234, "aux_2.loss_ce": 1.5166605055332183, "aux_2.acc_seg": 66.43489074707031, "aux_3.loss_ce": 1.5663358688354492, "aux_3.acc_seg": 64.26577758789062, "time": 0.1433861255645752, "iter": 500, "memory": 17409, "step": 500}
