{"lr": 0.0015930867963809803, "data_time": 0.05487658977508545, "loss": 5.659835386276245, "decode.loss_ce": 0.707800668478012, "decode.acc_seg": 72.48916625976562, "aux_0.loss_ce": 1.8252522706985475, "aux_0.acc_seg": 48.646610260009766, "aux_1.loss_ce": 1.3046201467514038, "aux_1.acc_seg": 50.15711212158203, "aux_2.loss_ce": 0.9533802092075347, "aux_2.acc_seg": 54.03905487060547, "aux_3.loss_ce": 0.8687820911407471, "aux_3.acc_seg": 52.8837776184082, "time": 0.5903434753417969, "iter": 100, "memory": 19655, "step": 100}
{"aAcc": 67.77, "mIoU": 42.5, "mAcc": 57.08, "avg_val_loss": 6.107127454545763, "data_time": 0.012236714363098145, "time": 0.12873016124547915, "step": 100}
{"lr": 0.002191123271301943, "data_time": 0.08816342353820801, "loss": 4.44521484375, "decode.loss_ce": 0.5885523229837417, "decode.acc_seg": 83.0239486694336, "aux_0.loss_ce": 1.2863600492477416, "aux_0.acc_seg": 66.35749816894531, "aux_1.loss_ce": 0.9709783971309662, "aux_1.acc_seg": 72.74666595458984, "aux_2.loss_ce": 0.8331003546714782, "aux_2.acc_seg": 75.0790023803711, "aux_3.loss_ce": 0.7662237703800201, "aux_3.acc_seg": 77.41950225830078, "time": 0.6291893243789672, "iter": 200, "memory": 34223, "step": 200}
{"aAcc": 68.66, "mIoU": 44.08, "mAcc": 58.21, "avg_val_loss": 5.610006235017066, "data_time": 0.0066828946957643, "time": 0.09796152169677033, "step": 200}
{"lr": 0.0027881034698292294, "data_time": 0.008196854591369629, "loss": 4.0326896667480465, "decode.loss_ce": 0.5078740239143371, "decode.acc_seg": 73.22389221191406, "aux_0.loss_ce": 1.1056955397129058, "aux_0.acc_seg": 57.55905532836914, "aux_1.loss_ce": 0.887047678232193, "aux_1.acc_seg": 64.14216613769531, "aux_2.loss_ce": 0.7890150904655456, "aux_2.acc_seg": 65.79133605957031, "aux_3.loss_ce": 0.7430573642253876, "aux_3.acc_seg": 65.13816833496094, "time": 0.5925239801406861, "iter": 300, "memory": 3356, "step": 300}
{"aAcc": 65.9, "mIoU": 43.05, "mAcc": 56.76, "avg_val_loss": 5.341513119216784, "data_time": 0.007236401240030925, "time": 0.10244005301903034, "step": 300}
