{"lr": 0.0015943962641761188, "data_time": 0.5489578485488892, "loss": 1.9088016629219056, "decode.loss_seg": 1.16466765999794, "aux_0.loss_seg": 0.2560269236564636, "aux_1.loss_seg": 0.2012258991599083, "aux_2.loss_seg": 0.15816137790679932, "aux_3.loss_seg": 0.12871978878974916, "time": 0.7106748819351196, "iter": 100, "memory": 20097, "step": 100}
{"aAcc": 49.39, "mIoU": 32.32, "mAcc": 51.78, "avg_val_loss": 0.0, "data_time": 0.013690344122953193, "time": 0.07932880035666533, "step": 100}
{"lr": 0.002194796531020685, "data_time": 0.0859870433807373, "loss": 1.4042219996452332, "decode.loss_seg": 0.842740249633789, "aux_0.loss_seg": 0.2056608811020851, "aux_1.loss_seg": 0.15467899292707443, "aux_2.loss_seg": 0.11649377867579461, "aux_3.loss_seg": 0.08464811965823174, "time": 0.6637552738189697, "iter": 200, "memory": 17084, "step": 200}
{"aAcc": 45.66, "mIoU": 29.74, "mAcc": 50.13, "avg_val_loss": 0.0, "data_time": 0.020745743280169607, "time": 0.06868458890366828, "step": 200}
{"lr": 0.0027951967978652476, "data_time": 0.02898693084716797, "loss": 1.0452848732471467, "decode.loss_seg": 0.6331736803054809, "aux_0.loss_seg": 0.15676289200782775, "aux_1.loss_seg": 0.11831859946250915, "aux_2.loss_seg": 0.08153694346547127, "aux_3.loss_seg": 0.055492737144231793, "time": 0.6065876245498657, "iter": 300, "memory": 3680, "step": 300}
