{"lr": 0.005201541801877408, "data_time": 0.014614725112915039, "loss": 7.552327108383179, "decode.loss_ce": 1.0691879391670227, "decode.acc_seg": 81.68377685546875, "aux_0.loss_ce": 1.757527470588684, "aux_0.acc_seg": 77.0408935546875, "aux_1.loss_ce": 1.6436012148857118, "aux_1.acc_seg": 75.34178161621094, "aux_2.loss_ce": 1.5519686579704284, "aux_2.acc_seg": 79.0064468383789, "aux_3.loss_ce": 1.5300417423248291, "aux_3.acc_seg": 78.90333557128906, "time": 0.1357795000076294, "iter": 500, "memory": 17409, "step": 500}
