{"lr": 0.0015943962641761188, "data_time": 0.0581397533416748, "loss": 1.9381584405899048, "decode.loss_seg": 0.4863940179347992, "aux_0.loss_seg": 0.3785246804356575, "aux_1.loss_seg": 0.35116212368011473, "aux_2.loss_seg": 0.35828846246004104, "aux_3.loss_seg": 0.3637891635298729, "time": 0.6125367641448974, "iter": 100, "memory": 19977, "step": 100}
{"aAcc": 53.69, "mIoU": 34.44, "mAcc": 53.38, "avg_val_loss": 0.0, "data_time": 0.011742733245672182, "time": 0.08937301192172738, "step": 100}
{"lr": 0.002194796531020685, "data_time": 0.010589528083801269, "loss": 1.5606697857379914, "decode.loss_seg": 0.43675901740789413, "aux_0.loss_seg": 0.2768768310546875, "aux_1.loss_seg": 0.26612789556384087, "aux_2.loss_seg": 0.27674962878227233, "aux_3.loss_seg": 0.304156431555748, "time": 0.5219659805297852, "iter": 200, "memory": 34270, "step": 200}
{"aAcc": 61.39, "mIoU": 43.54, "mAcc": 61.5, "avg_val_loss": 0.0, "data_time": 0.009981922719670439, "time": 0.06809447551595754, "step": 200}
{"lr": 0.0027951967978652476, "data_time": 0.22220499515533448, "loss": 1.3445956259965897, "decode.loss_seg": 0.3630594819784164, "aux_0.loss_seg": 0.20840395092964173, "aux_1.loss_seg": 0.21663395464420318, "aux_2.loss_seg": 0.26339792311191557, "aux_3.loss_seg": 0.29310030192136766, "time": 0.5891276836395264, "iter": 300, "memory": 3093, "step": 300}
{"aAcc": 55.8, "mIoU": 38.1, "mAcc": 57.47, "avg_val_loss": 0.0, "data_time": 0.00963492229067046, "time": 0.07291939340788743, "step": 300}
{"lr": 0.0033955970647098093, "data_time": 0.16357972621917724, "loss": 1.3394898295402526, "decode.loss_seg": 0.3931219786405563, "aux_0.loss_seg": 0.21397101916372777, "aux_1.loss_seg": 0.22335180416703224, "aux_2.loss_seg": 0.24974638521671294, "aux_3.loss_seg": 0.25929866209626196, "time": 0.686609435081482, "iter": 400, "memory": 3093, "step": 400}
{"aAcc": 58.82, "mIoU": 41.11, "mAcc": 60.17, "avg_val_loss": 0.0, "data_time": 0.01129135592230435, "time": 0.07376357604717386, "step": 400}
{"lr": 0.003995997331554373, "data_time": 0.4262050151824951, "loss": 1.3110455214977264, "decode.loss_seg": 0.38858603313565254, "aux_0.loss_seg": 0.19874308854341508, "aux_1.loss_seg": 0.2149314910173416, "aux_2.loss_seg": 0.24731366857886314, "aux_3.loss_seg": 0.26147124245762826, "time": 0.5893109798431396, "iter": 500, "memory": 3093, "step": 500}
{"aAcc": 61.01, "mIoU": 42.63, "mAcc": 60.6, "avg_val_loss": 0.0, "data_time": 0.011754120903453607, "time": 0.07449202976007571, "step": 500}
{"lr": 0.0045963975983989375, "data_time": 0.4303213834762573, "loss": 1.2250508069992065, "decode.loss_seg": 0.361728310585022, "aux_0.loss_seg": 0.18291925638914108, "aux_1.loss_seg": 0.2009306252002716, "aux_2.loss_seg": 0.23323852568864822, "aux_3.loss_seg": 0.2462340772151947, "time": 0.5870617151260376, "iter": 600, "memory": 3093, "step": 600}
{"aAcc": 59.73, "mIoU": 42.02, "mAcc": 60.28, "avg_val_loss": 0.0, "data_time": 0.009795188903808594, "time": 0.07330840209434772, "step": 600}
{"lr": 0.005196797865243495, "data_time": 0.26293649673461916, "loss": 1.1923226594924927, "decode.loss_seg": 0.3487295493483543, "aux_0.loss_seg": 0.18486935049295425, "aux_1.loss_seg": 0.20331425070762635, "aux_2.loss_seg": 0.22128234952688217, "aux_3.loss_seg": 0.2341271311044693, "time": 0.4407846212387085, "iter": 700, "memory": 3093, "step": 700}
{"aAcc": 61.91, "mIoU": 44.91, "mAcc": 63.52, "avg_val_loss": 0.0, "data_time": 0.011185615912251088, "time": 0.07330175925945413, "step": 700}
{"lr": 0.005797198132088056, "data_time": 0.44538681507110595, "loss": 0.9288911342620849, "decode.loss_seg": 0.280343571305275, "aux_0.loss_seg": 0.13925003111362458, "aux_1.loss_seg": 0.155486311763525, "aux_2.loss_seg": 0.1696968838572502, "aux_3.loss_seg": 0.18411435112357138, "time": 0.5770522117614746, "iter": 800, "memory": 3093, "step": 800}
{"aAcc": 57.52, "mIoU": 39.09, "mAcc": 58.63, "avg_val_loss": 0.0, "data_time": 0.011807428009208592, "time": 0.0630244030349556, "step": 800}
{"lr": 0.006397598398932616, "data_time": 0.3403499603271484, "loss": 1.105654203891754, "decode.loss_seg": 0.3355981886386871, "aux_0.loss_seg": 0.1679789036512375, "aux_1.loss_seg": 0.1856483042240143, "aux_2.loss_seg": 0.20004898458719253, "aux_3.loss_seg": 0.2163798302412033, "time": 0.6235451221466064, "iter": 900, "memory": 3093, "step": 900}
{"aAcc": 58.33, "mIoU": 40.2, "mAcc": 59.88, "avg_val_loss": 0.0, "data_time": 0.011115797634782463, "time": 0.0640163394226425, "step": 900}
{"lr": 0.0069979986657771765, "data_time": 0.008211207389831544, "loss": 0.9681180864572525, "decode.loss_seg": 0.2902237087488174, "aux_0.loss_seg": 0.14159926772117615, "aux_1.loss_seg": 0.16284794583916665, "aux_2.loss_seg": 0.17819691300392151, "aux_3.loss_seg": 0.19525026455521582, "time": 0.6708539009094239, "iter": 1000, "memory": 3093, "step": 1000}
{"aAcc": 52.97, "mIoU": 34.64, "mAcc": 55.73, "avg_val_loss": 0.0, "data_time": 0.007384544131399572, "time": 0.05883557769073837, "step": 1000}
{"lr": 0.0075983989326217465, "data_time": 0.5782640933990478, "loss": 1.0353568077087403, "decode.loss_seg": 0.30471913516521454, "aux_0.loss_seg": 0.16651580855250359, "aux_1.loss_seg": 0.18309990167617798, "aux_2.loss_seg": 0.18208758980035783, "aux_3.loss_seg": 0.19893433898687363, "time": 0.7117867231369018, "iter": 1100, "memory": 3093, "step": 1100}
{"aAcc": 55.18, "mIoU": 36.91, "mAcc": 57.26, "avg_val_loss": 0.0, "data_time": 0.009746425453273729, "time": 0.06114511106206083, "step": 1100}
{"lr": 0.008198799199466306, "data_time": 0.4674373626708984, "loss": 1.0276555061340331, "decode.loss_seg": 0.3048321485519409, "aux_0.loss_seg": 0.16027130782604218, "aux_1.loss_seg": 0.17543181106448175, "aux_2.loss_seg": 0.1842976488173008, "aux_3.loss_seg": 0.20282259583473206, "time": 0.6667166948318481, "iter": 1200, "memory": 3093, "step": 1200}
{"aAcc": 55.1, "mIoU": 36.61, "mAcc": 57.18, "avg_val_loss": 0.0, "data_time": 0.010954722590830135, "time": 0.062175794579516885, "step": 1200}
{"lr": 0.008799199466310867, "data_time": 0.010658979415893555, "loss": 1.0763898372650147, "decode.loss_seg": 0.31623397171497347, "aux_0.loss_seg": 0.1621338337659836, "aux_1.loss_seg": 0.18270426392555236, "aux_2.loss_seg": 0.19541580080986024, "aux_3.loss_seg": 0.21990196853876115, "time": 0.7178764820098877, "iter": 1300, "memory": 3093, "step": 1300}
{"aAcc": 58.01, "mIoU": 39.55, "mAcc": 58.72, "avg_val_loss": 0.0, "data_time": 0.009645958056395081, "time": 0.06095525588112316, "step": 1300}
{"lr": 0.009399599733155411, "data_time": 0.31475422382354734, "loss": 0.9629442274570466, "decode.loss_seg": 0.2862341791391373, "aux_0.loss_seg": 0.14902434200048448, "aux_1.loss_seg": 0.16311369314789773, "aux_2.loss_seg": 0.1741801142692566, "aux_3.loss_seg": 0.19039189219474792, "time": 0.5254461765289307, "iter": 1400, "memory": 3093, "step": 1400}
{"aAcc": 57.37, "mIoU": 39.42, "mAcc": 59.54, "avg_val_loss": 0.0, "data_time": 0.00990323362679317, "time": 0.06109362635119208, "step": 1400}
{"lr": 0.009999999999999966, "data_time": 0.23025052547454833, "loss": 0.9778375864028931, "decode.loss_seg": 0.29496134370565413, "aux_0.loss_seg": 0.14390183240175247, "aux_1.loss_seg": 0.16389863863587378, "aux_2.loss_seg": 0.17881011217832565, "aux_3.loss_seg": 0.1962656557559967, "time": 0.4695200204849243, "iter": 1500, "memory": 3093, "step": 1500}
{"aAcc": 51.11, "mIoU": 33.58, "mAcc": 55.09, "avg_val_loss": 0.0, "data_time": 0.01463627815246582, "time": 0.06588999156294198, "step": 1500}
{"lr": 0.009884680550653002, "data_time": 0.16579132080078124, "loss": 0.8705879628658295, "decode.loss_seg": 0.2564718946814537, "aux_0.loss_seg": 0.13021010011434556, "aux_1.loss_seg": 0.15045857056975365, "aux_2.loss_seg": 0.15847697854042053, "aux_3.loss_seg": 0.1749704249203205, "time": 0.6743583917617798, "iter": 1600, "memory": 3093, "step": 1600}
{"aAcc": 63.06, "mIoU": 44.4, "mAcc": 62.57, "avg_val_loss": 0.0, "data_time": 0.013167104501833862, "time": 0.06451788441888218,