{"lr": 0.0015943962641761188, "data_time": 0.009163308143615722, "loss": 3.7205042362213137, "decode.loss_ce": 0.7209712862968445, "decode.acc_seg": 72.98405456542969, "aux_0.loss_ce": 0.7812272667884826, "aux_0.acc_seg": 73.99622344970703, "aux_1.loss_ce": 0.7270623564720153, "aux_1.acc_seg": 74.12000274658203, "aux_2.loss_ce": 0.7919012904167175, "aux_2.acc_seg": 77.61988830566406, "aux_3.loss_ce": 0.6993420898914338, "aux_3.acc_seg": 77.96089172363281, "time": 0.6511789083480835, "iter": 100, "memory": 19641, "step": 100}
