{"lr": 0.0015943962641761188, "data_time": 0.2672520399093628, "loss": 2.777555823326111, "decode.loss_seg": 1.5025256335735322, "aux_0.loss_seg": 0.694133248925209, "aux_1.loss_seg": 0.580896931886673, "time": 0.6481060266494751, "iter": 100, "memory": 10470, "step": 100}
{"aAcc": 35.92, "mIoU": 19.53, "mAcc": 35.98, "avg_val_loss": 0.0, "data_time": 0.013550242712331373, "time": 0.07381540675495946, "step": 100}
{"lr": 0.002194796531020685, "data_time": 0.11706068515777587, "loss": 2.0641194939613343, "decode.loss_seg": 1.0614239752292634, "aux_0.loss_seg": 0.5819735378026962, "aux_1.loss_seg": 0.4207219541072845, "time": 0.6102059125900269, "iter": 200, "memory": 33486, "step": 200}
{"aAcc": 61.36, "mIoU": 43.51, "mAcc": 61.3, "avg_val_loss": 0.0, "data_time": 0.021896241725176232, "time": 0.062498640740054776, "step": 200}
