{"lr": 0.0015930867963809803, "data_time": 0.4377150297164917, "loss": 6.557492685317993, "decode.loss_ce": 0.6247176945209503, "decode.acc_seg": 71.08377838134766, "aux_0.loss_ce": 2.468313384056091, "aux_0.acc_seg": 38.88994598388672, "aux_1.loss_ce": 1.470280158519745, "aux_1.acc_seg": 47.968387603759766, "aux_2.loss_ce": 1.0848096907138824, "aux_2.acc_seg": 56.32950210571289, "aux_3.loss_ce": 0.9093717575073242, "aux_3.acc_seg": 64.36555480957031, "time": 0.6597862005233764, "iter": 100, "memory": 19655, "step": 100}
{"aAcc": 68.13, "mIoU": 42.55, "mAcc": 57.23, "avg_val_loss": 7.92829607139554, "data_time": 0.013808852018311966, "time": 0.13403390174688296, "step": 100}
{"lr": 0.002191123271301943, "data_time": 0.1753370761871338, "loss": 5.124446535110474, "decode.loss_ce": 0.5350295037031174, "decode.acc_seg": 77.4304428100586, "aux_0.loss_ce": 1.6618446826934814, "aux_0.acc_seg": 39.40772247314453, "aux_1.loss_ce": 1.1637387156486512, "aux_1.acc_seg": 58.213111877441406, "aux_2.loss_ce": 0.9428146660327912, "aux_2.acc_seg": 64.6604995727539, "aux_3.loss_ce": 0.8210190117359162, "aux_3.acc_seg": 66.03111267089844, "time": 0.5395550966262818, "iter": 200, "memory": 34223, "step": 200}
{"aAcc": 70.08, "mIoU": 46.65, "mAcc": 60.39, "avg_val_loss": 7.305401593882438, "data_time": 0.006144011157682572, "time": 0.10296520693548794, "step": 200}
{"lr": 0.0027881034698292294, "data_time": 0.07114043235778808, "loss": 4.622998690605163, "decode.loss_ce": 0.4844560146331787, "decode.acc_seg": 76.82627868652344, "aux_0.loss_ce": 1.342979407310486, "aux_0.acc_seg": 44.888221740722656, "aux_1.loss_ce": 1.0638599395751953, "aux_1.acc_seg": 51.90305709838867, "aux_2.loss_ce": 0.9020473003387451, "aux_2.acc_seg": 57.83938980102539, "aux_3.loss_ce": 0.8296561121940613, "aux_3.acc_seg": 63.87244415283203, "time": 0.6819861173629761, "iter": 300, "memory": 3356, "step": 300}
{"aAcc": 60.83, "mIoU": 32.34, "mAcc": 48.2, "avg_val_loss": 7.244446792391076, "data_time": 0.007910553066209814, "time": 0.10400274978286919, "step": 300}
{"lr": 0.0033840217450599877, "data_time": 0.009050631523132324, "loss": 4.3441325426101685, "decode.loss_ce": 0.4711524069309235, "decode.acc_seg": 81.98860931396484, "aux_0.loss_ce": 1.2562276721000671, "aux_0.acc_seg": 54.12116622924805, "aux_1.loss_ce": 1.0155305802822112, "aux_1.acc_seg": 64.7679443359375, "aux_2.loss_ce": 0.8526348948478699, "aux_2.acc_seg": 69.0707778930664, "aux_3.loss_ce": 0.7485869288444519, "aux_3.acc_seg": 71.36244201660156, "time": 0.4648371458053589, "iter": 400, "memory": 3356, "step": 400}
{"aAcc": 67.2, "mIoU": 44.37, "mAcc": 58.59, "avg_val_loss": 7.608322871424127, "data_time": 0.006545968439387179, "time": 0.10293544297930839, "step": 400}
{"lr": 0.003978874422200742, "data_time": 0.24985918998718262, "loss": 4.278124094009399, "decode.loss_ce": 0.4225213021039963, "decode.acc_seg": 80.35316467285156, "aux_0.loss_ce": 1.2225152373313903, "aux_0.acc_seg": 47.51594543457031, "aux_1.loss_ce": 0.9970040738582611, "aux_1.acc_seg": 57.14022445678711, "aux_2.loss_ce": 0.8552604198455811, "aux_2.acc_seg": 62.648223876953125, "aux_3.loss_ce": 0.7808231472969055, "aux_3.acc_seg": 66.96588897705078, "time": 0.5159353733062744, "iter": 500, "memory": 3356, "step": 500}
{"aAcc": 65.33, "mIoU": 40.82, "mAcc": 55.44, "avg_val_loss": 7.627012203747069, "data_time": 0.006281701997778882, "time": 0.10225440715921336, "step": 500}
{"lr": 0.004572658891684879, "data_time": 0.008213090896606445, "loss": 3.952316951751709, "decode.loss_ce": 0.4294013798236847, "decode.acc_seg": 73.97389221191406, "aux_0.loss_ce": 1.1339514970779419, "aux_0.acc_seg": 48.62061309814453, "aux_1.loss_ce": 0.913115918636322, "aux_1.acc_seg": 55.716888427734375, "aux_2.loss_ce": 0.7843298614025116, "aux_2.acc_seg": 60.40483474731445, "aux_3.loss_ce": 0.6915182590484619, "aux_3.acc_seg": 66.87027740478516, "time": 0.5418393850326538, "iter": 600, "memory": 3356, "step": 600}
{"aAcc": 69.14, "mIoU": 45.36, "mAcc": 59.48, "avg_val_loss": 7.391512044296975, "data_time": 0.007102807362874349, "time": 0.10309388445711684, "step": 600}
{"lr": 0.005165373185965325, "data_time": 0.0679659128189087, "loss": 4.140842700004578, "decode.loss_ce": 0.42686361372470855, "decode.acc_seg": 80.21077728271484, "aux_0.loss_ce": 1.1836014986038208, "aux_0.acc_seg": 36.040443420410156, "aux_1.loss_ce": 0.9864725530147552, "aux_1.acc_seg": 45.8922233581543, "aux_2.loss_ce": 0.8128407537937165, "aux_2.acc_seg": 55.17355728149414, "aux_3.loss_ce": 0.7310642540454865, "aux_3.acc_seg": 59.128501892089844, "time": 0.642607307434082, "iter": 700, "memory": 3356, "step": 700}
{"aAcc": 67.64, "mIoU": 44.83, "mAcc": 58.81, "avg_val_loss": 7.452844568350061, "data_time": 0.0066334433939265105, "time": 0.10259702013826918, "step": 700}
{"lr": 0.005757015754784225, "data_time": 0.018554949760437013, "loss": 4.000944900512695, "decode.loss_ce": 0.42428194880485537, "decode.acc_seg": 81.08560943603516, "aux_0.loss_ce": 1.1435254216194153, "aux_0.acc_seg": 39.15544509887695, "aux_1.loss_ce": 0.9474754929542542, "aux_1.acc_seg": 53.51933288574219, "aux_2.loss_ce": 0.7823237538337707, "aux_2.acc_seg": 65.84872436523438, "aux_3.loss_ce": 0.7033382177352905, "aux_3.acc_seg": 66.86311340332031, "time": 0.6876651048660278, "iter": 800, "memory": 3356, "step": 800}
{"aAcc": 64.0, "mIoU": 38.37, "mAcc": 53.42, "avg_val_loss": 7.340745186248021, "data_time": 0.007365350065560177, "time": 0.10236147902477746, "step": 800}
{"lr": 0.006347585334568276, "data_time": 0.2332361936569214, "loss": 3.8569692850112913, "decode.loss_ce": 0.41104955971241, "decode.acc_seg": 82.61438751220703, "aux_0.loss_ce": 1.1237850666046143, "aux_0.acc_seg": 42.6968879699707, "aux_1.loss_ce": 0.8869772017002105, "aux_1.acc_seg": 55.986167907714844, "aux_2.loss_ce": 0.7541585862636566, "aux_2.acc_seg": 60.397613525390625, "aux_3.loss_ce": 0.6809988051652909, "aux_3.acc_seg": 62.32727813720703, "time": 0.5808838129043579, "iter": 900, "memory": 3356, "step": 900}
{"aAcc": 68.1, "mIoU": 41.55, "mAcc": 56.7, "avg_val_loss": 7.354495282594145, "data_time": 0.007000501128448837, "time": 0.10098904576794855, "step": 900}
{"lr": 0.0069370808672639134, "data_time": 0.4758380174636841, "loss": 4.128946089744568, "decode.loss_ce": 0.40583163499832153, "decode.acc_seg": 85.44027709960938, "aux_0.loss_ce": 1.1264377117156983, "aux_0.acc_seg": 47.732444763183594, "aux_1.loss_ce": 0.9661344766616822, "aux_1.acc_seg": 62.29800033569336, "aux_2.loss_ce": 0.8473190367221832, "aux_2.acc_seg": 69.05155944824219, "aux_3.loss_ce": 0.7832232177257538, "aux_3.acc_seg": 70.9582748413086, "time": 0.6997321128845215, "iter": 1000, "memory": 3356, "step": 1000}
{"aAcc": 64.93, "mIoU": 42.18, "mAcc": 56.36, "avg_val_loss": 9.034797960493648, "data_time": 0.006318988471195616, "time": 0.10115789819037778, "step": 1000}
{"lr": 0.007525501447207789, "data_time": 0.43940231800079343, "loss": 3.676747441291809, "decode.loss_ce": 0.3616757273674011, "decode.acc_seg": 84.5459976196289, "aux_0.loss_ce": 1.0689318418502807, "aux_0.acc_seg": 63.7222785949707, "aux_1.loss_ce": 0.8478659868240357, "aux_1.acc_seg": 67.25116729736328, "aux_2.loss_ce": 0.7225417733192444, "aux_2.acc_seg": 70.88961029052734, "aux_3.loss_ce": 0.6757320523262024, "aux_3.acc_seg": 72.87555694580078, "time": 0.686015272140503, "iter": 1100, "memory": 3356, "step": 1100}
{"aAcc": 67.44, "mIoU": 41.04, "mAcc": 55.88, "avg_val_loss": 9.377535515091223, "data_time": 0.007386476144023325, "time": 0.10222854559448943, "step": 1100}
{"lr": 0.008112846284874206, "data_time": 0.061462903022766115, "loss": 3.9320400953292847, "decode.loss_ce": 0.38619978725910187, "decode.acc_seg": 81.90111541748047, "aux_0.loss_ce": 1.122072970867157, "aux_0.acc_seg": 52.926055908203125, "aux_1.loss_ce": 0.9357377707958221, "aux_1.acc_seg": 59.18427658081055, "aux_2.loss_ce": 0.793578839302063, "aux_2.acc_seg": 63.24894332885742, "aux_3.loss_ce": 0.6944507241249085, "aux_3.acc_seg": 69.68878173828125,