{"lr": 0.00500735002450008, "data_time": 0.052282094955444336, "loss": 10.373302745819093, "decode.loss_ce": 1.8979258298873902, "decode.acc_seg": 34.059112548828125, "aux_0.loss_ce": 2.4758695125579835, "aux_0.acc_seg": 19.430221557617188, "aux_1.loss_ce": 2.1692925572395323, "aux_1.acc_seg": 44.6857795715332, "aux_2.loss_ce": 1.9164241313934327, "aux_2.acc_seg": 46.235111236572266, "aux_3.loss_ce": 1.9137909650802611, "aux_3.acc_seg": 27.810443878173828, "time": 0.13216605186462402, "iter": 50, "memory": 17408, "step": 50}
{"mAP": 0.1267135342692292, "AP_Tree": 0.3612810280871087, "AP_Leaves": 0.04434100057072482, "AP_Ground": 0.8461338720942381, "AP_Fence": 0.0027118815896188158, "AP_Grass": 0.08904496521081934, "AP_Log": 0.0712626198591095, "AP_Grasstree": 0.01420910024481091, "AP_Sky": 0.5260878988528529, "AP_Road sign": 0.00045573503349253554, "AP_Small branch": 0.03200904993091226, "AP_Delineator": 9.645061728395061e-05, "AP_Asphalt": 0.015149200422035986, "AP_Rubble": 6.148433510558409e-05, "AP_Rock": 0.0028733366375296625, "AP_Non-nav": 0.010824528401069358, "AP_Rough": 0.010874396420954613, "data_time": 0.005345697820621685, "time": 0.09126082824094452, "step": 50}
{"lr": 0.00501485004950016, "data_time": 0.02657790184020996, "loss": 8.476041412353515, "decode.loss_ce": 1.5986819982528686, "decode.acc_seg": 38.493778228759766, "aux_0.loss_ce": 1.8634318947792052, "aux_0.acc_seg": 67.98511505126953, "aux_1.loss_ce": 1.6652032256126403, "aux_1.acc_seg": 64.24177551269531, "aux_2.loss_ce": 1.5972731471061707, "aux_2.acc_seg": 59.7946662902832, "aux_3.loss_ce": 1.751451349258423, "aux_3.acc_seg": 30.077777862548828, "time": 0.20910422801971434, "iter": 100, "memory": 901, "step": 100}
{"mAP": 0.10903428264829607, "AP_Tree": 0.3126415690962843, "AP_Leaves": 0.04522207811124692, "AP_Ground": 0.7658658273040572, "AP_Fence": 0.0027118815896188158, "AP_Grass": 0.0868781154148815, "AP_Log": 0.05416512958051781, "AP_Grasstree": 0.01420910024481091, "AP_Sky": 0.3796463117559773, "AP_Road sign": 0.00045573503349253554, "AP_Small branch": 0.03200904993091226, "AP_Delineator": 9.645061728395061e-05, "AP_Asphalt": 0.026013527898994554, "AP_Rubble": 6.148433510558409e-05, "AP_Rock": 0.0028733366375296625, "AP_Non-nav": 0.010824528401069358, "AP_Rough": 0.010874396420954613, "data_time": 0.004470594878335601, "time": 0.08507410646642297, "step": 100}
{"lr": 0.00502235007450024, "data_time": 0.06260592937469482, "loss": 8.521409845352172, "decode.loss_ce": 1.4869762063026428, "decode.acc_seg": 58.006446838378906, "aux_0.loss_ce": 1.8042389273643493, "aux_0.acc_seg": 47.20689010620117, "aux_1.loss_ce": 1.7346482872962952, "aux_1.acc_seg": 48.977333068847656, "aux_2.loss_ce": 1.7269590258598329, "aux_2.acc_seg": 58.60333251953125, "aux_3.loss_ce": 1.7685873985290528, "aux_3.acc_seg": 62.72066879272461, "time": 0.14310343265533448, "iter": 150, "memory": 901, "step": 150}
{"mAP": 0.13575088352222825, "AP_Tree": 0.40030791329853804, "AP_Leaves": 0.08324202399774734, "AP_Ground": 0.7728117496740842, "AP_Fence": 0.0027118815896188158, "AP_Grass": 0.08412503615327713, "AP_Log": 0.046327183792887354, "AP_Grasstree": 0.01696362632531143, "AP_Sky": 0.4528701615073139, "AP_Road sign": 0.00045573503349253554, "AP_Small branch": 0.03200904993091226, "AP_Delineator": 9.645061728395061e-05, "AP_Asphalt": 0.2554595786405263, "AP_Rubble": 6.148433510558409e-05, "AP_Rock": 0.0028733366375296625, "AP_Non-nav": 0.010824528401069358, "AP_Rough": 0.010874396420954613, "data_time": 0.004217352103261115, "time": 0.08678671515103682, "step": 150}
{"lr": 0.005029850099500326, "data_time": 0.030882668495178223, "loss": 8.37725567817688, "decode.loss_ce": 1.4364994764328003, "decode.acc_seg": 45.71577835083008, "aux_0.loss_ce": 1.756355607509613, "aux_0.acc_seg": 29.036890029907227, "aux_1.loss_ce": 1.6715320587158202, "aux_1.acc_seg": 32.80488967895508, "aux_2.loss_ce": 1.6513288736343383, "aux_2.acc_seg": 36.27555465698242, "aux_3.loss_ce": 1.8615397453308105, "aux_3.acc_seg": 29.829999923706055, "time": 0.12422025203704834, "iter": 200, "memory": 901, "step": 200}
{"mAP": 0.1416457441987304, "AP_Tree": 0.39142844028722135, "AP_Leaves": 0.07530155626900882, "AP_Ground": 0.7584541300078438, "AP_Fence": 0.0027118815896188158, "AP_Grass": 0.09325688036887766, "AP_Log": 0.046108843280698, "AP_Grasstree": 0.016500070217847357, "AP_Sky": 0.5687718389160198, "AP_Road sign": 0.00045573503349253554, "AP_Small branch": 0.033270549754684076, "AP_Delineator": 9.645061728395061e-05, "AP_Asphalt": 0.2553417850424313, "AP_Rubble": 6.148433510558409e-05, "AP_Rock": 0.0028733366375296625, "AP_Non-nav": 0.010824528401069358, "AP_Rough": 0.010874396420954613, "data_time": 0.0041729246528403275, "time": 0.08798177554769424, "step": 200}
{"lr": 0.005037350124500409, "data_time": 0.09561023712158204, "loss": 7.653350019454956, "decode.loss_ce": 1.3573853492736816, "decode.acc_seg": 74.30799865722656, "aux_0.loss_ce": 1.6557273507118224, "aux_0.acc_seg": 69.03089141845703, "aux_1.loss_ce": 1.5788505733013154, "aux_1.acc_seg": 69.58533477783203, "aux_2.loss_ce": 1.4817448854446411, "aux_2.acc_seg": 71.4453353881836, "aux_3.loss_ce": 1.5796417236328124, "aux_3.acc_seg": 69.8542251586914, "time": 0.17626330852508545, "iter": 250, "memory": 901, "step": 250}
{"mAP": 0.1548951973399173, "AP_Tree": 0.40720620004964153, "AP_Leaves": 0.08023418258822657, "AP_Ground": 0.7681712094473845, "AP_Fence": 0.0027118815896188158, "AP_Grass": 0.10108413921313641, "AP_Log": 0.048784885475450915, "AP_Grasstree": 0.016955790477719362, "AP_Sky": 0.6274178834714074, "AP_Road sign": 0.00045573503349253554, "AP_Small branch": 0.03594548751764393, "AP_Delineator": 9.645061728395061e-05, "AP_Asphalt": 0.36462556616301156, "AP_Rubble": 6.148433510558409e-05, "AP_Rock": 0.0028733366375296625, "AP_Non-nav": 0.010824528401069358, "AP_Rough": 0.010874396420954613, "data_time": 0.004135805426292049, "time": 0.08826264362890744, "step": 250}
{"lr": 0.005044850149500491, "data_time": 0.004414415359497071, "loss": 8.136819791793823, "decode.loss_ce": 1.4833528637886046, "decode.acc_seg": 23.182889938354492, "aux_0.loss_ce": 1.7675965070724486, "aux_0.acc_seg": 32.351112365722656, "aux_1.loss_ce": 1.6277265667915344, "aux_1.acc_seg": 32.238224029541016, "aux_2.loss_ce": 1.6342679858207703, "aux_2.acc_seg": 30.54599952697754, "aux_3.loss_ce": 1.623875892162323, "aux_3.acc_seg": 31.399555206298828, "time": 0.18878839015960694, "iter": 300, "memory": 901, "step": 300}
