{"lr": 0.0015930867963809803, "data_time": 0.7187729835510254, "loss": 7.957221555709839, "decode.loss_ce": 1.3465274095535278, "decode.acc_seg": 52.92555618286133, "aux_0.loss_ce": 2.0450499415397645, "aux_0.acc_seg": 50.657554626464844, "aux_1.loss_ce": 1.664194107055664, "aux_1.acc_seg": 51.924278259277344, "aux_2.loss_ce": 1.4763298153877258, "aux_2.acc_seg": 50.621334075927734, "aux_3.loss_ce": 1.4251203060150146, "aux_3.acc_seg": 51.388832092285156, "time": 0.9157392024993897, "iter": 100, "memory": 19198, "step": 100}
