{"lr": 0.006406583235954008, "data_time": 0.01075761318206787, "loss": 4.805950427055359, "decode.loss_ce": 0.7362365454435349, "decode.acc_seg": 76.8852767944336, "aux_0.loss_ce": 1.3615793585777283, "aux_0.acc_seg": 53.96383285522461, "aux_1.loss_ce": 1.0947104454040528, "aux_1.acc_seg": 60.867557525634766, "aux_2.loss_ce": 0.8528259098529816, "aux_2.acc_seg": 70.70166778564453, "aux_3.loss_ce": 0.7605982810258866, "aux_3.acc_seg": 74.68394470214844, "time": 0.3611241340637207, "iter": 910, "memory": 19198, "step": 910}
{"lr": 0.009106373674004149, "data_time": 0.13925676345825194, "loss": 3.2004660606384276, "decode.loss_ce": 0.3657224655151367, "decode.acc_seg": 87.349609375, "aux_0.loss_ce": 1.1440693140029907, "aux_0.acc_seg": 75.52733612060547, "aux_1.loss_ce": 0.7678411781787873, "aux_1.acc_seg": 83.28755950927734, "aux_2.loss_ce": 0.5260476619005203, "aux_2.acc_seg": 84.7578353881836, "aux_3.loss_ce": 0.3967854708433151, "aux_3.acc_seg": 85.6786117553711, "time": 0.34458284378051757, "iter": 10000, "memory": 2889, "step": 10000}
{"aAcc": 62.55, "mIoU": 25.12, "mAcc": 38.63, "avg_val_loss": 10.090150854740923, "data_time": 0.009433627128601074, "time": 0.10138543816499931, "step": 10000}
{"lr": 0.008200516139713258, "data_time": 0.1527470827102661, "loss": 2.9996649742126467, "decode.loss_ce": 0.3206923961639404, "decode.acc_seg": 86.48966979980469, "aux_0.loss_ce": 1.1204519808292388, "aux_0.acc_seg": 62.91350173950195, "aux_1.loss_ce": 0.7255405604839325, "aux_1.acc_seg": 78.71366882324219, "aux_2.loss_ce": 0.4804764837026596, "aux_2.acc_seg": 83.73977661132812, "aux_3.loss_ce": 0.35250345915555953, "aux_3.acc_seg": 86.58577728271484, "time": 0.3569971561431885, "iter": 20000, "memory": 10746, "step": 20000}
{"aAcc": 65.99, "mIoU": 27.56, "mAcc": 42.72, "avg_val_loss": 9.870887268269271, "data_time": 0.005046304615064599, "time": 0.08807030491445256, "step": 20000}
{"lr": 0.007283232762750171, "data_time": 0.00942380428314209, "loss": 2.8159495115280153, "decode.loss_ce": 0.26607316434383393, "decode.acc_seg": 89.30322265625, "aux_0.loss_ce": 1.1056968092918396, "aux_0.acc_seg": 67.1590576171875, "aux_1.loss_ce": 0.6974541544914246, "aux_1.acc_seg": 79.72122192382812, "aux_2.loss_ce": 0.43324543833732604, "aux_2.acc_seg": 85.48361206054688, "aux_3.loss_ce": 0.3134799912571907, "aux_3.acc_seg": 85.96961212158203, "time": 0.4092507839202881, "iter": 30000, "memory": 2889, "step": 30000}
{"aAcc": 62.11, "mIoU": 23.95, "mAcc": 37.75, "avg_val_loss": 9.938147145579434, "data_time": 0.004989766526496273, "time": 0.08828647657372486, "step": 30000}
{"lr": 0.006352703407289149, "data_time": 0.008168768882751466, "loss": 2.9052595853805543, "decode.loss_ce": 0.23631373345851897, "decode.acc_seg": 89.71539306640625, "aux_0.loss_ce": 1.1382090270519256, "aux_0.acc_seg": 59.09611129760742, "aux_1.loss_ce": 0.753217950463295, "aux_1.acc_seg": 70.22227478027344, "aux_2.loss_ce": 0.47802014648914337, "aux_2.acc_seg": 80.06900024414062, "aux_3.loss_ce": 0.2994986981153488, "aux_3.acc_seg": 86.02738952636719, "time": 0.393630051612854, "iter": 40000, "memory": 2889, "step": 40000}
{"aAcc": 58.91, "mIoU": 25.59, "mAcc": 40.22, "avg_val_loss": 9.951015758104841, "data_time": 0.005917790292323321, "time": 0.08889734059914775, "step": 40000}
{"lr": 0.0054064577076796795, "data_time": 0.1002892017364502, "loss": 2.3257214426994324, "decode.loss_ce": 0.1744786322116852, "decode.acc_seg": 95.25489044189453, "aux_0.loss_ce": 0.9704159319400787, "aux_0.acc_seg": 76.23094177246094, "aux_1.loss_ce": 0.5897047370672226, "aux_1.acc_seg": 84.3907241821289, "aux_2.loss_ce": 0.3491792559623718, "aux_2.acc_seg": 90.55877685546875, "aux_3.loss_ce": 0.2419429153203964, "aux_3.acc_seg": 92.70894622802734, "time": 0.35429494380950927, "iter": 50000, "memory": 2889, "step": 50000}
{"aAcc": 58.02, "mIoU": 25.28, "mAcc": 40.6, "avg_val_loss": 9.977299357610837, "data_time": 0.0065525701676291985, "time": 0.08954907559800422, "step": 50000}
