{"lr": 0.0015930867963809803, "data_time": 0.1949019432067871, "loss": 3.570200228691101, "decode.loss_ce": 0.4607785403728485, "decode.acc_seg": 86.2877197265625, "aux_0.loss_ce": 1.3591309309005737, "aux_0.acc_seg": 81.50505828857422, "aux_1.loss_ce": 0.7733544707298279, "aux_1.acc_seg": 83.86622619628906, "aux_2.loss_ce": 0.5113496482372284, "aux_2.acc_seg": 84.90816497802734, "aux_3.loss_ce": 0.46558672189712524, "aux_3.acc_seg": 84.27799987792969, "time": 0.49242310523986815, "iter": 100, "memory": 19198, "step": 100}
{"aAcc": 66.18, "mIoU": 36.91, "mAcc": 49.18, "avg_val_loss": 5.808530496808393, "data_time": 0.004656375249226888, "time": 0.08625409497155083, "step": 100}
{"lr": 0.002191123271301943, "data_time": 0.23164126873016358, "loss": 2.4425690889358522, "decode.loss_ce": 0.36117673218250274, "decode.acc_seg": 78.43233489990234, "aux_0.loss_ce": 0.771942812204361, "aux_0.acc_seg": 78.72272491455078, "aux_1.loss_ce": 0.5280921965837478, "aux_1.acc_seg": 79.31244659423828, "aux_2.loss_ce": 0.40332252979278566, "aux_2.acc_seg": 79.3388900756836, "aux_3.loss_ce": 0.3780347973108292, "aux_3.acc_seg": 78.65472412109375, "time": 0.48599364757537844, "iter": 200, "memory": 2889, "step": 200}
{"aAcc": 58.35, "mIoU": 31.16, "mAcc": 44.47, "avg_val_loss": 5.657108040752347, "data_time": 0.004050435089483493, "time": 0.08605347081457168, "step": 200}
{"lr": 0.0027881034698292294, "data_time": 0.028217220306396486, "loss": 2.492829370498657, "decode.loss_ce": 0.42035679519176483, "decode.acc_seg": 81.1336669921875, "aux_0.loss_ce": 0.6843849658966065, "aux_0.acc_seg": 65.8939437866211, "aux_1.loss_ce": 0.5278451561927795, "aux_1.acc_seg": 72.98294830322266, "aux_2.loss_ce": 0.4381501704454422, "aux_2.acc_seg": 78.23511505126953, "aux_3.loss_ce": 0.42209231555461885, "aux_3.acc_seg": 80.03377532958984, "time": 0.4676728963851929, "iter": 300, "memory": 2889, "step": 300}
{"aAcc": 77.85, "mIoU": 44.1, "mAcc": 55.58, "avg_val_loss": 5.034375486216547, "data_time": 0.004220579785941181, "time": 0.08669300671427319, "step": 300}
{"lr": 0.0033840217450599877, "data_time": 0.008575344085693359, "loss": 2.2857593178749083, "decode.loss_ce": 0.3699555158615112, "decode.acc_seg": 83.51933288574219, "aux_0.loss_ce": 0.6048119515180588, "aux_0.acc_seg": 76.46500396728516, "aux_1.loss_ce": 0.4849174529314041, "aux_1.acc_seg": 77.59078216552734, "aux_2.loss_ce": 0.4171794891357422, "aux_2.acc_seg": 80.44338989257812, "aux_3.loss_ce": 0.4088948979973793, "aux_3.acc_seg": 79.79528045654297, "time": 0.4477244853973389, "iter": 400, "memory": 2889, "step": 400}
{"aAcc": 74.74, "mIoU": 43.7, "mAcc": 54.8, "avg_val_loss": 5.002022041900869, "data_time": 0.0038734502644337996, "time": 0.08748085377221626, "step": 400}
{"lr": 0.003978874422200742, "data_time": 0.03503196239471436, "loss": 2.0679748177528383, "decode.loss_ce": 0.34739806354045866, "decode.acc_seg": 88.52100372314453, "aux_0.loss_ce": 0.5616115748882293, "aux_0.acc_seg": 80.95783233642578, "aux_1.loss_ce": 0.4091602712869644, "aux_1.acc_seg": 85.38661193847656, "aux_2.loss_ce": 0.37112006843090056, "aux_2.acc_seg": 88.28094482421875, "aux_3.loss_ce": 0.3786848604679108, "aux_3.acc_seg": 87.52244567871094, "time": 0.4214848756790161, "iter": 500, "memory": 2889, "step": 500}
{"aAcc": 80.42, "mIoU": 48.28, "mAcc": 58.27, "avg_val_loss": 5.073681866883966, "data_time": 0.003927194358504268, "time": 0.08600856142403546, "step": 500}
{"lr": 0.004572658891684879, "data_time": 0.22491512298583985, "loss": 2.194376766681671, "decode.loss_ce": 0.39682086408138273, "decode.acc_seg": 79.20600128173828, "aux_0.loss_ce": 0.5750302106142045, "aux_0.acc_seg": 63.59638977050781, "aux_1.loss_ce": 0.4355456233024597, "aux_1.acc_seg": 72.77427673339844, "aux_2.loss_ce": 0.3969631761312485, "aux_2.acc_seg": 80.5860595703125, "aux_3.loss_ce": 0.39001688063144685, "aux_3.acc_seg": 81.26805877685547, "time": 0.4582956790924072, "iter": 600, "memory": 2889, "step": 600}
{"aAcc": 79.5, "mIoU": 47.22, "mAcc": 57.56, "avg_val_loss": 4.9934946471147725, "data_time": 0.003986227010147535, "time": 0.08815273265880914, "step": 600}
{"lr": 0.005165373185965325, "data_time": 0.053616571426391604, "loss": 1.88587384223938, "decode.loss_ce": 0.3235847845673561, "decode.acc_seg": 89.06016540527344, "aux_0.loss_ce": 0.5130124866962433, "aux_0.acc_seg": 82.92755889892578, "aux_1.loss_ce": 0.3891493022441864, "aux_1.acc_seg": 87.46527862548828, "aux_2.loss_ce": 0.3353462487459183, "aux_2.acc_seg": 87.7328872680664, "aux_3.loss_ce": 0.3247810170054436, "aux_3.acc_seg": 88.69828033447266, "time": 0.49085822105407717, "iter": 700, "memory": 2889, "step": 700}
{"aAcc": 55.08, "mIoU": 28.49, "mAcc": 42.78, "avg_val_loss": 5.401981453386567, "data_time": 0.0042076443885752475, "time": 0.0880316789292972, "step": 700}
{"lr": 0.005757015754784225, "data_time": 0.010264945030212403, "loss": 2.2468336462974547, "decode.loss_ce": 0.36602428555488586, "decode.acc_seg": 78.1030044555664, "aux_0.loss_ce": 0.6053695380687714, "aux_0.acc_seg": 67.21878051757812, "aux_1.loss_ce": 0.46570405960083006, "aux_1.acc_seg": 73.35678100585938, "aux_2.loss_ce": 0.41119026839733125, "aux_2.acc_seg": 76.49055480957031, "aux_3.loss_ce": 0.3985454559326172, "aux_3.acc_seg": 77.68394470214844, "time": 0.5477159976959228, "iter": 800, "memory": 2889, "step": 800}
{"aAcc": 61.97, "mIoU": 33.9, "mAcc": 46.67, "avg_val_loss": 5.6245115210195475, "data_time": 0.004268400420635079, "time": 0.08730075681817505, "step": 800}
{"lr": 0.006347585334568276, "data_time": 0.06369979381561279, "loss": 1.8215663194656373, "decode.loss_ce": 0.31397973746061325, "decode.acc_seg": 85.99950408935547, "aux_0.loss_ce": 0.47401264011859895, "aux_0.acc_seg": 81.83511352539062, "aux_1.loss_ce": 0.38172751367092134, "aux_1.acc_seg": 83.13983154296875, "aux_2.loss_ce": 0.3292996779084206, "aux_2.acc_seg": 83.21717071533203, "aux_3.loss_ce": 0.32254675328731536, "aux_3.acc_seg": 85.52233123779297, "time": 0.5541864156723022, "iter": 900, "memory": 2889, "step": 900}
{"aAcc": 61.05, "mIoU": 33.1, "mAcc": 46.46, "avg_val_loss": 5.4869787783008945, "data_time": 0.003990132105588384, "time": 0.0900791140723387, "step": 900}
{"lr": 0.0069370808672639134, "data_time": 0.009381914138793945, "loss": 2.15580073595047, "decode.loss_ce": 0.3646523177623749, "decode.acc_seg": 88.05005645751953, "aux_0.loss_ce": 0.5476759821176529, "aux_0.acc_seg": 75.57849884033203, "aux_1.loss_ce": 0.45123273730278013, "aux_1.acc_seg": 80.72550201416016, "aux_2.loss_ce": 0.40617547035217283, "aux_2.acc_seg": 82.91822052001953, "aux_3.loss_ce": 0.386064213514328, "aux_3.acc_seg": 87.77100372314453, "time": 0.4422480821609497, "iter": 1000, "memory": 2889, "step": 1000}
{"aAcc": 78.82, "mIoU": 45.4, "mAcc": 56.46, "avg_val_loss": 5.5537325534758235, "data_time": 0.004308720121362521, "time": 0.08820956720745485, "step": 1000}
{"lr": 0.007525501447207789, "data_time": 0.008982491493225098, "loss": 1.8326722264289856, "decode.loss_ce": 0.2785495579242706, "decode.acc_seg": 80.7687759399414, "aux_0.loss_ce": 0.5447198510169983, "aux_0.acc_seg": 70.01667022705078, "aux_1.loss_ce": 0.3882977902889252, "aux_1.acc_seg": 73.60955810546875, "aux_2.loss_ce": 0.3304481193423271, "aux_2.acc_seg": 76.87544250488281, "aux_3.loss_ce": 0.29065687358379366, "aux_3.acc_seg": 78.86599731445312, "time": 0.4402407884597778, "iter": 1100, "memory": 2889, "step": 1100}
{"aAcc": 79.85, "mIoU": 48.19, "mAcc": 58.17, "avg_val_loss": 5.4746607637080515, "data_time": 0.004134020096975525, "time": 0.0888118077804667, "step": 1100}
{"lr": 0.008112846284874206, "data_time": 0.3273158073425293, "loss": 1.8932960629463196, "decode.loss_ce": 0.30129342824220656, "decode.acc_seg": 89.87361145019531, "aux_0.loss_ce": 0.518045973777771, "aux_0.acc_seg": 85.6780014038086, "aux_1.loss_ce": 0.3902653902769089, "aux_1.acc_seg": 86.29855346679688, "aux_2.loss_ce": 0.34489347636699674, "aux_2.acc_seg": 88.49022674560547, "aux_3.loss_ce": 0.3387978047132492,