{"lr": 0.0015943962641761188, "data_time": 0.22562198638916015, "loss": 2.203173041343689, "decode.loss_seg": 0.3522003799676895, "aux_0.loss_seg": 0.5284620136022568, "aux_1.loss_seg": 0.41313694715499877, "aux_2.loss_seg": 0.5186385571956634, "aux_3.loss_seg": 0.3907351493835449, "time": 0.6495875120162964, "iter": 100, "memory": 20769, "step": 100}
{"aAcc": 39.23, "mIoU": 21.84, "mAcc": 43.99, "avg_val_loss": 0.0, "data_time": 0.011974617492320925, "time": 0.0933289417000704, "step": 100}
{"lr": 0.002194796531020685, "data_time": 0.2963494539260864, "loss": 1.5418255090713502, "decode.loss_seg": 0.23517637550830842, "aux_0.loss_seg": 0.36400827169418337, "aux_1.loss_seg": 0.2685053586959839, "aux_2.loss_seg": 0.381469601392746, "aux_3.loss_seg": 0.2926659032702446, "time": 0.6523181676864624, "iter": 200, "memory": 34228, "step": 200}
{"aAcc": 57.06, "mIoU": 41.77, "mAcc": 61.13, "avg_val_loss": 0.0, "data_time": 0.008863583378408146, "time": 0.0641188539307693, "step": 200}
{"lr": 0.0027951967978652476, "data_time": 0.41758949756622316, "loss": 1.4808506727218629, "decode.loss_seg": 0.23959353119134902, "aux_0.loss_seg": 0.321227166056633, "aux_1.loss_seg": 0.24635925143957138, "aux_2.loss_seg": 0.35948901176452636, "aux_3.loss_seg": 0.31418172270059586, "time": 0.6028250932693482, "iter": 300, "memory": 4378, "step": 300}
{"aAcc": 72.11, "mIoU": 54.57, "mAcc": 69.46, "avg_val_loss": 0.0, "data_time": 0.008150763895319796, "time": 0.06328550974527995, "step": 300}
{"lr": 0.0033955970647098093, "data_time": 0.6393061637878418, "loss": 1.3619413733482362, "decode.loss_seg": 0.1833782598376274, "aux_0.loss_seg": 0.2921203672885895, "aux_1.loss_seg": 0.20759641230106354, "aux_2.loss_seg": 0.37881201803684234, "aux_3.loss_seg": 0.3000342845916748, "time": 0.8281956195831299, "iter": 400, "memory": 4378, "step": 400}
{"aAcc": 69.08, "mIoU": 52.96, "mAcc": 69.14, "avg_val_loss": 0.0, "data_time": 0.009151730044134733, "time": 0.06462612371335084, "step": 400}
{"lr": 0.003995997331554373, "data_time": 0.23985483646392822, "loss": 1.06017307639122, "decode.loss_seg": 0.16040844544768335, "aux_0.loss_seg": 0.22339371591806412, "aux_1.loss_seg": 0.1702203184366226, "aux_2.loss_seg": 0.2829949423670769, "aux_3.loss_seg": 0.223155677318573, "time": 0.6193609714508057, "iter": 500, "memory": 4377, "step": 500}
{"aAcc": 74.27, "mIoU": 58.21, "mAcc": 72.91, "avg_val_loss": 0.0, "data_time": 0.010270031019188892, "time": 0.06620559747191682, "step": 500}
{"lr": 0.0045963975983989375, "data_time": 0.18090424537658692, "loss": 1.0627379655838012, "decode.loss_seg": 0.14833165481686592, "aux_0.loss_seg": 0.2177639991044998, "aux_1.loss_seg": 0.16095905005931854, "aux_2.loss_seg": 0.2903247013688087, "aux_3.loss_seg": 0.2453585609793663, "time": 0.5250304937362671, "iter": 600, "memory": 4380, "step": 600}
{"aAcc": 68.34, "mIoU": 50.77, "mAcc": 66.69, "avg_val_loss": 0.0, "data_time": 0.011725779237418339, "time": 0.06699593587853443, "step": 600}
{"lr": 0.005196797865243495, "data_time": 0.3030097961425781, "loss": 1.0792045295238495, "decode.loss_seg": 0.16836596056818962, "aux_0.loss_seg": 0.2109801009297371, "aux_1.loss_seg": 0.15838103964924813, "aux_2.loss_seg": 0.2906482458114624, "aux_3.loss_seg": 0.2508291706442833, "time": 0.5743046760559082, "iter": 700, "memory": 4377, "step": 700}
{"aAcc": 69.29, "mIoU": 50.97, "mAcc": 65.56, "avg_val_loss": 0.0, "data_time": 0.010383910146252862, "time": 0.06568345804324095, "step": 700}
{"lr": 0.005797198132088056, "data_time": 0.39715046882629396, "loss": 1.1138207554817199, "decode.loss_seg": 0.1503173142671585, "aux_0.loss_seg": 0.20496407747268677, "aux_1.loss_seg": 0.16213991045951842, "aux_2.loss_seg": 0.33457867950201037, "aux_3.loss_seg": 0.261820787191391, "time": 0.5855290651321411, "iter": 800, "memory": 4377, "step": 800}
{"aAcc": 54.43, "mIoU": 38.37, "mAcc": 57.77, "avg_val_loss": 0.0, "data_time": 0.008799530993932965, "time": 0.06414805609604408, "step": 800}
{"lr": 0.006397598398932616, "data_time": 0.010592246055603027, "loss": 1.0546566605567933, "decode.loss_seg": 0.14560046643018723, "aux_0.loss_seg": 0.20156274288892745, "aux_1.loss_seg": 0.1548924647271633, "aux_2.loss_seg": 0.31568744629621504, "aux_3.loss_seg": 0.2369135230779648, "time": 0.591519546508789, "iter": 900, "memory": 4378, "step": 900}
{"aAcc": 73.55, "mIoU": 56.24, "mAcc": 70.73, "avg_val_loss": 0.0, "data_time": 0.007813535887619545, "time": 0.06313159548003099, "step": 900}
