{"lr": 0.0007971981320880594, "data_time": 0.06737995147705078, "loss": 5.473065805435181, "decode.loss_ce": 0.6487933754920959, "decode.acc_seg": 72.38188934326172, "aux_0.loss_ce": 2.1457284688949585, "aux_0.acc_seg": 52.820556640625, "aux_1.loss_ce": 1.250027871131897, "aux_1.acc_seg": 61.462890625, "aux_2.loss_ce": 0.7880985856056213, "aux_2.acc_seg": 68.90255737304688, "aux_3.loss_ce": 0.6404175639152527, "aux_3.acc_seg": 70.7169418334961, "time": 0.6539853572845459, "iter": 100, "memory": 19708, "step": 100}
{"aAcc": 56.04, "mIoU": 38.4, "mAcc": 57.57, "avg_val_loss": 5.840312093844887, "data_time": 0.011293486107227415, "time": 0.14073902784391892, "step": 100}
{"lr": 0.0010973982655103425, "data_time": 0.18688609600067138, "loss": 3.9219298124313355, "decode.loss_ce": 0.5541962534189224, "decode.acc_seg": 74.81950378417969, "aux_0.loss_ce": 1.2824483036994934, "aux_0.acc_seg": 65.72672271728516, "aux_1.loss_ce": 0.8483075261116028, "aux_1.acc_seg": 65.97144317626953, "aux_2.loss_ce": 0.6504093766212463, "aux_2.acc_seg": 73.91472625732422, "aux_3.loss_ce": 0.5865683495998383, "aux_3.acc_seg": 72.5777816772461, "time": 0.600467300415039, "iter": 200, "memory": 34292, "step": 200}
{"aAcc": 58.06, "mIoU": 38.65, "mAcc": 56.58, "avg_val_loss": 5.303607007913422, "data_time": 0.008577626326988483, "time": 0.10299661515773027, "step": 200}
{"lr": 0.0013975983989326238, "data_time": 0.3182267904281616, "loss": 3.3881746768951415, "decode.loss_ce": 0.46515501737594606, "decode.acc_seg": 79.31322479248047, "aux_0.loss_ce": 0.9710951328277588, "aux_0.acc_seg": 63.01405715942383, "aux_1.loss_ce": 0.7836384534835815, "aux_1.acc_seg": 65.9749984741211, "aux_2.loss_ce": 0.6240066707134246, "aux_2.acc_seg": 70.8003921508789, "aux_3.loss_ce": 0.5442794024944305, "aux_3.acc_seg": 75.55461120605469, "time": 0.5537229061126709, "iter": 300, "memory": 3446, "step": 300}
{"aAcc": 66.77, "mIoU": 49.02, "mAcc": 65.2, "avg_val_loss": 4.830926731896912, "data_time": 0.00868261271509631, "time": 0.10712287891870258, "step": 300}
{"lr": 0.0016977985323549047, "data_time": 0.29113805294036865, "loss": 3.4676652193069457, "decode.loss_ce": 0.5352000713348388, "decode.acc_seg": 76.90483093261719, "aux_0.loss_ce": 0.887527060508728, "aux_0.acc_seg": 70.59172058105469, "aux_1.loss_ce": 0.7801453292369842, "aux_1.acc_seg": 71.23638916015625, "aux_2.loss_ce": 0.6595799446105957, "aux_2.acc_seg": 73.48616790771484, "aux_3.loss_ce": 0.6052128136157989, "aux_3.acc_seg": 73.72144317626953, "time": 0.569319224357605, "iter": 400, "memory": 3446, "step": 400}
{"aAcc": 67.83, "mIoU": 49.72, "mAcc": 65.6, "avg_val_loss": 4.611966399160044, "data_time": 0.008655071258544922, "time": 0.10564123350998451, "step": 400}
{"lr": 0.0019979986657771864, "data_time": 0.3775463581085205, "loss": 2.9628015518188477, "decode.loss_ce": 0.431415319442749, "decode.acc_seg": 82.21055603027344, "aux_0.loss_ce": 0.7857126414775848, "aux_0.acc_seg": 68.30244445800781, "aux_1.loss_ce": 0.680127638578415, "aux_1.acc_seg": 69.56200408935547, "aux_2.loss_ce": 0.5600398987531662, "aux_2.acc_seg": 77.95333099365234, "aux_3.loss_ce": 0.5055061042308807, "aux_3.acc_seg": 78.16921997070312, "time": 0.6143814086914062, "iter": 500, "memory": 3446, "step": 500}
{"aAcc": 71.84, "mIoU": 53.72, "mAcc": 68.33, "avg_val_loss": 4.3894995051517816, "data_time": 0.008666463281916476, "time": 0.10690432855452614, "step": 500}
{"lr": 0.0022981987991994688, "data_time": 0.3180502414703369, "loss": 3.0662436723709106, "decode.loss_ce": 0.40500099658966066, "decode.acc_seg": 81.05144500732422, "aux_0.loss_ce": 0.8167799115180969, "aux_0.acc_seg": 64.28216552734375, "aux_1.loss_ce": 0.7006228387355804, "aux_1.acc_seg": 62.86277770996094, "aux_2.loss_ce": 0.5978367865085602, "aux_2.acc_seg": 65.82622528076172, "aux_3.loss_ce": 0.5460031807422638, "aux_3.acc_seg": 73.87811279296875, "time": 0.5514131307601928, "iter": 600, "memory": 3446, "step": 600}
{"aAcc": 48.69, "mIoU": 32.48, "mAcc": 52.45, "avg_val_loss": 4.7252530767845595, "data_time": 0.008131948010674838, "time": 0.10534129745658787, "step": 600}
{"lr": 0.0025983989326217477, "data_time": 0.12294235229492187, "loss": 2.7464250326156616, "decode.loss_ce": 0.37316527366638186, "decode.acc_seg": 82.68489074707031, "aux_0.loss_ce": 0.7584968984127045, "aux_0.acc_seg": 65.00538635253906, "aux_1.loss_ce": 0.632937741279602, "aux_1.acc_seg": 72.59549713134766, "aux_2.loss_ce": 0.5223098427057267, "aux_2.acc_seg": 77.45672607421875, "aux_3.loss_ce": 0.4595153212547302, "aux_3.acc_seg": 79.69216918945312, "time": 0.6010251045227051, "iter": 700, "memory": 3446, "step": 700}
{"aAcc": 54.41, "mIoU": 37.4, "mAcc": 56.21, "avg_val_loss": 4.68333394729603, "data_time": 0.008743804076622272, "time": 0.10650216848000713, "step": 700}
{"lr": 0.002898599066044028, "data_time": 0.0094285249710083, "loss": 2.810573768615723, "decode.loss_ce": 0.3550564408302307, "decode.acc_seg": 85.06600189208984, "aux_0.loss_ce": 0.7531152546405793, "aux_0.acc_seg": 56.14127731323242, "aux_1.loss_ce": 0.6315499424934388, "aux_1.acc_seg": 72.68994903564453, "aux_2.loss_ce": 0.5620396167039872, "aux_2.acc_seg": 76.03494262695312, "aux_3.loss_ce": 0.508812615275383, "aux_3.acc_seg": 77.90961456298828, "time": 0.5773700714111328, "iter": 800, "memory": 3446, "step": 800}
{"aAcc": 57.9, "mIoU": 41.03, "mAcc": 58.97, "avg_val_loss": 4.587369846408828, "data_time": 0.008123499223555642, "time": 0.10634701553432421, "step": 800}
{"lr": 0.003198799199466308, "data_time": 0.18760790824890136, "loss": 2.728739547729492, "decode.loss_ce": 0.33941216170787813, "decode.acc_seg": 86.72783660888672, "aux_0.loss_ce": 0.761552357673645, "aux_0.acc_seg": 63.432498931884766, "aux_1.loss_ce": 0.6428999781608582, "aux_1.acc_seg": 72.08483123779297, "aux_2.loss_ce": 0.5321704626083374, "aux_2.acc_seg": 75.38311004638672, "aux_3.loss_ce": 0.4527046263217926, "aux_3.acc_seg": 78.25055694580078, "time": 0.5491615772247315, "iter": 900, "memory": 3446, "step": 900}
{"aAcc": 53.59, "mIoU": 36.2, "mAcc": 55.66, "avg_val_loss": 4.659676317486228, "data_time": 0.007307932294648269, "time": 0.10452189938775425, "step": 900}
{"lr": 0.0034989993328885883, "data_time": 0.2676204442977905, "loss": 2.7525956869125365, "decode.loss_ce": 0.3312535032629967, "decode.acc_seg": 87.57733154296875, "aux_0.loss_ce": 0.7821609377861023, "aux_0.acc_seg": 59.10722351074219, "aux_1.loss_ce": 0.6305655539035797, "aux_1.acc_seg": 71.4088363647461, "aux_2.loss_ce": 0.5277477860450744, "aux_2.acc_seg": 83.52783203125, "aux_3.loss_ce": 0.4808679223060608, "aux_3.acc_seg": 83.33594512939453, "time": 0.5299643039703369, "iter": 1000, "memory": 3446, "step": 1000}
{"aAcc": 67.58, "mIoU": 49.79, "mAcc": 65.9, "avg_val_loss": 4.541868251239697, "data_time": 0.006762293563491997, "time": 0.10300667806603443, "step": 1000}
{"lr": 0.0037991994663108732, "data_time": 0.009828305244445801, "loss": 2.5718935251235964, "decode.loss_ce": 0.3027669847011566, "decode.acc_seg": 87.2844467163086, "aux_0.loss_ce": 0.7491066515445709, "aux_0.acc_seg": 67.76516723632812, "aux_1.loss_ce": 0.5876993477344513, "aux_1.acc_seg": 70.65505981445312, "aux_2.loss_ce": 0.49785431027412413, "aux_2.acc_seg": 77.5076675415039, "aux_3.loss_ce": 0.4344661861658096, "aux_3.acc_seg": 78.89988708496094, "time": 0.6195036888122558, "iter": 1100, "memory": 3446, "step": 1100}
{"aAcc": 67.24, "mIoU": 49.04, "mAcc": 65.26, "avg_val_loss": 4.289820555070339, "data_time": 0.008103718702820525, "time": 0.10439878222586095, "step": 1100}
{"lr": 0.004099399599733153, "data_time": 0.37974450588226316, "loss": 2.5276567459106447, "decode.loss_ce": 0.2923484921455383, "decode.acc_seg": 82.04183197021484, "aux_0.loss_ce": 0.7513557136058807, "aux_0.acc_seg": 66.44789123535156, "aux_1.loss_ce": 0.5852835357189179, "aux_1.acc_seg": 65.37928009033203, "aux_2.loss_ce": 0.47719567120075224, "aux_2.acc_seg": 71.85033416748047, "aux_3.loss_ce": 0.42147324681282045, "aux_3.acc_seg": 75.85800170898438,