{"lr": 0.0015943962641761188, "data_time": 0.010049080848693848, "loss": 2.8837700843811036, "decode.loss_ce": 0.46369507908821106, "decode.acc_seg": 62.89738845825195, "aux_0.loss_ce": 0.4871633380651474, "aux_0.acc_seg": 79.52472686767578, "aux_1.loss_ce": 0.47807621359825136, "aux_1.acc_seg": 81.4012222290039, "aux_2.loss_ce": 0.7777884006500244, "aux_2.acc_seg": 67.08660888671875, "aux_3.loss_ce": 0.6770470619201661, "aux_3.acc_seg": 69.57167053222656, "time": 0.4745698213577271, "iter": 100, "memory": 19754, "step": 100}
