{"lr": 0.0015930867963809803, "data_time": 0.15513548851013184, "loss": 3.466139817237854, "decode.loss_ce": 0.3935435891151428, "decode.acc_seg": 89.32333374023438, "aux_0.loss_ce": 1.493601667881012, "aux_0.acc_seg": 73.59416961669922, "aux_1.loss_ce": 0.6936575293540954, "aux_1.acc_seg": 84.3003921508789, "aux_2.loss_ce": 0.46198641657829287, "aux_2.acc_seg": 88.68800354003906, "aux_3.loss_ce": 0.42335057258605957, "aux_3.acc_seg": 89.14260864257812, "time": 0.5491779804229736, "iter": 100, "memory": 19652, "step": 100}
{"aAcc": 76.35, "mIoU": 59.29, "mAcc": 72.95, "avg_val_loss": 4.280625222022073, "data_time": 0.011593754901442417, "time": 0.1314178233922914, "step": 100}
{"lr": 0.002191123271301943, "data_time": 0.3586370229721069, "loss": 2.3115671634674073, "decode.loss_ce": 0.34990677386522295, "decode.acc_seg": 90.08961486816406, "aux_0.loss_ce": 0.7526491045951843, "aux_0.acc_seg": 70.59405517578125, "aux_1.loss_ce": 0.45507522523403166, "aux_1.acc_seg": 86.27278137207031, "aux_2.loss_ce": 0.37959245443344114, "aux_2.acc_seg": 86.98944854736328, "aux_3.loss_ce": 0.37434360682964324, "aux_3.acc_seg": 88.66705322265625, "time": 0.5783278226852417, "iter": 200, "memory": 34222, "step": 200}
{"aAcc": 47.57, "mIoU": 33.62, "mAcc": 54.22, "avg_val_loss": 4.201297957994784, "data_time": 0.0064198367897121385, "time": 0.09979432752762718, "step": 200}
{"lr": 0.0027881034698292294, "data_time": 0.07409074306488037, "loss": 2.0756763339042665, "decode.loss_ce": 0.32788256257772447, "decode.acc_seg": 81.49517059326172, "aux_0.loss_ce": 0.6119956046342849, "aux_0.acc_seg": 70.74583435058594, "aux_1.loss_ce": 0.42957030832767484, "aux_1.acc_seg": 77.96138763427734, "aux_2.loss_ce": 0.36476953625679015, "aux_2.acc_seg": 80.56216430664062, "aux_3.loss_ce": 0.34145837724208833, "aux_3.acc_seg": 79.36377716064453, "time": 0.695958948135376, "iter": 300, "memory": 3356, "step": 300}
{"aAcc": 53.1, "mIoU": 38.79, "mAcc": 57.85, "avg_val_loss": 4.521920215432871, "data_time": 0.00691629278248754, "time": 0.10121255633474767, "step": 300}
{"lr": 0.0033840217450599877, "data_time": 0.06593592166900634, "loss": 1.9577714204788208, "decode.loss_ce": 0.3222768634557724, "decode.acc_seg": 93.1778335571289, "aux_0.loss_ce": 0.5378243178129196, "aux_0.acc_seg": 79.52605438232422, "aux_1.loss_ce": 0.3928095281124115, "aux_1.acc_seg": 89.89544677734375, "aux_2.loss_ce": 0.35925342589616777, "aux_2.acc_seg": 89.65177917480469, "aux_3.loss_ce": 0.34560729563236237, "aux_3.acc_seg": 91.53861236572266, "time": 0.6086669206619263, "iter": 400, "memory": 3356, "step": 400}
{"aAcc": 78.2, "mIoU": 61.61, "mAcc": 75.08, "avg_val_loss": 4.363517603984004, "data_time": 0.007258628976756129, "time": 0.10121900459815716, "step": 400}
{"lr": 0.003978874422200742, "data_time": 0.04162874221801758, "loss": 1.9756736397743224, "decode.loss_ce": 0.30862229615449904, "decode.acc_seg": 79.45578002929688, "aux_0.loss_ce": 0.5785096466541291, "aux_0.acc_seg": 74.99649810791016, "aux_1.loss_ce": 0.4193256288766861, "aux_1.acc_seg": 78.20310974121094, "aux_2.loss_ce": 0.34908946305513383, "aux_2.acc_seg": 79.16378021240234, "aux_3.loss_ce": 0.3201266214251518, "aux_3.acc_seg": 77.99222564697266, "time": 0.6937055349349975, "iter": 500, "memory": 3356, "step": 500}
{"aAcc": 60.06, "mIoU": 45.14, "mAcc": 62.94, "avg_val_loss": 4.350222671833651, "data_time": 0.00719969025973616, "time": 0.1009079752297237, "step": 500}
{"lr": 0.004572658891684879, "data_time": 0.35551180839538576, "loss": 2.0284186959266663, "decode.loss_ce": 0.3506207376718521, "decode.acc_seg": 76.75050354003906, "aux_0.loss_ce": 0.5302244305610657, "aux_0.acc_seg": 81.33528137207031, "aux_1.loss_ce": 0.40440628826618197, "aux_1.acc_seg": 83.11933135986328, "aux_2.loss_ce": 0.37659226804971696, "aux_2.acc_seg": 78.35778045654297, "aux_3.loss_ce": 0.3665749579668045, "aux_3.acc_seg": 76.69116973876953, "time": 0.7260518789291381, "iter": 600, "memory": 3356, "step": 600}
{"aAcc": 54.17, "mIoU": 38.84, "mAcc": 57.84, "avg_val_loss": 4.424884405488159, "data_time": 0.007213460988011853, "time": 0.1018070818363935, "step": 600}
{"lr": 0.005165373185965325, "data_time": 0.33135123252868653, "loss": 2.06512291431427, "decode.loss_ce": 0.34589520245790484, "decode.acc_seg": 83.56539154052734, "aux_0.loss_ce": 0.5330250263214111, "aux_0.acc_seg": 82.81655883789062, "aux_1.loss_ce": 0.4150150418281555, "aux_1.acc_seg": 87.19288635253906, "aux_2.loss_ce": 0.38406825363636016, "aux_2.acc_seg": 85.4693374633789, "aux_3.loss_ce": 0.38711940348148344, "aux_3.acc_seg": 85.72650146484375, "time": 0.5488460540771485, "iter": 700, "memory": 3356, "step": 700}
{"aAcc": 74.92, "mIoU": 58.84, "mAcc": 72.93, "avg_val_loss": 4.433368926271858, "data_time": 0.007934019483368972, "time": 0.1015974872413723, "step": 700}
{"lr": 0.005757015754784225, "data_time": 0.00850214958190918, "loss": 1.8720620632171632, "decode.loss_ce": 0.30479439049959184, "decode.acc_seg": 83.03878021240234, "aux_0.loss_ce": 0.4932923555374146, "aux_0.acc_seg": 67.37139129638672, "aux_1.loss_ce": 0.3804148524999619, "aux_1.acc_seg": 76.92422485351562, "aux_2.loss_ce": 0.3508868753910065, "aux_2.acc_seg": 79.79283142089844, "aux_3.loss_ce": 0.3426735997200012, "aux_3.acc_seg": 78.7959976196289, "time": 0.6054259061813354, "iter": 800, "memory": 3356, "step": 800}
{"aAcc": 71.17, "mIoU": 48.87, "mAcc": 62.79, "avg_val_loss": 4.361244400592836, "data_time": 0.0067354454391304105, "time": 0.10197595344192681, "step": 800}
{"lr": 0.006347585334568276, "data_time": 0.347705078125, "loss": 1.5929922580718994, "decode.loss_ce": 0.24931668639183044, "decode.acc_seg": 88.01927947998047, "aux_0.loss_ce": 0.4443155020475388, "aux_0.acc_seg": 76.42449951171875, "aux_1.loss_ce": 0.32279756367206575, "aux_1.acc_seg": 82.98450469970703, "aux_2.loss_ce": 0.29405198246240616, "aux_2.acc_seg": 87.32522583007812, "aux_3.loss_ce": 0.2825105398893356, "aux_3.acc_seg": 87.28377532958984, "time": 0.5685969829559326, "iter": 900, "memory": 3356, "step": 900}
{"aAcc": 76.9, "mIoU": 60.6, "mAcc": 74.58, "avg_val_loss": 4.388773988905744, "data_time": 0.007147904100089237, "time": 0.10069540725357232, "step": 900}
