{"lr": 0.0015943962641761188, "data_time": 0.3838940143585205, "loss": 2.003587341308594, "decode.loss_ce": 0.37740125358104704, "decode.acc_seg": 60.866722106933594, "aux_0.loss_ce": 0.4484907239675522, "aux_0.acc_seg": 52.82550048828125, "aux_1.loss_ce": 0.3689864665269852, "aux_1.acc_seg": 60.45916748046875, "aux_2.loss_ce": 0.4678227961063385, "aux_2.acc_seg": 64.98733520507812, "aux_3.loss_ce": 0.3408861130475998, "aux_3.acc_seg": 69.90538787841797, "time": 0.5515757083892823, "iter": 100, "memory": 19645, "step": 100}
{"aAcc": 63.49, "mIoU": 34.82, "mAcc": 50.73, "avg_val_loss": 2.180600527826457, "data_time": 0.012346428494120753, "time": 0.12343645373056102, "step": 100}
{"lr": 0.002194796531020685, "data_time": 0.1138763666152954, "loss": 2.037815797328949, "decode.loss_ce": 0.42202885299921034, "decode.acc_seg": 62.64444351196289, "aux_0.loss_ce": 0.47992474436759947, "aux_0.acc_seg": 54.620277404785156, "aux_1.loss_ce": 0.4327049046754837, "aux_1.acc_seg": 60.28850173950195, "aux_2.loss_ce": 0.3804258868098259, "aux_2.acc_seg": 82.73550415039062, "aux_3.loss_ce": 0.32273145467042924, "aux_3.acc_seg": 81.14733123779297, "time": 0.5524402379989624, "iter": 200, "memory": 34224, "step": 200}
{"aAcc": 39.92, "mIoU": 17.49, "mAcc": 37.03, "avg_val_loss": 3.358570405984657, "data_time": 0.007325671185022113, "time": 0.08391120516020677, "step": 200}
