{"aAcc": 94.36, "mIoU": 68.52, "mAcc": 86.8, "data_time": 5.871378760479019, "time": 5.91375265355707}