{"lr": 0.005040144980500798, "data_time": 0.028513383865356446, "loss": 9.111723232269288, "decode.loss_ce": 1.7547500133514404, "decode.acc_seg": 66.50511169433594, "aux_0.loss_ce": 1.9112427473068236, "aux_0.acc_seg": 68.20111083984375, "aux_1.loss_ce": 1.8317464292049408, "aux_1.acc_seg": 71.22066497802734, "aux_2.loss_ce": 1.7631305754184723, "aux_2.acc_seg": 71.9568862915039, "aux_3.loss_ce": 1.850853592157364, "aux_3.acc_seg": 71.53555297851562, "time": 0.18112947940826415, "iter": 100, "memory": 17403, "step": 100}
{"lr": 0.005080615216132712, "data_time": 0.00386505126953125, "loss": 7.118720245361328, "decode.loss_ce": 1.304689222574234, "decode.acc_seg": 41.97311019897461, "aux_0.loss_ce": 1.5032118260860443, "aux_0.acc_seg": 44.398887634277344, "aux_1.loss_ce": 1.4005041420459747, "aux_1.acc_seg": 32.79999923706055, "aux_2.loss_ce": 1.4113190710544585, "aux_2.acc_seg": 28.06333351135254, "aux_3.loss_ce": 1.4989960372447968, "aux_3.acc_seg": 39.45977783203125, "time": 0.17336657047271728, "iter": 200, "memory": 896, "step": 200}
{"lr": 0.005121004778430786, "data_time": 0.004154610633850098, "loss": 6.7017639636993405, "decode.loss_ce": 1.2156301856040954, "decode.acc_seg": 35.42222213745117, "aux_0.loss_ce": 1.3918406069278717, "aux_0.acc_seg": 31.291555404663086, "aux_1.loss_ce": 1.2999943137168883, "aux_1.acc_seg": 35.81666564941406, "aux_2.loss_ce": 1.3154424965381621, "aux_2.acc_seg": 37.17510986328125, "aux_3.loss_ce": 1.47885622382164, "aux_3.acc_seg": 28.72133445739746, "time": 0.18719711303710937, "iter": 300, "memory": 896, "step": 300}
{"lr": 0.00516131364708311, "data_time": 0.003992199897766113, "loss": 8.379005527496338, "decode.loss_ce": 1.603413426876068, "decode.acc_seg": 61.82688903808594, "aux_0.loss_ce": 1.7767499566078186, "aux_0.acc_seg": 42.56355667114258, "aux_1.loss_ce": 1.6958951830863953, "aux_1.acc_seg": 42.39799880981445, "aux_2.loss_ce": 1.612980556488037, "aux_2.acc_seg": 45.715999603271484, "aux_3.loss_ce": 1.6899662971496583, "aux_3.acc_seg": 56.47022247314453, "time": 0.17910397052764893, "iter": 400, "memory": 896, "step": 400}
{"lr": 0.005201541801877408, "data_time": 0.0037500619888305663, "loss": 7.436136054992676, "decode.loss_ce": 1.2239166915416717, "decode.acc_seg": 74.53755950927734, "aux_0.loss_ce": 1.610670119524002, "aux_0.acc_seg": 69.00489044189453, "aux_1.loss_ce": 1.5009402632713318, "aux_1.acc_seg": 80.65155792236328, "aux_2.loss_ce": 1.4821697533130647, "aux_2.acc_seg": 71.20111083984375, "aux_3.loss_ce": 1.6184391975402832, "aux_3.acc_seg": 67.0522232055664, "time": 0.18889255523681642, "iter": 500, "memory": 896, "step": 500}
