{"lr": 0.004506415223345492, "data_time": 0.009108734130859376, "loss": 6.053517150878906, "decode.loss_ce": 0.8584244906902313, "decode.acc_seg": 71.74888610839844, "aux_0.loss_ce": 1.5300873398780823, "aux_0.acc_seg": 51.25661087036133, "aux_1.loss_ce": 1.3430373311042785, "aux_1.acc_seg": 54.83994674682617, "aux_2.loss_ce": 1.1929820954799653, "aux_2.acc_seg": 56.96549987792969, "aux_3.loss_ce": 1.1289859294891358, "aux_3.acc_seg": 60.70138931274414, "time": 0.676104998588562, "iter": 590, "memory": 19219, "step": 590}
{"lr": 0.007721466927100148, "data_time": 0.010385632514953613, "loss": 3.6525413513183596, "decode.loss_ce": 0.32602746188640597, "decode.acc_seg": 86.17927551269531, "aux_0.loss_ce": 1.206876289844513, "aux_0.acc_seg": 50.733333587646484, "aux_1.loss_ce": 0.9143962085247039, "aux_1.acc_seg": 59.75716781616211, "aux_2.loss_ce": 0.6753787577152253, "aux_2.acc_seg": 72.05033111572266, "aux_3.loss_ce": 0.5298626512289047, "aux_3.acc_seg": 80.45227813720703, "time": 0.6647874593734742, "iter": 20000, "memory": 2908, "step": 20000}
{"aAcc": 93.16, "mIoU": 76.58, "mAcc": 79.51, "avg_val_loss": 2.4286469480887183, "data_time": 0.01305213403817801, "time": 0.3651917526031643, "step": 20000}
{"lr": 0.005363710302899656, "data_time": 0.34712517261505127, "loss": 3.48401563167572, "decode.loss_ce": 0.2858998626470566, "decode.acc_seg": 88.62266540527344, "aux_0.loss_ce": 1.2070663630962373, "aux_0.acc_seg": 69.70344543457031, "aux_1.loss_ce": 0.8676979124546051, "aux_1.acc_seg": 74.16055297851562, "aux_2.loss_ce": 0.63523970246315, "aux_2.acc_seg": 78.8929443359375, "aux_3.loss_ce": 0.4881117850542068, "aux_3.acc_seg": 80.35305786132812, "time": 0.5710261583328247, "iter": 40000, "memory": 10769, "step": 40000}
{"aAcc": 90.5, "mIoU": 77.27, "mAcc": 80.48, "avg_val_loss": 4.160349102391341, "data_time": 0.004768099599671595, "time": 0.3576424683181985, "step": 40000}
{"lr": 0.0028789823143774845, "data_time": 0.346279239654541, "loss": 2.7860270500183106, "decode.loss_ce": 0.21122700124979019, "decode.acc_seg": 92.75355529785156, "aux_0.loss_ce": 1.0316262662410736, "aux_0.acc_seg": 68.1485595703125, "aux_1.loss_ce": 0.6903161704540253, "aux_1.acc_seg": 75.17827606201172, "aux_2.loss_ce": 0.47362273931503296, "aux_2.acc_seg": 80.02050018310547, "aux_3.loss_ce": 0.3792349070310593, "aux_3.acc_seg": 83.18061065673828, "time": 0.5499540805816651, "iter": 60000, "memory": 2908, "step": 60000}
{"aAcc": 94.01, "mIoU": 80.02, "mAcc": 82.56, "avg_val_loss": 3.522808301248567, "data_time": 0.004459742203499507, "time": 0.3543930782855136, "step": 60000}
{"lr": 1e-05, "data_time": 0.45974581241607665, "loss": 3.0213729619979857, "decode.loss_ce": 0.22403836995363235, "decode.acc_seg": 90.84488677978516, "aux_0.loss_ce": 1.1381852090358735, "aux_0.acc_seg": 55.52272415161133, "aux_1.loss_ce": 0.7781636476516723, "aux_1.acc_seg": 71.595947265625, "aux_2.loss_ce": 0.5035637944936753, "aux_2.acc_seg": 84.04550170898438, "aux_3.loss_ce": 0.3774219036102295, "aux_3.acc_seg": 86.82878112792969, "time": 0.6638607740402221, "iter": 80000, "memory": 2908, "step": 80000}
{"aAcc": 94.18, "mIoU": 81.25, "mAcc": 83.73, "avg_val_loss": 3.184852165885238, "data_time": 0.004793012605130094, "time": 0.354535870181704, "step": 80000}
