{"lr": 0.0015930867963809803, "data_time": 0.008718514442443847, "loss": 6.050125455856323, "decode.loss_ce": 0.8978098571300507, "decode.acc_seg": 60.646446228027344, "aux_0.loss_ce": 1.8698140740394593, "aux_0.acc_seg": 47.08677673339844, "aux_1.loss_ce": 1.3543848752975465, "aux_1.acc_seg": 46.57500076293945, "aux_2.loss_ce": 1.0013367295265199, "aux_2.acc_seg": 59.187110900878906, "aux_3.loss_ce": 0.9267798781394958, "aux_3.acc_seg": 58.43883514404297, "time": 0.6206389427185058, "iter": 100, "memory": 19612, "step": 100}
{"aAcc": 59.54, "mIoU": 31.02, "mAcc": 43.51, "avg_val_loss": 7.008611410507682, "data_time": 0.015205025672912598, "time": 0.1288153709367264, "step": 100}
{"lr": 0.002191123271301943, "data_time": 0.33352859020233155, "loss": 4.443717432022095, "decode.loss_ce": 0.6909652709960937, "decode.acc_seg": 80.1312255859375, "aux_0.loss_ce": 1.3076745986938476, "aux_0.acc_seg": 74.89205932617188, "aux_1.loss_ce": 0.9461404919624329, "aux_1.acc_seg": 80.7135009765625, "aux_2.loss_ce": 0.7722711265087128, "aux_2.acc_seg": 81.02366638183594, "aux_3.loss_ce": 0.726665997505188, "aux_3.acc_seg": 79.84233093261719, "time": 0.5592797040939331, "iter": 200, "memory": 34198, "step": 200}
{"aAcc": 60.87, "mIoU": 31.78, "mAcc": 43.82, "avg_val_loss": 6.605618338966579, "data_time": 0.007335013356702081, "time": 0.09878066490436423, "step": 200}
{"lr": 0.0027881034698292294, "data_time": 0.5631102323532104, "loss": 3.7192433357238768, "decode.loss_ce": 0.5803826987743378, "decode.acc_seg": 68.21727752685547, "aux_0.loss_ce": 1.0430913984775543, "aux_0.acc_seg": 59.38472366333008, "aux_1.loss_ce": 0.7753473103046418, "aux_1.acc_seg": 65.78800201416016, "aux_2.loss_ce": 0.6735488474369049, "aux_2.acc_seg": 65.76699829101562, "aux_3.loss_ce": 0.6468730390071868, "aux_3.acc_seg": 64.9038314819336, "time": 0.8219729900360108, "iter": 300, "memory": 3300, "step": 300}
{"aAcc": 59.8, "mIoU": 35.76, "mAcc": 50.55, "avg_val_loss": 6.477807672429271, "data_time": 0.006669858406329977, "time": 0.09982659624910903, "step": 300}
{"lr": 0.0033840217450599877, "data_time": 0.024660730361938478, "loss": 3.7156748533248902, "decode.loss_ce": 0.5932039111852646, "decode.acc_seg": 74.93233489990234, "aux_0.loss_ce": 0.9875581562519073, "aux_0.acc_seg": 69.23405456542969, "aux_1.loss_ce": 0.7600646078586578, "aux_1.acc_seg": 71.28172302246094, "aux_2.loss_ce": 0.6887407422065734, "aux_2.acc_seg": 73.80455780029297, "aux_3.loss_ce": 0.6861075222492218, "aux_3.acc_seg": 72.8989486694336, "time": 0.5893797159194947, "iter": 400, "memory": 3300, "step": 400}
{"aAcc": 52.45, "mIoU": 28.89, "mAcc": 44.22, "avg_val_loss": 7.239262172091774, "data_time": 0.006916087249229695, "time": 0.10089292471436248, "step": 400}
{"lr": 0.003978874422200742, "data_time": 0.030077815055847168, "loss": 3.833289957046509, "decode.loss_ce": 0.6247977018356323, "decode.acc_seg": 81.3115005493164, "aux_0.loss_ce": 0.9646211445331574, "aux_0.acc_seg": 67.4977798461914, "aux_1.loss_ce": 0.7802402436733246, "aux_1.acc_seg": 71.8957748413086, "aux_2.loss_ce": 0.7287482619285583, "aux_2.acc_seg": 76.0201644897461, "aux_3.loss_ce": 0.7348826587200165, "aux_3.acc_seg": 75.74983215332031, "time": 0.5255975008010865, "iter": 500, "memory": 3300, "step": 500}
{"aAcc": 61.5, "mIoU": 36.27, "mAcc": 51.33, "avg_val_loss": 7.059857338440348, "data_time": 0.008122433191058279, "time": 0.10232762906743192, "step": 500}
{"lr": 0.004572658891684879, "data_time": 0.010142707824707031, "loss": 3.195709562301636, "decode.loss_ce": 0.511117571592331, "decode.acc_seg": 80.29166412353516, "aux_0.loss_ce": 0.8512507140636444, "aux_0.acc_seg": 69.79289245605469, "aux_1.loss_ce": 0.6628232061862945, "aux_1.acc_seg": 72.6062240600586, "aux_2.loss_ce": 0.5885041177272796, "aux_2.acc_seg": 76.47350311279297, "aux_3.loss_ce": 0.5820139735937119, "aux_3.acc_seg": 77.30644226074219, "time": 0.5179595470428466, "iter": 600, "memory": 3300, "step": 600}
{"aAcc": 63.51, "mIoU": 41.1, "mAcc": 57.25, "avg_val_loss": 6.958247140921347, "data_time": 0.007134541697885798, "time": 0.11207508492743833, "step": 600}
{"lr": 0.005165373185965325, "data_time": 0.31924436092376707, "loss": 3.2273054361343383, "decode.loss_ce": 0.5103408962488174, "decode.acc_seg": 86.22383117675781, "aux_0.loss_ce": 0.8371452569961548, "aux_0.acc_seg": 73.37083435058594, "aux_1.loss_ce": 0.6747529029846191, "aux_1.acc_seg": 80.66205596923828, "aux_2.loss_ce": 0.6091485917568207, "aux_2.acc_seg": 82.06222534179688, "aux_3.loss_ce": 0.5959177613258362, "aux_3.acc_seg": 82.86966705322266, "time": 0.5611016273498535, "iter": 700, "memory": 3300, "step": 700}
{"aAcc": 66.39, "mIoU": 37.98, "mAcc": 50.3, "avg_val_loss": 7.393396685309178, "data_time": 0.006382158432883778, "time": 0.11088956361529471, "step": 700}
{"lr": 0.005757015754784225, "data_time": 0.008657884597778321, "loss": 2.8300954818725588, "decode.loss_ce": 0.4712098866701126, "decode.acc_seg": 78.1173324584961, "aux_0.loss_ce": 0.7196607828140259, "aux_0.acc_seg": 62.386165618896484, "aux_1.loss_ce": 0.5773404240608215, "aux_1.acc_seg": 76.67666625976562, "aux_2.loss_ce": 0.5264283180236816, "aux_2.acc_seg": 79.62989044189453, "aux_3.loss_ce": 0.5354560673236847, "aux_3.acc_seg": 75.54421997070312, "time": 0.6310524225234986, "iter": 800, "memory": 3300, "step": 800}
{"aAcc": 63.88, "mIoU": 35.8, "mAcc": 48.31, "avg_val_loss": 7.31471420809278, "data_time": 0.007057754472754468, "time": 0.11179618177742794, "step": 800}
{"lr": 0.006347585334568276, "data_time": 0.008592724800109863, "loss": 2.9620922088623045, "decode.loss_ce": 0.4599073022603989, "decode.acc_seg": 83.38683319091797, "aux_0.loss_ce": 0.7832332849502563, "aux_0.acc_seg": 73.14138793945312, "aux_1.loss_ce": 0.627227395772934, "aux_1.acc_seg": 76.01628112792969, "aux_2.loss_ce": 0.567944273352623, "aux_2.acc_seg": 78.68428039550781, "aux_3.loss_ce": 0.5237800359725953, "aux_3.acc_seg": 80.94244384765625, "time": 0.6832949876785278, "iter": 900, "memory": 3300, "step": 900}
{"aAcc": 52.34, "mIoU": 31.07, "mAcc": 48.05, "avg_val_loss": 7.475973056359404, "data_time": 0.0072645702581296025, "time": 0.1057795519116281, "step": 900}
{"lr": 0.0069370808672639134, "data_time": 0.008441472053527832, "loss": 2.9033354759216308, "decode.loss_ce": 0.47477167546749116, "decode.acc_seg": 80.64399719238281, "aux_0.loss_ce": 0.7329375326633454, "aux_0.acc_seg": 62.167335510253906, "aux_1.loss_ce": 0.6132110744714737, "aux_1.acc_seg": 73.6177749633789, "aux_2.loss_ce": 0.5450293272733688, "aux_2.acc_seg": 77.40460968017578, "aux_3.loss_ce": 0.5373858660459518, "aux_3.acc_seg": 77.28005981445312, "time": 0.6648036003112793, "iter": 1000, "memory": 3300, "step": 1000}
{"aAcc": 65.8, "mIoU": 38.27, "mAcc": 51.71, "avg_val_loss": 7.395109127396554, "data_time": 0.008341728955849835, "time": 0.10126581411252077, "step": 1000}
{"lr": 0.007525501447207789, "data_time": 0.008062219619750977, "loss": 2.9284746408462525, "decode.loss_ce": 0.42800724506378174, "decode.acc_seg": 86.13600158691406, "aux_0.loss_ce": 0.776576966047287, "aux_0.acc_seg": 68.87789154052734, "aux_1.loss_ce": 0.632380747795105, "aux_1.acc_seg": 76.7757797241211, "aux_2.loss_ce": 0.5686198860406876, "aux_2.acc_seg": 80.79994201660156, "aux_3.loss_ce": 0.5228897541761398, "aux_3.acc_seg": 81.09122467041016, "time": 0.7169209957122803, "iter": 1100, "memory": 3300, "step": 1100}
{"aAcc": 66.52, "mIoU": 40.96, "mAcc": 55.64, "avg_val_loss": 7.41727834048937, "data_time": 0.006057626899631544, "time": 0.10006753329573007, "step": 1100}
{"lr": 0.008112846284874206, "data_time": 0.011249351501464843, "loss": 2.7791717290878295, "decode.loss_ce": 0.425194525718689, "decode.acc_seg": 87.19822692871094, "aux_0.loss_ce": 0.7492359519004822, "aux_0.acc_seg": 73.56072235107422, "aux_1.loss_ce": 0.5768379300832749, "aux_1.acc_seg": 82.44622039794922, "aux_2.loss_ce": 0.5175600469112396, "aux_2.acc_seg": 83.27200317382812, "aux_3.loss_ce": 0.5103432387113571, "aux_3.acc_seg": 82.69405364990234,