{"lr": 0.005201541801877408, "data_time": 0.0038169384002685546, "loss": 8.357866907119751, "decode.loss_ce": 1.2139849364757538, "decode.acc_seg": 68.57311248779297, "aux_0.loss_ce": 1.870192015171051, "aux_0.acc_seg": 47.928001403808594, "aux_1.loss_ce": 1.759410321712494, "aux_1.acc_seg": 51.9555549621582, "aux_2.loss_ce": 1.6530156970024108, "aux_2.acc_seg": 56.410667419433594, "aux_3.loss_ce": 1.8612638711929321, "aux_3.acc_seg": 44.543556213378906, "time": 0.13411262035369872, "iter": 500, "memory": 17409, "step": 500}
