{"lr": 0.0015943962641761188, "data_time": 0.009000921249389648, "loss": 4.730117440223694, "decode.loss_ce": 0.5964958369731903, "decode.acc_seg": 82.56061553955078, "aux_0.loss_ce": 1.3130274057388305, "aux_0.acc_seg": 81.23783111572266, "aux_1.loss_ce": 1.2220349669456483, "aux_1.acc_seg": 80.19338989257812, "aux_2.loss_ce": 0.7625815868377686, "aux_2.acc_seg": 88.12755584716797, "aux_3.loss_ce": 0.8359775722026825, "aux_3.acc_seg": 86.87249755859375, "time": 0.4941559791564941, "iter": 100, "memory": 19764, "step": 100}
{"aAcc": 72.08, "mIoU": 54.1, "mAcc": 69.77, "avg_val_loss": 11.71114608567012, "data_time": 0.012208930281705634, "time": 0.1269693651864695, "step": 100}
{"lr": 0.002194796531020685, "data_time": 0.01898510456085205, "loss": 4.561363458633423, "decode.loss_ce": 0.5771867603063583, "decode.acc_seg": 61.34511184692383, "aux_0.loss_ce": 1.271507942676544, "aux_0.acc_seg": 59.113555908203125, "aux_1.loss_ce": 1.2175439894199371, "aux_1.acc_seg": 59.0073356628418, "aux_2.loss_ce": 0.7290485382080079, "aux_2.acc_seg": 78.03233337402344, "aux_3.loss_ce": 0.7660762012004853, "aux_3.acc_seg": 73.94489288330078, "time": 0.6019938230514527, "iter": 200, "memory": 34383, "step": 200}
{"aAcc": 48.11, "mIoU": 34.04, "mAcc": 54.12, "avg_val_loss": 12.229156998579787, "data_time": 0.007742199404486294, "time": 0.08965020618219485, "step": 200}
{"lr": 0.0027951967978652476, "data_time": 0.3083248853683472, "loss": 4.0203299760818485, "decode.loss_ce": 0.4616444021463394, "decode.acc_seg": 82.12411499023438, "aux_0.loss_ce": 1.1965310454368592, "aux_0.acc_seg": 77.8715591430664, "aux_1.loss_ce": 1.1459987461566925, "aux_1.acc_seg": 76.32106018066406, "aux_2.loss_ce": 0.6094692647457123, "aux_2.acc_seg": 89.03227996826172, "aux_3.loss_ce": 0.6066865235567093, "aux_3.acc_seg": 89.94122314453125, "time": 0.4930309534072876, "iter": 300, "memory": 2902, "step": 300}
{"aAcc": 63.58, "mIoU": 47.28, "mAcc": 63.5, "avg_val_loss": 10.624069134953485, "data_time": 0.007861759470797133, "time": 0.08913203765606058, "step": 300}
{"lr": 0.0033955970647098093, "data_time": 0.32180023193359375, "loss": 3.8623504877090453, "decode.loss_ce": 0.4025771230459213, "decode.acc_seg": 84.52388763427734, "aux_0.loss_ce": 1.164359849691391, "aux_0.acc_seg": 75.11800384521484, "aux_1.loss_ce": 1.0968697130680085, "aux_1.acc_seg": 78.68321990966797, "aux_2.loss_ce": 0.5773963868618012, "aux_2.acc_seg": 87.53727722167969, "aux_3.loss_ce": 0.6211473017930984, "aux_3.acc_seg": 87.37911224365234, "time": 0.5055499792098999, "iter": 400, "memory": 2902, "step": 400}
{"aAcc": 48.24, "mIoU": 28.91, "mAcc": 48.56, "avg_val_loss": 10.469858567494551, "data_time": 0.008052645058467471, "time": 0.09127730062638206, "step": 400}
{"lr": 0.003995997331554373, "data_time": 0.013630938529968262, "loss": 3.6991214036941527, "decode.loss_ce": 0.35248485654592515, "decode.acc_seg": 88.6586685180664, "aux_0.loss_ce": 1.170192414522171, "aux_0.acc_seg": 80.50983428955078, "aux_1.loss_ce": 1.092002946138382, "aux_1.acc_seg": 79.52983093261719, "aux_2.loss_ce": 0.5406767010688782, "aux_2.acc_seg": 90.75944519042969, "aux_3.loss_ce": 0.5437644749879837, "aux_3.acc_seg": 90.23921966552734, "time": 0.5041515350341796, "iter": 500, "memory": 2902, "step": 500}
{"aAcc": 72.81, "mIoU": 54.41, "mAcc": 68.96, "avg_val_loss": 9.969275832156601, "data_time": 0.007150411605834961, "time": 0.10513604646441581, "step": 500}
{"lr": 0.0045963975983989375, "data_time": 0.21166834831237794, "loss": 3.5946874380111695, "decode.loss_ce": 0.32243277281522753, "decode.acc_seg": 87.30950164794922, "aux_0.loss_ce": 1.1160056710243225, "aux_0.acc_seg": 75.77261352539062, "aux_1.loss_ce": 1.1020265877246858, "aux_1.acc_seg": 73.11421966552734, "aux_2.loss_ce": 0.5120013326406478, "aux_2.acc_seg": 87.42827606201172, "aux_3.loss_ce": 0.5422209590673447, "aux_3.acc_seg": 86.5733871459961, "time": 0.5676976680755615, "iter": 600, "memory": 2902, "step": 600}
{"aAcc": 58.59, "mIoU": 38.73, "mAcc": 56.94, "avg_val_loss": 9.623218329410934, "data_time": 0.006902472726229964, "time": 0.10209164948299013, "step": 600}
{"lr": 0.005196797865243495, "data_time": 0.10215549468994141, "loss": 3.7010754585266112, "decode.loss_ce": 0.3346850201487541, "decode.acc_seg": 89.6054458618164, "aux_0.loss_ce": 1.1625792920589446, "aux_0.acc_seg": 75.901611328125, "aux_1.loss_ce": 1.078610372543335, "aux_1.acc_seg": 76.53155517578125, "aux_2.loss_ce": 0.5544844776391983, "aux_2.acc_seg": 91.27305603027344, "aux_3.loss_ce": 0.5707162857055664, "aux_3.acc_seg": 90.46627807617188, "time": 0.6855619192123413, "iter": 700, "memory": 2902, "step": 700}
{"aAcc": 68.39, "mIoU": 48.2, "mAcc": 63.57, "avg_val_loss": 9.235996216546459, "data_time": 0.006793847029236542, "time": 0.09038501772387274, "step": 700}
{"lr": 0.005797198132088056, "data_time": 0.331415581703186, "loss": 3.5269184589385985, "decode.loss_ce": 0.30504128634929656, "decode.acc_seg": 90.49272155761719, "aux_0.loss_ce": 1.116871041059494, "aux_0.acc_seg": 79.41055297851562, "aux_1.loss_ce": 1.060278308391571, "aux_1.acc_seg": 81.54644775390625, "aux_2.loss_ce": 0.5061148136854172, "aux_2.acc_seg": 91.08483123779297, "aux_3.loss_ce": 0.5386130750179291, "aux_3.acc_seg": 90.47822570800781, "time": 0.5664465427398682, "iter": 800, "memory": 2902, "step": 800}
{"aAcc": 78.51, "mIoU": 58.79, "mAcc": 71.17, "avg_val_loss": 8.897881723669418, "data_time": 0.008565423132359296, "time": 0.09204283527944279, "step": 800}
{"lr": 0.006397598398932616, "data_time": 0.47632060050964353, "loss": 3.448583388328552, "decode.loss_ce": 0.28224450051784516, "decode.acc_seg": 88.56077575683594, "aux_0.loss_ce": 1.1086627960205078, "aux_0.acc_seg": 76.20616912841797, "aux_1.loss_ce": 1.043372231721878, "aux_1.acc_seg": 77.70378112792969, "aux_2.loss_ce": 0.4942964047193527, "aux_2.acc_seg": 90.16488647460938, "aux_3.loss_ce": 0.5200074285268783, "aux_3.acc_seg": 89.72822570800781, "time": 0.6620035409927368, "iter": 900, "memory": 2902, "step": 900}
{"aAcc": 77.74, "mIoU": 57.58, "mAcc": 70.1, "avg_val_loss": 8.688100258220057, "data_time": 0.007643776378412357, "time": 0.09131591895530963, "step": 900}
{"lr": 0.0069979986657771765, "data_time": 0.022067618370056153, "loss": 3.2011279821395875, "decode.loss_ce": 0.26528872847557067, "decode.acc_seg": 88.93638610839844, "aux_0.loss_ce": 1.0428491830825806, "aux_0.acc_seg": 75.21661376953125, "aux_1.loss_ce": 0.9275370001792907, "aux_1.acc_seg": 75.8409423828125, "aux_2.loss_ce": 0.47280927896499636, "aux_2.acc_seg": 89.99549865722656, "aux_3.loss_ce": 0.49264378249645235, "aux_3.acc_seg": 89.57872009277344, "time": 0.4852138042449951, "iter": 1000, "memory": 2902, "step": 1000}
{"aAcc": 69.16, "mIoU": 49.97, "mAcc": 65.12, "avg_val_loss": 8.579657660229731, "data_time": 0.007081722391062769, "time": 0.09019118615950661, "step": 1000}
{"lr": 0.0075983989326217465, "data_time": 0.5421144247055054, "loss": 3.4066723823547362, "decode.loss_ce": 0.2721572816371918, "decode.acc_seg": 87.48411560058594, "aux_0.loss_ce": 1.1194417595863342, "aux_0.acc_seg": 72.48339080810547, "aux_1.loss_ce": 1.0251801073551179, "aux_1.acc_seg": 73.78272247314453, "aux_2.loss_ce": 0.485605451464653, "aux_2.acc_seg": 89.70355987548828, "aux_3.loss_ce": 0.5042878210544586, "aux_3.acc_seg": 88.66372680664062, "time": 0.7264107704162598, "iter": 1100, "memory": 2902, "step": 1100}
{"aAcc": 69.63, "mIoU": 47.12, "mAcc": 61.92, "avg_val_loss": 8.14840906350955, "data_time": 0.007238620999215663, "time": 0.09178250685505483, "step": 1100}
{"lr": 0.008198799199466306, "data_time": 0.2824766397476196, "loss": 3.3267456769943236, "decode.loss_ce": 0.2664975434541702, "decode.acc_seg": 89.39244842529297, "aux_0.loss_ce": 1.0882745563983918, "aux_0.acc_seg": 76.53949737548828, "aux_1.loss_ce": 1.0048386871814727, "aux_1.acc_seg": 76.26861572265625, "aux_2.loss_ce": 0.47426776587963104, "aux_2.acc_seg": 91.60710906982422, "aux_3.loss_ce": 0.4928670972585678, "aux_3.acc_seg": 90.4830551147461,