{"lr": 0.0015943962641761188, "data_time": 0.5487977504730225, "loss": 2.823179578781128, "decode.loss_seg": 0.4738824874162674, "aux_0.loss_seg": 0.6605499804019928, "aux_1.loss_seg": 0.562865138053894, "aux_2.loss_seg": 0.5807818949222565, "aux_3.loss_seg": 0.545100086927414, "time": 0.6854608297348023, "iter": 100, "memory": 19645, "step": 100}
{"aAcc": 48.43, "mIoU": 32.91, "mAcc": 52.87, "avg_val_loss": 0.0, "data_time": 0.01158709581508193, "time": 0.09351703732512719, "step": 100}
{"lr": 0.002194796531020685, "data_time": 0.09263653755187988, "loss": 2.388608467578888, "decode.loss_seg": 0.38423563838005065, "aux_0.loss_seg": 0.5596961796283721, "aux_1.loss_seg": 0.4823758989572525, "aux_2.loss_seg": 0.5020393997430801, "aux_3.loss_seg": 0.46026132106781004, "time": 0.5877335548400879, "iter": 200, "memory": 34227, "step": 200}
{"aAcc": 68.54, "mIoU": 52.59, "mAcc": 68.15, "avg_val_loss": 0.0, "data_time": 0.009239843521995106, "time": 0.06367200270466421, "step": 200}
