{"lr": 0.0015943962641761188, "data_time": 0.009583663940429688, "loss": 4.135105109214782, "decode.loss_ce": 0.6537393629550934, "decode.acc_seg": 75.52572631835938, "aux_0.loss_ce": 1.1800427317619324, "aux_0.acc_seg": 72.86205291748047, "aux_1.loss_ce": 0.9092655420303345, "aux_1.acc_seg": 74.67533111572266, "aux_2.loss_ce": 0.7415498256683349, "aux_2.acc_seg": 72.62805938720703, "aux_3.loss_ce": 0.6505076050758362, "aux_3.acc_seg": 79.12178039550781, "time": 0.6114373922348022, "iter": 100, "memory": 19642, "step": 100}
{"aAcc": 43.31, "mIoU": 30.62, "mAcc": 51.63, "avg_val_loss": 4.946389984840538, "data_time": 0.011796127918154695, "time": 0.1270451213038245, "step": 100}
{"lr": 0.002194796531020685, "data_time": 0.11924693584442139, "loss": 3.7339855432510376, "decode.loss_ce": 0.6572915643453598, "decode.acc_seg": 61.180946350097656, "aux_0.loss_ce": 0.9652307510375977, "aux_0.acc_seg": 61.523277282714844, "aux_1.loss_ce": 0.7722919106483459, "aux_1.acc_seg": 66.86772155761719, "aux_2.loss_ce": 0.6839681684970855, "aux_2.acc_seg": 67.57538604736328, "aux_3.loss_ce": 0.655203104019165, "aux_3.acc_seg": 59.7690544128418, "time": 0.47076852321624757, "iter": 200, "memory": 34218, "step": 200}
{"aAcc": 44.1, "mIoU": 30.97, "mAcc": 52.3, "avg_val_loss": 5.750132348105224, "data_time": 0.007984775236283225, "time": 0.08631108547079153, "step": 200}
{"lr": 0.0027951967978652476, "data_time": 0.08512766361236572, "loss": 3.1923922300338745, "decode.loss_ce": 0.5148908406496048, "decode.acc_seg": 73.04994201660156, "aux_0.loss_ce": 0.8652039408683777, "aux_0.acc_seg": 63.8281135559082, "aux_1.loss_ce": 0.6706751823425293, "aux_1.acc_seg": 67.01933288574219, "aux_2.loss_ce": 0.6000111043453217, "aux_2.acc_seg": 67.98477935791016, "aux_3.loss_ce": 0.5416111320257186, "aux_3.acc_seg": 69.4124984741211, "time": 0.6525193691253662, "iter": 300, "memory": 2727, "step": 300}
{"aAcc": 70.29, "mIoU": 46.7, "mAcc": 60.6, "avg_val_loss": 5.004847129011711, "data_time": 0.008262858993705663, "time": 0.08528108706419495, "step": 300}
{"lr": 0.0033955970647098093, "data_time": 0.41237835884094237, "loss": 3.1765055894851684, "decode.loss_ce": 0.47704011797904966, "decode.acc_seg": 77.64822387695312, "aux_0.loss_ce": 0.8575413405895234, "aux_0.acc_seg": 68.2286148071289, "aux_1.loss_ce": 0.6955452620983124, "aux_1.acc_seg": 69.55010986328125, "aux_2.loss_ce": 0.6030718237161636, "aux_2.acc_seg": 72.94116973876953, "aux_3.loss_ce": 0.5433070629835128, "aux_3.acc_seg": 70.69927978515625, "time": 0.5921436786651612, "iter": 400, "memory": 2727, "step": 400}
{"aAcc": 50.87, "mIoU": 36.42, "mAcc": 54.89, "avg_val_loss": 4.70803815834442, "data_time": 0.007635250858876897, "time": 0.08566230192951772, "step": 400}
{"lr": 0.003995997331554373, "data_time": 0.05560069084167481, "loss": 2.967251992225647, "decode.loss_ce": 0.427186182141304, "decode.acc_seg": 81.61377716064453, "aux_0.loss_ce": 0.7999263286590577, "aux_0.acc_seg": 71.33577728271484, "aux_1.loss_ce": 0.6506891965866088, "aux_1.acc_seg": 79.58922576904297, "aux_2.loss_ce": 0.5741142123937607, "aux_2.acc_seg": 80.78233337402344, "aux_3.loss_ce": 0.5153360038995742, "aux_3.acc_seg": 83.83894348144531, "time": 0.5072729825973511, "iter": 500, "memory": 2727, "step": 500}
{"aAcc": 41.44, "mIoU": 27.17, "mAcc": 51.68, "avg_val_loss": 4.811938023410345, "data_time": 0.007533777719256522, "time": 0.08611441480702367, "step": 500}
{"lr": 0.0045963975983989375, "data_time": 0.44756278991699217, "loss": 3.182766079902649, "decode.loss_ce": 0.46148079335689546, "decode.acc_seg": 77.3050537109375, "aux_0.loss_ce": 0.8268446505069733, "aux_0.acc_seg": 57.41627883911133, "aux_1.loss_ce": 0.6922620892524719, "aux_1.acc_seg": 60.67877960205078, "aux_2.loss_ce": 0.6151492238044739, "aux_2.acc_seg": 67.69944763183594, "aux_3.loss_ce": 0.587029418349266, "aux_3.acc_seg": 71.72016906738281, "time": 0.6308177947998047, "iter": 600, "memory": 2727, "step": 600}
{"aAcc": 50.76, "mIoU": 34.66, "mAcc": 52.3, "avg_val_loss": 4.667292040618423, "data_time": 0.007711067967031194, "time": 0.08712512323226052, "step": 600}
{"lr": 0.005196797865243495, "data_time": 0.18282802104949952, "loss": 2.995897150039673, "decode.loss_ce": 0.4078765451908112, "decode.acc_seg": 84.04066467285156, "aux_0.loss_ce": 0.7915848433971405, "aux_0.acc_seg": 65.85755920410156, "aux_1.loss_ce": 0.6614502012729645, "aux_1.acc_seg": 72.51922607421875, "aux_2.loss_ce": 0.5888960272073746, "aux_2.acc_seg": 75.0723876953125, "aux_3.loss_ce": 0.5460895001888275, "aux_3.acc_seg": 78.53761291503906, "time": 0.5382531404495239, "iter": 700, "memory": 2727, "step": 700}
{"aAcc": 41.55, "mIoU": 23.97, "mAcc": 44.47, "avg_val_loss": 4.627168274476015, "data_time": 0.006694352489778365, "time": 0.08741942219350529, "step": 700}
{"lr": 0.005797198132088056, "data_time": 0.36512901782989504, "loss": 3.021343779563904, "decode.loss_ce": 0.40037604570388796, "decode.acc_seg": 84.57311248779297, "aux_0.loss_ce": 0.8152088344097137, "aux_0.acc_seg": 75.5322265625, "aux_1.loss_ce": 0.657651835680008, "aux_1.acc_seg": 81.30811309814453, "aux_2.loss_ce": 0.5901939362287522, "aux_2.acc_seg": 83.29316711425781, "aux_3.loss_ce": 0.5579131126403809, "aux_3.acc_seg": 83.41217041015625, "time": 0.5562304735183716, "iter": 800, "memory": 2727, "step": 800}
{"aAcc": 73.19, "mIoU": 53.76, "mAcc": 67.72, "avg_val_loss": 4.50665121715603, "data_time": 0.007823878321154365, "time": 0.08624698649877789, "step": 800}
{"lr": 0.006397598398932616, "data_time": 0.03243961334228516, "loss": 2.865880584716797, "decode.loss_ce": 0.3554153203964233, "decode.acc_seg": 82.9655532836914, "aux_0.loss_ce": 0.7825801789760589, "aux_0.acc_seg": 72.43394470214844, "aux_1.loss_ce": 0.6372695624828338, "aux_1.acc_seg": 76.02027893066406, "aux_2.loss_ce": 0.5558754533529282, "aux_2.acc_seg": 77.58599853515625, "aux_3.loss_ce": 0.5347400546073914, "aux_3.acc_seg": 72.40716552734375, "time": 0.6592686176300049, "iter": 900, "memory": 2727, "step": 900}
{"aAcc": 43.83, "mIoU": 27.25, "mAcc": 45.38, "avg_val_loss": 4.453300319921862, "data_time": 0.0075352602991564524, "time": 0.0878907263964072, "step": 900}
{"lr": 0.0069979986657771765, "data_time": 0.3150583267211914, "loss": 2.7387610197067263, "decode.loss_ce": 0.3192135989665985, "decode.acc_seg": 85.28788757324219, "aux_0.loss_ce": 0.7817240834236145, "aux_0.acc_seg": 71.68555450439453, "aux_1.loss_ce": 0.6263673424720764, "aux_1.acc_seg": 77.24400329589844, "aux_2.loss_ce": 0.5348237544298172, "aux_2.acc_seg": 79.0195541381836, "aux_3.loss_ce": 0.4766322076320648, "aux_3.acc_seg": 79.81555938720703, "time": 0.47032580375671384, "iter": 1000, "memory": 2727, "step": 1000}
{"aAcc": 42.31, "mIoU": 24.91, "mAcc": 44.14, "avg_val_loss": 4.478728500553215, "data_time": 0.0069897448879548876, "time": 0.09012410558503249, "step": 1000}
{"lr": 0.0075983989326217465, "data_time": 0.2740938663482666, "loss": 2.718765044212341, "decode.loss_ce": 0.3499996155500412, "decode.acc_seg": 80.31077575683594, "aux_0.loss_ce": 0.7233598351478576, "aux_0.acc_seg": 59.77055740356445, "aux_1.loss_ce": 0.5999959111213684, "aux_1.acc_seg": 67.63378143310547, "aux_2.loss_ce": 0.5427329808473587, "aux_2.acc_seg": 70.08316802978516, "aux_3.loss_ce": 0.5026767283678055, "aux_3.acc_seg": 75.28849792480469, "time": 0.5478609561920166, "iter": 1100, "memory": 2727, "step": 1100}
{"aAcc": 59.06, "mIoU": 40.07, "mAcc": 55.98, "avg_val_loss": 4.315884297985955, "data_time": 0.007902937373895755, "time": 0.0909940018050972, "step": 1100}
{"lr": 0.008198799199466306, "data_time": 0.3277161121368408, "loss": 2.6594717741012572, "decode.loss_ce": 0.32159145921468735, "decode.acc_seg": 80.62405395507812, "aux_0.loss_ce": 0.7385940790176392, "aux_0.acc_seg": 70.13383483886719, "aux_1.loss_ce": 0.5952696979045868, "aux_1.acc_seg": 70.89600372314453, "aux_2.loss_ce": 0.5198328763246536, "aux_2.acc_seg": 71.83794403076172, "aux_3.loss_ce": 0.48418367505073545, "aux_3.acc_seg": 68.06177520751953,