{"lr": 0.0015930867963809803, "data_time": 0.08291118144989014, "loss": 9.329199981689452, "decode.loss_ce": 1.5648742079734803, "decode.acc_seg": 37.29999923706055, "aux_0.loss_ce": 2.389037013053894, "aux_0.acc_seg": 8.760889053344727, "aux_1.loss_ce": 1.9283353328704833, "aux_1.acc_seg": 25.327333450317383, "aux_2.loss_ce": 1.7038020849227906, "aux_2.acc_seg": 45.34600067138672, "aux_3.loss_ce": 1.7431514263153076, "aux_3.acc_seg": 30.28244400024414, "time": 0.3049863338470459, "iter": 100, "memory": 17403, "step": 100}
