{"lr": 0.0050220502205022026, "data_time": 0.0036441326141357423, "loss": 9.682775163650513, "decode.loss_ce": 1.722080111503601, "decode.acc_seg": 32.24444580078125, "aux_0.loss_ce": 2.2918511986732484, "aux_0.acc_seg": 45.284000396728516, "aux_1.loss_ce": 1.9300591111183167, "aux_1.acc_seg": 45.4553337097168, "aux_2.loss_ce": 1.7896046400070191, "aux_2.acc_seg": 55.90155792236328, "aux_3.loss_ce": 1.949180257320404, "aux_3.acc_seg": 54.475555419921875, "time": 0.20763964653015138, "iter": 50, "memory": 17408, "step": 50}
{"aAcc": 56.74, "mIoU": 9.99, "mAcc": 15.61, "avg_val_loss": 7.53459548471035, "data_time": 0.00556779371850972, "time": 0.36094895418543016, "step": 50}
{"lr": 0.00504455044550445, "data_time": 0.00373380184173584, "loss": 8.08597502708435, "decode.loss_ce": 1.515824657678604, "decode.acc_seg": 50.79310989379883, "aux_0.loss_ce": 1.8474658131599426, "aux_0.acc_seg": 37.60333251953125, "aux_1.loss_ce": 1.5676078081130982, "aux_1.acc_seg": 64.74822235107422, "aux_2.loss_ce": 1.5056841373443604, "aux_2.acc_seg": 57.40733337402344, "aux_3.loss_ce": 1.6493925392627715, "aux_3.acc_seg": 36.338443756103516, "time": 0.17396042346954346, "iter": 100, "memory": 901, "step": 100}
