{"lr": 0.0015943962641761188, "data_time": 0.008655834197998046, "loss": 4.2505511999130245, "decode.loss_ce": 2.5536389350891113, "decode.acc_seg": 79.82917022705078, "aux_0.loss_ce": 0.506610843539238, "aux_0.acc_seg": 79.94728088378906, "aux_1.loss_ce": 0.6428212106227875, "aux_1.acc_seg": 73.40689086914062, "aux_2.loss_ce": 0.5474802076816558, "aux_2.acc_seg": 72.66361236572266, "time": 0.47012953758239745, "iter": 100, "memory": 36495, "step": 100}
{"aAcc": 41.01, "mIoU": 23.53, "mAcc": 45.49, "avg_val_loss": 22.703431142178196, "data_time": 0.012328646903814272, "time": 0.1038408168526583, "step": 100}
{"lr": 0.002194796531020685, "data_time": 0.011050748825073241, "loss": 4.201369643211365, "decode.loss_ce": 2.621913743019104, "decode.acc_seg": 83.95011138916016, "aux_0.loss_ce": 0.47311038076877593, "aux_0.acc_seg": 82.84222412109375, "aux_1.loss_ce": 0.6262898206710815, "aux_1.acc_seg": 71.64111328125, "aux_2.loss_ce": 0.4800557136535645, "aux_2.acc_seg": 82.17194366455078, "time": 0.5541737318038941, "iter": 200, "memory": 8911, "step": 200}
{"aAcc": 42.14, "mIoU": 24.72, "mAcc": 47.31, "avg_val_loss": 20.43066302713072, "data_time": 0.007317619762201419, "time": 0.09425783431392977, "step": 200}
{"lr": 0.0027951967978652476, "data_time": 0.32236084938049314, "loss": 3.6236905097961425, "decode.loss_ce": 2.17825962305069, "decode.acc_seg": 80.60122680664062, "aux_0.loss_ce": 0.43425131738185885, "aux_0.acc_seg": 80.59916687011719, "aux_1.loss_ce": 0.5884650349617004, "aux_1.acc_seg": 76.28121948242188, "aux_2.loss_ce": 0.42271452248096464, "aux_2.acc_seg": 79.94338989257812, "time": 0.5203077793121338, "iter": 300, "memory": 2952, "step": 300}
{"aAcc": 68.07, "mIoU": 50.63, "mAcc": 66.97, "avg_val_loss": 15.7143312719656, "data_time": 0.0079960603823607, "time": 0.09874142997566311, "step": 300}
{"lr": 0.0033955970647098093, "data_time": 0.26332552433013917, "loss": 3.6074968576431274, "decode.loss_ce": 2.1701814413070677, "decode.acc_seg": 81.03072357177734, "aux_0.loss_ce": 0.4154387950897217, "aux_0.acc_seg": 83.1767807006836, "aux_1.loss_ce": 0.5978142976760864, "aux_1.acc_seg": 67.01105499267578, "aux_2.loss_ce": 0.4240623414516449, "aux_2.acc_seg": 79.5713882446289, "time": 0.5163447141647339, "iter": 400, "memory": 2952, "step": 400}
{"aAcc": 44.29, "mIoU": 28.55, "mAcc": 49.41, "avg_val_loss": 15.161410367519359, "data_time": 0.007413472252330561, "time": 0.09753417420661313, "step": 400}
{"lr": 0.003995997331554373, "data_time": 0.008560371398925782, "loss": 3.6192912340164183, "decode.loss_ce": 2.1629904985427855, "decode.acc_seg": 76.4298324584961, "aux_0.loss_ce": 0.4226819097995758, "aux_0.acc_seg": 79.62300109863281, "aux_1.loss_ce": 0.6117833822965622, "aux_1.acc_seg": 69.82233428955078, "aux_2.loss_ce": 0.4218354642391205, "aux_2.acc_seg": 78.06294250488281, "time": 0.4629476070404053, "iter": 500, "memory": 2952, "step": 500}
{"aAcc": 72.57, "mIoU": 53.65, "mAcc": 68.01, "avg_val_loss": 13.384242604803621, "data_time": 0.0073899208814248276, "time": 0.09779917234661935, "step": 500}
{"lr": 0.0045963975983989375, "data_time": 0.4759544610977173, "loss": 3.5670373916625975, "decode.loss_ce": 2.1140566229820252, "decode.acc_seg": 80.21900177001953, "aux_0.loss_ce": 0.45309256613254545, "aux_0.acc_seg": 76.81327819824219, "aux_1.loss_ce": 0.5824185490608216, "aux_1.acc_seg": 74.12738800048828, "aux_2.loss_ce": 0.4174697041511536, "aux_2.acc_seg": 81.04572296142578, "time": 0.6406870126724243, "iter": 600, "memory": 2952, "step": 600}
{"aAcc": 44.28, "mIoU": 29.52, "mAcc": 50.5, "avg_val_loss": 12.611251020350187, "data_time": 0.008067799710679328, "time": 0.09584601172085466, "step": 600}
{"lr": 0.005196797865243495, "data_time": 0.3993214130401611, "loss": 3.1368193864822387, "decode.loss_ce": 1.8761480450630188, "decode.acc_seg": 83.81578063964844, "aux_0.loss_ce": 0.36037986874580386, "aux_0.acc_seg": 82.45838928222656, "aux_1.loss_ce": 0.5484105676412583, "aux_1.acc_seg": 75.05144500732422, "aux_2.loss_ce": 0.3518808990716934, "aux_2.acc_seg": 84.5074462890625, "time": 0.5624448537826539, "iter": 700, "memory": 2952, "step": 700}
{"aAcc": 68.85, "mIoU": 50.81, "mAcc": 66.38, "avg_val_loss": 11.67839998352896, "data_time": 0.0071598579143655715, "time": 0.09849000799244848, "step": 700}
{"lr": 0.005797198132088056, "data_time": 0.4924527645111084, "loss": 2.635733938217163, "decode.loss_ce": 1.5166360139846802, "decode.acc_seg": 88.2528305053711, "aux_0.loss_ce": 0.31647723317146303, "aux_0.acc_seg": 87.71739196777344, "aux_1.loss_ce": 0.5014619916677475, "aux_1.acc_seg": 78.55683135986328, "aux_2.loss_ce": 0.301158732175827, "aux_2.acc_seg": 88.02727508544922, "time": 0.6814968109130859, "iter": 800, "memory": 2952, "step": 800}
{"aAcc": 75.33, "mIoU": 56.54, "mAcc": 70.21, "avg_val_loss": 10.952964751017198, "data_time": 0.00626812858143072, "time": 0.0965726156344359, "step": 800}
{"lr": 0.006397598398932616, "data_time": 0.058816719055175784, "loss": 2.9602774381637573, "decode.loss_ce": 1.6996036291122436, "decode.acc_seg": 80.13255310058594, "aux_0.loss_ce": 0.3717074185609818, "aux_0.acc_seg": 78.8201675415039, "aux_1.loss_ce": 0.5632640421390533, "aux_1.acc_seg": 71.35900115966797, "aux_2.loss_ce": 0.3257023021578789, "aux_2.acc_seg": 80.21199798583984, "time": 0.6190918445587158, "iter": 900, "memory": 2952, "step": 900}
{"aAcc": 58.92, "mIoU": 43.08, "mAcc": 62.14, "avg_val_loss": 10.832972834265567, "data_time": 0.0072630986400034235, "time": 0.09749076832299945, "step": 900}
{"lr": 0.0069979986657771765, "data_time": 0.008824539184570313, "loss": 2.9776318311691283, "decode.loss_ce": 1.734736394882202, "decode.acc_seg": 80.53849792480469, "aux_0.loss_ce": 0.34791654348373413, "aux_0.acc_seg": 76.04827880859375, "aux_1.loss_ce": 0.5680788606405258, "aux_1.acc_seg": 65.48461151123047, "aux_2.loss_ce": 0.32689994722604754, "aux_2.acc_seg": 81.72966766357422, "time": 0.5309717893600464, "iter": 1000, "memory": 2952, "step": 1000}
{"aAcc": 70.99, "mIoU": 53.04, "mAcc": 68.46, "avg_val_loss": 10.40868906310776, "data_time": 0.006845161832612136, "time": 0.09708071577137914, "step": 1000}
{"lr": 0.0075983989326217465, "data_time": 0.5562744379043579, "loss": 2.7105658769607546, "decode.loss_ce": 1.5854546189308167, "decode.acc_seg": 88.25105285644531, "aux_0.loss_ce": 0.29175265729427335, "aux_0.acc_seg": 89.00260925292969, "aux_1.loss_ce": 0.5339092493057251, "aux_1.acc_seg": 73.47933197021484, "aux_2.loss_ce": 0.29944934248924254, "aux_2.acc_seg": 89.01721954345703, "time": 0.7215957403182983, "iter": 1100, "memory": 2952, "step": 1100}
{"aAcc": 70.71, "mIoU": 52.9, "mAcc": 68.02, "avg_val_loss": 8.783313656097267, "data_time": 0.006586535223599138, "time": 0.09568989961996846, "step": 1100}
{"lr": 0.008198799199466306, "data_time": 0.35549814701080323, "loss": 2.74974205493927, "decode.loss_ce": 1.5827136874198913, "decode.acc_seg": 87.41899871826172, "aux_0.loss_ce": 0.2915046751499176, "aux_0.acc_seg": 88.40894317626953, "aux_1.loss_ce": 0.5676416456699371, "aux_1.acc_seg": 73.97888946533203, "aux_2.loss_ce": 0.3078820303082466, "aux_2.acc_seg": 87.64961242675781, "time": 0.5220981121063233, "iter": 1200, "memory": 2952, "step": 1200}
{"aAcc": 72.05, "mIoU": 54.6, "mAcc": 69.54, "avg_val_loss": 7.611666568712882, "data_time": 0.007641926579091741, "time": 0.09769200182509148, "step": 1200}
{"lr": 0.008799199466310867, "data_time": 0.37192516326904296, "loss": 2.6540150165557863, "decode.loss_ce": 1.51783527135849, "decode.acc_seg": 87.22000122070312, "aux_0.loss_ce": 0.3017649009823799, "aux_0.acc_seg": 87.96733093261719, "aux_1.loss_ce": 0.5317096531391143, "aux_1.acc_seg": 72.68978118896484, "aux_2.loss_ce": 0.30270522832870483, "aux_2.acc_seg": 87.13822174072266, "time": 0.5337936162948609, "iter": 1300, "memory": 2952, "step": 1300}
{"aAcc": 71.42, "mIoU": 53.28, "mAcc": 67.6, "avg_val_loss": 7.63147831906875, "data_time": 0.008111860560274672, "time": 0.09882572601581442,