{"lr": 0.006061560615606044, "data_time": 0.06093931198120117, "loss": 6.514274978637696, "decode.loss_ce": 0.8813935309648514, "decode.acc_seg": 61.30289077758789, "aux_0.loss_ce": 1.5627944350242615, "aux_0.acc_seg": 43.57289123535156, "aux_1.loss_ce": 1.424623817205429, "aux_1.acc_seg": 48.19355773925781, "aux_2.loss_ce": 1.3025336921215058, "aux_2.acc_seg": 50.37844467163086, "aux_3.loss_ce": 1.3429295480251313, "aux_3.acc_seg": 51.0260009765625, "time": 0.18775229454040526, "iter": 2360, "memory": 17408, "step": 2360}
{"lr": 0.016249662496622103, "data_time": 0.08411448001861573, "loss": 4.300737929344177, "decode.loss_ce": 0.441443096101284, "decode.acc_seg": 91.56622314453125, "aux_0.loss_ce": 1.2255372881889344, "aux_0.acc_seg": 75.70088958740234, "aux_1.loss_ce": 0.9883300542831421, "aux_1.acc_seg": 83.20111083984375, "aux_2.loss_ce": 0.834776422381401, "aux_2.acc_seg": 84.8715591430664, "aux_3.loss_ce": 0.8106510668992997, "aux_3.acc_seg": 86.39933776855469, "time": 0.16796605587005614, "iter": 25000, "memory": 901, "step": 25000}
{"aAcc": 87.03, "mIoU": 56.64, "mAcc": 67.53, "avg_val_loss": 3.404284427983825, "data_time": 0.005146172214888598, "time": 0.36284967988656963, "step": 25000}
{"lr": 0.027499774997741044, "data_time": 0.008028936386108399, "loss": 5.143631458282471, "decode.loss_ce": 0.5737531781196594, "decode.acc_seg": 74.32644653320312, "aux_0.loss_ce": 1.403571891784668, "aux_0.acc_seg": 27.5222225189209, "aux_1.loss_ce": 1.2147320806980133, "aux_1.acc_seg": 35.61933517456055, "aux_2.loss_ce": 1.0317036300897597, "aux_2.acc_seg": 48.325111389160156, "aux_3.loss_ce": 0.9198706716299057, "aux_3.acc_seg": 59.935333251953125, "time": 0.1426185131072998, "iter": 50000, "memory": 34198, "step": 50000}
{"aAcc": 67.21, "mIoU": 38.69, "mAcc": 48.79, "avg_val_loss": 5.139560467020203, "data_time": 0.004668794789360565, "time": 0.35068054858920644, "step": 50000}
{"lr": 0.038749887498858354, "data_time": 0.04028871059417725, "loss": 4.844513297080994, "decode.loss_ce": 0.5578365221619606, "decode.acc_seg": 84.74200439453125, "aux_0.loss_ce": 1.3822031795978547, "aux_0.acc_seg": 68.9086685180664, "aux_1.loss_ce": 1.1755102455615998, "aux_1.acc_seg": 74.91488647460938, "aux_2.loss_ce": 0.9189708709716797, "aux_2.acc_seg": 78.33244323730469, "aux_3.loss_ce": 0.8099925637245178, "aux_3.acc_seg": 81.63066864013672, "time": 0.12957959175109862, "iter": 75000, "memory": 901, "step": 75000}
{"aAcc": 89.25, "mIoU": 59.01, "mAcc": 65.89, "avg_val_loss": 4.562352402637123, "data_time": 0.004913657035642457, "time": 0.35733697541709086, "step": 75000}
{"lr": 0.049999999999973524, "data_time": 0.0041465282440185545, "loss": 4.502993512153625, "decode.loss_ce": 0.5191223874688149, "decode.acc_seg": 82.68555450439453, "aux_0.loss_ce": 1.235060566663742, "aux_0.acc_seg": 67.29199981689453, "aux_1.loss_ce": 1.0141420364379883, "aux_1.acc_seg": 72.37533569335938, "aux_2.loss_ce": 0.906269109249115, "aux_2.acc_seg": 76.57044219970703, "aux_3.loss_ce": 0.8283994913101196, "aux_3.acc_seg": 76.41511535644531, "time": 0.16434218883514404, "iter": 100000, "memory": 901, "step": 100000}
{"aAcc": 87.03, "mIoU": 52.05, "mAcc": 59.96, "avg_val_loss": 4.374670173827645, "data_time": 0.004713597806912024, "time": 0.35771791275265147, "step": 100000}
{"lr": 0.04624154621078946, "data_time": 0.0873112678527832, "loss": 3.9056803226470946, "decode.loss_ce": 0.37116858810186387, "decode.acc_seg": 88.4866714477539, "aux_0.loss_ce": 1.2201765716075896, "aux_0.acc_seg": 74.5324478149414, "aux_1.loss_ce": 0.9057666450738907, "aux_1.acc_seg": 75.46333312988281, "aux_2.loss_ce": 0.7269565045833588, "aux_2.acc_seg": 80.54222106933594, "aux_3.loss_ce": 0.6816120713949203, "aux_3.acc_seg": 77.97978210449219, "time": 0.1718147039413452, "iter": 125000, "memory": 901, "step": 125000}
{"aAcc": 90.07, "mIoU": 62.04, "mAcc": 67.01, "avg_val_loss": 4.152170252767318, "data_time": 0.00697228283558077, "time": 0.3606514276810063, "step": 125000}
{"lr": 0.04244856777048261, "data_time": 0.04174127578735352, "loss": 5.433825159072876, "decode.loss_ce": 0.6348998785018921, "decode.acc_seg": 89.0975570678711, "aux_0.loss_ce": 1.5594566226005555, "aux_0.acc_seg": 62.858001708984375, "aux_1.loss_ce": 1.2765738546848298, "aux_1.acc_seg": 66.63600158691406, "aux_2.loss_ce": 1.029815810918808, "aux_2.acc_seg": 72.05933380126953, "aux_3.loss_ce": 0.9330789506435394, "aux_3.acc_seg": 72.11089324951172, "time": 0.15470242500305176, "iter": 150000, "memory": 901, "step": 150000}
{"aAcc": 90.65, "mIoU": 64.1, "mAcc": 70.72, "avg_val_loss": 4.068764810863666, "data_time": 0.004932383310447618, "time": 0.3589392657418853, "step": 150000}
{"lr": 0.038617401937711085, "data_time": 0.030124592781066894, "loss": 4.493013906478882, "decode.loss_ce": 0.3516524448990822, "decode.acc_seg": 87.23466491699219, "aux_0.loss_ce": 1.346722024679184, "aux_0.acc_seg": 53.686668395996094, "aux_1.loss_ce": 1.1436394453048706, "aux_1.acc_seg": 56.13999938964844, "aux_2.loss_ce": 0.8781538307666779, "aux_2.acc_seg": 60.2771110534668, "aux_3.loss_ce": 0.7728462100028992, "aux_3.acc_seg": 67.6457748413086, "time": 0.11757621765136719, "iter": 175000, "memory": 901, "step": 175000}
{"aAcc": 90.45, "mIoU": 63.53, "mAcc": 70.14, "avg_val_loss": 4.007407844728447, "data_time": 0.004483856043769318, "time": 0.34449408991822916, "step": 175000}
{"lr": 0.03474333674682289, "data_time": 0.004193830490112305, "loss": 3.92589213848114, "decode.loss_ce": 0.39797481149435043, "decode.acc_seg": 85.44599914550781, "aux_0.loss_ce": 1.1958168387413024, "aux_0.acc_seg": 61.97933578491211, "aux_1.loss_ce": 0.923329085111618, "aux_1.acc_seg": 70.51622009277344, "aux_2.loss_ce": 0.760174497961998, "aux_2.acc_seg": 79.39466857910156, "aux_3.loss_ce": 0.6485968649387359, "aux_3.acc_seg": 81.05066680908203, "time": 0.12877850532531737, "iter": 200000, "memory": 901, "step": 200000}
{"aAcc": 90.15, "mIoU": 63.71, "mAcc": 71.68, "avg_val_loss": 3.8810764911276006, "data_time": 0.005257130247875325, "time": 0.3564239184833267, "step": 200000}
{"lr": 0.030820406852938843, "data_time": 0.045040678977966306, "loss": 4.450180554389954, "decode.loss_ce": 0.3826977491378784, "decode.acc_seg": 91.28422546386719, "aux_0.loss_ce": 1.4395695090293885, "aux_0.acc_seg": 68.24266815185547, "aux_1.loss_ce": 1.1051282227039336, "aux_1.acc_seg": 76.32844543457031, "aux_2.loss_ce": 0.8191749513149261, "aux_2.acc_seg": 78.60066986083984, "aux_3.loss_ce": 0.7036101400852204, "aux_3.acc_seg": 77.83111572265625, "time": 0.19733479022979736, "iter": 225000, "memory": 901, "step": 225000}
{"aAcc": 89.98, "mIoU": 61.54, "mAcc": 67.94, "avg_val_loss": 3.8304469365354827, "data_time": 0.0051470080625663685, "time": 0.35741772061412774, "step": 225000}
{"lr": 0.02684082811276447, "data_time": 0.03170216083526611, "loss": 4.154301118850708, "decode.loss_ce": 0.43625273555517197, "decode.acc_seg": 66.12244415283203, "aux_0.loss_ce": 1.2683669924736023, "aux_0.acc_seg": 44.21111297607422, "aux_1.loss_ce": 0.9662309110164642, "aux_1.acc_seg": 55.30466842651367, "aux_2.loss_ce": 0.7983415186405182, "aux_2.acc_seg": 67.27911376953125, "aux_3.loss_ce": 0.6851089507341385, "aux_3.acc_seg": 70.41889190673828, "time": 0.16737470626831055, "iter": 250000, "memory": 901, "step": 250000}
{"aAcc": 90.75, "mIoU": 63.34, "mAcc": 68.85, "avg_val_loss": 3.745875342800106, "data_time": 0.005159101439911185, "time": 0.3566139375121848, "step": 250000}
{"lr": 0.02279403555641188, "data_time": 0.02112138271331787, "loss": 3.7188452959060667, "decode.loss_ce": 0.3496454209089279, "decode.acc_seg": 90.26133728027344, "aux_0.loss_ce": 1.18395134806633, "aux_0.acc_seg": 80.43622589111328, "aux_1.loss_ce": 0.88340465426445, "aux_1.acc_seg": 81.03044891357422, "aux_2.loss_ce": 0.6847200691699982, "aux_2.acc_seg": 81.38866424560547, "aux_3.loss_ce": 0.6171238243579864, "aux_3.acc_seg": 82.3479995727539, "time": 0.12654688358306884, "iter": 275000, "memory": 901, "step": 275000}
{"aAcc": 91.58,