{"lr": 0.0015943962641761188, "data_time": 0.41866440773010255, "loss": 4.671156883239746, "decode.loss_ce": 0.6368244290351868, "decode.acc_seg": 62.30872344970703, "aux_0.loss_ce": 1.6211244463920593, "aux_0.acc_seg": 62.886390686035156, "aux_1.loss_ce": 1.0411387085914612, "aux_1.acc_seg": 63.36833572387695, "aux_2.loss_ce": 0.7371689856052399, "aux_2.acc_seg": 62.1700553894043, "aux_3.loss_ce": 0.6349002420902252, "aux_3.acc_seg": 61.90833282470703, "time": 0.6337366104125977, "iter": 100, "memory": 19652, "step": 100}
{"aAcc": 57.73, "mIoU": 42.1, "mAcc": 60.08, "avg_val_loss": 5.143465634500771, "data_time": 0.011754992396332497, "time": 0.1353351820346921, "step": 100}
{"lr": 0.002194796531020685, "data_time": 0.009355282783508301, "loss": 3.434669613838196, "decode.loss_ce": 0.5314661949872971, "decode.acc_seg": 77.38633728027344, "aux_0.loss_ce": 0.957086181640625, "aux_0.acc_seg": 66.91078186035156, "aux_1.loss_ce": 0.7791809380054474, "aux_1.acc_seg": 67.81083679199219, "aux_2.loss_ce": 0.6111520409584046, "aux_2.acc_seg": 75.7207260131836, "aux_3.loss_ce": 0.5557842135429383, "aux_3.acc_seg": 77.33399963378906, "time": 0.665247917175293, "iter": 200, "memory": 34222, "step": 200}
{"aAcc": 66.89, "mIoU": 51.02, "mAcc": 67.0, "avg_val_loss": 4.589429458766652, "data_time": 0.00828361237186125, "time": 0.10391367714980553, "step": 200}
{"lr": 0.0027951967978652476, "data_time": 0.41238219738006593, "loss": 3.109972286224365, "decode.loss_ce": 0.4670672923326492, "decode.acc_seg": 75.61927795410156, "aux_0.loss_ce": 0.8452459216117859, "aux_0.acc_seg": 66.64366912841797, "aux_1.loss_ce": 0.7016594707965851, "aux_1.acc_seg": 64.34272003173828, "aux_2.loss_ce": 0.5808968245983124, "aux_2.acc_seg": 73.40111541748047, "aux_3.loss_ce": 0.5151027709245681, "aux_3.acc_seg": 75.56278228759766, "time": 0.6594063520431519, "iter": 300, "memory": 3353, "step": 300}
{"aAcc": 55.95, "mIoU": 38.14, "mAcc": 57.28, "avg_val_loss": 4.443261891138715, "data_time": 0.006820889725082222, "time": 0.10284546874035363, "step": 300}
{"lr": 0.0033955970647098093, "data_time": 0.31469197273254396, "loss": 2.8803367614746094, "decode.loss_ce": 0.4148483783006668, "decode.acc_seg": 83.96883392333984, "aux_0.loss_ce": 0.7747951209545135, "aux_0.acc_seg": 69.06522369384766, "aux_1.loss_ce": 0.6483008146286011, "aux_1.acc_seg": 72.23017120361328, "aux_2.loss_ce": 0.5552270859479904, "aux_2.acc_seg": 78.21961212158203, "aux_3.loss_ce": 0.48716539740562437, "aux_3.acc_seg": 82.4526138305664, "time": 0.589082932472229, "iter": 400, "memory": 3353, "step": 400}
{"aAcc": 78.75, "mIoU": 60.97, "mAcc": 73.42, "avg_val_loss": 4.105936496012043, "data_time": 0.008212593780166802, "time": 0.10298099188969054, "step": 400}
{"lr": 0.003995997331554373, "data_time": 0.08636655807495117, "loss": 3.250378060340881, "decode.loss_ce": 0.4359853625297546, "decode.acc_seg": 86.5981674194336, "aux_0.loss_ce": 0.8781385004520417, "aux_0.acc_seg": 62.3206672668457, "aux_1.loss_ce": 0.7393954753875732, "aux_1.acc_seg": 74.36155700683594, "aux_2.loss_ce": 0.6363717943429947, "aux_2.acc_seg": 79.75761413574219, "aux_3.loss_ce": 0.560486963391304, "aux_3.acc_seg": 83.84483337402344, "time": 0.557299017906189, "iter": 500, "memory": 3353, "step": 500}
{"aAcc": 64.83, "mIoU": 45.64, "mAcc": 61.81, "avg_val_loss": 4.204396511971601, "data_time": 0.009524180971342942, "time": 0.10527037478041375, "step": 500}
{"lr": 0.0045963975983989375, "data_time": 0.2518491744995117, "loss": 3.038869333267212, "decode.loss_ce": 0.41859581172466276, "decode.acc_seg": 85.1594467163086, "aux_0.loss_ce": 0.8142611801624298, "aux_0.acc_seg": 69.67794799804688, "aux_1.loss_ce": 0.6782846331596375, "aux_1.acc_seg": 68.48544311523438, "aux_2.loss_ce": 0.5844804435968399, "aux_2.acc_seg": 77.6631088256836, "aux_3.loss_ce": 0.5432472586631775, "aux_3.acc_seg": 76.62844848632812, "time": 0.5842489004135132, "iter": 600, "memory": 3353, "step": 600}
{"aAcc": 76.88, "mIoU": 58.76, "mAcc": 71.69, "avg_val_loss": 4.109407925858483, "data_time": 0.009249857102317372, "time": 0.10565352987969058, "step": 600}
