{"lr": 0.0031233123312331018, "data_time": 0.07051382064819336, "loss": 6.008557844161987, "decode.loss_ce": 0.8598574459552765, "decode.acc_seg": 55.59111022949219, "aux_0.loss_ce": 1.448761487007141, "aux_0.acc_seg": 36.349334716796875, "aux_1.loss_ce": 1.273114174604416, "aux_1.acc_seg": 40.95977783203125, "aux_2.loss_ce": 1.220456302165985, "aux_2.acc_seg": 41.78977966308594, "aux_3.loss_ce": 1.206368327140808, "aux_3.acc_seg": 49.98688888549805, "time": 0.2049258232116699, "iter": 2360, "memory": 17408, "step": 2360}
{"lr": 0.009537952097622432, "data_time": 0.004140877723693847, "loss": 4.049067401885987, "decode.loss_ce": 0.3316174954175949, "decode.acc_seg": 74.38422393798828, "aux_0.loss_ce": 1.1586590647697448, "aux_0.acc_seg": 44.98289108276367, "aux_1.loss_ce": 0.9698696166276932, "aux_1.acc_seg": 50.87200164794922, "aux_2.loss_ce": 0.8186434358358383, "aux_2.acc_seg": 50.96800231933594, "aux_3.loss_ce": 0.7702777475118637, "aux_3.acc_seg": 54.39533233642578, "time": 0.0849949836730957, "iter": 25000, "memory": 901, "step": 25000}
{"aAcc": 86.22, "mIoU": 58.96, "mAcc": 73.29, "avg_val_loss": 3.209642577875546, "data_time": 0.007403073229638909, "time": 0.3645618240328601, "step": 25000}
{"lr": 0.00876212311557222, "data_time": 0.08858637809753418, "loss": 4.061828994750977, "decode.loss_ce": 0.4053234875202179, "decode.acc_seg": 82.33844757080078, "aux_0.loss_ce": 1.2756911516189575, "aux_0.acc_seg": 49.698890686035156, "aux_1.loss_ce": 0.9650715172290802, "aux_1.acc_seg": 57.146888732910156, "aux_2.loss_ce": 0.7472697079181672, "aux_2.acc_seg": 59.525333404541016, "aux_3.loss_ce": 0.6684731483459473, "aux_3.acc_seg": 61.03644561767578, "time": 0.17154066562652587, "iter": 50000, "memory": 34198, "step": 50000}
{"aAcc": 90.68, "mIoU": 66.01, "mAcc": 69.59, "avg_val_loss": 3.2037323937523343, "data_time": 0.004622968076502235, "time": 0.3567748150779206, "step": 50000}
{"lr": 0.007978483151654243, "data_time": 0.03028571605682373, "loss": 4.003322744369507, "decode.loss_ce": 0.35657642036676407, "decode.acc_seg": 88.38111114501953, "aux_0.loss_ce": 1.3500955700874329, "aux_0.acc_seg": 53.9902229309082, "aux_1.loss_ce": 1.0331700801849366, "aux_1.acc_seg": 53.200443267822266, "aux_2.loss_ce": 0.7015639901161194, "aux_2.acc_seg": 69.87333679199219, "aux_3.loss_ce": 0.5619166940450668, "aux_3.acc_seg": 86.19889068603516, "time": 0.11314506530761718, "iter": 75000, "memory": 901, "step": 75000}
{"aAcc": 90.86, "mIoU": 65.95, "mAcc": 70.55, "avg_val_loss": 3.126586835689229, "data_time": 0.0051277077313765735, "time": 0.3726197799432625, "step": 75000}
{"lr": 0.007186068404049393, "data_time": 0.003856062889099121, "loss": 3.63256973028183, "decode.loss_ce": 0.33965652659535406, "decode.acc_seg": 82.302001953125, "aux_0.loss_ce": 1.1887641310691834, "aux_0.acc_seg": 46.77555465698242, "aux_1.loss_ce": 0.8744728684425354, "aux_1.acc_seg": 53.7773323059082, "aux_2.loss_ce": 0.6609095364809037, "aux_2.acc_seg": 63.989776611328125, "aux_3.loss_ce": 0.5687666594982147, "aux_3.acc_seg": 67.63688659667969, "time": 0.1556802749633789, "iter": 100000, "memory": 901, "step": 100000}
{"aAcc": 89.18, "mIoU": 61.75, "mAcc": 67.47, "avg_val_loss": 3.166554816405263, "data_time": 0.00476145223506446, "time": 0.356797073651286, "step": 100000}
{"lr": 0.006383658700402408, "data_time": 0.0036920785903930666, "loss": 3.89877827167511, "decode.loss_ce": 0.3645712986588478, "decode.acc_seg": 80.62911224365234, "aux_0.loss_ce": 1.3146919012069702, "aux_0.acc_seg": 60.266666412353516, "aux_1.loss_ce": 0.9606174528598785, "aux_1.acc_seg": 71.56133270263672, "aux_2.loss_ce": 0.6932744830846786, "aux_2.acc_seg": 75.34911346435547, "aux_3.loss_ce": 0.5656232118606568, "aux_3.acc_seg": 75.99600219726562, "time": 0.14358720779418946, "iter": 125000, "memory": 901, "step": 125000}
{"aAcc": 90.76, "mIoU": 64.49, "mAcc": 68.3, "avg_val_loss": 3.150110861048302, "data_time": 0.004292827786751164, "time": 0.34247764800358743, "step": 125000}
{"lr": 0.005569661845011098, "data_time": 0.04597620964050293, "loss": 3.4857324361801147, "decode.loss_ce": 0.32971097230911256, "decode.acc_seg": 83.65133666992188, "aux_0.loss_ce": 1.2238604426383972, "aux_0.acc_seg": 68.49288940429688, "aux_1.loss_ce": 0.8304553687572479, "aux_1.acc_seg": 71.4804458618164, "aux_2.loss_ce": 0.613899153470993, "aux_2.acc_seg": 75.96866607666016, "aux_3.loss_ce": 0.48780650198459624, "aux_3.acc_seg": 78.7931137084961, "time": 0.13000633716583251, "iter": 150000, "memory": 901, "step": 150000}
{"aAcc": 89.06, "mIoU": 61.44, "mAcc": 66.95, "avg_val_loss": 3.1404035656765514, "data_time": 0.004638190408354824, "time": 0.35558410119084477, "step": 150000}
{"lr": 0.004741916842245443, "data_time": 0.04171292781829834, "loss": 3.5532837986946104, "decode.loss_ce": 0.3060594335198402, "decode.acc_seg": 92.3451156616211, "aux_0.loss_ce": 1.2080944418907165, "aux_0.acc_seg": 47.873779296875, "aux_1.loss_ce": 0.877406045794487, "aux_1.acc_seg": 71.5322265625, "aux_2.loss_ce": 0.6244783520698547, "aux_2.acc_seg": 82.20800018310547, "aux_3.loss_ce": 0.5372455477714538, "aux_3.acc_seg": 85.72689056396484, "time": 0.13607733249664306, "iter": 175000, "memory": 901, "step": 175000}
{"aAcc": 92.13, "mIoU": 73.11, "mAcc": 77.35, "avg_val_loss": 3.09312129014857, "data_time": 0.004207822883013383, "time": 0.3550230640809513, "step": 175000}
{"lr": 0.0038973300345891385, "data_time": 0.0042759418487548825, "loss": 3.1148818254470827, "decode.loss_ce": 0.27441890686750414, "decode.acc_seg": 87.87489318847656, "aux_0.loss_ce": 1.00120370388031, "aux_0.acc_seg": 70.33577728271484, "aux_1.loss_ce": 0.7455837070941925, "aux_1.acc_seg": 71.47000122070312, "aux_2.loss_ce": 0.5978199064731597, "aux_2.acc_seg": 75.69266510009766, "aux_3.loss_ce": 0.4958555638790131, "aux_3.acc_seg": 78.96133422851562, "time": 0.10328302383422852, "iter": 200000, "memory": 901, "step": 200000}
{"aAcc": 89.92, "mIoU": 61.79, "mAcc": 67.44, "avg_val_loss": 3.096895641221888, "data_time": 0.004479299471216294, "time": 0.3564117498768186, "step": 200000}
{"lr": 0.0030311192072655776, "data_time": 0.0046987771987915036, "loss": 3.6937854290008545, "decode.loss_ce": 0.28764048367738726, "decode.acc_seg": 92.53800201416016, "aux_0.loss_ce": 1.2963473975658417, "aux_0.acc_seg": 76.0802230834961, "aux_1.loss_ce": 0.936097040772438, "aux_1.acc_seg": 74.96822357177734, "aux_2.loss_ce": 0.619431009888649, "aux_2.acc_seg": 80.32622528076172, "aux_3.loss_ce": 0.5542694807052613, "aux_3.acc_seg": 81.48999786376953, "time": 0.15488965511322023, "iter": 225000, "memory": 901, "step": 225000}
{"aAcc": 87.98, "mIoU": 66.64, "mAcc": 72.49, "avg_val_loss": 3.1240373991030506, "data_time": 0.004626850480014838, "time": 0.35565990498922406, "step": 225000}
{"lr": 0.002134938779782286, "data_time": 0.004567337036132812, "loss": 3.6438939809799193, "decode.loss_ce": 0.2926956839859486, "decode.acc_seg": 86.68644714355469, "aux_0.loss_ce": 1.3007626354694366, "aux_0.acc_seg": 71.11044311523438, "aux_1.loss_ce": 0.931520602107048, "aux_1.acc_seg": 78.33177947998047, "aux_2.loss_ce": 0.6644365459680557, "aux_2.acc_seg": 80.82910919189453, "aux_3.loss_ce": 0.45447851717472076, "aux_3.acc_seg": 81.32644653320312, "time": 0.1503598928451538, "iter": 250000, "memory": 901, "step": 250000}
{"aAcc": 89.57, "mIoU": 61.79, "mAcc": 66.65, "avg_val_loss": 3.1190862991174413, "data_time": 0.00453322257810426, "time": 0.3566233515739441, "step": 250000}
{"lr": 0.001190496691028158, "data_time": 0.05109410285949707, "loss": 2.9468371152877806, "decode.loss_ce": 0.20936332568526267, "decode.acc_seg": 92.7959976196289, "aux_0.loss_ce": 1.0748733043670655, "aux_0.acc_seg": 78.77933502197266, "aux_1.loss_ce": 0.748034781217575, "aux_1.acc_seg": 75.96377563476562, "aux_2.loss_ce": 0.5075295597314835, "aux_2.acc_seg": 81.94933319091797, "aux_3.loss_ce": 0.40703610330820084, "aux_3.acc_seg": 88.57600402832031, "time": 0.13958754539489746, "iter": 275000, "memory": 901,