{"lr": 0.0015943962641761188, "data_time": 0.010663080215454101, "loss": 12.106404018402099, "decode.loss_ce": 2.53032808303833, "decode.acc_seg": 80.01116943359375, "aux_0.loss_seg": 1.7274412274360658, "aux_1.loss_seg": 2.397935521602631, "aux_2.loss_seg": 2.8948760271072387, "aux_3.loss_ce": 2.5558230876922607, "aux_3.acc_seg": 77.38294219970703, "time": 0.6742415428161621, "iter": 100, "memory": 35195, "step": 100}
{"aAcc": 55.38, "mIoU": 39.09, "mAcc": 57.85, "avg_val_loss": 15.089767852721856, "data_time": 0.011777661567510561, "time": 0.07078046854152235, "step": 100}
{"lr": 0.002194796531020685, "data_time": 0.44810869693756106, "loss": 9.196115064620972, "decode.loss_ce": 1.8355541348457336, "decode.acc_seg": 84.91461181640625, "aux_0.loss_seg": 1.2301469981670379, "aux_1.loss_seg": 1.7831223011016846, "aux_2.loss_seg": 2.4042587876319885, "aux_3.loss_ce": 1.9430328845977782, "aux_3.acc_seg": 83.10089111328125, "time": 0.6085986614227294, "iter": 200, "memory": 9069, "step": 200}
{"aAcc": 48.76, "mIoU": 33.68, "mAcc": 53.88, "avg_val_loss": 18.282881013482637, "data_time": 0.021319350977053588, "time": 0.07698705826682606, "step": 200}
{"lr": 0.0027951967978652476, "data_time": 0.04294521808624267, "loss": 8.623921728134155, "decode.loss_ce": 1.799706721305847, "decode.acc_seg": 88.55450439453125, "aux_0.loss_seg": 1.1240601241588593, "aux_1.loss_seg": 1.6517825365066527, "aux_2.loss_seg": 2.203895366191864, "aux_3.loss_ce": 1.8444770932197572, "aux_3.acc_seg": 88.34416961669922, "time": 0.5283891916275024, "iter": 300, "memory": 2333, "step": 300}
{"aAcc": 49.85, "mIoU": 34.78, "mAcc": 55.09, "avg_val_loss": 19.944974408744603, "data_time": 0.01627704192852152, "time": 0.07207065067072024, "step": 300}
{"lr": 0.0033955970647098093, "data_time": 0.019455337524414064, "loss": 8.219356393814087, "decode.loss_ce": 1.699884033203125, "decode.acc_seg": 88.47711181640625, "aux_0.loss_seg": 1.1036796867847443, "aux_1.loss_seg": 1.514537262916565, "aux_2.loss_seg": 2.0132997035980225, "aux_3.loss_ce": 1.8879557132720948, "aux_3.acc_seg": 89.39077758789062, "time": 0.6482438564300537, "iter": 400, "memory": 2333, "step": 400}
{"aAcc": 70.58, "mIoU": 54.92, "mAcc": 71.03, "avg_val_loss": 17.241882546603332, "data_time": 0.011740391281829483, "time": 0.06768729768950364, "step": 400}
{"lr": 0.003995997331554373, "data_time": 0.013457775115966797, "loss": 7.820022249221802, "decode.loss_ce": 1.5314140558242797, "decode.acc_seg": 87.21466827392578, "aux_0.loss_seg": 1.1530582904815674, "aux_1.loss_seg": 1.5459799766540527, "aux_2.loss_seg": 2.0188654899597167, "aux_3.loss_ce": 1.5707043647766112, "aux_3.acc_seg": 85.19650268554688, "time": 0.46063961982727053, "iter": 500, "memory": 2333, "step": 500}
{"aAcc": 71.63, "mIoU": 54.19, "mAcc": 69.17, "avg_val_loss": 15.67600866130918, "data_time": 0.01715186546588766, "time": 0.07737021062565946, "step": 500}
{"lr": 0.0045963975983989375, "data_time": 0.012497138977050782, "loss": 7.421847152709961, "decode.loss_ce": 1.5459873795509338, "decode.acc_seg": 89.81239318847656, "aux_0.loss_seg": 1.013828158378601, "aux_1.loss_seg": 1.4806515157222748, "aux_2.loss_seg": 1.761064875125885, "aux_3.loss_ce": 1.6203153371810912, "aux_3.acc_seg": 89.77261352539062, "time": 0.5487041473388672, "iter": 600, "memory": 2333, "step": 600}
{"aAcc": 65.16, "mIoU": 48.86, "mAcc": 65.74, "avg_val_loss": 15.876989401455743, "data_time": 0.013403645877180428, "time": 0.07908969363947024, "step": 600}
{"lr": 0.005196797865243495, "data_time": 0.07269496917724609, "loss": 7.353166913986206, "decode.loss_ce": 1.4167744040489196, "decode.acc_seg": 84.79788970947266, "aux_0.loss_seg": 1.006675225496292, "aux_1.loss_seg": 1.5478136777877807, "aux_2.loss_seg": 1.867239499092102, "aux_3.loss_ce": 1.5146639943122864, "aux_3.acc_seg": 83.63750457763672, "time": 0.5504514694213867, "iter": 700, "memory": 2333, "step": 700}
{"aAcc": 65.18, "mIoU": 49.02, "mAcc": 65.71, "avg_val_loss": 15.60305582959152, "data_time": 0.012678595795028511, "time": 0.07866362593639856, "step": 700}
{"lr": 0.005797198132088056, "data_time": 0.1231729507446289, "loss": 8.033554553985596, "decode.loss_ce": 1.56791809797287, "decode.acc_seg": 89.60094451904297, "aux_0.loss_seg": 1.1075191438198089, "aux_1.loss_seg": 1.6517691254615783, "aux_2.loss_seg": 2.0153735518455504, "aux_3.loss_ce": 1.690974724292755, "aux_3.acc_seg": 86.5594482421875, "time": 0.5968361139297486, "iter": 800, "memory": 2333, "step": 800}
{"aAcc": 49.4, "mIoU": 34.68, "mAcc": 55.71, "avg_val_loss": 17.057862183939644, "data_time": 0.013282222309331784, "time": 0.07908457175068472, "step": 800}
{"lr": 0.006397598398932616, "data_time": 0.03136136531829834, "loss": 7.147619009017944, "decode.loss_ce": 1.4869055509567262, "decode.acc_seg": 84.89344787597656, "aux_0.loss_seg": 0.9775369524955749, "aux_1.loss_seg": 1.2901468336582185, "aux_2.loss_seg": 1.6553605794906616, "aux_3.loss_ce": 1.7376691222190856, "aux_3.acc_seg": 84.23155975341797, "time": 0.7191617250442505, "iter": 900, "memory": 2333, "step": 900}
{"aAcc": 57.41, "mIoU": 41.87, "mAcc": 60.74, "avg_val_loss": 18.443436286912636, "data_time": 0.01129511307025778, "time": 0.07659734254595878, "step": 900}
{"lr": 0.0069979986657771765, "data_time": 0.014147233963012696, "loss": 6.564253330230713, "decode.loss_ce": 1.425825583934784, "decode.acc_seg": 87.86177825927734, "aux_0.loss_seg": 0.7567665368318558, "aux_1.loss_seg": 1.1824415266513824, "aux_2.loss_seg": 1.5867799043655395, "aux_3.loss_ce": 1.612439751625061, "aux_3.acc_seg": 79.69100189208984, "time": 0.5614609241485595, "iter": 1000, "memory": 2333, "step": 1000}
{"aAcc": 73.79, "mIoU": 55.89, "mAcc": 70.16, "avg_val_loss": 17.819261459718668, "data_time": 0.009176591347003805, "time": 0.07476689349645856, "step": 1000}
{"lr": 0.0075983989326217465, "data_time": 0.40465517044067384, "loss": 6.634736680984497, "decode.loss_ce": 1.356525683403015, "decode.acc_seg": 89.09317016601562, "aux_0.loss_seg": 0.8297297835350037, "aux_1.loss_seg": 1.3171893239021302, "aux_2.loss_seg": 1.718068492412567, "aux_3.loss_ce": 1.4132232666015625, "aux_3.acc_seg": 86.06072235107422, "time": 0.5675320386886596, "iter": 1100, "memory": 2333, "step": 1100}
{"aAcc": 67.39, "mIoU": 51.92, "mAcc": 68.7, "avg_val_loss": 17.616698005673477, "data_time": 0.018281969530829067, "time": 0.07459552808739674, "step": 1100}
{"lr": 0.008198799199466306, "data_time": 0.264484167098999, "loss": 6.266479873657227, "decode.loss_ce": 1.28826602101326, "decode.acc_seg": 85.80489349365234, "aux_0.loss_seg": 0.7855269432067871, "aux_1.loss_seg": 1.1801900207996368, "aux_2.loss_seg": 1.6638954997062683, "aux_3.loss_ce": 1.3486013233661651, "aux_3.acc_seg": 84.1308364868164, "time": 0.5801246881484985, "iter": 1200, "memory": 2333, "step": 1200}
{"aAcc": 65.28, "mIoU": 49.5, "mAcc": 66.49, "avg_val_loss": 16.851243089793023, "data_time": 0.018257228807471264, "time": 0.0739792599075142, "step": 1200}
{"lr": 0.008799199466310867, "data_time": 0.3698968172073364, "loss": 7.375060272216797, "decode.loss_ce": 1.5019181489944458, "decode.acc_seg": 88.31544494628906, "aux_0.loss_seg": 1.0895179331302642, "aux_1.loss_seg": 1.3502189815044403, "aux_2.loss_seg": 1.7654881358146668, "aux_3.loss_ce": 1.6679169893264771, "aux_3.acc_seg": 86.97172546386719, "time": 0.5608433723449707, "iter": 1300, "memory": 2333, "step": 1300}
{"aAcc": 72.1, "mIoU": 55.15, "mAcc": 70.27, "avg_val_loss": 15.682244459439442, "data_time": 0.014677784908776996, "time": 0.07994384053109706, "step": 1300}
{"lr": 0.009399599733155411, "data_time": 0.011160039901733398, "loss": 6.949224472045898, "decode.loss_ce": 1.4364015579223632, "decode.acc_seg": 87.9255599975586, "aux_0.loss_seg": 0.8444849669933319, "aux_1.loss_seg": 1.330256199836731, "aux_2.loss_seg": 1.7602300643920898, "aux_3.loss_ce": 1.577851665019989, "aux_3.acc_seg": 87.16061401367188, "time": 0.4941135883331299, "iter": 1400, "memory": 2333, "step": 1400}
{"aAcc": 68.6, "mIoU": 51.03,