{"lr": 0.006406583235954008, "data_time": 0.1499091148376465, "loss": 3.3596943616867065, "decode.loss_ce": 0.5694742232561112, "decode.acc_seg": 74.75033569335938, "aux_0.loss_ce": 0.854755449295044, "aux_0.acc_seg": 69.19667053222656, "aux_1.loss_ce": 0.7048501789569854, "aux_1.acc_seg": 71.9393310546875, "aux_2.loss_ce": 0.6392742574214936, "aux_2.acc_seg": 73.2750015258789, "aux_3.loss_ce": 0.5913401424884797, "aux_3.acc_seg": 75.14033508300781, "time": 0.36035106182098386, "iter": 910, "memory": 19198, "step": 910}
{"lr": 0.009106373674004149, "data_time": 0.2408599376678467, "loss": 2.207313764095306, "decode.loss_ce": 0.2533255726099014, "decode.acc_seg": 89.78377532958984, "aux_0.loss_ce": 0.7156430602073669, "aux_0.acc_seg": 67.06266784667969, "aux_1.loss_ce": 0.5441393554210663, "aux_1.acc_seg": 75.03211212158203, "aux_2.loss_ce": 0.40506847500801085, "aux_2.acc_seg": 84.03199768066406, "aux_3.loss_ce": 0.2891373306512833, "aux_3.acc_seg": 89.50360870361328, "time": 0.4446099758148193, "iter": 10000, "memory": 2889, "step": 10000}
{"aAcc": 64.51, "mIoU": 38.16, "mAcc": 55.35, "avg_val_loss": 6.545859430791341, "data_time": 0.00802807752476182, "time": 0.10112838135209194, "step": 10000}
{"lr": 0.008200516139713258, "data_time": 0.24876065254211427, "loss": 2.0149869680404664, "decode.loss_ce": 0.21604690402746202, "decode.acc_seg": 97.33305358886719, "aux_0.loss_ce": 0.7116730391979218, "aux_0.acc_seg": 83.3171157836914, "aux_1.loss_ce": 0.4922004252672195, "aux_1.acc_seg": 90.05728149414062, "aux_2.loss_ce": 0.34500499069690704, "aux_2.acc_seg": 92.4030532836914, "aux_3.loss_ce": 0.2500616528093815, "aux_3.acc_seg": 95.68083190917969, "time": 0.4486833095550537, "iter": 20000, "memory": 10746, "step": 20000}
{"aAcc": 76.56, "mIoU": 57.22, "mAcc": 71.03, "avg_val_loss": 5.871295188602648, "data_time": 0.005303895336458053, "time": 0.08829072152061024, "step": 20000}
{"lr": 0.007283232762750171, "data_time": 0.23365333080291747, "loss": 1.7639891266822816, "decode.loss_ce": 0.17797436714172363, "decode.acc_seg": 94.19561004638672, "aux_0.loss_ce": 0.6126818567514419, "aux_0.acc_seg": 78.54322052001953, "aux_1.loss_ce": 0.42588526755571365, "aux_1.acc_seg": 84.46094512939453, "aux_2.loss_ce": 0.3131912037730217, "aux_2.acc_seg": 88.70166778564453, "aux_3.loss_ce": 0.23425646275281906, "aux_3.acc_seg": 91.72699737548828, "time": 0.43445568084716796, "iter": 30000, "memory": 2889, "step": 30000}
{"aAcc": 75.71, "mIoU": 56.0, "mAcc": 70.02, "avg_val_loss": 5.931386463474809, "data_time": 0.005615612556194437, "time": 0.08851473084811506, "step": 30000}
{"lr": 0.006352703407289149, "data_time": 0.008577585220336914, "loss": 1.7869373083114624, "decode.loss_ce": 0.1846944235265255, "decode.acc_seg": 92.67288970947266, "aux_0.loss_ce": 0.6485886454582215, "aux_0.acc_seg": 73.4187240600586, "aux_1.loss_ce": 0.43803048729896543, "aux_1.acc_seg": 83.64694213867188, "aux_2.loss_ce": 0.2942569300532341, "aux_2.acc_seg": 88.77816772460938, "aux_3.loss_ce": 0.22136680260300637, "aux_3.acc_seg": 91.50944519042969, "time": 0.342063307762146, "iter": 40000, "memory": 2889, "step": 40000}
{"aAcc": 76.85, "mIoU": 59.03, "mAcc": 75.04, "avg_val_loss": 5.853156502963158, "data_time": 0.005911405059112899, "time": 0.08897194369085903, "step": 40000}
{"lr": 0.0054064577076796795, "data_time": 0.01125190258026123, "loss": 1.8000676512718201, "decode.loss_ce": 0.16161263212561608, "decode.acc_seg": 94.74588775634766, "aux_0.loss_ce": 0.6578087866306305, "aux_0.acc_seg": 77.21927642822266, "aux_1.loss_ce": 0.4456520155072212, "aux_1.acc_seg": 77.30149841308594, "aux_2.loss_ce": 0.30948864072561266, "aux_2.acc_seg": 84.74244689941406, "aux_3.loss_ce": 0.2255055621266365, "aux_3.acc_seg": 91.53744506835938, "time": 0.3489531517028809, "iter": 50000, "memory": 2889, "step": 50000}
{"aAcc": 33.64, "mIoU": 16.02, "mAcc": 31.11, "avg_val_loss": 6.568791553186394, "data_time": 0.005570669283812073, "time": 0.09010186688653354, "step": 50000}
