{"lr": 0.005201541801877408, "data_time": 0.07368755340576172, "loss": 7.323482990264893, "decode.loss_ce": 1.1501098036766053, "decode.acc_seg": 46.61155700683594, "aux_0.loss_ce": 1.559615385532379, "aux_0.acc_seg": 39.47888946533203, "aux_1.loss_ce": 1.5283513724803925, "aux_1.acc_seg": 39.660888671875, "aux_2.loss_ce": 1.525658518075943, "aux_2.acc_seg": 40.077110290527344, "aux_3.loss_ce": 1.559747862815857, "aux_3.acc_seg": 35.577999114990234, "time": 0.14296486377716064, "iter": 500, "memory": 17409, "step": 500}
