{"lr": 0.0015943962641761188, "data_time": 0.008320283889770509, "loss": 3.3257373094558718, "decode.loss_ce": 0.6063811987638473, "decode.acc_seg": 72.07616424560547, "aux_0.loss_ce": 0.6912349224090576, "aux_0.acc_seg": 72.51667022705078, "aux_1.loss_ce": 0.6046503573656082, "aux_1.acc_seg": 71.8550033569336, "aux_2.loss_ce": 0.8177392184734344, "aux_2.acc_seg": 84.09867095947266, "aux_3.loss_ce": 0.6057315915822983, "aux_3.acc_seg": 72.76433563232422, "time": 0.5252171277999877, "iter": 100, "memory": 19772, "step": 100}
{"aAcc": 54.98, "mIoU": 39.61, "mAcc": 57.34, "avg_val_loss": 4.939217992344795, "data_time": 0.011950013249419456, "time": 0.12994808097218358, "step": 100}
{"lr": 0.002194796531020685, "data_time": 0.1308513879776001, "loss": 2.8978785991668703, "decode.loss_ce": 0.48297793567180636, "decode.acc_seg": 75.024169921875, "aux_0.loss_ce": 0.612873238325119, "aux_0.acc_seg": 68.3393325805664, "aux_1.loss_ce": 0.551765787601471, "aux_1.acc_seg": 69.85794830322266, "aux_2.loss_ce": 0.6985230684280396, "aux_2.acc_seg": 82.62239074707031, "aux_3.loss_ce": 0.5517385601997375, "aux_3.acc_seg": 71.5274429321289, "time": 0.701972222328186, "iter": 200, "memory": 34385, "step": 200}
{"aAcc": 76.13, "mIoU": 58.04, "mAcc": 71.2, "avg_val_loss": 4.44680906418297, "data_time": 0.006745182234665443, "time": 0.08736485722421229, "step": 200}
{"lr": 0.0027951967978652476, "data_time": 0.04989945888519287, "loss": 3.053407835960388, "decode.loss_ce": 0.4863503336906433, "decode.acc_seg": 80.76288604736328, "aux_0.loss_ce": 0.6591586291790008, "aux_0.acc_seg": 73.93705749511719, "aux_1.loss_ce": 0.6039227157831192, "aux_1.acc_seg": 76.0445556640625, "aux_2.loss_ce": 0.7046192526817322, "aux_2.acc_seg": 87.52983093261719, "aux_3.loss_ce": 0.5993568897247314, "aux_3.acc_seg": 77.32577514648438, "time": 0.6172231674194336, "iter": 300, "memory": 2911, "step": 300}
{"aAcc": 56.96, "mIoU": 38.35, "mAcc": 55.61, "avg_val_loss": 4.376324259165899, "data_time": 0.00801945554799047, "time": 0.09099432243697944, "step": 300}
{"lr": 0.0033955970647098093, "data_time": 0.25549566745758057, "loss": 3.157950448989868, "decode.loss_ce": 0.4697201192378998, "decode.acc_seg": 84.76288604736328, "aux_0.loss_ce": 0.6870232820510864, "aux_0.acc_seg": 76.32072448730469, "aux_1.loss_ce": 0.6097141772508621, "aux_1.acc_seg": 80.10238647460938, "aux_2.loss_ce": 0.7480012655258179, "aux_2.acc_seg": 86.42111206054688, "aux_3.loss_ce": 0.6434914946556092, "aux_3.acc_seg": 79.58594512939453, "time": 0.5282422780990601, "iter": 400, "memory": 2911, "step": 400}
{"aAcc": 47.41, "mIoU": 29.24, "mAcc": 48.04, "avg_val_loss": 4.7076759758182085, "data_time": 0.006801375027360587, "time": 0.08954028151501184, "step": 400}
{"lr": 0.003995997331554373, "data_time": 0.07459497451782227, "loss": 3.088444375991821, "decode.loss_ce": 0.46920160949230194, "decode.acc_seg": 79.38544464111328, "aux_0.loss_ce": 0.6522832095623017, "aux_0.acc_seg": 72.61044311523438, "aux_1.loss_ce": 0.6035476982593536, "aux_1.acc_seg": 74.9161148071289, "aux_2.loss_ce": 0.7417694807052613, "aux_2.acc_seg": 83.71111297607422, "aux_3.loss_ce": 0.6216424167156219, "aux_3.acc_seg": 72.48628234863281, "time": 0.5805679082870483, "iter": 500, "memory": 2911, "step": 500}
{"aAcc": 55.73, "mIoU": 37.64, "mAcc": 54.45, "avg_val_loss": 4.878920735497223, "data_time": 0.008257293153083187, "time": 0.09230800880782905, "step": 500}
{"lr": 0.0045963975983989375, "data_time": 0.14020993709564208, "loss": 2.7271098136901855, "decode.loss_ce": 0.3874306112527847, "decode.acc_seg": 77.04499816894531, "aux_0.loss_ce": 0.6177137643098831, "aux_0.acc_seg": 58.93949890136719, "aux_1.loss_ce": 0.5514993578195572, "aux_1.acc_seg": 61.04744338989258, "aux_2.loss_ce": 0.6064776092767715, "aux_2.acc_seg": 82.68138885498047, "aux_3.loss_ce": 0.5639884114265442, "aux_3.acc_seg": 62.75288772583008, "time": 0.4902665615081787, "iter": 600, "memory": 2911, "step": 600}
{"aAcc": 47.23, "mIoU": 29.31, "mAcc": 48.6, "avg_val_loss": 5.019493588578631, "data_time": 0.00809648393214434, "time": 0.09367435005889542, "step": 600}
