{"lr": 0.005201541801877408, "data_time": 0.07753064632415771, "loss": 6.441524696350098, "decode.loss_ce": 1.2665270149707795, "decode.acc_seg": 33.79377746582031, "aux_0.loss_ce": 1.3123270452022553, "aux_0.acc_seg": 37.837554931640625, "aux_1.loss_ce": 1.247089034318924, "aux_1.acc_seg": 37.997554779052734, "aux_2.loss_ce": 1.230402934551239, "aux_2.acc_seg": 37.55755615234375, "aux_3.loss_ce": 1.385178565979004, "aux_3.acc_seg": 35.130001068115234, "time": 0.14613099098205568, "iter": 500, "memory": 17409, "step": 500}
{"lr": 0.005401471167152687, "data_time": 0.0235567569732666, "loss": 6.867625999450683, "decode.loss_ce": 1.3800297260284424, "decode.acc_seg": 61.9986686706543, "aux_0.loss_ce": 1.4509840309619904, "aux_0.acc_seg": 61.30466842651367, "aux_1.loss_ce": 1.3586215794086456, "aux_1.acc_seg": 65.63911437988281, "aux_2.loss_ce": 1.2563794732093811, "aux_2.acc_seg": 68.19689178466797, "aux_3.loss_ce": 1.4216113328933715, "aux_3.acc_seg": 62.62022399902344, "time": 0.16845128536224366, "iter": 1000, "memory": 899, "step": 1000}
{"lr": 0.005599379706405267, "data_time": 0.0322920560836792, "loss": 5.451940202713013, "decode.loss_ce": 1.066145473718643, "decode.acc_seg": 54.40733337402344, "aux_0.loss_ce": 1.2332624197006226, "aux_0.acc_seg": 36.040000915527344, "aux_1.loss_ce": 1.0317320764064788, "aux_1.acc_seg": 41.43511199951172, "aux_2.loss_ce": 0.9947491347789764, "aux_2.acc_seg": 51.46066665649414, "aux_3.loss_ce": 1.1260510742664338, "aux_3.acc_seg": 46.58399963378906, "time": 0.17278146743774414, "iter": 1500, "memory": 899, "step": 1500}
{"lr": 0.0057952649886820196, "data_time": 0.049670839309692384, "loss": 6.735560631752014, "decode.loss_ce": 1.1831153273582458, "decode.acc_seg": 72.05133056640625, "aux_0.loss_ce": 1.444950932264328, "aux_0.acc_seg": 71.36111450195312, "aux_1.loss_ce": 1.3387880086898805, "aux_1.acc_seg": 81.57755279541016, "aux_2.loss_ce": 1.2682214379310608, "aux_2.acc_seg": 78.94489288330078, "aux_3.loss_ce": 1.5004849016666413, "aux_3.acc_seg": 71.51422119140625, "time": 0.1342036485671997, "iter": 2000, "memory": 899, "step": 2000}
