{"lr": 0.0015943962641761188, "data_time": 0.01275496482849121, "loss": 4.508026528358459, "decode.loss_seg": 1.4664454102516173, "aux_0.loss_seg": 0.7721346616744995, "aux_1.loss_seg": 0.6998768448829651, "aux_2.loss_seg": 0.8199313998222351, "aux_3.loss_seg": 0.749638170003891, "time": 0.6771511793136596, "iter": 100, "memory": 37647, "step": 100}
{"aAcc": 49.91, "mIoU": 35.12, "mAcc": 55.24, "avg_val_loss": 0.0, "data_time": 0.010298862013705942, "time": 0.250743730123653, "step": 100}
{"lr": 0.002194796531020685, "data_time": 0.010773682594299316, "loss": 3.5702982187271117, "decode.loss_seg": 1.3023896634578704, "aux_0.loss_seg": 0.5849109321832657, "aux_1.loss_seg": 0.5457328528165817, "aux_2.loss_seg": 0.583438777923584, "aux_3.loss_seg": 0.5538259506225586, "time": 0.7673821926116944, "iter": 200, "memory": 31844, "step": 200}
{"aAcc": 48.66, "mIoU": 33.42, "mAcc": 53.75, "avg_val_loss": 0.0, "data_time": 0.006363660439677622, "time": 0.23215962004387516, "step": 200}
{"lr": 0.0027951967978652476, "data_time": 0.010848283767700195, "loss": 2.924202585220337, "decode.loss_seg": 0.9506465017795562, "aux_0.loss_seg": 0.5153598010540008, "aux_1.loss_seg": 0.43848082423210144, "aux_2.loss_seg": 0.5265738904476166, "aux_3.loss_seg": 0.4931416273117065, "time": 0.7687431573867798, "iter": 300, "memory": 31845, "step": 300}
{"aAcc": 68.27, "mIoU": 53.25, "mAcc": 70.38, "avg_val_loss": 0.0, "data_time": 0.004856748142461667, "time": 0.23030537024311637, "step": 300}
{"lr": 0.0033955970647098093, "data_time": 0.011187577247619629, "loss": 2.308712339401245, "decode.loss_seg": 0.7886054575443268, "aux_0.loss_seg": 0.38921491503715516, "aux_1.loss_seg": 0.3805388420820236, "aux_2.loss_seg": 0.3784149527549744, "aux_3.loss_seg": 0.37193821668624877, "time": 0.7676079750061036, "iter": 400, "memory": 31845, "step": 400}
{"aAcc": 72.17, "mIoU": 57.7, "mAcc": 73.62, "avg_val_loss": 0.0, "data_time": 0.005849736860428734, "time": 0.2313514851975715, "step": 400}
{"lr": 0.003995997331554373, "data_time": 0.010687422752380372, "loss": 2.446890676021576, "decode.loss_seg": 0.8429816424846649, "aux_0.loss_seg": 0.41324494779109955, "aux_1.loss_seg": 0.38930147886276245, "aux_2.loss_seg": 0.4134470850229263, "aux_3.loss_seg": 0.38791552782058714, "time": 0.7670199155807496, "iter": 500, "memory": 31844, "step": 500}
{"aAcc": 69.24, "mIoU": 54.34, "mAcc": 70.78, "avg_val_loss": 0.0, "data_time": 0.0054331182063311, "time": 0.2308379589826211, "step": 500}
{"lr": 0.0045963975983989375, "data_time": 0.012430262565612794, "loss": 1.8933130621910095, "decode.loss_seg": 0.679958489537239, "aux_0.loss_seg": 0.30643957257270815, "aux_1.loss_seg": 0.2842232957482338, "aux_2.loss_seg": 0.30899703651666643, "aux_3.loss_seg": 0.313694666326046, "time": 0.7697118759155274, "iter": 600, "memory": 31845, "step": 600}
{"aAcc": 54.47, "mIoU": 38.76, "mAcc": 57.7, "avg_val_loss": 0.0, "data_time": 0.004904766192381409, "time": 0.23037758914903664, "step": 600}
{"lr": 0.005196797865243495, "data_time": 0.01012120246887207, "loss": 1.836888062953949, "decode.loss_seg": 0.6146630346775055, "aux_0.loss_seg": 0.3250698700547218, "aux_1.loss_seg": 0.29680088758468626, "aux_2.loss_seg": 0.30309860557317736, "aux_3.loss_seg": 0.29725563526153564, "time": 0.7671183347702026, "iter": 700, "memory": 31844, "step": 700}
{"aAcc": 52.44, "mIoU": 36.38, "mAcc": 55.88, "avg_val_loss": 0.0, "data_time": 0.006082954077885069, "time": 0.23122440535446692, "step": 700}
{"lr": 0.005797198132088056, "data_time": 0.012755417823791504, "loss": 2.674373817443848, "decode.loss_seg": 0.8969274163246155, "aux_0.loss_seg": 0.3883852198719978, "aux_1.loss_seg": 0.4398585319519043, "aux_2.loss_seg": 0.5004041105508804, "aux_3.loss_seg": 0.44879847317934035, "time": 0.7698019027709961, "iter": 800, "memory": 31844, "step": 800}
{"aAcc": 67.43, "mIoU": 52.69, "mAcc": 70.76, "avg_val_loss": 0.0, "data_time": 0.004873026376483084, "time": 0.23006563625116458, "step": 800}
{"lr": 0.006397598398932616, "data_time": 0.010579848289489746, "loss": 1.7612086176872253, "decode.loss_seg": 0.6094701230525971, "aux_0.loss_seg": 0.2838283464312553, "aux_1.loss_seg": 0.2873712554574013, "aux_2.loss_seg": 0.2952180698513985, "aux_3.loss_seg": 0.2853208214044571, "time": 0.7671324491500855, "iter": 900, "memory": 31844, "step": 900}
{"aAcc": 56.02, "mIoU": 41.64, "mAcc": 61.33, "avg_val_loss": 0.0, "data_time": 0.005074511999371408, "time": 0.23017616655634737, "step": 900}
{"lr": 0.0069979986657771765, "data_time": 0.011284685134887696, "loss": 1.811569094657898, "decode.loss_seg": 0.6391917407512665, "aux_0.loss_seg": 0.3093043118715286, "aux_1.loss_seg": 0.2986213222146034, "aux_2.loss_seg": 0.28640505373477937, "aux_3.loss_seg": 0.27804663479328157, "time": 0.7675000190734863, "iter": 1000, "memory": 31844, "step": 1000}
{"aAcc": 72.43, "mIoU": 57.83, "mAcc": 72.76, "avg_val_loss": 0.0, "data_time": 0.004970577941543755, "time": 0.22998669777793446, "step": 1000}
{"lr": 0.0075983989326217465, "data_time": 0.010839390754699706, "loss": 1.8210383892059325, "decode.loss_seg": 0.6144431591033935, "aux_0.loss_seg": 0.32652388960123063, "aux_1.loss_seg": 0.29052927196025846, "aux_2.loss_seg": 0.29914212971925735, "aux_3.loss_seg": 0.29039991945028304, "time": 0.768948745727539, "iter": 1100, "memory": 31845, "step": 1100}
{"aAcc": 79.9, "mIoU": 65.82, "mAcc": 79.06, "avg_val_loss": 0.0, "data_time": 0.006146222695536997, "time": 0.23159170150756836, "step": 1100}
{"lr": 0.008198799199466306, "data_time": 0.01044929027557373, "loss": 1.8387207984924316, "decode.loss_seg": 0.6109685271978378, "aux_0.loss_seg": 0.33589722514152526, "aux_1.loss_seg": 0.28499416410923006, "aux_2.loss_seg": 0.29439633190631864, "aux_3.loss_seg": 0.31246456652879717, "time": 0.7686307907104493, "iter": 1200, "memory": 31845, "step": 1200}
{"aAcc": 66.14, "mIoU": 51.95, "mAcc": 68.49, "avg_val_loss": 0.0, "data_time": 0.004675714448950757, "time": 0.22955896936613937, "step": 1200}
{"lr": 0.008799199466310867, "data_time": 0.01155385971069336, "loss": 1.8417039275169373, "decode.loss_seg": 0.6378482937812805, "aux_0.loss_seg": 0.30034837424755095, "aux_1.loss_seg": 0.3217916950583458, "aux_2.loss_seg": 0.30014619678258897, "aux_3.loss_seg": 0.2815693661570549, "time": 0.7676868200302124, "iter": 1300, "memory": 31844, "step": 1300}
{"aAcc": 70.53, "mIoU": 55.87, "mAcc": 72.11, "avg_val_loss": 0.0, "data_time": 0.005775454400599688, "time": 0.23076377791919928, "step": 1300}
