{"lr": 0.0015943962641761188, "data_time": 0.2476428985595703, "loss": 4.470319652557373, "decode.loss_ce": 2.534838557243347, "decode.acc_seg": 76.29299926757812, "aux_0.loss_ce": 0.5111780673265457, "aux_0.acc_seg": 78.61589050292969, "aux_1.loss_seg": 0.6958290576934815, "aux_2.loss_ce": 0.7284739673137665, "aux_2.acc_seg": 65.22538757324219, "time": 0.6086871862411499, "iter": 100, "memory": 9293, "step": 100}
