{"lr": 0.0015943962641761188, "data_time": 0.27492780685424806, "loss": 3.076575231552124, "decode.loss_ce": 0.5140492737293243, "decode.acc_seg": 79.38600158691406, "aux_0.loss_ce": 0.7077315866947174, "aux_0.acc_seg": 76.04255676269531, "aux_1.loss_ce": 0.5957577049732208, "aux_1.acc_seg": 77.19955444335938, "aux_2.loss_ce": 0.6466747879981994, "aux_2.acc_seg": 71.712890625, "aux_3.loss_ce": 0.6123619496822357, "aux_3.acc_seg": 73.45861053466797, "time": 0.666545295715332, "iter": 100, "memory": 19641, "step": 100}
