{"lr": 0.0050220502205022026, "data_time": 0.026484346389770506, "loss": 9.65507345199585, "decode.loss_ce": 1.769042193889618, "decode.acc_seg": 40.81155776977539, "aux_0.loss_ce": 2.2576086044311525, "aux_0.acc_seg": 25.036666870117188, "aux_1.loss_ce": 2.0239228129386904, "aux_1.acc_seg": 19.686445236206055, "aux_2.loss_ce": 1.775159239768982, "aux_2.acc_seg": 41.80155563354492, "aux_3.loss_ce": 1.829340660572052, "aux_3.acc_seg": 20.115110397338867, "time": 0.1460888385772705, "iter": 50, "memory": 17408, "step": 50}
