{"lr": 0.0015943962641761188, "data_time": 0.3367475986480713, "loss": 3.835449695587158, "decode.loss_ce": 0.4852237105369568, "decode.acc_seg": 76.22406005859375, "aux_0.loss_ce": 1.4842679619789123, "aux_0.acc_seg": 68.34383392333984, "aux_1.loss_ce": 0.760608583688736, "aux_1.acc_seg": 69.84716796875, "aux_2.loss_ce": 0.5566559821367264, "aux_2.acc_seg": 71.92888641357422, "aux_3.loss_ce": 0.5486934512853623, "aux_3.acc_seg": 71.5, "time": 0.9785043239593506, "iter": 100, "memory": 19198, "step": 100}
{"aAcc": 64.41, "mIoU": 43.52, "mAcc": 58.1, "avg_val_loss": 5.7753753052556025, "data_time": 0.13826748104982597, "time": 0.22576531144075615, "step": 100}
{"lr": 0.002194796531020685, "data_time": 0.6887953519821167, "loss": 2.6931504249572753, "decode.loss_ce": 0.42495329976081847, "decode.acc_seg": 82.63783264160156, "aux_0.loss_ce": 0.8271819949150085, "aux_0.acc_seg": 71.4427261352539, "aux_1.loss_ce": 0.5330563962459565, "aux_1.acc_seg": 77.8094482421875, "aux_2.loss_ce": 0.4553996652364731, "aux_2.acc_seg": 78.78133392333984, "aux_3.loss_ce": 0.4525590568780899, "aux_3.acc_seg": 77.39111328125, "time": 1.0220622062683105, "iter": 200, "memory": 10746, "step": 200}
{"aAcc": 75.26, "mIoU": 57.44, "mAcc": 70.41, "avg_val_loss": 4.722091433859011, "data_time": 0.12670763059594164, "time": 0.20859477163731366, "step": 200}
{"lr": 0.0027951967978652476, "data_time": 1.032004189491272, "loss": 2.5628838300704957, "decode.loss_ce": 0.44144679307937623, "decode.acc_seg": 81.05461120605469, "aux_0.loss_ce": 0.6743357717990875, "aux_0.acc_seg": 81.0517807006836, "aux_1.loss_ce": 0.4968972235918045, "aux_1.acc_seg": 83.5167236328125, "aux_2.loss_ce": 0.46637057065963744, "aux_2.acc_seg": 84.3233871459961, "aux_3.loss_ce": 0.48383349776268003, "aux_3.acc_seg": 81.83161163330078, "time": 1.232122015953064, "iter": 300, "memory": 2889, "step": 300}
{"aAcc": 72.06, "mIoU": 54.16, "mAcc": 68.03, "avg_val_loss": 4.456375233712833, "data_time": 0.11114259149836397, "time": 0.19378625387432932, "step": 300}
{"lr": 0.0033955970647098093, "data_time": 0.7414603710174561, "loss": 1.8205297946929933, "decode.loss_ce": 0.3077189475297928, "decode.acc_seg": 86.67961120605469, "aux_0.loss_ce": 0.48155278861522677, "aux_0.acc_seg": 80.84911346435547, "aux_1.loss_ce": 0.35120641589164736, "aux_1.acc_seg": 84.33816528320312, "aux_2.loss_ce": 0.3325065940618515, "aux_2.acc_seg": 84.66516876220703, "aux_3.loss_ce": 0.3475450545549393, "aux_3.acc_seg": 84.65516662597656, "time": 0.9397218465805054, "iter": 400, "memory": 2889, "step": 400}
{"aAcc": 81.04, "mIoU": 64.71, "mAcc": 76.16, "avg_val_loss": 4.11095138341842, "data_time": 0.12949762673213563, "time": 0.21185558965836448, "step": 400}
{"lr": 0.003995997331554373, "data_time": 0.700386929512024, "loss": 2.104646348953247, "decode.loss_ce": 0.3567106783390045, "decode.acc_seg": 87.23566436767578, "aux_0.loss_ce": 0.5334753185510636, "aux_0.acc_seg": 86.00044250488281, "aux_1.loss_ce": 0.4281269073486328, "aux_1.acc_seg": 86.98655700683594, "aux_2.loss_ce": 0.38503179252147673, "aux_2.acc_seg": 87.14749908447266, "aux_3.loss_ce": 0.40130166709423065, "aux_3.acc_seg": 86.14228057861328, "time": 1.0391300678253175, "iter": 500, "memory": 2889, "step": 500}
{"aAcc": 78.37, "mIoU": 60.92, "mAcc": 73.39, "avg_val_loss": 3.8774398623154176, "data_time": 0.12174871872211325, "time": 0.20415049859847145, "step": 500}
{"lr": 0.0045963975983989375, "data_time": 0.608039402961731, "loss": 1.6743824243545533, "decode.loss_ce": 0.27969646006822585, "decode.acc_seg": 86.8010025024414, "aux_0.loss_ce": 0.43008852899074557, "aux_0.acc_seg": 81.48377990722656, "aux_1.loss_ce": 0.3383533969521523, "aux_1.acc_seg": 84.98760986328125, "aux_2.loss_ce": 0.31673444509506227, "aux_2.acc_seg": 86.08016967773438, "aux_3.loss_ce": 0.30950962007045746, "aux_3.acc_seg": 85.48516845703125, "time": 0.9878523826599122, "iter": 600, "memory": 2889, "step": 600}
{"aAcc": 78.61, "mIoU": 61.39, "mAcc": 73.66, "avg_val_loss": 3.775287335909191, "data_time": 0.11792695385286178, "time": 0.2006140303337711, "step": 600}
{"lr": 0.005196797865243495, "data_time": 0.3052168607711792, "loss": 1.8246172785758972, "decode.loss_ce": 0.3108824208378792, "decode.acc_seg": 89.89411163330078, "aux_0.loss_ce": 0.45453648269176483, "aux_0.acc_seg": 84.64744567871094, "aux_1.loss_ce": 0.36195007264614104, "aux_1.acc_seg": 85.54683685302734, "aux_2.loss_ce": 0.3477274626493454, "aux_2.acc_seg": 87.35755920410156, "aux_3.loss_ce": 0.3495208740234375, "aux_3.acc_seg": 88.34522247314453, "time": 1.04637668132782, "iter": 700, "memory": 2889, "step": 700}
{"aAcc": 79.21, "mIoU": 60.77, "mAcc": 72.92, "avg_val_loss": 3.7017139459064627, "data_time": 0.12376844745942917, "time": 0.20577702303042358, "step": 700}
{"lr": 0.005797198132088056, "data_time": 0.7605317831039429, "loss": 1.7869356274604797, "decode.loss_ce": 0.3092267096042633, "decode.acc_seg": 88.39060974121094, "aux_0.loss_ce": 0.4561412692070007, "aux_0.acc_seg": 87.84977722167969, "aux_1.loss_ce": 0.35019501447677615, "aux_1.acc_seg": 88.51255798339844, "aux_2.loss_ce": 0.33288184404373167, "aux_2.acc_seg": 88.2655029296875, "aux_3.loss_ce": 0.33849080204963683, "aux_3.acc_seg": 86.90933227539062, "time": 0.996646237373352, "iter": 800, "memory": 2889, "step": 800}
{"aAcc": 76.58, "mIoU": 59.45, "mAcc": 72.71, "avg_val_loss": 3.646040750765487, "data_time": 0.13110971724850007, "time": 0.21385330989443022, "step": 800}
{"lr": 0.006397598398932616, "data_time": 0.5070377588272095, "loss": 1.6780829548835754, "decode.loss_ce": 0.26112077832221986, "decode.acc_seg": 90.97211456298828, "aux_0.loss_ce": 0.45013552308082583, "aux_0.acc_seg": 80.9078369140625, "aux_1.loss_ce": 0.3513968259096146, "aux_1.acc_seg": 86.34200286865234, "aux_2.loss_ce": 0.3136163651943207, "aux_2.acc_seg": 86.7318344116211, "aux_3.loss_ce": 0.3018134206533432, "aux_3.acc_seg": 89.31905364990234, "time": 1.02919442653656, "iter": 900, "memory": 2889, "step": 900}
{"aAcc": 79.19, "mIoU": 62.58, "mAcc": 75.05, "avg_val_loss": 3.602069970987655, "data_time": 0.11673794943710854, "time": 0.19905877113342285, "step": 900}
{"lr": 0.0069979986657771765, "data_time": 0.461202335357666, "loss": 1.6901782274246215, "decode.loss_ce": 0.2874943628907204, "decode.acc_seg": 88.8481674194336, "aux_0.loss_ce": 0.415768226981163, "aux_0.acc_seg": 87.80472564697266, "aux_1.loss_ce": 0.3379233956336975, "aux_1.acc_seg": 87.61688995361328, "aux_2.loss_ce": 0.3229856103658676, "aux_2.acc_seg": 86.96366882324219, "aux_3.loss_ce": 0.32600663751363756, "aux_3.acc_seg": 86.72994232177734, "time": 1.114930844306946, "iter": 1000, "memory": 2889, "step": 1000}
{"aAcc": 80.23, "mIoU": 62.78, "mAcc": 74.59, "avg_val_loss": 3.5905168630357025, "data_time": 0.11068704210478685, "time": 0.1929248009604969, "step": 1000}
{"lr": 0.0075983989326217465, "data_time": 0.8634571552276611, "loss": 1.7623214721679688, "decode.loss_ce": 0.2986975312232971, "decode.acc_seg": 90.82994842529297, "aux_0.loss_ce": 0.4333370625972748, "aux_0.acc_seg": 86.92866516113281, "aux_1.loss_ce": 0.3606438010931015, "aux_1.acc_seg": 86.8326644897461, "aux_2.loss_ce": 0.3374197095632553, "aux_2.acc_seg": 88.53500366210938, "aux_3.loss_ce": 0.3322233736515045, "aux_3.acc_seg": 88.70466613769531, "time": 1.0896748542785644, "iter": 1100, "memory": 2889, "step": 1100}
{"aAcc": 74.49, "mIoU": 51.89, "mAcc": 65.59, "avg_val_loss": 3.3503161043168332, "data_time": 0.12603026697005348, "time": 0.20843713584987597, "step": 1100}
{"lr": 0.008198799199466306, "data_time": 0.24198241233825685, "loss": 1.5105504393577576, "decode.loss_ce": 0.24248901158571243, "decode.acc_seg": 85.23049926757812, "aux_0.loss_ce": 0.37205236554145815, "aux_0.acc_seg": 74.80316925048828, "aux_1.loss_ce": 0.31371104866266253, "aux_1.acc_seg": 77.79594421386719, "aux_2.loss_ce": 0.2951156809926033, "aux_2.acc_seg": 81.00733184814453, "aux_3.loss_ce": 0.2871823161840439, "aux_3.acc_seg": 83.24510955810547,