{"lr": 0.0015930867963809803, "data_time": 0.24347450733184814, "loss": 4.53129014968872, "decode.loss_ce": 0.6408335924148559, "decode.acc_seg": 72.07733154296875, "aux_0.loss_ce": 1.6179678320884705, "aux_0.acc_seg": 65.26850128173828, "aux_1.loss_ce": 0.9610510349273682, "aux_1.acc_seg": 69.90755462646484, "aux_2.loss_ce": 0.6920016288757325, "aux_2.acc_seg": 72.81605529785156, "aux_3.loss_ce": 0.6194360435009003, "aux_3.acc_seg": 75.94816589355469, "time": 0.5782375335693359, "iter": 100, "memory": 19653, "step": 100}
