{"lr": 0.0015943962641761188, "data_time": 0.2562791585922241, "loss": 0.2601137951016426, "decode.loss_seg": 0.04447486065328121, "aux_0.loss_seg": 0.06693651452660561, "aux_1.loss_seg": 0.05329593364149332, "aux_2.loss_seg": 0.0487984050065279, "aux_3.loss_seg": 0.04660807270556688, "time": 0.60594642162323, "iter": 100, "memory": 19977, "step": 100}
{"aAcc": 27.82, "mIoU": 14.2, "mAcc": 40.32, "avg_val_loss": 0.0, "data_time": 0.01262615725051525, "time": 0.09105264863302541, "step": 100}
{"lr": 0.002194796531020685, "data_time": 0.25300030708312987, "loss": 0.18182541877031327, "decode.loss_seg": 0.03265578560531139, "aux_0.loss_seg": 0.04121379386633635, "aux_1.loss_seg": 0.03574542421847582, "aux_2.loss_seg": 0.03692729007452726, "aux_3.loss_seg": 0.03528312351554632, "time": 0.5817972183227539, "iter": 200, "memory": 34270, "step": 200}
{"aAcc": 40.98, "mIoU": 25.09, "mAcc": 51.56, "avg_val_loss": 0.0, "data_time": 0.075101419426929, "time": 0.12599177470152406, "step": 200}
{"lr": 0.0027951967978652476, "data_time": 0.3439424991607666, "loss": 0.19228337705135345, "decode.loss_seg": 0.033089964929968116, "aux_0.loss_seg": 0.04329748162999749, "aux_1.loss_seg": 0.036467565689235926, "aux_2.loss_seg": 0.03952185716480017, "aux_3.loss_seg": 0.03990650875493884, "time": 0.4849842071533203, "iter": 300, "memory": 3093, "step": 300}
{"aAcc": 44.5, "mIoU": 29.67, "mAcc": 53.94, "avg_val_loss": 0.0, "data_time": 0.026467608309340203, "time": 0.07746550954621413, "step": 300}
{"lr": 0.0033955970647098093, "data_time": 0.08932728767395019, "loss": 0.1658916175365448, "decode.loss_seg": 0.028078250773251056, "aux_0.loss_seg": 0.03690985981374979, "aux_1.loss_seg": 0.031298084277659656, "aux_2.loss_seg": 0.03472624197602272, "aux_3.loss_seg": 0.03487918199971318, "time": 0.6276303052902221, "iter": 400, "memory": 3093, "step": 400}
{"aAcc": 46.48, "mIoU": 32.47, "mAcc": 54.22, "avg_val_loss": 0.0, "data_time": 0.013284551686254042, "time": 0.06437798478137488, "step": 400}
{"lr": 0.003995997331554373, "data_time": 0.009287595748901367, "loss": 0.15957987159490586, "decode.loss_seg": 0.02584946732968092, "aux_0.loss_seg": 0.03539101462811232, "aux_1.loss_seg": 0.02875879453495145, "aux_2.loss_seg": 0.03522983379662037, "aux_3.loss_seg": 0.0343507619574666, "time": 0.5014771223068237, "iter": 500, "memory": 3093, "step": 500}
{"aAcc": 51.5, "mIoU": 37.3, "mAcc": 57.21, "avg_val_loss": 0.0, "data_time": 0.027248785413544755, "time": 0.0786808660660667, "step": 500}
{"lr": 0.0045963975983989375, "data_time": 0.37467548847198484, "loss": 0.13828491196036338, "decode.loss_seg": 0.022488662414252757, "aux_0.loss_seg": 0.029073834791779517, "aux_1.loss_seg": 0.025952007621526718, "aux_2.loss_seg": 0.03041729386895895, "aux_3.loss_seg": 0.03035311121493578, "time": 0.5055476903915406, "iter": 600, "memory": 3093, "step": 600}
{"aAcc": 53.06, "mIoU": 38.57, "mAcc": 58.23, "avg_val_loss": 0.0, "data_time": 0.05026054656368562, "time": 0.10147467152825718, "step": 600}
{"lr": 0.005196797865243495, "data_time": 0.5088312149047851, "loss": 0.13835974559187889, "decode.loss_seg": 0.023886260110884905, "aux_0.loss_seg": 0.02554628988727927, "aux_1.loss_seg": 0.024178845714777707, "aux_2.loss_seg": 0.03200326226651669, "aux_3.loss_seg": 0.03274508826434612, "time": 0.6478061676025391, "iter": 700, "memory": 3093, "step": 700}
{"aAcc": 55.92, "mIoU": 41.26, "mAcc": 60.49, "avg_val_loss": 0.0, "data_time": 0.015319262427845221, "time": 0.06626693133650155, "step": 700}
{"lr": 0.005797198132088056, "data_time": 0.012640881538391113, "loss": 0.13132181409746407, "decode.loss_seg": 0.022460492863319814, "aux_0.loss_seg": 0.025787243666127325, "aux_1.loss_seg": 0.024146694270893932, "aux_2.loss_seg": 0.028921679966151713, "aux_3.loss_seg": 0.030005704844370484, "time": 0.5538082361221314, "iter": 800, "memory": 3093, "step": 800}
{"aAcc": 55.08, "mIoU": 40.34, "mAcc": 59.83, "avg_val_loss": 0.0, "data_time": 0.03891075342551045, "time": 0.09044722030902731, "step": 800}
{"lr": 0.006397598398932616, "data_time": 0.011743855476379395, "loss": 0.09315672144293785, "decode.loss_seg": 0.0160970576107502, "aux_0.loss_seg": 0.017701731529086828, "aux_1.loss_seg": 0.017019992135465144, "aux_2.loss_seg": 0.02081135390326381, "aux_3.loss_seg": 0.021526584308594464, "time": 0.4877849340438843, "iter": 900, "memory": 3093, "step": 900}
{"aAcc": 56.92, "mIoU": 41.69, "mAcc": 60.55, "avg_val_loss": 0.0, "data_time": 0.022046283743847376, "time": 0.0731947723476366, "step": 900}
{"lr": 0.0069979986657771765, "data_time": 0.43077590465545657, "loss": 0.13056823313236238, "decode.loss_seg": 0.024092632345855236, "aux_0.loss_seg": 0.025704982038587332, "aux_1.loss_seg": 0.024578400328755377, "aux_2.loss_seg": 0.02741467524319887, "aux_3.loss_seg": 0.028777541872113944, "time": 0.5636112928390503, "iter": 1000, "memory": 3093, "step": 1000}
{"aAcc": 56.81, "mIoU": 41.79, "mAcc": 60.86, "avg_val_loss": 0.0, "data_time": 0.013526058745110172, "time": 0.06469164223506532, "step": 1000}
