{"lr": 0.0050220502205022026, "data_time": 0.07057068347930909, "loss": 9.127965068817138, "decode.loss_ce": 1.5761373519897461, "decode.acc_seg": 79.67111206054688, "aux_0.loss_ce": 2.3486050605773925, "aux_0.acc_seg": 40.476444244384766, "aux_1.loss_ce": 1.86764053106308, "aux_1.acc_seg": 77.41378021240234, "aux_2.loss_ce": 1.6379461288452148, "aux_2.acc_seg": 67.65955352783203, "aux_3.loss_ce": 1.6976359486579895, "aux_3.acc_seg": 63.48777770996094, "time": 0.1517552375793457, "iter": 50, "memory": 17408, "step": 50}
