{"lr": 0.006406583235954008, "data_time": 0.45795090198516847, "loss": 5.967203664779663, "decode.loss_ce": 0.7390481293201446, "decode.acc_seg": 80.45305633544922, "aux_0.loss_ce": 1.5871780395507813, "aux_0.acc_seg": 56.61872100830078, "aux_1.loss_ce": 1.353023934364319, "aux_1.acc_seg": 59.917110443115234, "aux_2.loss_ce": 1.2092647671699523, "aux_2.acc_seg": 64.09122467041016, "aux_3.loss_ce": 1.078688883781433, "aux_3.acc_seg": 66.60872650146484, "time": 0.6622418403625489, "iter": 910, "memory": 19219, "step": 910}
{"lr": 0.009106373674004149, "data_time": 0.3719926834106445, "loss": 3.5689903497695923, "decode.loss_ce": 0.27994738668203356, "decode.acc_seg": 90.57244873046875, "aux_0.loss_ce": 1.2083917737007142, "aux_0.acc_seg": 54.820499420166016, "aux_1.loss_ce": 0.9125140190124512, "aux_1.acc_seg": 60.348388671875, "aux_2.loss_ce": 0.6621350824832917, "aux_2.acc_seg": 70.79521942138672, "aux_3.loss_ce": 0.5060021102428436, "aux_3.acc_seg": 81.32705688476562, "time": 0.5742556095123291, "iter": 10000, "memory": 2908, "step": 10000}
{"aAcc": 82.48, "mIoU": 52.23, "mAcc": 60.55, "avg_val_loss": 4.639366730106504, "data_time": 0.011855782960590564, "time": 0.370612957603053, "step": 10000}
{"lr": 0.008200516139713258, "data_time": 0.4233863353729248, "loss": 3.577735161781311, "decode.loss_ce": 0.29026614874601364, "decode.acc_seg": 89.24755859375, "aux_0.loss_ce": 1.2638723611831666, "aux_0.acc_seg": 57.52716827392578, "aux_1.loss_ce": 0.9051600873470307, "aux_1.acc_seg": 68.31466674804688, "aux_2.loss_ce": 0.6425556242465973, "aux_2.acc_seg": 78.58711242675781, "aux_3.loss_ce": 0.475880953669548, "aux_3.acc_seg": 86.74583435058594, "time": 0.6655356407165527, "iter": 20000, "memory": 10769, "step": 20000}
{"aAcc": 83.92, "mIoU": 55.99, "mAcc": 62.04, "avg_val_loss": 4.4320814180531, "data_time": 0.007667452096939087, "time": 0.3601808547973633, "step": 20000}
{"lr": 0.007283232762750171, "data_time": 0.19534745216369628, "loss": 3.155135464668274, "decode.loss_ce": 0.2624925434589386, "decode.acc_seg": 92.8826675415039, "aux_0.loss_ce": 1.1416701972484589, "aux_0.acc_seg": 74.22406005859375, "aux_1.loss_ce": 0.775315111875534, "aux_1.acc_seg": 80.89216613769531, "aux_2.loss_ce": 0.5440783619880676, "aux_2.acc_seg": 84.6489486694336, "aux_3.loss_ce": 0.4315792739391327, "aux_3.acc_seg": 85.35678100585938, "time": 0.5749666690826416, "iter": 30000, "memory": 2908, "step": 30000}
{"aAcc": 80.52, "mIoU": 50.13, "mAcc": 60.36, "avg_val_loss": 4.396424039374841, "data_time": 0.008315898478031158, "time": 0.3613186577955882, "step": 30000}
{"lr": 0.006352703407289149, "data_time": 0.35840411186218263, "loss": 3.386105751991272, "decode.loss_ce": 0.26534468233585357, "decode.acc_seg": 89.26188659667969, "aux_0.loss_ce": 1.2356063842773437, "aux_0.acc_seg": 56.36677932739258, "aux_1.loss_ce": 0.854113656282425, "aux_1.acc_seg": 70.75294494628906, "aux_2.loss_ce": 0.5815657496452331, "aux_2.acc_seg": 80.22944641113281, "aux_3.loss_ce": 0.4494753658771515, "aux_3.acc_seg": 84.09127807617188, "time": 0.5617311239242554, "iter": 40000, "memory": 2908, "step": 40000}
{"aAcc": 83.96, "mIoU": 53.72, "mAcc": 60.24, "avg_val_loss": 4.339248404034266, "data_time": 0.009299548963705698, "time": 0.3615690916776657, "step": 40000}
{"lr": 0.0054064577076796795, "data_time": 0.007829833030700683, "loss": 3.1843985080718995, "decode.loss_ce": 0.23958389908075334, "decode.acc_seg": 90.29199981689453, "aux_0.loss_ce": 1.1604516148567199, "aux_0.acc_seg": 64.80611419677734, "aux_1.loss_ce": 0.8167880713939667, "aux_1.acc_seg": 74.18238830566406, "aux_2.loss_ce": 0.5577394515275955, "aux_2.acc_seg": 79.73755645751953, "aux_3.loss_ce": 0.4098354816436768, "aux_3.acc_seg": 82.71283721923828, "time": 0.6809947729110718, "iter": 50000, "memory": 2908, "step": 50000}
{"aAcc": 83.56, "mIoU": 54.05, "mAcc": 59.99, "avg_val_loss": 4.307623951544887, "data_time": 0.007026533285776774, "time": 0.3585444465279579, "step": 50000}
{"lr": 0.004440959115695473, "data_time": 0.49870378971099855, "loss": 3.3897469997406007, "decode.loss_ce": 0.26165726184844973, "decode.acc_seg": 91.42894744873047, "aux_0.loss_ce": 1.2199676632881165, "aux_0.acc_seg": 61.05644607543945, "aux_1.loss_ce": 0.8622590184211731, "aux_1.acc_seg": 75.61383056640625, "aux_2.loss_ce": 0.5972907036542893, "aux_2.acc_seg": 83.18966674804688, "aux_3.loss_ce": 0.44857234358787534, "aux_3.acc_seg": 84.49571990966797, "time": 0.7052099704742432, "iter": 60000, "memory": 2908, "step": 60000}
{"aAcc": 86.68, "mIoU": 58.65, "mAcc": 64.16, "avg_val_loss": 4.282941593889865, "data_time": 0.008157908916473389, "time": 0.35960882902145386, "step": 60000}
{"lr": 0.0034507407905215665, "data_time": 0.009929704666137695, "loss": 3.308224654197693, "decode.loss_ce": 0.22860492318868636, "decode.acc_seg": 90.61272430419922, "aux_0.loss_ce": 1.277299702167511, "aux_0.acc_seg": 66.69922637939453, "aux_1.loss_ce": 0.8666189432144165, "aux_1.acc_seg": 77.81661224365234, "aux_2.loss_ce": 0.545953756570816, "aux_2.acc_seg": 84.97616577148438, "aux_3.loss_ce": 0.38974728286266325, "aux_3.acc_seg": 87.65961456298828, "time": 0.5487141609191895, "iter": 70000, "memory": 2908, "step": 70000}
{"aAcc": 87.68, "mIoU": 61.12, "mAcc": 66.55, "avg_val_loss": 4.230210647367893, "data_time": 0.007084888716538747, "time": 0.34659213076035184, "step": 70000}
{"lr": 0.002426262391078836, "data_time": 0.4588942050933838, "loss": 3.491823840141296, "decode.loss_ce": 0.2726571157574654, "decode.acc_seg": 88.9068374633789, "aux_0.loss_ce": 1.2584080874919892, "aux_0.acc_seg": 55.45022201538086, "aux_1.loss_ce": 0.8793615162372589, "aux_1.acc_seg": 65.28639221191406, "aux_2.loss_ce": 0.609724086523056, "aux_2.acc_seg": 70.98494720458984, "aux_3.loss_ce": 0.4716729700565338, "aux_3.acc_seg": 76.43705749511719, "time": 0.6618489503860474, "iter": 80000, "memory": 2908, "step": 80000}
{"aAcc": 86.42, "mIoU": 58.56, "mAcc": 63.9, "avg_val_loss": 4.199877866391876, "data_time": 0.009022618333498636, "time": 0.346369706094265, "step": 80000}
{"lr": 0.0013466131488271919, "data_time": 0.24917750358581542, "loss": 2.765418028831482, "decode.loss_ce": 0.1894339233636856, "decode.acc_seg": 92.2300033569336, "aux_0.loss_ce": 1.0589874923229217, "aux_0.acc_seg": 71.63005828857422, "aux_1.loss_ce": 0.7145211875438691, "aux_1.acc_seg": 74.4739990234375, "aux_2.loss_ce": 0.45738575160503386, "aux_2.acc_seg": 84.579833984375, "aux_3.loss_ce": 0.3450896769762039, "aux_3.acc_seg": 86.09711456298828, "time": 0.4552215814590454, "iter": 90000, "memory": 2908, "step": 90000}
{"aAcc": 87.18, "mIoU": 58.58, "mAcc": 65.34, "avg_val_loss": 4.1566245568861735, "data_time": 0.0070031384627024336, "time": 0.35803404947121936, "step": 90000}
{"lr": 0.0001, "data_time": 0.00865159034729004, "loss": 3.133898711204529, "decode.loss_ce": 0.2285900592803955, "decode.acc_seg": 89.08528137207031, "aux_0.loss_ce": 1.1804060459136962, "aux_0.acc_seg": 67.16011047363281, "aux_1.loss_ce": 0.81121124625206, "aux_1.acc_seg": 72.97283172607422, "aux_2.loss_ce": 0.5240115582942962, "aux_2.acc_seg": 79.62577819824219, "aux_3.loss_ce": 0.3896797806024551, "aux_3.acc_seg": 82.36788940429688, "time": 0.7562717437744141, "iter": 100000, "memory": 2908, "step": 100000}
{"aAcc": 87.17, "mIoU": 59.66, "mAcc": 65.62, "avg_val_loss": 4.116262969168785, "data_time": 0.00604209303855896, "time": 0.35542082041502, "step": 100000}
