{"lr": 0.0050220502205022026, "data_time": 0.026105880737304688, "loss": 9.235958671569824, "decode.loss_ce": 1.6040171384811401, "decode.acc_seg": 40.906890869140625, "aux_0.loss_ce": 2.319471764564514, "aux_0.acc_seg": 41.89022445678711, "aux_1.loss_ce": 1.8405049085617065, "aux_1.acc_seg": 35.269554138183594, "aux_2.loss_ce": 1.6058088064193725, "aux_2.acc_seg": 37.698001861572266, "aux_3.loss_ce": 1.8661561131477356, "aux_3.acc_seg": 37.368221282958984, "time": 0.08703398704528809, "iter": 50, "memory": 17409, "step": 50}
{"avg_val_loss": 11.7745153652039, "data_time": 0.004349207616752597, "time": 0.08282262457128564, "step": 50}
{"lr": 0.00504455044550445, "data_time": 0.02431974411010742, "loss": 9.908098363876343, "decode.loss_ce": 2.002727282047272, "decode.acc_seg": 41.140445709228516, "aux_0.loss_ce": 2.1479246258735656, "aux_0.acc_seg": 28.631555557250977, "aux_1.loss_ce": 1.8868044376373292, "aux_1.acc_seg": 34.14533233642578, "aux_2.loss_ce": 1.81227103471756, "aux_2.acc_seg": 40.066001892089844, "aux_3.loss_ce": 2.058370804786682, "aux_3.acc_seg": 32.645111083984375, "time": 0.0855649471282959, "iter": 100, "memory": 899, "step": 100}
{"avg_val_loss": 13.114814699022837, "data_time": 0.0038151651113282736, "time": 0.08090884436075994, "step": 100}
{"lr": 0.005067050670506697, "data_time": 0.012077093124389648, "loss": 9.723788833618164, "decode.loss_ce": 1.8502791404724122, "decode.acc_seg": 55.47111129760742, "aux_0.loss_ce": 1.9144935369491578, "aux_0.acc_seg": 55.605777740478516, "aux_1.loss_ce": 1.8611525774002076, "aux_1.acc_seg": 60.05978012084961, "aux_2.loss_ce": 1.8651538729667663, "aux_2.acc_seg": 54.758888244628906, "aux_3.loss_ce": 2.2327096104621886, "aux_3.acc_seg": 24.906667709350586, "time": 0.07419683933258056, "iter": 150, "memory": 899, "step": 150}
