{"lr": 0.009867469756207184, "data_time": 0.06443500518798828, "loss": 6.358707094192505, "decode.loss_ce": 1.0102614790201188, "decode.acc_seg": 75.31710815429688, "aux_0.loss_ce": 1.5078982353210448, "aux_0.acc_seg": 61.16600036621094, "aux_1.loss_ce": 1.3306443989276886, "aux_1.acc_seg": 65.1780014038086, "aux_2.loss_ce": 1.2395634472370147, "aux_2.acc_seg": 67.65933227539062, "aux_3.loss_ce": 1.2703395068645478, "aux_3.acc_seg": 65.30000305175781, "time": 0.17898273468017578, "iter": 2360, "memory": 17408, "step": 2360}
{"lr": 0.008868922488426394, "data_time": 0.04446778297424316, "loss": 5.094018268585205, "decode.loss_ce": 0.545813399553299, "decode.acc_seg": 79.3888931274414, "aux_0.loss_ce": 1.4807417213916778, "aux_0.acc_seg": 47.218666076660156, "aux_1.loss_ce": 1.1753439366817475, "aux_1.acc_seg": 55.05289077758789, "aux_2.loss_ce": 0.9717916131019593, "aux_2.acc_seg": 66.63200378417969, "aux_3.loss_ce": 0.9203275948762893, "aux_3.acc_seg": 69.57844543457031, "time": 0.14818294048309327, "iter": 20000, "memory": 901, "step": 20000}
{"aAcc": 86.02, "mIoU": 58.76, "mAcc": 67.93, "avg_val_loss": 3.6333949962919, "data_time": 0.0049062796172724445, "time": 0.3486076027807528, "step": 20000}
{"lr": 0.007721321163855483, "data_time": 0.10397460460662841, "loss": 3.729760026931763, "decode.loss_ce": 0.34167440980672836, "decode.acc_seg": 93.14488983154297, "aux_0.loss_ce": 1.2859960556030274, "aux_0.acc_seg": 64.91777801513672, "aux_1.loss_ce": 0.8836244463920593, "aux_1.acc_seg": 73.40911102294922, "aux_2.loss_ce": 0.664227020740509, "aux_2.acc_seg": 83.62110900878906, "aux_3.loss_ce": 0.5542380750179291, "aux_3.acc_seg": 89.06777954101562, "time": 0.19120068550109864, "iter": 40000, "memory": 34198, "step": 40000}
{"aAcc": 89.44, "mIoU": 59.8, "mAcc": 68.54, "avg_val_loss": 3.5239743823945595, "data_time": 0.004264937442483254, "time": 0.3553915394162669, "step": 40000}
{"lr": 0.006554337218783093, "data_time": 0.07557344436645508, "loss": 3.5947062015533446, "decode.loss_ce": 0.32376477867364883, "decode.acc_seg": 90.17911529541016, "aux_0.loss_ce": 1.135840117931366, "aux_0.acc_seg": 70.96400451660156, "aux_1.loss_ce": 0.8349427878856659, "aux_1.acc_seg": 70.55867004394531, "aux_2.loss_ce": 0.685986003279686, "aux_2.acc_seg": 70.97866821289062, "aux_3.loss_ce": 0.6141725689172745, "aux_3.acc_seg": 69.85089111328125, "time": 0.15784943103790283, "iter": 60000, "memory": 901, "step": 60000}
{"aAcc": 91.26, "mIoU": 69.6, "mAcc": 73.94, "avg_val_loss": 3.585171249990438, "data_time": 0.0041899102405436985, "time": 0.35394793864592766, "step": 60000}
{"lr": 0.005363609106305952, "data_time": 0.00418543815612793, "loss": 4.610236775875092, "decode.loss_ce": 0.424370926246047, "decode.acc_seg": 85.44644165039062, "aux_0.loss_ce": 1.465851217508316, "aux_0.acc_seg": 44.396446228027344, "aux_1.loss_ce": 1.1585597723722458, "aux_1.acc_seg": 56.3837776184082, "aux_2.loss_ce": 0.8698624610900879, "aux_2.acc_seg": 76.59933471679688, "aux_3.loss_ce": 0.6915923118591308, "aux_3.acc_seg": 79.22955322265625, "time": 0.1337364912033081, "iter": 80000, "memory": 901, "step": 80000}
{"aAcc": 91.24, "mIoU": 66.84, "mAcc": 72.2, "avg_val_loss": 3.5589637135878096, "data_time": 0.004532815761936521, "time": 0.3719853509977026, "step": 80000}
{"lr": 0.004142394692257298, "data_time": 0.00452110767364502, "loss": 3.990057921409607, "decode.loss_ce": 0.35802617222070693, "decode.acc_seg": 88.6780014038086, "aux_0.loss_ce": 1.284933215379715, "aux_0.acc_seg": 36.7142219543457, "aux_1.loss_ce": 1.0050334841012956, "aux_1.acc_seg": 39.50600051879883, "aux_2.loss_ce": 0.7224903970956802, "aux_2.acc_seg": 60.23222351074219, "aux_3.loss_ce": 0.6195746541023255, "aux_3.acc_seg": 73.94689178466797, "time": 0.1364521026611328, "iter": 100000, "memory": 901, "step": 100000}
{"aAcc": 91.41, "mIoU": 68.45, "mAcc": 71.84, "avg_val_loss": 3.440259786021876, "data_time": 0.004569679788015421, "time": 0.35631891998272497, "step": 100000}
{"lr": 0.002878928084465631, "data_time": 0.014057183265686035, "loss": 3.2609843730926515, "decode.loss_ce": 0.2702569216489792, "decode.acc_seg": 89.5324478149414, "aux_0.loss_ce": 1.184303492307663, "aux_0.acc_seg": 59.888221740722656, "aux_1.loss_ce": 0.7816004693508148, "aux_1.acc_seg": 73.0780029296875, "aux_2.loss_ce": 0.5518993437290192, "aux_2.acc_seg": 75.52777862548828, "aux_3.loss_ce": 0.47292413413524625, "aux_3.acc_seg": 76.9606704711914, "time": 0.138696551322937, "iter": 120000, "memory": 901, "step": 120000}
{"aAcc": 91.64, "mIoU": 73.11, "mAcc": 77.86, "avg_val_loss": 3.3611958012282788, "data_time": 0.004148081089686421, "time": 0.35015270663696585, "step": 120000}
{"lr": 0.0015474204934276545, "data_time": 0.0042657613754272464, "loss": 3.7352680206298827, "decode.loss_ce": 0.30045545995235445, "decode.acc_seg": 88.61222076416016, "aux_0.loss_ce": 1.267839252948761, "aux_0.acc_seg": 66.97577667236328, "aux_1.loss_ce": 0.9627268254756928, "aux_1.acc_seg": 74.60911560058594, "aux_2.loss_ce": 0.6667408525943757, "aux_2.acc_seg": 83.26644897460938, "aux_3.loss_ce": 0.5375056326389313, "aux_3.acc_seg": 84.76866912841797, "time": 0.15455081462860107, "iter": 140000, "memory": 901, "step": 140000}
{"aAcc": 92.38, "mIoU": 73.34, "mAcc": 76.84, "avg_val_loss": 3.296296322012033, "data_time": 0.00427238512965082, "time": 0.3561614196277359, "step": 140000}
{"lr": 1e-05, "data_time": 0.07560942173004151, "loss": 2.898534023761749, "decode.loss_ce": 0.22461799532175064, "decode.acc_seg": 93.4393310546875, "aux_0.loss_ce": 1.0970735371112823, "aux_0.acc_seg": 73.57733154296875, "aux_1.loss_ce": 0.6994429707527161, "aux_1.acc_seg": 80.47311401367188, "aux_2.loss_ce": 0.5016343086957932, "aux_2.acc_seg": 84.83621978759766, "aux_3.loss_ce": 0.3757651761174202, "aux_3.acc_seg": 87.18089294433594, "time": 0.16071481704711915, "iter": 160000, "memory": 901, "step": 160000}
{"aAcc": 92.78, "mIoU": 74.01, "mAcc": 77.09, "avg_val_loss": 3.2279467077514026, "data_time": 0.004293717805621693, "time": 0.355662167650982, "step": 160000}
