{"lr": 0.0015943962641761188, "data_time": 0.7862461566925049, "loss": 4.060547113418579, "decode.loss_ce": 0.5854794293642044, "decode.acc_seg": 81.94833374023438, "aux_0.loss_ce": 1.2058478474617005, "aux_0.acc_seg": 60.6789436340332, "aux_1.loss_ce": 0.8411195397377014, "aux_1.acc_seg": 64.87805938720703, "aux_2.loss_ce": 0.7224871218204498, "aux_2.acc_seg": 73.50922393798828, "aux_3.loss_ce": 0.7056132197380066, "aux_3.acc_seg": 76.13616943359375, "time": 0.9575001716613769, "iter": 100, "memory": 19198, "step": 100}
{"aAcc": 35.42, "mIoU": 18.62, "mAcc": 37.54, "avg_val_loss": 7.220007128708544, "data_time": 0.15555679243664408, "time": 0.22793164918589037, "step": 100}
{"lr": 0.002194796531020685, "data_time": 0.695858097076416, "loss": 3.40689013004303, "decode.loss_ce": 0.5260002344846726, "decode.acc_seg": 80.48677825927734, "aux_0.loss_ce": 0.9374176740646363, "aux_0.acc_seg": 65.09327697753906, "aux_1.loss_ce": 0.6988227188587188, "aux_1.acc_seg": 70.60661315917969, "aux_2.loss_ce": 0.6240865260362625, "aux_2.acc_seg": 76.00639343261719, "aux_3.loss_ce": 0.6205630362033844, "aux_3.acc_seg": 77.70789337158203, "time": 1.0357473611831665, "iter": 200, "memory": 9631, "step": 200}
{"aAcc": 48.49, "mIoU": 25.19, "mAcc": 43.39, "avg_val_loss": 7.190318859460062, "data_time": 0.14903121707083164, "time": 0.21364114202302079, "step": 200}
{"lr": 0.0027951967978652476, "data_time": 0.8326166868209839, "loss": 2.8183713436126707, "decode.loss_ce": 0.43085108399391175, "decode.acc_seg": 86.76899719238281, "aux_0.loss_ce": 0.7480784952640533, "aux_0.acc_seg": 73.88600158691406, "aux_1.loss_ce": 0.5942205965518952, "aux_1.acc_seg": 83.55372619628906, "aux_2.loss_ce": 0.5341739505529404, "aux_2.acc_seg": 83.04383087158203, "aux_3.loss_ce": 0.5110471963882446, "aux_3.acc_seg": 82.23149871826172, "time": 0.9663035154342652, "iter": 300, "memory": 2314, "step": 300}
{"aAcc": 53.92, "mIoU": 29.08, "mAcc": 45.6, "avg_val_loss": 6.850930125247434, "data_time": 0.15628320869358106, "time": 0.22141846295060783, "step": 300}
{"lr": 0.0033955970647098093, "data_time": 0.8099868297576904, "loss": 2.6411783695220947, "decode.loss_ce": 0.4171084135770798, "decode.acc_seg": 81.58244323730469, "aux_0.loss_ce": 0.6973799169063568, "aux_0.acc_seg": 70.1884994506836, "aux_1.loss_ce": 0.5435028582811355, "aux_1.acc_seg": 72.30044555664062, "aux_2.loss_ce": 0.49770848751068114, "aux_2.acc_seg": 77.09039306640625, "aux_3.loss_ce": 0.4854787111282349, "aux_3.acc_seg": 79.36355590820312, "time": 0.9458497285842895, "iter": 400, "memory": 2314, "step": 400}
{"aAcc": 54.42, "mIoU": 29.88, "mAcc": 45.96, "avg_val_loss": 6.751635024247811, "data_time": 0.15543948918923564, "time": 0.2218278769789071, "step": 400}
{"lr": 0.003995997331554373, "data_time": 0.8144772291183472, "loss": 2.2934991240501406, "decode.loss_ce": 0.3375392913818359, "decode.acc_seg": 85.88777923583984, "aux_0.loss_ce": 0.6136733770370484, "aux_0.acc_seg": 76.0163345336914, "aux_1.loss_ce": 0.4883238017559052, "aux_1.acc_seg": 80.14766693115234, "aux_2.loss_ce": 0.434087797999382, "aux_2.acc_seg": 81.96566772460938, "aux_3.loss_ce": 0.41987484097480776, "aux_3.acc_seg": 81.84205627441406, "time": 0.9553997278213501, "iter": 500, "memory": 2314, "step": 500}
{"aAcc": 49.36, "mIoU": 26.23, "mAcc": 42.84, "avg_val_loss": 6.652405512838337, "data_time": 0.15696654374572053, "time": 0.22260109035448097, "step": 500}
