{"lr": 0.004513328573972366, "data_time": 0.7278925895690918, "loss": 4.845533323287964, "decode.loss_ce": 0.7969582259654999, "decode.acc_seg": 68.12300109863281, "aux_0.loss_ce": 1.177836436033249, "aux_0.acc_seg": 65.38555908203125, "aux_1.loss_ce": 1.0076513290405273, "aux_1.acc_seg": 67.48527526855469, "aux_2.loss_ce": 0.9317284464836121, "aux_2.acc_seg": 63.15066909790039, "aux_3.loss_ce": 0.9313589990139007, "aux_3.acc_seg": 58.09105682373047, "time": 1.242184615135193, "iter": 590, "memory": 19198, "step": 590}
