{"lr": 0.0015943962641761188, "data_time": 0.013952136039733887, "loss": 2.8868948936462404, "decode.loss_seg": 0.5359592825174332, "aux_0.loss_seg": 0.6785524666309357, "aux_1.loss_seg": 0.5477599084377289, "aux_2.loss_seg": 0.5925486207008361, "aux_3.loss_seg": 0.5320746511220932, "time": 0.4998482227325439, "iter": 100, "memory": 19977, "step": 100}
{"aAcc": 61.8, "mIoU": 37.11, "mAcc": 53.1, "avg_val_loss": 0.0, "data_time": 0.010797262191772461, "time": 0.09120047924130462, "step": 100}
{"lr": 0.002194796531020685, "data_time": 0.23653943538665773, "loss": 2.490412187576294, "decode.loss_seg": 0.5086159974336624, "aux_0.loss_seg": 0.48182968199253084, "aux_1.loss_seg": 0.41975140273571016, "aux_2.loss_seg": 0.5603072434663773, "aux_3.loss_seg": 0.5199078857898712, "time": 0.5660906076431275, "iter": 200, "memory": 34271, "step": 200}
{"aAcc": 55.02, "mIoU": 39.32, "mAcc": 57.82, "avg_val_loss": 0.0, "data_time": 0.0117760444509572, "time": 0.06585423425696361, "step": 200}
{"lr": 0.0027951967978652476, "data_time": 0.009406805038452148, "loss": 2.249114143848419, "decode.loss_seg": 0.4445746123790741, "aux_0.loss_seg": 0.41308006048202517, "aux_1.loss_seg": 0.36634124219417574, "aux_2.loss_seg": 0.5294391930103302, "aux_3.loss_seg": 0.4956790417432785, "time": 0.662302041053772, "iter": 300, "memory": 3132, "step": 300}
{"aAcc": 57.09, "mIoU": 40.56, "mAcc": 58.41, "avg_val_loss": 0.0, "data_time": 0.009420633316040039, "time": 0.06367274810527933, "step": 300}
{"lr": 0.0033955970647098093, "data_time": 0.36678788661956785, "loss": 2.0800881385803223, "decode.loss_seg": 0.3973520278930664, "aux_0.loss_seg": 0.38734692633152007, "aux_1.loss_seg": 0.32722961008548734, "aux_2.loss_seg": 0.5061658412218094, "aux_3.loss_seg": 0.46199372708797454, "time": 0.5007109403610229, "iter": 400, "memory": 3132, "step": 400}
{"aAcc": 63.98, "mIoU": 48.36, "mAcc": 65.34, "avg_val_loss": 0.0, "data_time": 0.011971155802408854, "time": 0.06617071162695172, "step": 400}
{"lr": 0.003995997331554373, "data_time": 0.03426551818847656, "loss": 1.9299354910850526, "decode.loss_seg": 0.34577161371707915, "aux_0.loss_seg": 0.31272873878479, "aux_1.loss_seg": 0.2750390022993088, "aux_2.loss_seg": 0.5152116239070892, "aux_3.loss_seg": 0.4811845332384109, "time": 0.4565970659255981, "iter": 500, "memory": 3132, "step": 500}
{"aAcc": 73.48, "mIoU": 56.75, "mAcc": 71.5, "avg_val_loss": 0.0, "data_time": 0.012770485603946379, "time": 0.06698321199965203, "step": 500}
{"lr": 0.0045963975983989375, "data_time": 0.4656699180603027, "loss": 1.997513484954834, "decode.loss_seg": 0.3657204478979111, "aux_0.loss_seg": 0.35640713572502136, "aux_1.loss_seg": 0.31843551695346833, "aux_2.loss_seg": 0.4909950792789459, "aux_3.loss_seg": 0.46595528721809387, "time": 0.7095193147659302, "iter": 600, "memory": 3132, "step": 600}
{"aAcc": 75.19, "mIoU": 59.01, "mAcc": 73.3, "avg_val_loss": 0.0, "data_time": 0.010747810889934671, "time": 0.06514560765233533, "step": 600}
{"lr": 0.005196797865243495, "data_time": 0.1412895441055298, "loss": 1.76016366481781, "decode.loss_seg": 0.30198718011379244, "aux_0.loss_seg": 0.3051532760262489, "aux_1.loss_seg": 0.27284394651651384, "aux_2.loss_seg": 0.4700438052415848, "aux_3.loss_seg": 0.410135480761528, "time": 0.6747894287109375, "iter": 700, "memory": 3132, "step": 700}
{"aAcc": 49.38, "mIoU": 34.18, "mAcc": 54.71, "avg_val_loss": 0.0, "data_time": 0.007326567310026322, "time": 0.061496962075945974, "step": 700}
{"lr": 0.005797198132088056, "data_time": 0.012031030654907227, "loss": 1.7210997700691224, "decode.loss_seg": 0.2931700423359871, "aux_0.loss_seg": 0.2908360555768013, "aux_1.loss_seg": 0.2658796086907387, "aux_2.loss_seg": 0.45591664016246797, "aux_3.loss_seg": 0.4152974396944046, "time": 0.48554933071136475, "iter": 800, "memory": 3132, "step": 800}
{"aAcc": 71.25, "mIoU": 53.17, "mAcc": 68.13, "avg_val_loss": 0.0, "data_time": 0.010608248326970243, "time": 0.06491561045591858, "step": 800}
{"lr": 0.006397598398932616, "data_time": 0.012112140655517578, "loss": 1.814939033985138, "decode.loss_seg": 0.3102593332529068, "aux_0.loss_seg": 0.3007068529725075, "aux_1.loss_seg": 0.26478171050548555, "aux_2.loss_seg": 0.49692544937133787, "aux_3.loss_seg": 0.44226567149162294, "time": 0.559263277053833, "iter": 900, "memory": 3132, "step": 900}
{"aAcc": 73.0, "mIoU": 56.23, "mAcc": 71.0, "avg_val_loss": 0.0, "data_time": 0.010320246904745868, "time": 0.06466585192187078, "step": 900}
{"lr": 0.0069979986657771765, "data_time": 0.16180782318115233, "loss": 1.7095627546310426, "decode.loss_seg": 0.30055611580610275, "aux_0.loss_seg": 0.2852527931332588, "aux_1.loss_seg": 0.2716886833310127, "aux_2.loss_seg": 0.4441762506961823, "aux_3.loss_seg": 0.4078889399766922, "time": 0.5061163425445556, "iter": 1000, "memory": 3132, "step": 1000}
{"aAcc": 60.07, "mIoU": 43.4, "mAcc": 61.48, "avg_val_loss": 0.0, "data_time": 0.009296134970654017, "time": 0.06355817290558212, "step": 1000}
{"lr": 0.0075983989326217465, "data_time": 0.3025552988052368, "loss": 1.7856741189956664, "decode.loss_seg": 0.29204277545213697, "aux_0.loss_seg": 0.2861082300543785, "aux_1.loss_seg": 0.26069648563861847, "aux_2.loss_seg": 0.49704411923885344, "aux_3.loss_seg": 0.4497825354337692, "time": 0.45148866176605223, "iter": 1100, "memory": 3132, "step": 1100}
{"aAcc": 64.58, "mIoU": 48.41, "mAcc": 65.64, "avg_val_loss": 0.0, "data_time": 0.01052473057275531, "time": 0.06486687989070497, "step": 1100}
{"lr": 0.008198799199466306, "data_time": 0.3480265140533447, "loss": 1.562276828289032, "decode.loss_seg": 0.2438841551542282, "aux_0.loss_seg": 0.24676107317209245, "aux_1.loss_seg": 0.23082544505596161, "aux_2.loss_seg": 0.44409186244010923, "aux_3.loss_seg": 0.39671426713466645, "time": 0.5502569675445557, "iter": 1200, "memory": 3132, "step": 1200}
{"aAcc": 76.02, "mIoU": 58.64, "mAcc": 72.35, "avg_val_loss": 0.0, "data_time": 0.00894040622930417, "time": 0.06319846229991694, "step": 1200}
{"lr": 0.008799199466310867, "data_time": 0.011762714385986328, "loss": 1.8168270111083984, "decode.loss_seg": 0.2917961671948433, "aux_0.loss_seg": 0.29013042747974394, "aux_1.loss_seg": 0.2667620122432709, "aux_2.loss_seg": 0.4952456593513489, "aux_3.loss_seg": 0.4728927224874496, "time": 0.46124484539031985, "iter": 1300, "memory": 3132, "step": 1300}
{"aAcc": 80.37, "mIoU": 63.17, "mAcc": 75.29, "avg_val_loss": 0.0, "data_time": 0.009162806916510922, "time": 0.06350124841448905, "step": 1300}
{"lr": 0.009399599733155411, "data_time": 0.4380497932434082, "loss": 1.6460632681846619, "decode.loss_seg": 0.25365262627601626, "aux_0.loss_seg": 0.26426741629838946, "aux_1.loss_seg": 0.2388778254389763, "aux_2.loss_seg": 0.46519080698490145, "aux_3.loss_seg": 0.42407462000846863, "time": 0.5721341371536255, "iter": 1400, "memory": 3132, "step": 1400}
{"aAcc": 74.4, "mIoU": 56.54, "mAcc": 70.64, "avg_val_loss": 0.0, "data_time": 0.009321848551432291, "time": 0.06356016794840495, "step": 1400}
{"lr": 0.009999999999999966, "data_time": 0.3698877334594727, "loss": 1.7379182815551757, "decode.loss_seg": 0.2779855117201805, "aux_0.loss_seg": 0.29358562380075454, "aux_1.loss_seg": 0.2614504933357239, "aux_2.loss_seg": 0.47954066693782804, "aux_3.loss_seg": 0.4253560096025467, "time": 0.6526951789855957, "iter": 1500, "memory": 3132, "step": 1500}
{"aAcc": 50.63, "mIoU": 33.78, "mAcc": 53.0, "avg_val_loss": 0.0, "data_time": 0.008462744197626224, "time": 0.06280168171586661, "step": 1500}
{"lr": 0.009884680550653002, "data_time": 0.20707733631134034, "loss": 1.5901593565940857, "decode.loss_seg": 0.2458331510424614, "aux_0.loss_seg": 0.264315465092659, "aux_1.loss_seg": 0.24024091213941573, "aux_2.loss_seg": 0.44340773224830626, "aux_3.loss_seg": 0.39636209011077883, "time": 0.5764548540115356, "iter": 1600, "memory": 3132, "step": 1600}
{"aAcc": 82.57, "mIoU": 65.95, "mAcc": 77.19, "avg_val_loss": 0.0, "data_time": 0.012310173319674086, "time": 0.06694917295170927,