{"aAcc": 90.19, "mIoU": 73.53, "mAcc": 82.48, "data_time": 5.079415549883028, "time": 5.1053855802954695}