{"lr": 0.0015943962641761188, "data_time": 0.5457314014434814, "loss": 11.085282135009766, "decode.loss_ce": 2.2164650321006776, "decode.acc_seg": 77.7739486694336, "aux_0.loss_seg": 1.6624757409095765, "aux_1.loss_seg": 1.9169118285179139, "aux_2.loss_seg": 2.725220561027527, "aux_3.loss_ce": 2.564208984375, "aux_3.acc_seg": 74.57427978515625, "time": 0.7085166931152344, "iter": 100, "memory": 35212, "step": 100}
{"aAcc": 47.91, "mIoU": 33.96, "mAcc": 54.41, "avg_val_loss": 17.088394750628556, "data_time": 0.011600985083469125, "time": 0.07569740262142448, "step": 100}
{"lr": 0.002194796531020685, "data_time": 0.029116320610046386, "loss": 9.454327726364136, "decode.loss_ce": 1.949936294555664, "decode.acc_seg": 77.5445556640625, "aux_0.loss_seg": 1.4432033896446228, "aux_1.loss_seg": 1.854762864112854, "aux_2.loss_seg": 2.207949328422546, "aux_3.loss_ce": 1.998475694656372, "aux_3.acc_seg": 79.37672424316406, "time": 0.5670314311981202, "iter": 200, "memory": 9068, "step": 200}
{"aAcc": 69.52, "mIoU": 52.52, "mAcc": 67.69, "avg_val_loss": 14.816001010045671, "data_time": 0.01088435348423048, "time": 0.07720988098232226, "step": 200}
{"lr": 0.0027951967978652476, "data_time": 0.12797970771789552, "loss": 10.199095630645752, "decode.loss_ce": 2.0596961259841917, "decode.acc_seg": 88.80311584472656, "aux_0.loss_seg": 1.6079773306846619, "aux_1.loss_seg": 1.987975823879242, "aux_2.loss_seg": 2.371995270252228, "aux_3.loss_ce": 2.171451222896576, "aux_3.acc_seg": 86.4786148071289, "time": 0.5214570045471192, "iter": 300, "memory": 2351, "step": 300}
{"aAcc": 44.8, "mIoU": 29.52, "mAcc": 49.55, "avg_val_loss": 19.343192516363157, "data_time": 0.009920218895221579, "time": 0.07527018141472476, "step": 300}
{"lr": 0.0033955970647098093, "data_time": 0.06349866390228272, "loss": 8.052720737457275, "decode.loss_ce": 1.6337053179740906, "decode.acc_seg": 86.46678161621094, "aux_0.loss_seg": 1.2381206035614014, "aux_1.loss_seg": 1.5002707719802857, "aux_2.loss_seg": 1.940104591846466, "aux_3.loss_ce": 1.740519392490387, "aux_3.acc_seg": 84.11922454833984, "time": 0.5103193044662475, "iter": 400, "memory": 2351, "step": 400}
{"aAcc": 73.57, "mIoU": 56.34, "mAcc": 70.63, "avg_val_loss": 17.475831996976282, "data_time": 0.010444923378955358, "time": 0.07675193918162379, "step": 400}
{"lr": 0.003995997331554373, "data_time": 0.36271870136260986, "loss": 7.650820922851563, "decode.loss_ce": 1.6249982357025146, "decode.acc_seg": 85.21822357177734, "aux_0.loss_seg": 0.9737630784511566, "aux_1.loss_seg": 1.3015540599823, "aux_2.loss_seg": 1.8861541509628297, "aux_3.loss_ce": 1.864351499080658, "aux_3.acc_seg": 83.8663330078125, "time": 0.5445637702941895, "iter": 500, "memory": 2351, "step": 500}
{"aAcc": 63.9, "mIoU": 46.17, "mAcc": 63.28, "avg_val_loss": 16.429462934237474, "data_time": 0.009703995167523965, "time": 0.07564882026321587, "step": 500}
{"lr": 0.0045963975983989375, "data_time": 0.27632195949554444, "loss": 7.069725608825683, "decode.loss_ce": 1.406161892414093, "decode.acc_seg": 89.27217102050781, "aux_0.loss_seg": 1.0371011316776275, "aux_1.loss_seg": 1.3393684566020965, "aux_2.loss_seg": 1.7289790272712708, "aux_3.loss_ce": 1.5581153273582458, "aux_3.acc_seg": 88.3191146850586, "time": 0.4635092496871948, "iter": 600, "memory": 2351, "step": 600}
{"aAcc": 58.15, "mIoU": 42.58, "mAcc": 61.3, "avg_val_loss": 16.00182903510088, "data_time": 0.009415152429164141, "time": 0.07507748987482882, "step": 600}
{"lr": 0.005196797865243495, "data_time": 0.2789700984954834, "loss": 7.354101181030273, "decode.loss_ce": 1.4920549392700195, "decode.acc_seg": 87.89366912841797, "aux_0.loss_seg": 0.9703698694705963, "aux_1.loss_seg": 1.4281586289405823, "aux_2.loss_seg": 1.7428201675415038, "aux_3.loss_ce": 1.7206975221633911, "aux_3.acc_seg": 86.34183502197266, "time": 0.6913613557815552, "iter": 700, "memory": 2351, "step": 700}
{"aAcc": 77.71, "mIoU": 62.06, "mAcc": 75.47, "avg_val_loss": 15.18991270270463, "data_time": 0.009949075764623182, "time": 0.07402191216918244, "step": 700}
{"lr": 0.005797198132088056, "data_time": 0.4606945276260376, "loss": 7.354550552368164, "decode.loss_ce": 1.4977432131767272, "decode.acc_seg": 84.3814468383789, "aux_0.loss_seg": 0.9928932845592499, "aux_1.loss_seg": 1.5099669575691224, "aux_2.loss_seg": 1.755605936050415, "aux_3.loss_ce": 1.5983411908149718, "aux_3.acc_seg": 83.58877563476562, "time": 0.6206338405609131, "iter": 800, "memory": 2351, "step": 800}
{"aAcc": 56.7, "mIoU": 40.78, "mAcc": 59.46, "avg_val_loss": 15.74457542972955, "data_time": 0.009151645090388155, "time": 0.06493896999578366, "step": 800}
{"lr": 0.006397598398932616, "data_time": 0.3969045400619507, "loss": 6.574005746841431, "decode.loss_ce": 1.3782540559768677, "decode.acc_seg": 90.27005767822266, "aux_0.loss_seg": 0.8091159135103225, "aux_1.loss_seg": 1.1187074720859527, "aux_2.loss_seg": 1.7218823432922363, "aux_3.loss_ce": 1.5460460543632508, "aux_3.acc_seg": 86.09427642822266, "time": 0.5565906524658203, "iter": 900, "memory": 2351, "step": 900}
{"aAcc": 62.46, "mIoU": 45.33, "mAcc": 63.48, "avg_val_loss": 15.669331854004762, "data_time": 0.010092329704898527, "time": 0.06594646388086779, "step": 900}
{"lr": 0.0069979986657771765, "data_time": 0.11203608512878419, "loss": 7.281635189056397, "decode.loss_ce": 1.4306056201457977, "decode.acc_seg": 90.60678100585938, "aux_0.loss_seg": 0.9378165781497956, "aux_1.loss_seg": 1.474919819831848, "aux_2.loss_seg": 1.7657166481018067, "aux_3.loss_ce": 1.6725764155387879, "aux_3.acc_seg": 87.76333618164062, "time": 0.5799767017364502, "iter": 1000, "memory": 2351, "step": 1000}
{"aAcc": 71.82, "mIoU": 53.89, "mAcc": 68.22, "avg_val_loss": 15.395197924675298, "data_time": 0.008391722865488338, "time": 0.07407051119311102, "step": 1000}
{"lr": 0.0075983989326217465, "data_time": 0.011133575439453125, "loss": 6.310207843780518, "decode.loss_ce": 1.2569648265838622, "decode.acc_seg": 84.55171966552734, "aux_0.loss_seg": 0.8608645349740982, "aux_1.loss_seg": 1.1417240381240845, "aux_2.loss_seg": 1.610145592689514, "aux_3.loss_ce": 1.4405087590217591, "aux_3.acc_seg": 83.17294311523438, "time": 0.5309842109680176, "iter": 1100, "memory": 2351, "step": 1100}
{"aAcc": 66.45, "mIoU": 50.65, "mAcc": 67.52, "avg_val_loss": 15.573733130079962, "data_time": 0.010635625356915354, "time": 0.07665830371023595, "step": 1100}
{"lr": 0.008198799199466306, "data_time": 0.011585116386413574, "loss": 7.3157871723175045, "decode.loss_ce": 1.4465211749076843, "decode.acc_seg": 86.55894470214844, "aux_0.loss_seg": 0.9848695158958435, "aux_1.loss_seg": 1.3273885428905488, "aux_2.loss_seg": 1.9035992860794066, "aux_3.loss_ce": 1.6534087300300597, "aux_3.acc_seg": 87.78966522216797, "time": 0.5593080759048462, "iter": 1200, "memory": 2351, "step": 1200}
{"aAcc": 53.13, "mIoU": 36.49, "mAcc": 55.85, "avg_val_loss": 16.8768002045782, "data_time": 0.008940252764471647, "time": 0.0747273023101105, "step": 1200}
{"lr": 0.008799199466310867, "data_time": 0.20599329471588135, "loss": 7.140173816680909, "decode.loss_ce": 1.3946600675582885, "decode.acc_seg": 90.18233489990234, "aux_0.loss_seg": 0.9624333441257477, "aux_1.loss_seg": 1.348115235567093, "aux_2.loss_seg": 1.7958590507507324, "aux_3.loss_ce": 1.6391061782836913, "aux_3.acc_seg": 89.57311248779297, "time": 0.6177483797073364, "iter": 1300, "memory": 2351, "step": 1300}
{"aAcc": 64.17, "mIoU": 48.06, "mAcc": 65.28, "avg_val_loss": 15.626809931568236, "data_time": 0.009844582656334186, "time": 0.07638750405147157, "step": 1300}
{"lr": 0.009399599733155411, "data_time": 0.4915494203567505, "loss": 6.4408385276794435, "decode.loss_ce": 1.2219391465187073, "decode.acc_seg": 88.4888916015625, "aux_0.loss_seg": 0.8027611404657364, "aux_1.loss_seg": 1.5451441526412963, "aux_2.loss_seg": 1.476428759098053, "aux_3.loss_ce": 1.3945655703544617, "aux_3.acc_seg": 86.06422424316406, "time": 0.6733284950256347, "iter": 1400, "memory": 2351, "step": 1400}
{"aAcc": 77.02, "mIoU": 61.64,