{"lr": 0.0015943962641761188, "data_time": 0.010679030418395996, "loss": 2.7642452716827393, "decode.loss_ce": 0.4847200095653534, "decode.acc_seg": 84.54338836669922, "aux_0.loss_ce": 0.725052434206009, "aux_0.acc_seg": 82.30921936035156, "aux_1.loss_ce": 0.6025393635034562, "aux_1.acc_seg": 84.1126708984375, "aux_2.loss_ce": 0.48229162991046903, "aux_2.acc_seg": 85.54727935791016, "aux_3.loss_ce": 0.46964180171489717, "aux_3.acc_seg": 83.17877960205078, "time": 0.4933178901672363, "iter": 100, "memory": 19764, "step": 100}
{"aAcc": 54.5, "mIoU": 35.66, "mAcc": 53.67, "avg_val_loss": 4.6710558687908605, "data_time": 0.012343037960141204, "time": 0.12191084651059883, "step": 100}
{"lr": 0.002194796531020685, "data_time": 0.010216331481933594, "loss": 2.500470995903015, "decode.loss_ce": 0.424435031414032, "decode.acc_seg": 86.81161499023438, "aux_0.loss_ce": 0.647168654203415, "aux_0.acc_seg": 76.04066467285156, "aux_1.loss_ce": 0.6129814445972442, "aux_1.acc_seg": 79.6312255859375, "aux_2.loss_ce": 0.4060285657644272, "aux_2.acc_seg": 89.08733367919922, "aux_3.loss_ce": 0.40985730290412903, "aux_3.acc_seg": 88.17816925048828, "time": 0.5586896419525147, "iter": 200, "memory": 34382, "step": 200}
{"aAcc": 51.22, "mIoU": 33.0, "mAcc": 52.04, "avg_val_loss": 5.453986128519849, "data_time": 0.007512043262350148, "time": 0.08587071813386062, "step": 200}
{"lr": 0.0027951967978652476, "data_time": 0.44741799831390383, "loss": 2.42569614648819, "decode.loss_ce": 0.39356447756290436, "decode.acc_seg": 85.27850341796875, "aux_0.loss_ce": 0.6572516828775405, "aux_0.acc_seg": 76.98828125, "aux_1.loss_ce": 0.5879001885652542, "aux_1.acc_seg": 75.11177825927734, "aux_2.loss_ce": 0.4018463999032974, "aux_2.acc_seg": 87.53450012207031, "aux_3.loss_ce": 0.38513336181640623, "aux_3.acc_seg": 85.92172241210938, "time": 0.6263708353042603, "iter": 300, "memory": 2901, "step": 300}
{"aAcc": 50.84, "mIoU": 32.81, "mAcc": 51.65, "avg_val_loss": 5.307137057068984, "data_time": 0.007328567833736025, "time": 0.08935705820719402, "step": 300}
{"lr": 0.0033955970647098093, "data_time": 0.03649923801422119, "loss": 2.215350699424744, "decode.loss_ce": 0.34009288549423217, "decode.acc_seg": 88.17122650146484, "aux_0.loss_ce": 0.6354157447814941, "aux_0.acc_seg": 81.20361328125, "aux_1.loss_ce": 0.5812055110931397, "aux_1.acc_seg": 73.49472045898438, "aux_2.loss_ce": 0.32304208874702456, "aux_2.acc_seg": 89.66444396972656, "aux_3.loss_ce": 0.33559446334838866, "aux_3.acc_seg": 85.37044525146484, "time": 0.6002984523773194, "iter": 400, "memory": 2901, "step": 400}
{"aAcc": 62.91, "mIoU": 42.44, "mAcc": 59.11, "avg_val_loss": 5.193917948796212, "data_time": 0.008276799629474509, "time": 0.08881946541797156, "step": 400}
{"lr": 0.003995997331554373, "data_time": 0.2444742202758789, "loss": 2.028405451774597, "decode.loss_ce": 0.30389310121536256, "decode.acc_seg": 88.7838363647461, "aux_0.loss_ce": 0.5765278249979019, "aux_0.acc_seg": 78.5816650390625, "aux_1.loss_ce": 0.5466378331184387, "aux_1.acc_seg": 79.89966583251953, "aux_2.loss_ce": 0.3021725654602051, "aux_2.acc_seg": 88.41022491455078, "aux_3.loss_ce": 0.29917412251234055, "aux_3.acc_seg": 89.02833557128906, "time": 0.6267645120620727, "iter": 500, "memory": 2901, "step": 500}
{"aAcc": 65.18, "mIoU": 45.22, "mAcc": 61.37, "avg_val_loss": 4.976382314583711, "data_time": 0.00804605977288608, "time": 0.09066832202604447, "step": 500}
{"lr": 0.0045963975983989375, "data_time": 0.07740890979766846, "loss": 2.00979288816452, "decode.loss_ce": 0.3162259340286255, "decode.acc_seg": 90.07489013671875, "aux_0.loss_ce": 0.5629426926374436, "aux_0.acc_seg": 82.96216583251953, "aux_1.loss_ce": 0.5143373280763626, "aux_1.acc_seg": 84.0002212524414, "aux_2.loss_ce": 0.30723158121109007, "aux_2.acc_seg": 90.889892578125, "aux_3.loss_ce": 0.30905537903308866, "aux_3.acc_seg": 90.43794250488281, "time": 0.49248082637786866, "iter": 600, "memory": 2901, "step": 600}
{"aAcc": 73.76, "mIoU": 54.05, "mAcc": 67.84, "avg_val_loss": 4.7629727958166, "data_time": 0.0078972646559792, "time": 0.09171494670297908, "step": 600}
{"lr": 0.005196797865243495, "data_time": 0.3336781024932861, "loss": 2.1208008408546446, "decode.loss_ce": 0.32331066876649855, "decode.acc_seg": 84.24483489990234, "aux_0.loss_ce": 0.6016059219837189, "aux_0.acc_seg": 69.89283752441406, "aux_1.loss_ce": 0.5667596071958542, "aux_1.acc_seg": 70.19816589355469, "aux_2.loss_ce": 0.31326291561126707, "aux_2.acc_seg": 85.32516479492188, "aux_3.loss_ce": 0.31586177200078963, "aux_3.acc_seg": 85.3550033569336, "time": 0.6353025913238526, "iter": 700, "memory": 2901, "step": 700}
{"aAcc": 72.14, "mIoU": 51.98, "mAcc": 65.78, "avg_val_loss": 4.627496908774402, "data_time": 0.007393562930753861, "time": 0.0907204480006777, "step": 700}
{"lr": 0.005797198132088056, "data_time": 0.047941040992736814, "loss": 2.1225751399993897, "decode.loss_ce": 0.3084309071302414, "decode.acc_seg": 89.01728057861328, "aux_0.loss_ce": 0.6260003864765167, "aux_0.acc_seg": 77.78983306884766, "aux_1.loss_ce": 0.5677526444196701, "aux_1.acc_seg": 76.7040023803711, "aux_2.loss_ce": 0.31132625341415404, "aux_2.acc_seg": 90.48811340332031, "aux_3.loss_ce": 0.30906496196985245, "aux_3.acc_seg": 89.97222137451172, "time": 0.7162810802459717, "iter": 800, "memory": 2901, "step": 800}
{"aAcc": 73.8, "mIoU": 53.7, "mAcc": 67.67, "avg_val_loss": 4.553943211855421, "data_time": 0.007571146405976394, "time": 0.09021307134080207, "step": 800}
{"lr": 0.006397598398932616, "data_time": 0.4676419019699097, "loss": 1.9556823253631592, "decode.loss_ce": 0.2785028740763664, "decode.acc_seg": 86.48171997070312, "aux_0.loss_ce": 0.5916105479001998, "aux_0.acc_seg": 72.33010864257812, "aux_1.loss_ce": 0.5324555188417435, "aux_1.acc_seg": 73.8360595703125, "aux_2.loss_ce": 0.2761677160859108, "aux_2.acc_seg": 87.45122528076172, "aux_3.loss_ce": 0.2769456937909126, "aux_3.acc_seg": 86.804443359375, "time": 0.6720311164855957, "iter": 900, "memory": 2901, "step": 900}
{"aAcc": 73.89, "mIoU": 53.31, "mAcc": 66.95, "avg_val_loss": 4.473187328474214, "data_time": 0.007921714892332581, "time": 0.0920667018013439, "step": 900}
{"lr": 0.0069979986657771765, "data_time": 0.3469074010848999, "loss": 1.9566727042198182, "decode.loss_ce": 0.2848550647497177, "decode.acc_seg": 87.75372314453125, "aux_0.loss_ce": 0.5804475516080856, "aux_0.acc_seg": 70.39988708496094, "aux_1.loss_ce": 0.5151269167661667, "aux_1.acc_seg": 71.48027801513672, "aux_2.loss_ce": 0.2865645870566368, "aux_2.acc_seg": 88.37127685546875, "aux_3.loss_ce": 0.2896785795688629, "aux_3.acc_seg": 87.58061218261719, "time": 0.5340196371078492, "iter": 1000, "memory": 2901, "step": 1000}
{"aAcc": 63.35, "mIoU": 43.78, "mAcc": 60.18, "avg_val_loss": 4.47779481883286, "data_time": 0.006769895553588867, "time": 0.09095920913520901, "step": 1000}
