{"lr": 0.0015930867963809803, "data_time": 0.02908456325531006, "loss": 10.173535060882568, "decode.loss_ce": 1.7801827907562255, "decode.acc_seg": 12.139333724975586, "aux_0.loss_ce": 2.3447772741317747, "aux_0.acc_seg": 15.48044490814209, "aux_1.loss_ce": 2.1322924852371217, "aux_1.acc_seg": 11.561333656311035, "aux_2.loss_ce": 1.9135692596435547, "aux_2.acc_seg": 11.61644458770752, "aux_3.loss_ce": 2.00271315574646, "aux_3.acc_seg": 10.512222290039062, "time": 0.25157890319824217, "iter": 100, "memory": 17403, "step": 100}
