{"lr": 0.0050220502205022026, "data_time": 0.08287205696105956, "loss": 9.003273200988769, "decode.loss_ce": 1.6646954536437988, "decode.acc_seg": 26.49622344970703, "aux_0.loss_ce": 2.255951726436615, "aux_0.acc_seg": 30.37755584716797, "aux_1.loss_ce": 1.8157474756240846, "aux_1.acc_seg": 34.35200119018555, "aux_2.loss_ce": 1.6288063287734986, "aux_2.acc_seg": 31.630889892578125, "aux_3.loss_ce": 1.6380724906921387, "aux_3.acc_seg": 34.5433349609375, "time": 0.16386706829071046, "iter": 50, "memory": 17408, "step": 50}
{"aAcc": 53.08, "mIoU": 10.43, "mAcc": 15.55, "data_time": 0.005842869589218548, "time": 0.36584061021642383, "step": 50}
{"lr": 0.00504455044550445, "data_time": 0.0033231258392333986, "loss": 7.3958347797393795, "decode.loss_ce": 1.229405951499939, "decode.acc_seg": 62.0248908996582, "aux_0.loss_ce": 1.7490904808044434, "aux_0.acc_seg": 53.798221588134766, "aux_1.loss_ce": 1.526493489742279, "aux_1.acc_seg": 56.37466812133789, "aux_2.loss_ce": 1.4523423075675965, "aux_2.acc_seg": 56.697776794433594, "aux_3.loss_ce": 1.4385026931762694, "aux_3.acc_seg": 59.72844696044922, "time": 0.1209115982055664, "iter": 100, "memory": 901, "step": 100}
