{"lr": 0.0015943962641761188, "data_time": 0.011543893814086914, "loss": 2.213332462310791, "decode.loss_seg": 0.3716031163930893, "aux_0.loss_seg": 0.5312027364969254, "aux_1.loss_seg": 0.42596429884433745, "aux_2.loss_seg": 0.4721519947052002, "aux_3.loss_seg": 0.4124103546142578, "time": 0.5574509143829346, "iter": 100, "memory": 19644, "step": 100}
{"aAcc": 57.91, "mIoU": 40.84, "mAcc": 58.33, "avg_val_loss": 0.0, "data_time": 0.013244579004686933, "time": 0.09375236200731854, "step": 100}
{"lr": 0.002194796531020685, "data_time": 0.01002359390258789, "loss": 1.7377639651298522, "decode.loss_seg": 0.3051843672990799, "aux_0.loss_seg": 0.3942518711090088, "aux_1.loss_seg": 0.32718596756458285, "aux_2.loss_seg": 0.3671965658664703, "aux_3.loss_seg": 0.34394519627094267, "time": 0.5902044773101807, "iter": 200, "memory": 34229, "step": 200}
{"aAcc": 60.03, "mIoU": 43.58, "mAcc": 61.96, "avg_val_loss": 0.0, "data_time": 0.01462505603658742, "time": 0.06899169669754204, "step": 200}
{"lr": 0.0027951967978652476, "data_time": 0.4343801736831665, "loss": 1.765441346168518, "decode.loss_seg": 0.2953908920288086, "aux_0.loss_seg": 0.38941876888275145, "aux_1.loss_seg": 0.32979750633239746, "aux_2.loss_seg": 0.39257742166519166, "aux_3.loss_seg": 0.35825675427913667, "time": 0.5699588298797608, "iter": 300, "memory": 2804, "step": 300}
{"aAcc": 64.86, "mIoU": 47.62, "mAcc": 63.72, "avg_val_loss": 0.0, "data_time": 0.01689340602392438, "time": 0.07133578706061704, "step": 300}
{"lr": 0.0033955970647098093, "data_time": 0.39080259799957273, "loss": 1.6286794781684875, "decode.loss_seg": 0.2832073524594307, "aux_0.loss_seg": 0.34593124091625216, "aux_1.loss_seg": 0.29347014129161836, "aux_2.loss_seg": 0.3764233350753784, "aux_3.loss_seg": 0.32964741736650466, "time": 0.5573525905609131, "iter": 400, "memory": 2804, "step": 400}
{"aAcc": 77.32, "mIoU": 60.89, "mAcc": 74.09, "avg_val_loss": 0.0, "data_time": 0.023412734612651254, "time": 0.07793614508091719, "step": 400}
{"lr": 0.003995997331554373, "data_time": 0.08719844818115234, "loss": 1.5056247949600219, "decode.loss_seg": 0.24700677394866943, "aux_0.loss_seg": 0.3114953637123108, "aux_1.loss_seg": 0.2636846795678139, "aux_2.loss_seg": 0.3549764156341553, "aux_3.loss_seg": 0.3284615159034729, "time": 0.5607945680618286, "iter": 500, "memory": 2804, "step": 500}
{"aAcc": 66.73, "mIoU": 44.66, "mAcc": 60.39, "avg_val_loss": 0.0, "data_time": 0.0207597305034769, "time": 0.07518923693689807, "step": 500}
