{"lr": 0.0015943962641761188, "data_time": 0.29134364128112794, "loss": 4.657132577896118, "decode.loss_ce": 0.6386427998542785, "decode.acc_seg": 74.27922058105469, "aux_0.loss_ce": 1.624721097946167, "aux_0.acc_seg": 63.96638870239258, "aux_1.loss_ce": 1.0243256092071533, "aux_1.acc_seg": 64.9476089477539, "aux_2.loss_ce": 0.7346305072307586, "aux_2.acc_seg": 65.36399841308594, "aux_3.loss_ce": 0.6348125219345093, "aux_3.acc_seg": 74.48200225830078, "time": 0.5842072486877441, "iter": 100, "memory": 19642, "step": 100}
{"aAcc": 70.6, "mIoU": 47.49, "mAcc": 61.63, "avg_val_loss": 4.723562344211584, "data_time": 0.011916981186977652, "time": 0.1407532248386117, "step": 100}
{"lr": 0.002194796531020685, "data_time": 0.022829341888427734, "loss": 3.3619047164916993, "decode.loss_ce": 0.5063390880823135, "decode.acc_seg": 82.371337890625, "aux_0.loss_ce": 0.9454590022563935, "aux_0.acc_seg": 59.9017219543457, "aux_1.loss_ce": 0.7558196783065796, "aux_1.acc_seg": 59.8922233581543, "aux_2.loss_ce": 0.617986124753952, "aux_2.acc_seg": 72.26483154296875, "aux_3.loss_ce": 0.5363008469343186, "aux_3.acc_seg": 79.10427856445312, "time": 0.5094434738159179, "iter": 200, "memory": 34219, "step": 200}
{"aAcc": 74.94, "mIoU": 59.19, "mAcc": 74.37, "avg_val_loss": 4.18531660391399, "data_time": 0.006521701812744141, "time": 0.10233823184309335, "step": 200}
{"lr": 0.0027951967978652476, "data_time": 0.46607859134674073, "loss": 3.09230260848999, "decode.loss_ce": 0.44987570941448213, "decode.acc_seg": 81.57872009277344, "aux_0.loss_ce": 0.824749904870987, "aux_0.acc_seg": 58.752113342285156, "aux_1.loss_ce": 0.69974964261055, "aux_1.acc_seg": 56.4293327331543, "aux_2.loss_ce": 0.5860635757446289, "aux_2.acc_seg": 62.59922409057617, "aux_3.loss_ce": 0.5318637371063233, "aux_3.acc_seg": 70.24183654785156, "time": 0.6916825532913208, "iter": 300, "memory": 3346, "step": 300}
{"aAcc": 42.45, "mIoU": 26.14, "mAcc": 48.84, "avg_val_loss": 5.6435818855757836, "data_time": 0.007224820126062152, "time": 0.10266870465771906, "step": 300}
{"lr": 0.0033955970647098093, "data_time": 0.0636833906173706, "loss": 3.10044207572937, "decode.loss_ce": 0.4607545226812363, "decode.acc_seg": 80.6364974975586, "aux_0.loss_ce": 0.817636913061142, "aux_0.acc_seg": 53.58072280883789, "aux_1.loss_ce": 0.6929209351539611, "aux_1.acc_seg": 67.61138916015625, "aux_2.loss_ce": 0.6025816977024079, "aux_2.acc_seg": 70.3671646118164, "aux_3.loss_ce": 0.5265479028224945, "aux_3.acc_seg": 76.73133087158203, "time": 0.5137351512908935, "iter": 400, "memory": 3346, "step": 400}
{"aAcc": 76.26, "mIoU": 58.22, "mAcc": 71.48, "avg_val_loss": 5.206307769388134, "data_time": 0.007844738576604032, "time": 0.10368824279171297, "step": 400}
{"lr": 0.003995997331554373, "data_time": 0.3006399393081665, "loss": 2.8211042881011963, "decode.loss_ce": 0.38382096886634826, "decode.acc_seg": 87.18222045898438, "aux_0.loss_ce": 0.7812763512134552, "aux_0.acc_seg": 56.28422164916992, "aux_1.loss_ce": 0.6398038625717163, "aux_1.acc_seg": 68.66944885253906, "aux_2.loss_ce": 0.5356582939624787, "aux_2.acc_seg": 75.5992202758789, "aux_3.loss_ce": 0.4805448234081268, "aux_3.acc_seg": 84.11111450195312, "time": 0.5208571434020997, "iter": 500, "memory": 3346, "step": 500}
{"aAcc": 75.88, "mIoU": 58.47, "mAcc": 72.09, "avg_val_loss": 4.834780173796659, "data_time": 0.009223409082697726, "time": 0.10501656313052123, "step": 500}
{"lr": 0.0045963975983989375, "data_time": 0.1437476396560669, "loss": 2.8561479330062864, "decode.loss_ce": 0.39062940180301664, "decode.acc_seg": 80.28455352783203, "aux_0.loss_ce": 0.757661658525467, "aux_0.acc_seg": 63.351280212402344, "aux_1.loss_ce": 0.6510194122791291, "aux_1.acc_seg": 67.05366516113281, "aux_2.loss_ce": 0.5555906772613526, "aux_2.acc_seg": 76.17133331298828, "aux_3.loss_ce": 0.5012467265129089, "aux_3.acc_seg": 75.09388732910156, "time": 0.719514012336731, "iter": 600, "memory": 3346, "step": 600}
{"aAcc": 67.56, "mIoU": 50.18, "mAcc": 66.09, "avg_val_loss": 4.690616168822461, "data_time": 0.006788234601075622, "time": 0.10221997896830241, "step": 600}
{"lr": 0.005196797865243495, "data_time": 0.3389488935470581, "loss": 2.7008419275283813, "decode.loss_ce": 0.3395747452974319, "decode.acc_seg": 86.23139190673828, "aux_0.loss_ce": 0.7440187036991119, "aux_0.acc_seg": 69.55611419677734, "aux_1.loss_ce": 0.6173321545124054, "aux_1.acc_seg": 78.76155853271484, "aux_2.loss_ce": 0.5267187416553497, "aux_2.acc_seg": 82.38788604736328, "aux_3.loss_ce": 0.4731975018978119, "aux_3.acc_seg": 81.8933334350586, "time": 0.5581540107727051, "iter": 700, "memory": 3346, "step": 700}
{"aAcc": 74.35, "mIoU": 56.74, "mAcc": 70.63, "avg_val_loss": 4.489546024622574, "data_time": 0.008140155638771495, "time": 0.10344704266252189, "step": 700}
{"lr": 0.005797198132088056, "data_time": 0.30365910530090334, "loss": 2.678484487533569, "decode.loss_ce": 0.3248567938804626, "decode.acc_seg": 82.86516571044922, "aux_0.loss_ce": 0.7397533059120178, "aux_0.acc_seg": 59.815223693847656, "aux_1.loss_ce": 0.6202937662601471, "aux_1.acc_seg": 66.9187240600586, "aux_2.loss_ce": 0.5197468727827073, "aux_2.acc_seg": 73.67261505126953, "aux_3.loss_ce": 0.47383373975753784, "aux_3.acc_seg": 75.16039276123047, "time": 0.5253273725509644, "iter": 800, "memory": 3346, "step": 800}
{"aAcc": 73.52, "mIoU": 56.24, "mAcc": 70.45, "avg_val_loss": 4.335133398817689, "data_time": 0.007743703907933728, "time": 0.10254791413230457, "step": 800}
{"lr": 0.006397598398932616, "data_time": 0.010646176338195801, "loss": 2.7787261962890626, "decode.loss_ce": 0.36378867328166964, "decode.acc_seg": 87.10250091552734, "aux_0.loss_ce": 0.7345096349716187, "aux_0.acc_seg": 63.82505798339844, "aux_1.loss_ce": 0.6328918397426605, "aux_1.acc_seg": 75.27750396728516, "aux_2.loss_ce": 0.5560157269239425, "aux_2.acc_seg": 75.4538345336914, "aux_3.loss_ce": 0.4915203094482422, "aux_3.acc_seg": 81.4540023803711, "time": 0.6335130453109741, "iter": 900, "memory": 3346, "step": 900}
{"aAcc": 58.1, "mIoU": 40.94, "mAcc": 58.94, "avg_val_loss": 4.498422431013389, "data_time": 0.0072145955315951645, "time": 0.10148650476302223, "step": 900}
