{"lr": 0.0015930867963809803, "data_time": 0.25712249279022215, "loss": 5.548493814468384, "decode.loss_ce": 0.742490154504776, "decode.acc_seg": 69.90188598632812, "aux_0.loss_ce": 2.1444613456726076, "aux_0.acc_seg": 53.53411102294922, "aux_1.loss_ce": 1.1509991407394409, "aux_1.acc_seg": 64.63700103759766, "aux_2.loss_ce": 0.8137302935123444, "aux_2.acc_seg": 67.8211669921875, "aux_3.loss_ce": 0.6968128144741058, "aux_3.acc_seg": 70.43216705322266, "time": 0.45771021842956544, "iter": 100, "memory": 19198, "step": 100}
{"aAcc": 65.47, "mIoU": 33.75, "mAcc": 47.48, "avg_val_loss": 6.910173385042502, "data_time": 0.004766046206156413, "time": 0.0876873943540785, "step": 100}
{"lr": 0.002191123271301943, "data_time": 0.12093071937561035, "loss": 4.030524802207947, "decode.loss_ce": 0.6572728455066681, "decode.acc_seg": 66.02510833740234, "aux_0.loss_ce": 1.2576162576675416, "aux_0.acc_seg": 53.82627868652344, "aux_1.loss_ce": 0.8177676558494568, "aux_1.acc_seg": 58.680721282958984, "aux_2.loss_ce": 0.6753033757209778, "aux_2.acc_seg": 67.37489318847656, "aux_3.loss_ce": 0.622564685344696, "aux_3.acc_seg": 71.61849975585938, "time": 0.38424997329711913, "iter": 200, "memory": 2889, "step": 200}
