{"lr": 0.0015943962641761188, "data_time": 0.3987096071243286, "loss": 2.0747414588928224, "decode.loss_ce": 0.45621034502983093, "decode.acc_seg": 51.61494445800781, "aux_0.loss_ce": 0.6461850345134735, "aux_0.acc_seg": 56.6348876953125, "aux_1.loss_ce": 0.3929867625236511, "aux_1.acc_seg": 59.468223571777344, "aux_2.loss_ce": 0.3007414847612381, "aux_2.acc_seg": 58.94011306762695, "aux_3.loss_ce": 0.27861787378787994, "aux_3.acc_seg": 59.879669189453125, "time": 0.5420200109481812, "iter": 100, "memory": 19630, "step": 100}
{"aAcc": 75.47, "mIoU": 40.03, "mAcc": 72.15, "avg_val_loss": 1.166044245201724, "data_time": 0.011599138725635618, "time": 0.11345856411512507, "step": 100}
