{"lr": 0.0015943962641761188, "data_time": 0.49563872814178467, "loss": 2.918748879432678, "decode.loss_ce": 0.4861224442720413, "decode.acc_seg": 73.04761505126953, "aux_0.loss_ce": 0.6559017241001129, "aux_0.acc_seg": 68.01399993896484, "aux_1.loss_ce": 0.647615247964859, "aux_1.acc_seg": 75.14361572265625, "aux_2.loss_ce": 0.5714432775974274, "aux_2.acc_seg": 74.99500274658203, "aux_3.loss_ce": 0.5576661884784698, "aux_3.acc_seg": 72.92822265625, "time": 0.670285987854004, "iter": 100, "memory": 19743, "step": 100}
{"aAcc": 42.58, "mIoU": 27.13, "mAcc": 48.12, "avg_val_loss": 5.932544155776152, "data_time": 0.011481775793918344, "time": 0.10329473573108051, "step": 100}
{"lr": 0.002194796531020685, "data_time": 0.0551410436630249, "loss": 2.391752767562866, "decode.loss_ce": 0.38422149121761323, "decode.acc_seg": 69.15010833740234, "aux_0.loss_ce": 0.5592476963996887, "aux_0.acc_seg": 72.79133605957031, "aux_1.loss_ce": 0.528966161608696, "aux_1.acc_seg": 76.03933715820312, "aux_2.loss_ce": 0.4747700959444046, "aux_2.acc_seg": 78.97666931152344, "aux_3.loss_ce": 0.44454732835292815, "aux_3.acc_seg": 80.52611541748047, "time": 0.5155567646026611, "iter": 200, "memory": 17271, "step": 200}
{"aAcc": 40.84, "mIoU": 23.7, "mAcc": 44.71, "avg_val_loss": 7.4037483780486895, "data_time": 0.008146168171674356, "time": 0.08679617136374287, "step": 200}
{"lr": 0.0027951967978652476, "data_time": 0.009676599502563476, "loss": 2.331612992286682, "decode.loss_ce": 0.37960693836212156, "decode.acc_seg": 74.31478118896484, "aux_0.loss_ce": 0.5404793947935105, "aux_0.acc_seg": 75.91477966308594, "aux_1.loss_ce": 0.49898159205913545, "aux_1.acc_seg": 81.78744506835938, "aux_2.loss_ce": 0.4591661185026169, "aux_2.acc_seg": 82.48960876464844, "aux_3.loss_ce": 0.45337897837162017, "aux_3.acc_seg": 83.2780532836914, "time": 0.45503964424133303, "iter": 300, "memory": 2872, "step": 300}
{"aAcc": 52.6, "mIoU": 35.21, "mAcc": 54.32, "avg_val_loss": 6.50919617554191, "data_time": 0.00813393757261079, "time": 0.08851422934696593, "step": 300}
{"lr": 0.0033955970647098093, "data_time": 0.15108344554901124, "loss": 1.995742881298065, "decode.loss_ce": 0.3154133290052414, "decode.acc_seg": 79.07411193847656, "aux_0.loss_ce": 0.5199291288852692, "aux_0.acc_seg": 80.22416687011719, "aux_1.loss_ce": 0.4403494596481323, "aux_1.acc_seg": 84.2652816772461, "aux_2.loss_ce": 0.36944123208522794, "aux_2.acc_seg": 86.97350311279297, "aux_3.loss_ce": 0.35060968697071077, "aux_3.acc_seg": 87.73533630371094, "time": 0.5504327297210694, "iter": 400, "memory": 2872, "step": 400}
{"aAcc": 49.13, "mIoU": 30.9, "mAcc": 50.73, "avg_val_loss": 6.3083155067495955, "data_time": 0.007987118315422672, "time": 0.08718514716488192, "step": 400}
{"lr": 0.003995997331554373, "data_time": 0.34148740768432617, "loss": 2.032825434207916, "decode.loss_ce": 0.31462813913822174, "decode.acc_seg": 82.8665542602539, "aux_0.loss_ce": 0.5554905891418457, "aux_0.acc_seg": 80.19422149658203, "aux_1.loss_ce": 0.42977828681468966, "aux_1.acc_seg": 81.4340591430664, "aux_2.loss_ce": 0.3699941962957382, "aux_2.acc_seg": 84.98472595214844, "aux_3.loss_ce": 0.36293420791625974, "aux_3.acc_seg": 86.59288787841797, "time": 0.5201189041137695, "iter": 500, "memory": 2872, "step": 500}
{"aAcc": 69.18, "mIoU": 48.44, "mAcc": 63.92, "avg_val_loss": 5.811229209131316, "data_time": 0.007607531273502043, "time": 0.08930458145580072, "step": 500}
{"lr": 0.0045963975983989375, "data_time": 0.09431970119476318, "loss": 1.8944481134414672, "decode.loss_ce": 0.2885304316878319, "decode.acc_seg": 86.28044891357422, "aux_0.loss_ce": 0.5090836614370347, "aux_0.acc_seg": 80.36494445800781, "aux_1.loss_ce": 0.39354057908058165, "aux_1.acc_seg": 84.7826156616211, "aux_2.loss_ce": 0.3472737044095993, "aux_2.acc_seg": 89.2252197265625, "aux_3.loss_ce": 0.3560197204351425, "aux_3.acc_seg": 88.90372467041016, "time": 0.46247010231018065, "iter": 600, "memory": 2872, "step": 600}
{"aAcc": 76.08, "mIoU": 57.17, "mAcc": 70.47, "avg_val_loss": 5.421678503543196, "data_time": 0.007915535192380006, "time": 0.08770257029040106, "step": 600}
{"lr": 0.005196797865243495, "data_time": 0.13080294132232667, "loss": 1.7250568389892578, "decode.loss_ce": 0.24216091483831406, "decode.acc_seg": 82.70922088623047, "aux_0.loss_ce": 0.4714657157659531, "aux_0.acc_seg": 78.85427856445312, "aux_1.loss_ce": 0.3572666674852371, "aux_1.acc_seg": 83.46549987792969, "aux_2.loss_ce": 0.3248003274202347, "aux_2.acc_seg": 86.50238800048828, "aux_3.loss_ce": 0.3293631911277771, "aux_3.acc_seg": 85.90528106689453, "time": 0.527960228919983, "iter": 700, "memory": 2872, "step": 700}
{"aAcc": 66.4, "mIoU": 46.29, "mAcc": 62.46, "avg_val_loss": 5.264609383834633, "data_time": 0.006741948511408663, "time": 0.08762818643416481, "step": 700}
{"lr": 0.005797198132088056, "data_time": 0.17381060123443604, "loss": 1.7033205032348633, "decode.loss_ce": 0.2309851109981537, "decode.acc_seg": 78.5251693725586, "aux_0.loss_ce": 0.48641174137592313, "aux_0.acc_seg": 78.1324462890625, "aux_1.loss_ce": 0.37227989435195924, "aux_1.acc_seg": 83.43511199951172, "aux_2.loss_ce": 0.31417269706726075, "aux_2.acc_seg": 86.28160858154297, "aux_3.loss_ce": 0.2994710445404053, "aux_3.acc_seg": 87.68616485595703, "time": 0.5351978778839112, "iter": 800, "memory": 2872, "step": 800}
{"aAcc": 70.04, "mIoU": 50.17, "mAcc": 65.46, "avg_val_loss": 5.085305170433825, "data_time": 0.008225473864325162, "time": 0.08979655956399851, "step": 800}
{"lr": 0.006397598398932616, "data_time": 0.008781361579895019, "loss": 1.608687436580658, "decode.loss_ce": 0.2122297003865242, "decode.acc_seg": 85.50055694580078, "aux_0.loss_ce": 0.4285701662302017, "aux_0.acc_seg": 82.40789031982422, "aux_1.loss_ce": 0.36822570860385895, "aux_1.acc_seg": 79.6268310546875, "aux_2.loss_ce": 0.3046951249241829, "aux_2.acc_seg": 84.70794677734375, "aux_3.loss_ce": 0.29496675431728364, "aux_3.acc_seg": 86.7385025024414, "time": 0.6119285821914673, "iter": 900, "memory": 2872, "step": 900}
{"aAcc": 56.3, "mIoU": 32.78, "mAcc": 51.31, "avg_val_loss": 5.3282467847020705, "data_time": 0.006933127326526861, "time": 0.08664337519941659, "step": 900}
{"lr": 0.0069979986657771765, "data_time": 0.48454253673553466, "loss": 1.6199334502220153, "decode.loss_ce": 0.21902327686548234, "decode.acc_seg": 89.1872787475586, "aux_0.loss_ce": 0.4397620141506195, "aux_0.acc_seg": 83.67505645751953, "aux_1.loss_ce": 0.3399700462818146, "aux_1.acc_seg": 86.31016540527344, "aux_2.loss_ce": 0.31113463193178176, "aux_2.acc_seg": 88.410888671875, "aux_3.loss_ce": 0.3100434884428978, "aux_3.acc_seg": 90.14949798583984, "time": 0.6663244962692261, "iter": 1000, "memory": 2872, "step": 1000}
{"aAcc": 63.06, "mIoU": 44.43, "mAcc": 61.56, "avg_val_loss": 5.284222175416194, "data_time": 0.0058507727480482784, "time": 0.08767587837131544, "step": 1000}
{"lr": 0.0075983989326217465, "data_time": 0.17543070316314696, "loss": 1.6599170565605164, "decode.loss_ce": 0.2406792402267456, "decode.acc_seg": 86.75483703613281, "aux_0.loss_ce": 0.49058476090431213, "aux_0.acc_seg": 81.33055877685547, "aux_1.loss_ce": 0.32907386422157286, "aux_1.acc_seg": 86.70349884033203, "aux_2.loss_ce": 0.29863591194152833, "aux_2.acc_seg": 88.30872344970703, "aux_3.loss_ce": 0.30094328224658967, "aux_3.acc_seg": 87.8147201538086, "time": 0.4872437000274658, "iter": 1100, "memory": 2872, "step": 1100}
{"aAcc": 76.88, "mIoU": 56.94, "mAcc": 70.0, "avg_val_loss": 5.074491918566283, "data_time": 0.007801412165850058, "time": 0.08914808843327665, "step": 1100}
{"lr": 0.008198799199466306, "data_time": 0.5071904420852661, "loss": 1.5221623420715331, "decode.loss_ce": 0.2008882075548172, "decode.acc_seg": 78.17161560058594, "aux_0.loss_ce": 0.4352931559085846, "aux_0.acc_seg": 78.57128143310547, "aux_1.loss_ce": 0.320428928732872, "aux_1.acc_seg": 83.9711685180664, "aux_2.loss_ce": 0.28766057789325716, "aux_2.acc_seg": 83.89155578613281, "aux_3.loss_ce": 0.2778915032744408,