{"lr": 0.0015943962641761188, "data_time": 0.5724355936050415, "loss": 1.6583522081375122, "decode.loss_seg": 0.7723895668983459, "aux_0.loss_seg": 0.23704038858413695, "aux_1.loss_seg": 0.219989575445652, "aux_2.loss_seg": 0.21474820822477342, "aux_3.loss_seg": 0.21418443620204924, "time": 0.7039399147033691, "iter": 100, "memory": 19977, "step": 100}
{"aAcc": 50.67, "mIoU": 35.57, "mAcc": 55.95, "avg_val_loss": 0.0, "data_time": 0.013499451238055562, "time": 0.09271363879359046, "step": 100}
{"lr": 0.002194796531020685, "data_time": 0.009342288970947266, "loss": 1.357828176021576, "decode.loss_seg": 0.6344909489154815, "aux_0.loss_seg": 0.17849588468670846, "aux_1.loss_seg": 0.16910817697644234, "aux_2.loss_seg": 0.1910530298948288, "aux_3.loss_seg": 0.18468014150857925, "time": 0.573755145072937, "iter": 200, "memory": 34270, "step": 200}
{"aAcc": 50.45, "mIoU": 35.4, "mAcc": 54.9, "avg_val_loss": 0.0, "data_time": 0.02538310248276283, "time": 0.07731006337308335, "step": 200}
{"lr": 0.0027951967978652476, "data_time": 0.008723926544189454, "loss": 1.149655020236969, "decode.loss_seg": 0.5518872648477554, "aux_0.loss_seg": 0.14373504370450974, "aux_1.loss_seg": 0.13993588835000992, "aux_2.loss_seg": 0.15600985661149025, "aux_3.loss_seg": 0.15808696821331977, "time": 0.46682891845703123, "iter": 300, "memory": 3095, "step": 300}
{"aAcc": 52.28, "mIoU": 37.02, "mAcc": 56.62, "avg_val_loss": 0.0, "data_time": 0.027781302901520127, "time": 0.07966555672130365, "step": 300}
{"lr": 0.0033955970647098093, "data_time": 0.39520788192749023, "loss": 1.434762752056122, "decode.loss_seg": 0.6945192605257035, "aux_0.loss_seg": 0.17586214691400529, "aux_1.loss_seg": 0.17122919410467147, "aux_2.loss_seg": 0.19807043820619583, "aux_3.loss_seg": 0.1950817123055458, "time": 0.5255055665969849, "iter": 400, "memory": 3095, "step": 400}
{"aAcc": 63.3, "mIoU": 47.59, "mAcc": 64.72, "avg_val_loss": 0.0, "data_time": 0.02123617029738152, "time": 0.07316672938993607, "step": 400}
{"lr": 0.003995997331554373, "data_time": 0.2652920722961426, "loss": 1.0544741213321687, "decode.loss_seg": 0.5230019092559814, "aux_0.loss_seg": 0.12311877012252807, "aux_1.loss_seg": 0.12616587206721305, "aux_2.loss_seg": 0.13734911903738975, "aux_3.loss_seg": 0.14483846127986907, "time": 0.5650019168853759, "iter": 500, "memory": 3095, "step": 500}
{"aAcc": 56.92, "mIoU": 40.29, "mAcc": 58.7, "avg_val_loss": 0.0, "data_time": 0.027801450641675926, "time": 0.07977293277608938, "step": 500}
{"lr": 0.0045963975983989375, "data_time": 0.5099539041519165, "loss": 1.1976762652397155, "decode.loss_seg": 0.5943345546722412, "aux_0.loss_seg": 0.13737893477082253, "aux_1.loss_seg": 0.14202660024166108, "aux_2.loss_seg": 0.1583265870809555, "aux_3.loss_seg": 0.16560959741473197, "time": 0.6401855945587158, "iter": 600, "memory": 3095, "step": 600}
{"aAcc": 55.38, "mIoU": 39.18, "mAcc": 58.45, "avg_val_loss": 0.0, "data_time": 0.015758528106514066, "time": 0.06795517055467627, "step": 600}
{"lr": 0.005196797865243495, "data_time": 0.2351895570755005, "loss": 1.1791115999221802, "decode.loss_seg": 0.5753239393234253, "aux_0.loss_seg": 0.1398337312042713, "aux_1.loss_seg": 0.14312875717878343, "aux_2.loss_seg": 0.15881393030285834, "aux_3.loss_seg": 0.1620112717151642, "time": 0.6474549055099488, "iter": 700, "memory": 3095, "step": 700}
{"aAcc": 67.32, "mIoU": 50.59, "mAcc": 66.56, "avg_val_loss": 0.0, "data_time": 0.018425908581963902, "time": 0.0702882936631126, "step": 700}
{"lr": 0.005797198132088056, "data_time": 0.3115476131439209, "loss": 0.9575073897838593, "decode.loss_seg": 0.4681050658226013, "aux_0.loss_seg": 0.11051619946956634, "aux_1.loss_seg": 0.11467190980911254, "aux_2.loss_seg": 0.12887248545885086, "aux_3.loss_seg": 0.1353417344391346, "time": 0.44650132656097413, "iter": 800, "memory": 3095, "step": 800}
{"aAcc": 65.27, "mIoU": 47.61, "mAcc": 64.57, "avg_val_loss": 0.0, "data_time": 0.036607081862701764, "time": 0.0888061167179853, "step": 800}
{"lr": 0.006397598398932616, "data_time": 0.041663718223571775, "loss": 1.158841222524643, "decode.loss_seg": 0.5826964050531387, "aux_0.loss_seg": 0.13223979920148848, "aux_1.loss_seg": 0.13594042286276817, "aux_2.loss_seg": 0.1491587534546852, "aux_3.loss_seg": 0.15880586132407187, "time": 0.5560770511627198, "iter": 900, "memory": 3095, "step": 900}
{"aAcc": 62.28, "mIoU": 43.64, "mAcc": 62.52, "avg_val_loss": 0.0, "data_time": 0.01522812350042935, "time": 0.06747865128791196, "step": 900}
{"lr": 0.0069979986657771765, "data_time": 0.009910821914672852, "loss": 1.1118971705436707, "decode.loss_seg": 0.5531489551067352, "aux_0.loss_seg": 0.12764641493558884, "aux_1.loss_seg": 0.13298879340291023, "aux_2.loss_seg": 0.14540962800383567, "aux_3.loss_seg": 0.1527033731341362, "time": 0.5419210910797119, "iter": 1000, "memory": 3095, "step": 1000}
{"aAcc": 67.53, "mIoU": 47.21, "mAcc": 63.2, "avg_val_loss": 0.0, "data_time": 0.016320203912669216, "time": 0.06859868970410578, "step": 1000}
{"lr": 0.0075983989326217465, "data_time": 0.19022819995880128, "loss": 0.9315089225769043, "decode.loss_seg": 0.45978848934173583, "aux_0.loss_seg": 0.10444226861000061, "aux_1.loss_seg": 0.11011935323476792, "aux_2.loss_seg": 0.12630241960287095, "aux_3.loss_seg": 0.13085639476776123, "time": 0.5476319789886475, "iter": 1100, "memory": 3095, "step": 1100}
{"aAcc": 69.24, "mIoU": 50.81, "mAcc": 67.45, "avg_val_loss": 0.0, "data_time": 0.01015956100376173, "time": 0.062429019774513685, "step": 1100}
{"lr": 0.008198799199466306, "data_time": 0.21214280128479004, "loss": 1.0277471244335175, "decode.loss_seg": 0.5220234781503678, "aux_0.loss_seg": 0.11418886743485927, "aux_1.loss_seg": 0.12115560322999955, "aux_2.loss_seg": 0.13152581751346587, "aux_3.loss_seg": 0.13885336443781854, "time": 0.6308193206787109, "iter": 1200, "memory": 3095, "step": 1200}
{"aAcc": 60.97, "mIoU": 42.28, "mAcc": 61.93, "avg_val_loss": 0.0, "data_time": 0.011218120311868602, "time": 0.06299486379513795, "step": 1200}
{"lr": 0.008799199466310867, "data_time": 0.2437216520309448, "loss": 0.8718216717243195, "decode.loss_seg": 0.42835390418767927, "aux_0.loss_seg": 0.10198342092335225, "aux_1.loss_seg": 0.10722742564976215, "aux_2.loss_seg": 0.11396609209477901, "aux_3.loss_seg": 0.12029082141816616, "time": 0.5147635459899902, "iter": 1300, "memory": 3095, "step": 1300}
{"aAcc": 72.5, "mIoU": 54.2, "mAcc": 69.16, "avg_val_loss": 0.0, "data_time": 0.011843188055630388, "time": 0.06392473461984217, "step": 1300}
{"lr": 0.009399599733155411, "data_time": 0.38131916522979736, "loss": 0.9727965712547302, "decode.loss_seg": 0.4817889481782913, "aux_0.loss_seg": 0.10923006795346737, "aux_1.loss_seg": 0.11634269058704376, "aux_2.loss_seg": 0.12890151292085647, "aux_3.loss_seg": 0.13653334528207778, "time": 0.5766503095626831, "iter": 1400, "memory": 3095, "step": 1400}
{"aAcc": 68.79, "mIoU": 50.96, "mAcc": 67.17, "avg_val_loss": 0.0, "data_time": 0.010613085209638223, "time": 0.06249157587687174, "step": 1400}
{"lr": 0.009999999999999966, "data_time": 0.09615192413330079, "loss": 1.0315691471099853, "decode.loss_seg": 0.5064602762460708, "aux_0.loss_seg": 0.11532151326537132, "aux_1.loss_seg": 0.12451160252094269, "aux_2.loss_seg": 0.13786129504442216, "aux_3.loss_seg": 0.1474144607782364, "time": 0.614821481704712, "iter": 1500, "memory": 3095, "step": 1500}
{"aAcc": 71.76, "mIoU": 54.35, "mAcc": 70.15, "avg_val_loss": 0.0, "data_time": 0.010190766433189655, "time": 0.062085247587883606, "step": 1500}
{"lr": 0.009884680550653002, "data_time": 0.009391522407531739, "loss": 0.8830527901649475, "decode.loss_seg": 0.44342295825481415, "aux_0.loss_seg": 0.09777448624372483, "aux_1.loss_seg": 0.10586978197097778, "aux_2.loss_seg": 0.11339452862739563, "aux_3.loss_seg": 0.12259102985262871, "time": 0.63676917552948, "iter": 1600, "memory": 3095, "step": 1600}
{"aAcc": 62.74, "mIoU": 44.63, "mAcc": 62.7, "avg_val_loss": 0.0, "data_time": 0.010781726617922729, "time": 0.06275537918353903,