{"aAcc": 72.49, "mIoU": 16.19, "mAcc": 20.67, "avg_val_loss": 6.3738317792366255, "data_time": 0.005540348897595185, "time": 0.37011080298690613, "step": 100}
{"aAcc": 79.32, "mIoU": 26.56, "mAcc": 31.82, "avg_val_loss": 5.649206145164012, "data_time": 0.003979859421554121, "time": 0.35518159681153527, "step": 200}
