{"lr": 0.005496825147513394, "data_time": 0.11815359592437744, "loss": 4.32495596408844, "decode.loss_ce": 0.7967913031578064, "decode.acc_seg": 65.09172058105469, "aux_0.loss_ce": 1.0251551568508148, "aux_0.acc_seg": 59.42672348022461, "aux_1.loss_ce": 0.9050527155399323, "aux_1.acc_seg": 60.81444549560547, "aux_2.loss_ce": 0.8218794167041779, "aux_2.acc_seg": 63.32866668701172, "aux_3.loss_ce": 0.77607741355896, "aux_3.acc_seg": 65.92466735839844, "time": 0.41602230072021484, "iter": 756, "memory": 19198, "step": 756}
{"lr": 0.009106373674004149, "data_time": 0.008402729034423828, "loss": 3.1963666915893554, "decode.loss_ce": 0.5122807204723359, "decode.acc_seg": 81.21661376953125, "aux_0.loss_ce": 0.8431702435016633, "aux_0.acc_seg": 72.042724609375, "aux_1.loss_ce": 0.7147270619869233, "aux_1.acc_seg": 75.13427734375, "aux_2.loss_ce": 0.6100565731525421, "aux_2.acc_seg": 79.89666748046875, "aux_3.loss_ce": 0.5161321520805359, "aux_3.acc_seg": 81.75105285644531, "time": 0.3778675079345703, "iter": 10000, "memory": 2889, "step": 10000}
{"aAcc": 69.09, "mIoU": 40.23, "mAcc": 47.65, "avg_val_loss": 5.975987628538009, "data_time": 0.009734528009281603, "time": 0.3586451314216436, "step": 10000}
{"lr": 0.008200516139713258, "data_time": 0.15709784030914306, "loss": 3.108897829055786, "decode.loss_ce": 0.4875807583332062, "decode.acc_seg": 82.32600402832031, "aux_0.loss_ce": 0.8495985627174377, "aux_0.acc_seg": 70.12638854980469, "aux_1.loss_ce": 0.7041373014450073, "aux_1.acc_seg": 74.77972412109375, "aux_2.loss_ce": 0.5805425763130188, "aux_2.acc_seg": 78.35578155517578, "aux_3.loss_ce": 0.4870385617017746, "aux_3.acc_seg": 82.06355285644531, "time": 0.36138665676116943, "iter": 20000, "memory": 10746, "step": 20000}
{"aAcc": 71.2, "mIoU": 41.76, "mAcc": 48.95, "avg_val_loss": 5.20306680904843, "data_time": 0.00431739598855205, "time": 0.34016194836846714, "step": 20000}
{"lr": 0.007283232762750171, "data_time": 0.009360361099243163, "loss": 3.2446512460708616, "decode.loss_ce": 0.5405083179473877, "decode.acc_seg": 80.08372497558594, "aux_0.loss_ce": 0.8243847548961639, "aux_0.acc_seg": 74.37999725341797, "aux_1.loss_ce": 0.706400316953659, "aux_1.acc_seg": 75.52149963378906, "aux_2.loss_ce": 0.6273632168769836, "aux_2.acc_seg": 77.6600570678711, "aux_3.loss_ce": 0.5459946632385254, "aux_3.acc_seg": 79.9798355102539, "time": 0.4257150650024414, "iter": 30000, "memory": 2889, "step": 30000}
{"aAcc": 64.7, "mIoU": 35.14, "mAcc": 43.78, "avg_val_loss": 5.00391040745302, "data_time": 0.005328479854539893, "time": 0.34338965361145724, "step": 30000}
{"lr": 0.006352703407289149, "data_time": 0.20612282752990724, "loss": 2.989301609992981, "decode.loss_ce": 0.4510706961154938, "decode.acc_seg": 79.31622314453125, "aux_0.loss_ce": 0.8486424505710601, "aux_0.acc_seg": 68.04705810546875, "aux_1.loss_ce": 0.6779173851013184, "aux_1.acc_seg": 71.22988891601562, "aux_2.loss_ce": 0.5576908648014068, "aux_2.acc_seg": 76.09016418457031, "aux_3.loss_ce": 0.4539801925420761, "aux_3.acc_seg": 79.33161163330078, "time": 0.4092506170272827, "iter": 40000, "memory": 2889, "step": 40000}
{"aAcc": 67.67, "mIoU": 38.13, "mAcc": 46.37, "avg_val_loss": 5.281260651193167, "data_time": 0.0049838718326612455, "time": 0.35289690138279706, "step": 40000}
{"lr": 0.0054064577076796795, "data_time": 0.10403022766113282, "loss": 2.9746671438217165, "decode.loss_ce": 0.45021727681159973, "decode.acc_seg": 83.39944458007812, "aux_0.loss_ce": 0.8253654956817627, "aux_0.acc_seg": 73.81700134277344, "aux_1.loss_ce": 0.6832216918468476, "aux_1.acc_seg": 77.75360870361328, "aux_2.loss_ce": 0.5552003085613251, "aux_2.acc_seg": 82.78844451904297, "aux_3.loss_ce": 0.460662379860878, "aux_3.acc_seg": 83.4080581665039, "time": 0.41675870418548583, "iter": 50000, "memory": 2889, "step": 50000}
{"aAcc": 73.4, "mIoU": 48.18, "mAcc": 56.39, "avg_val_loss": 5.059968916435688, "data_time": 0.005582025681418934, "time": 0.3449804700654128, "step": 50000}
{"lr": 0.004440959115695473, "data_time": 0.08623266220092773, "loss": 2.9425096988677977, "decode.loss_ce": 0.4469078958034515, "decode.acc_seg": 81.75116729736328, "aux_0.loss_ce": 0.814189100265503, "aux_0.acc_seg": 61.66116714477539, "aux_1.loss_ce": 0.6744731038808822, "aux_1.acc_seg": 68.74327850341797, "aux_2.loss_ce": 0.5555408954620361, "aux_2.acc_seg": 75.29855346679688, "aux_3.loss_ce": 0.45139870047569275, "aux_3.acc_seg": 82.62344360351562, "time": 0.47827882766723634, "iter": 60000, "memory": 2889, "step": 60000}
{"aAcc": 70.51, "mIoU": 42.57, "mAcc": 50.14, "avg_val_loss": 5.210513366462543, "data_time": 0.005113620867674378, "time": 0.34651128999118147, "step": 60000}
{"lr": 0.0034507407905215665, "data_time": 0.009822964668273926, "loss": 2.902304434776306, "decode.loss_ce": 0.44220916032791135, "decode.acc_seg": 80.8098373413086, "aux_0.loss_ce": 0.8243677139282226, "aux_0.acc_seg": 65.92694854736328, "aux_1.loss_ce": 0.6551663279533386, "aux_1.acc_seg": 74.82038879394531, "aux_2.loss_ce": 0.535096886754036, "aux_2.acc_seg": 77.20205688476562, "aux_3.loss_ce": 0.44546436369419096, "aux_3.acc_seg": 80.54861450195312, "time": 0.45137982368469237, "iter": 70000, "memory": 2889, "step": 70000}
{"aAcc": 69.3, "mIoU": 39.97, "mAcc": 47.88, "avg_val_loss": 5.201520795001024, "data_time": 0.0049074107202990306, "time": 0.3408488706610669, "step": 70000}
{"lr": 0.002426262391078836, "data_time": 0.16529557704925538, "loss": 2.950504994392395, "decode.loss_ce": 0.43643285930156706, "decode.acc_seg": 77.34394836425781, "aux_0.loss_ce": 0.8388185918331146, "aux_0.acc_seg": 69.28388977050781, "aux_1.loss_ce": 0.674044394493103, "aux_1.acc_seg": 70.80516815185547, "aux_2.loss_ce": 0.5561752408742905, "aux_2.acc_seg": 73.03961181640625, "aux_3.loss_ce": 0.44503381550312043, "aux_3.acc_seg": 77.09527587890625, "time": 0.37080957889556887, "iter": 80000, "memory": 2889, "step": 80000}
{"aAcc": 67.1, "mIoU": 38.73, "mAcc": 46.78, "avg_val_loss": 5.14444295727588, "data_time": 0.006040192198479313, "time": 0.35722161435532845, "step": 80000}
{"lr": 0.0013466131488271919, "data_time": 0.008431696891784668, "loss": 2.8904584884643554, "decode.loss_ce": 0.4315346837043762, "decode.acc_seg": 87.4111099243164, "aux_0.loss_ce": 0.8139972746372223, "aux_0.acc_seg": 79.03411102294922, "aux_1.loss_ce": 0.6583081960678101, "aux_1.acc_seg": 82.77161407470703, "aux_2.loss_ce": 0.5483334720134735, "aux_2.acc_seg": 85.28717041015625, "aux_3.loss_ce": 0.4382847994565964, "aux_3.acc_seg": 87.32878112792969, "time": 0.37006044387817383, "iter": 90000, "memory": 2889, "step": 90000}
{"aAcc": 69.78, "mIoU": 40.51, "mAcc": 48.18, "avg_val_loss": 5.210064730565218, "data_time": 0.005033991802697894, "time": 0.34046394523532914, "step": 90000}
{"lr": 0.0001, "data_time": 0.011408734321594238, "loss": 2.7391778469085692, "decode.loss_ce": 0.40416194796562194, "decode.acc_seg": 88.65116882324219, "aux_0.loss_ce": 0.7807720303535461, "aux_0.acc_seg": 80.58638763427734, "aux_1.loss_ce": 0.629274582862854, "aux_1.acc_seg": 82.20510864257812, "aux_2.loss_ce": 0.514713317155838, "aux_2.acc_seg": 85.93499755859375, "aux_3.loss_ce": 0.41025598645210265, "aux_3.acc_seg": 88.09911346435547, "time": 0.3584386587142944, "iter": 100000, "memory": 2889, "step": 100000}
{"aAcc": 77.14, "mIoU": 54.55, "mAcc": 62.04, "avg_val_loss": 5.0491744315763665, "data_time": 0.0056145684472445785, "time": 0.3413643453313016, "step": 100000}
