{"lr": 0.0050220502205022026, "data_time": 0.03514096736907959, "loss": 9.560125732421875, "decode.loss_ce": 1.7536423802375793, "decode.acc_seg": 58.86111068725586, "aux_0.loss_ce": 2.159541666507721, "aux_0.acc_seg": 40.85222244262695, "aux_1.loss_ce": 1.9733057737350463, "aux_1.acc_seg": 39.92688751220703, "aux_2.loss_ce": 1.8191778659820557, "aux_2.acc_seg": 51.92599868774414, "aux_3.loss_ce": 1.8544581532478333, "aux_3.acc_seg": 44.64088821411133, "time": 0.11579008102416992, "iter": 50, "memory": 17408, "step": 50}
{"aAcc": 41.42, "mIoU": 7.66, "mAcc": 13.47, "val_loss": 0.0, "data_time": 0.006097041197356806, "time": 0.3744609332722759, "step": 50}
{"lr": 0.00504455044550445, "data_time": 0.00521235466003418, "loss": 7.245214557647705, "decode.loss_ce": 1.3759342908859253, "decode.acc_seg": 48.478668212890625, "aux_0.loss_ce": 1.660979163646698, "aux_0.acc_seg": 47.37822341918945, "aux_1.loss_ce": 1.4662790894508362, "aux_1.acc_seg": 51.2835578918457, "aux_2.loss_ce": 1.392640507221222, "aux_2.acc_seg": 51.74311065673828, "aux_3.loss_ce": 1.349381399154663, "aux_3.acc_seg": 51.041778564453125, "time": 0.1916494369506836, "iter": 100, "memory": 901, "step": 100}
