{"lr": 0.0015943962641761188, "data_time": 0.5320414304733276, "loss": 3.444997215270996, "decode.loss_ce": 0.6430290281772614, "decode.acc_seg": 70.00910949707031, "aux_0.loss_ce": 0.7690763533115387, "aux_0.acc_seg": 68.67411041259766, "aux_1.loss_ce": 0.6514610111713409, "aux_1.acc_seg": 72.65605926513672, "aux_2.loss_ce": 0.7209598004817963, "aux_2.acc_seg": 65.8461685180664, "aux_3.loss_ce": 0.6604709804058075, "aux_3.acc_seg": 67.46233367919922, "time": 0.70184485912323, "iter": 100, "memory": 19641, "step": 100}
{"aAcc": 69.13, "mIoU": 53.06, "mAcc": 69.11, "avg_val_loss": 3.9163688339336575, "data_time": 0.011392124863558038, "time": 0.11731536443843397, "step": 100}
{"lr": 0.002194796531020685, "data_time": 0.274369478225708, "loss": 3.078626871109009, "decode.loss_ce": 0.6211921572685242, "decode.acc_seg": 76.07433319091797, "aux_0.loss_ce": 0.6110951662063598, "aux_0.acc_seg": 77.6344985961914, "aux_1.loss_ce": 0.5271428525447845, "aux_1.acc_seg": 78.5002212524414, "aux_2.loss_ce": 0.6843227863311767, "aux_2.acc_seg": 69.03311157226562, "aux_3.loss_ce": 0.6348739266395569, "aux_3.acc_seg": 75.57038879394531, "time": 0.5807938575744629, "iter": 200, "memory": 34224, "step": 200}
{"aAcc": 52.77, "mIoU": 38.33, "mAcc": 56.45, "avg_val_loss": 3.9828358552696415, "data_time": 0.009675878217850608, "time": 0.0894472379794066, "step": 200}
