{"lr": 0.0015943962641761188, "data_time": 0.00969228744506836, "loss": 4.896639776229859, "decode.loss_ce": 0.616622868180275, "decode.acc_seg": 80.74144744873047, "aux_0.loss_ce": 1.7382459759712219, "aux_0.acc_seg": 65.29900360107422, "aux_1.loss_ce": 1.1122253239154816, "aux_1.acc_seg": 68.54033660888672, "aux_2.loss_ce": 0.761199688911438, "aux_2.acc_seg": 70.67561340332031, "aux_3.loss_ce": 0.6683458745479584, "aux_3.acc_seg": 72.86727905273438, "time": 0.5099384784698486, "iter": 100, "memory": 19652, "step": 100}
{"aAcc": 49.36, "mIoU": 31.44, "mAcc": 52.14, "avg_val_loss": 5.100624053450356, "data_time": 0.012132198311561761, "time": 0.13503606097642765, "step": 100}
{"lr": 0.002194796531020685, "data_time": 0.009317779541015625, "loss": 3.80122287273407, "decode.loss_ce": 0.5201292306184768, "decode.acc_seg": 82.66261291503906, "aux_0.loss_ce": 1.1291016280651092, "aux_0.acc_seg": 69.15411376953125, "aux_1.loss_ce": 0.8161567986011505, "aux_1.acc_seg": 73.86066436767578, "aux_2.loss_ce": 0.7023218810558319, "aux_2.acc_seg": 77.4022216796875, "aux_3.loss_ce": 0.633513331413269, "aux_3.acc_seg": 79.025390625, "time": 0.5444067716598511, "iter": 200, "memory": 34222, "step": 200}
{"aAcc": 50.82, "mIoU": 32.33, "mAcc": 51.25, "avg_val_loss": 4.87133338106306, "data_time": 0.007624815250265187, "time": 0.1008078942353698, "step": 200}
{"lr": 0.0027951967978652476, "data_time": 0.010671353340148926, "loss": 3.4039276838302612, "decode.loss_ce": 0.46300199031829836, "decode.acc_seg": 79.67277526855469, "aux_0.loss_ce": 0.9745173752307892, "aux_0.acc_seg": 62.900054931640625, "aux_1.loss_ce": 0.7411406993865967, "aux_1.acc_seg": 71.85794830322266, "aux_2.loss_ce": 0.6352101683616638, "aux_2.acc_seg": 73.54844665527344, "aux_3.loss_ce": 0.590057498216629, "aux_3.acc_seg": 71.3756103515625, "time": 0.4611049175262451, "iter": 300, "memory": 3353, "step": 300}
{"aAcc": 64.68, "mIoU": 44.5, "mAcc": 60.0, "avg_val_loss": 4.59746177613619, "data_time": 0.009010939762510103, "time": 0.10477614402770996, "step": 300}
