{"lr": 0.0015930867963809803, "data_time": 0.20750741958618163, "loss": 4.289206099510193, "decode.loss_ce": 0.6822394907474518, "decode.acc_seg": 78.70077514648438, "aux_0.loss_ce": 0.7913648128509522, "aux_0.acc_seg": 75.17105865478516, "aux_1.loss_ce": 0.7358974874019623, "aux_1.acc_seg": 76.37350463867188, "aux_2.loss_ce": 1.1297333896160127, "aux_2.acc_seg": 63.42672348022461, "aux_3.loss_ce": 0.9499710023403167, "aux_3.acc_seg": 70.0453872680664, "time": 0.6014161825180053, "iter": 100, "memory": 19778, "step": 100}
{"aAcc": 67.88, "mIoU": 42.59, "mAcc": 57.07, "avg_val_loss": 6.712441710875049, "data_time": 0.01178998448127924, "time": 0.13795025681340417, "step": 100}
{"lr": 0.002191123271301943, "data_time": 0.4586585283279419, "loss": 3.6578888654708863, "decode.loss_ce": 0.5616250604391098, "decode.acc_seg": 79.21688842773438, "aux_0.loss_ce": 0.6494902998209, "aux_0.acc_seg": 79.43328094482422, "aux_1.loss_ce": 0.6134601294994354, "aux_1.acc_seg": 79.2862777709961, "aux_2.loss_ce": 0.9605370461940765, "aux_2.acc_seg": 68.46672058105469, "aux_3.loss_ce": 0.8727763235569, "aux_3.acc_seg": 69.5584487915039, "time": 0.7463366508483886, "iter": 200, "memory": 34390, "step": 200}
{"aAcc": 68.91, "mIoU": 43.45, "mAcc": 58.22, "avg_val_loss": 6.513018401916961, "data_time": 0.007285150988348599, "time": 0.10336135721754754, "step": 200}
{"lr": 0.0027881034698292294, "data_time": 0.3641729593276978, "loss": 3.4927929639816284, "decode.loss_ce": 0.5268360495567321, "decode.acc_seg": 79.25477600097656, "aux_0.loss_ce": 0.5805969595909118, "aux_0.acc_seg": 79.34139251708984, "aux_1.loss_ce": 0.59370436668396, "aux_1.acc_seg": 76.8840560913086, "aux_2.loss_ce": 0.9441540539264679, "aux_2.acc_seg": 63.51283264160156, "aux_3.loss_ce": 0.8475015103816986, "aux_3.acc_seg": 66.60244750976562, "time": 0.6707157850265503, "iter": 300, "memory": 3531, "step": 300}
{"aAcc": 61.25, "mIoU": 36.0, "mAcc": 50.84, "avg_val_loss": 12.463477744345079, "data_time": 0.007962928421195897, "time": 0.10429665137981546, "step": 300}
{"lr": 0.0033840217450599877, "data_time": 0.00994858741760254, "loss": 3.070777750015259, "decode.loss_ce": 0.4646620720624924, "decode.acc_seg": 79.5818862915039, "aux_0.loss_ce": 0.5367925763130188, "aux_0.acc_seg": 76.85028076171875, "aux_1.loss_ce": 0.5365730315446854, "aux_1.acc_seg": 76.91767120361328, "aux_2.loss_ce": 0.7989184379577636, "aux_2.acc_seg": 63.59333419799805, "aux_3.loss_ce": 0.7338316470384598, "aux_3.acc_seg": 69.64905548095703, "time": 0.5793309450149536, "iter": 400, "memory": 3531, "step": 400}
{"aAcc": 68.61, "mIoU": 41.68, "mAcc": 56.73, "avg_val_loss": 11.991751465619657, "data_time": 0.03935291575289321, "time": 0.1343773945994761, "step": 400}
{"lr": 0.003978874422200742, "data_time": 0.4101929426193237, "loss": 3.2505391597747804, "decode.loss_ce": 0.4943100541830063, "decode.acc_seg": 76.90150451660156, "aux_0.loss_ce": 0.5477004557847976, "aux_0.acc_seg": 73.3562240600586, "aux_1.loss_ce": 0.5439385771751404, "aux_1.acc_seg": 74.4276123046875, "aux_2.loss_ce": 0.8820694863796235, "aux_2.acc_seg": 56.500221252441406, "aux_3.loss_ce": 0.7825205564498902, "aux_3.acc_seg": 60.89216613769531, "time": 0.7026098489761352, "iter": 500, "memory": 3531, "step": 500}
{"aAcc": 65.46, "mIoU": 38.17, "mAcc": 53.87, "avg_val_loss": 10.69339193663402, "data_time": 0.007187643270382936, "time": 0.10216607992676482, "step": 500}
{"lr": 0.004572658891684879, "data_time": 0.06624605655670165, "loss": 2.973194980621338, "decode.loss_ce": 0.4099997341632843, "decode.acc_seg": 76.68122100830078, "aux_0.loss_ce": 0.48232671022415163, "aux_0.acc_seg": 72.38700103759766, "aux_1.loss_ce": 0.47978654205799104, "aux_1.acc_seg": 69.78033447265625, "aux_2.loss_ce": 0.8359237551689148, "aux_2.acc_seg": 48.811832427978516, "aux_3.loss_ce": 0.7651582300662995, "aux_3.acc_seg": 49.70194625854492, "time": 0.5717542409896851, "iter": 600, "memory": 3531, "step": 600}
{"aAcc": 66.51, "mIoU": 44.02, "mAcc": 57.95, "avg_val_loss": 10.48680248673548, "data_time": 0.006705119692046067, "time": 0.10245848798203742, "step": 600}
{"lr": 0.005165373185965325, "data_time": 0.2699331521987915, "loss": 3.0287836313247682, "decode.loss_ce": 0.4457704037427902, "decode.acc_seg": 85.75389099121094, "aux_0.loss_ce": 0.5121777325868606, "aux_0.acc_seg": 82.74388885498047, "aux_1.loss_ce": 0.5094638288021087, "aux_1.acc_seg": 82.49639129638672, "aux_2.loss_ce": 0.8316336929798126, "aux_2.acc_seg": 69.94049835205078, "aux_3.loss_ce": 0.7297380149364472, "aux_3.acc_seg": 71.53866577148438, "time": 0.5587032318115235, "iter": 700, "memory": 3531, "step": 700}
{"aAcc": 66.0, "mIoU": 40.33, "mAcc": 55.0, "avg_val_loss": 9.70626079101262, "data_time": 0.0075474251275775076, "time": 0.1031260024542096, "step": 700}
