{"lr": 0.005201541801877408, "data_time": 0.003911852836608887, "loss": 6.553311204910278, "decode.loss_ce": 0.8749365448951721, "decode.acc_seg": 80.2386703491211, "aux_0.loss_ce": 1.5254214882850647, "aux_0.acc_seg": 69.46600341796875, "aux_1.loss_ce": 1.4402495741844177, "aux_1.acc_seg": 70.70088958740234, "aux_2.loss_ce": 1.342940902709961, "aux_2.acc_seg": 69.60089111328125, "aux_3.loss_ce": 1.369762808084488, "aux_3.acc_seg": 70.05110931396484, "time": 0.1270378828048706, "iter": 500, "memory": 17409, "step": 500}
