{"aAcc": 94.29, "mIoU": 67.45, "mAcc": 84.77, "data_time": 5.4914112439226175, "time": 5.515605052740064}