{"lr": 0.0015943962641761188, "data_time": 0.567127013206482, "loss": 6.2184428691864015, "decode.loss_ce": 3.2039142370224, "decode.acc_seg": 69.26983642578125, "aux_0.loss_ce": 3.014528584480286, "aux_0.acc_seg": 70.45466613769531, "time": 0.6543628931045532, "iter": 100, "memory": 34878, "step": 100}
{"aAcc": 58.96, "mIoU": 43.16, "mAcc": 62.15, "avg_val_loss": 9.317875968085396, "data_time": 0.015368913495263387, "time": 0.06641938797263212, "step": 100}
{"lr": 0.002194796531020685, "data_time": 0.32664127349853517, "loss": 5.507602119445801, "decode.loss_ce": 2.820351505279541, "decode.acc_seg": 74.36839294433594, "aux_0.loss_ce": 2.687250566482544, "aux_0.acc_seg": 73.07694244384766, "time": 0.46647005081176757, "iter": 200, "memory": 8599, "step": 200}
{"aAcc": 46.41, "mIoU": 28.93, "mAcc": 48.56, "avg_val_loss": 24.30617736863811, "data_time": 0.019096407397040004, "time": 0.06420796218959765, "step": 200}
{"lr": 0.0027951967978652476, "data_time": 0.25711076259613036, "loss": 4.541867327690125, "decode.loss_ce": 2.3097309112548827, "decode.acc_seg": 78.08233642578125, "aux_0.loss_ce": 2.2321364760398863, "aux_0.acc_seg": 77.79794311523438, "time": 0.46283183097839353, "iter": 300, "memory": 1184, "step": 300}
{"aAcc": 57.54, "mIoU": 42.57, "mAcc": 61.85, "avg_val_loss": 23.8786853498418, "data_time": 0.0202071502290923, "time": 0.06516586775067208, "step": 300}
{"lr": 0.0033955970647098093, "data_time": 0.40542261600494384, "loss": 4.462738656997681, "decode.loss_ce": 2.262979602813721, "decode.acc_seg": 80.36272430419922, "aux_0.loss_ce": 2.1997591495513915, "aux_0.acc_seg": 81.2842788696289, "time": 0.48710832595825193, "iter": 400, "memory": 1184, "step": 400}
{"aAcc": 74.17, "mIoU": 58.12, "mAcc": 73.69, "avg_val_loss": 19.49627696587677, "data_time": 0.019442111596293832, "time": 0.06418802546358657, "step": 400}
{"lr": 0.003995997331554373, "data_time": 0.38950748443603517, "loss": 4.302461171150208, "decode.loss_ce": 2.2161914467811585, "decode.acc_seg": 83.8626708984375, "aux_0.loss_ce": 2.086269724369049, "aux_0.acc_seg": 84.10327911376953, "time": 0.5303223609924317, "iter": 500, "memory": 1184, "step": 500}
{"aAcc": 68.06, "mIoU": 52.49, "mAcc": 69.35, "avg_val_loss": 17.149929030945426, "data_time": 0.01841659655516175, "time": 0.06395942863376661, "step": 500}
{"lr": 0.0045963975983989375, "data_time": 0.010512924194335938, "loss": 3.995660924911499, "decode.loss_ce": 2.0449156880378725, "decode.acc_seg": 82.1141128540039, "aux_0.loss_ce": 1.9507452607154847, "aux_0.acc_seg": 82.7598876953125, "time": 0.45487680435180666, "iter": 600, "memory": 1184, "step": 600}
{"aAcc": 45.74, "mIoU": 24.34, "mAcc": 44.13, "avg_val_loss": 22.418718009141454, "data_time": 0.017468940252545237, "time": 0.062124581172548494, "step": 600}
{"lr": 0.005196797865243495, "data_time": 0.41808571815490725, "loss": 4.072945237159729, "decode.loss_ce": 2.066588521003723, "decode.acc_seg": 79.00994873046875, "aux_0.loss_ce": 2.0063567399978637, "aux_0.acc_seg": 77.1852798461914, "time": 0.5066846132278442, "iter": 700, "memory": 1184, "step": 700}
{"aAcc": 77.56, "mIoU": 59.93, "mAcc": 73.0, "avg_val_loss": 20.002546830533838, "data_time": 0.012864504737415534, "time": 0.057883509274186756, "step": 700}
{"lr": 0.005797198132088056, "data_time": 0.008805108070373536, "loss": 4.6099199771881105, "decode.loss_ce": 2.3637985825538634, "decode.acc_seg": 79.35883331298828, "aux_0.loss_ce": 2.246121406555176, "aux_0.acc_seg": 82.01944732666016, "time": 0.4982826948165894, "iter": 800, "memory": 1184, "step": 800}
{"aAcc": 64.4, "mIoU": 46.07, "mAcc": 62.74, "avg_val_loss": 18.839332482663163, "data_time": 0.013049076343404836, "time": 0.05903381588815273, "step": 800}
{"lr": 0.006397598398932616, "data_time": 0.40803892612457277, "loss": 4.359251832962036, "decode.loss_ce": 2.1773386240005492, "decode.acc_seg": 77.00833129882812, "aux_0.loss_ce": 2.181913232803345, "aux_0.acc_seg": 80.15644836425781, "time": 0.4927894353866577, "iter": 900, "memory": 1184, "step": 900}
{"aAcc": 75.4, "mIoU": 59.59, "mAcc": 76.45, "avg_val_loss": 17.45562216676312, "data_time": 0.01758890590448489, "time": 0.062471129428381206, "step": 900}
{"lr": 0.0069979986657771765, "data_time": 0.4001326560974121, "loss": 3.917750906944275, "decode.loss_ce": 2.0092865467071532, "decode.acc_seg": 82.66905975341797, "aux_0.loss_ce": 1.9084643483161927, "aux_0.acc_seg": 85.02300262451172, "time": 0.48316349983215334, "iter": 1000, "memory": 1184, "step": 1000}
{"aAcc": 71.65, "mIoU": 55.95, "mAcc": 72.68, "avg_val_loss": 16.84780245782339, "data_time": 0.014913860408739111, "time": 0.06010521691420983, "step": 1000}
