{"lr": 0.005935048249219757, "data_time": 0.0037143945693969725, "loss": 6.80158748626709, "decode.loss_ce": 1.000099962949753, "decode.acc_seg": 72.63933563232422, "aux_0.loss_ce": 1.5953658938407898, "aux_0.acc_seg": 46.43111038208008, "aux_1.loss_ce": 1.4513272166252136, "aux_1.acc_seg": 52.45622253417969, "aux_2.loss_ce": 1.3475301027297975, "aux_2.acc_seg": 52.67599868774414, "aux_3.loss_ce": 1.4072641670703887, "aux_3.acc_seg": 51.3117790222168, "time": 0.13987348079681397, "iter": 2360, "memory": 17408, "step": 2360}
{"lr": 0.012579920325783582, "data_time": 0.056602072715759275, "loss": 4.897151494026184, "decode.loss_ce": 0.5099360823631287, "decode.acc_seg": 81.25089263916016, "aux_0.loss_ce": 1.4522931814193725, "aux_0.acc_seg": 66.67288970947266, "aux_1.loss_ce": 1.1349208116531373, "aux_1.acc_seg": 72.43755340576172, "aux_2.loss_ce": 0.9319270193576813, "aux_2.acc_seg": 72.68622589111328, "aux_3.loss_ce": 0.8680744111537934, "aux_3.acc_seg": 72.49600219726562, "time": 0.13825910091400145, "iter": 25000, "memory": 901, "step": 25000}
{"aAcc": 89.2, "mIoU": 61.07, "mAcc": 67.57, "val_loss": 4.096569117276626, "data_time": 0.005319797789673446, "time": 0.3521168249366927, "step": 25000}
{"lr": 0.014818238257484585, "data_time": 0.10527572631835938, "loss": 4.174488830566406, "decode.loss_ce": 0.3913105666637421, "decode.acc_seg": 89.8106689453125, "aux_0.loss_ce": 1.2847271323204041, "aux_0.acc_seg": 65.63866424560547, "aux_1.loss_ce": 0.9790226072072983, "aux_1.acc_seg": 79.876220703125, "aux_2.loss_ce": 0.7898192375898361, "aux_2.acc_seg": 83.0408935546875, "aux_3.loss_ce": 0.729609289765358, "aux_3.acc_seg": 81.28067016601562, "time": 0.18873112201690673, "iter": 50000, "memory": 33493, "step": 50000}
{"aAcc": 90.24, "mIoU": 66.84, "mAcc": 71.68, "val_loss": 3.655129957823911, "data_time": 0.0045165454299704545, "time": 0.3507289307788738, "step": 50000}
{"lr": 0.011242343634280236, "data_time": 0.06645188331604004, "loss": 4.456024920940399, "decode.loss_ce": 0.4199314221739769, "decode.acc_seg": 95.87533569335938, "aux_0.loss_ce": 1.4143487989902497, "aux_0.acc_seg": 79.32244873046875, "aux_1.loss_ce": 1.1075857132673264, "aux_1.acc_seg": 90.67911529541016, "aux_2.loss_ce": 0.8724058628082275, "aux_2.acc_seg": 90.9540023803711, "aux_3.loss_ce": 0.6417531281709671, "aux_3.acc_seg": 93.01155853271484, "time": 0.15016672611236573, "iter": 75000, "memory": 901, "step": 75000}
{"aAcc": 90.38, "mIoU": 65.87, "mAcc": 70.88, "val_loss": 3.452483894441835, "data_time": 0.004676960047008922, "time": 0.3569573794753806, "step": 75000}
{"lr": 0.0001, "data_time": 0.014969182014465333, "loss": 3.964039158821106, "decode.loss_ce": 0.3087502792477608, "decode.acc_seg": 83.40689086914062, "aux_0.loss_ce": 1.2974494993686676, "aux_0.acc_seg": 33.81911087036133, "aux_1.loss_ce": 0.9908820629119873, "aux_1.acc_seg": 34.33866882324219, "aux_2.loss_ce": 0.7523878157138825, "aux_2.acc_seg": 39.77955627441406, "aux_3.loss_ce": 0.6145694941282273, "aux_3.acc_seg": 46.58266830444336, "time": 0.18778183460235595, "iter": 100000, "memory": 901, "step": 100000}
{"aAcc": 92.36, "mIoU": 74.22, "mAcc": 78.14, "val_loss": 3.2955401154670603, "data_time": 0.005006204531030747, "time": 0.3564129628024055, "step": 100000}
{"lr": 0.0001, "data_time": 0.0535888671875, "loss": 3.4534131050109864, "decode.loss_ce": 0.24114829003810884, "decode.acc_seg": 87.0693359375, "aux_0.loss_ce": 1.2724841058254241, "aux_0.acc_seg": 62.58533477783203, "aux_1.loss_ce": 0.8817187935113907, "aux_1.acc_seg": 63.9095573425293, "aux_2.loss_ce": 0.6088458091020584, "aux_2.acc_seg": 64.54444885253906, "aux_3.loss_ce": 0.4492161124944687, "aux_3.acc_seg": 70.8326644897461, "time": 0.1465562105178833, "iter": 125000, "memory": 901, "step": 125000}
{"aAcc": 92.47, "mIoU": 74.45, "mAcc": 77.83, "val_loss": 3.2022947662694876, "data_time": 0.004578856588567345, "time": 0.35602639890411525, "step": 125000}
{"lr": 0.0001, "data_time": 0.004377961158752441, "loss": 3.194835638999939, "decode.loss_ce": 0.22641928642988204, "decode.acc_seg": 96.38688659667969, "aux_0.loss_ce": 1.1834265887737274, "aux_0.acc_seg": 74.22355651855469, "aux_1.loss_ce": 0.8043199747800827, "aux_1.acc_seg": 83.71466827392578, "aux_2.loss_ce": 0.55201336145401, "aux_2.acc_seg": 88.62066650390625, "aux_3.loss_ce": 0.4286564111709595, "aux_3.acc_seg": 94.53555297851562, "time": 0.13863446712493896, "iter": 150000, "memory": 901, "step": 150000}
{"aAcc": 92.11, "mIoU": 72.48, "mAcc": 76.6, "val_loss": 3.132757726739872, "data_time": 0.004564004615672584, "time": 0.35563303718289124, "step": 150000}
{"lr": 0.0001, "data_time": 0.032039856910705565, "loss": 3.166857647895813, "decode.loss_ce": 0.2655361607670784, "decode.acc_seg": 89.91844177246094, "aux_0.loss_ce": 1.04861940741539, "aux_0.acc_seg": 57.92399978637695, "aux_1.loss_ce": 0.7876127243041993, "aux_1.acc_seg": 73.71422576904297, "aux_2.loss_ce": 0.5856443792581558, "aux_2.acc_seg": 83.24888610839844, "aux_3.loss_ce": 0.47944498658180235, "aux_3.acc_seg": 83.75800323486328, "time": 0.11838593482971191, "iter": 175000, "memory": 901, "step": 175000}
{"aAcc": 92.21, "mIoU": 72.23, "mAcc": 75.92, "val_loss": 3.090250511636381, "data_time": 0.0049607857917119, "time": 0.35228209472397, "step": 175000}
{"lr": 0.0001, "data_time": 0.047813010215759275, "loss": 3.0380876541137694, "decode.loss_ce": 0.24130945429205894, "decode.acc_seg": 89.86666870117188, "aux_0.loss_ce": 1.1631790459156037, "aux_0.acc_seg": 38.12289047241211, "aux_1.loss_ce": 0.7212715953588485, "aux_1.acc_seg": 63.64155578613281, "aux_2.loss_ce": 0.5028089106082916, "aux_2.acc_seg": 80.05022430419922, "aux_3.loss_ce": 0.40951862633228303, "aux_3.acc_seg": 84.32067108154297, "time": 0.1360318660736084, "iter": 200000, "memory": 901, "step": 200000}
{"aAcc": 92.25, "mIoU": 73.49, "mAcc": 77.23, "val_loss": 3.0551268078197342, "data_time": 0.004719851086440596, "time": 0.35701563115258816, "step": 200000}
{"lr": 0.0001, "data_time": 0.01596839427947998, "loss": 3.15136433839798, "decode.loss_ce": 0.21854598075151443, "decode.acc_seg": 90.94511413574219, "aux_0.loss_ce": 1.2103011727333068, "aux_0.acc_seg": 65.81777954101562, "aux_1.loss_ce": 0.8054822087287903, "aux_1.acc_seg": 72.20466613769531, "aux_2.loss_ce": 0.5152373701334, "aux_2.acc_seg": 79.81999969482422, "aux_3.loss_ce": 0.4017975747585297, "aux_3.acc_seg": 80.82711029052734, "time": 0.19739410877227784, "iter": 225000, "memory": 901, "step": 225000}
{"aAcc": 92.5, "mIoU": 73.79, "mAcc": 77.23, "val_loss": 3.023940281578226, "data_time": 0.004512004481935964, "time": 0.35557752963408684, "step": 225000}
{"lr": 0.0001, "data_time": 0.02342269420623779, "loss": 3.3856499671936033, "decode.loss_ce": 0.26580598428845403, "decode.acc_seg": 88.34310913085938, "aux_0.loss_ce": 1.1885062873363494, "aux_0.acc_seg": 64.32444763183594, "aux_1.loss_ce": 0.8345199167728424, "aux_1.acc_seg": 75.64800262451172, "aux_2.loss_ce": 0.6019022017717361, "aux_2.acc_seg": 81.947998046875, "aux_3.loss_ce": 0.494915634393692, "aux_3.acc_seg": 83.11199951171875, "time": 0.1427931308746338, "iter": 250000, "memory": 901, "step": 250000}
{"aAcc": 92.31, "mIoU": 73.61, "mAcc": 77.44, "val_loss": 2.999366632805418, "data_time": 0.004695424177114246, "time": 0.35644528356570643, "step": 250000}
{"lr": 0.0001, "data_time": 0.029848718643188478, "loss": 2.995945394039154, "decode.loss_ce": 0.22789213582873344, "decode.acc_seg": 88.08222198486328, "aux_0.loss_ce": 1.0982234299182891, "aux_0.acc_seg": 44.75377655029297, "aux_1.loss_ce": 0.7404610693454743, "aux_1.acc_seg": 57.912445068359375, "aux_2.loss_ce": 0.514048308134079, "aux_2.acc_seg": 66.3908920288086, "aux_3.loss_ce": 0.41532052308321, "aux_3.acc_seg": 80.34000396728516, "time": 0.15842082500457763, "iter": 275000, "memory": 901, "step": 275000}
{"aAcc": 92.42, "mIoU": 74.09, "mAcc": 77.52, "val_loss": 2.870744021721956, "data_time": 0.007799109787616915, "time": 0.359450318280933, "step": 275000}
{"lr": 0.0001,