{"lr": 0.005353851179503843, "data_time": 0.04953789710998535, "loss": 5.386541152000428, "decode.loss_ce": 0.7874448001384735, "decode.acc_seg": 76.63044738769531, "aux_0.loss_ce": 1.3238248944282531, "aux_0.acc_seg": 55.93222427368164, "aux_1.loss_ce": 1.1566884577274323, "aux_1.acc_seg": 72.34844207763672, "aux_2.loss_ce": 1.0492491245269775, "aux_2.acc_seg": 74.89844512939453, "aux_3.loss_ce": 1.0693339586257935, "aux_3.acc_seg": 75.93511199951172, "time": 0.13191516399383546, "iter": 2360, "memory": 17408, "step": 2360}
{"lr": 0.008749862499540415, "data_time": 0.06140453815460205, "loss": 3.7310187101364134, "decode.loss_ce": 0.38162452131509783, "decode.acc_seg": 94.40511322021484, "aux_0.loss_ce": 1.1378006756305694, "aux_0.acc_seg": 79.27288818359375, "aux_1.loss_ce": 0.8795733422040939, "aux_1.acc_seg": 87.78089141845703, "aux_2.loss_ce": 0.6844341933727265, "aux_2.acc_seg": 88.59733581542969, "aux_3.loss_ce": 0.6475860118865967, "aux_3.acc_seg": 86.76222229003906, "time": 0.14553480148315429, "iter": 25000, "memory": 901, "step": 25000}
{"aAcc": 74.69, "mIoU": 47.13, "mAcc": 59.33, "avg_val_loss": 4.929225292732887, "data_time": 0.00535756422075332, "time": 0.34848036557218454, "step": 25000}
{"lr": 0.012499874999578185, "data_time": 0.01333467960357666, "loss": 3.4319772958755492, "decode.loss_ce": 0.2933555006980896, "decode.acc_seg": 84.54399871826172, "aux_0.loss_ce": 1.1692143738269807, "aux_0.acc_seg": 65.89022064208984, "aux_1.loss_ce": 0.796319979429245, "aux_1.acc_seg": 72.27444458007812, "aux_2.loss_ce": 0.6336883336305619, "aux_2.acc_seg": 75.27711486816406, "aux_3.loss_ce": 0.5393991708755493, "aux_3.acc_seg": 75.68866729736328, "time": 0.116806960105896, "iter": 50000, "memory": 34198, "step": 50000}
{"aAcc": 90.45, "mIoU": 63.18, "mAcc": 68.37, "avg_val_loss": 3.971873876619426, "data_time": 0.004464066144332145, "time": 0.3556140765403081, "step": 50000}
{"lr": 0.01624988749961745, "data_time": 0.0038321971893310546, "loss": 3.611430597305298, "decode.loss_ce": 0.3153334975242615, "decode.acc_seg": 81.0262222290039, "aux_0.loss_ce": 1.2347084045410157, "aux_0.acc_seg": 61.31733322143555, "aux_1.loss_ce": 0.9083016812801361, "aux_1.acc_seg": 66.47289276123047, "aux_2.loss_ce": 0.634386557340622, "aux_2.acc_seg": 69.31355285644531, "aux_3.loss_ce": 0.5187004923820495, "aux_3.acc_seg": 73.57022094726562, "time": 0.12632274627685547, "iter": 75000, "memory": 901, "step": 75000}
{"aAcc": 88.81, "mIoU": 58.53, "mAcc": 65.3, "avg_val_loss": 3.717298846985272, "data_time": 0.004808979127013568, "time": 0.35820815459038446, "step": 75000}
{"lr": 0.01999989999965825, "data_time": 0.01797020435333252, "loss": 4.669081234931946, "decode.loss_ce": 0.5237771093845367, "decode.acc_seg": 66.09178161621094, "aux_0.loss_ce": 1.4888538122177124, "aux_0.acc_seg": 20.51911163330078, "aux_1.loss_ce": 1.0589712977409362, "aux_1.acc_seg": 33.7140007019043, "aux_2.loss_ce": 0.8362135648727417, "aux_2.acc_seg": 48.236000061035156, "aux_3.loss_ce": 0.7612654387950897, "aux_3.acc_seg": 56.66666793823242, "time": 0.17375638484954833, "iter": 100000, "memory": 901, "step": 100000}
{"aAcc": 90.8, "mIoU": 64.98, "mAcc": 70.05, "avg_val_loss": 3.582986686615802, "data_time": 0.004443899520392557, "time": 0.3558266666329023, "step": 100000}
{"lr": 0.02374991249970059, "data_time": 0.03408408164978027, "loss": 3.504104971885681, "decode.loss_ce": 0.344731941819191, "decode.acc_seg": 88.66488647460938, "aux_0.loss_ce": 1.103272831439972, "aux_0.acc_seg": 69.64266967773438, "aux_1.loss_ce": 0.8542481899261475, "aux_1.acc_seg": 70.07755279541016, "aux_2.loss_ce": 0.6437825441360474, "aux_2.acc_seg": 71.67622375488281, "aux_3.loss_ce": 0.5580695003271103, "aux_3.acc_seg": 69.98755645751953, "time": 0.18220882415771483, "iter": 125000, "memory": 901, "step": 125000}
{"aAcc": 90.05, "mIoU": 63.46, "mAcc": 71.64, "avg_val_loss": 3.4944201923153577, "data_time": 0.0045982552963553126, "time": 0.3491594253234493, "step": 125000}
{"lr": 0.02749992499974441, "data_time": 0.003775334358215332, "loss": 3.293517303466797, "decode.loss_ce": 0.28546462431550024, "decode.acc_seg": 88.12689208984375, "aux_0.loss_ce": 1.0863413870334626, "aux_0.acc_seg": 69.2017822265625, "aux_1.loss_ce": 0.8084404766559601, "aux_1.acc_seg": 72.00755310058594, "aux_2.loss_ce": 0.59936443567276, "aux_2.acc_seg": 76.53755950927734, "aux_3.loss_ce": 0.5139064162969589, "aux_3.acc_seg": 78.71089172363281, "time": 0.1344386577606201, "iter": 150000, "memory": 901, "step": 150000}
{"aAcc": 90.0, "mIoU": 61.34, "mAcc": 66.96, "avg_val_loss": 3.4182285627594484, "data_time": 0.004469175361892552, "time": 0.35335558479272045, "step": 150000}
{"lr": 0.03124993749978735, "data_time": 0.0044620752334594725, "loss": 4.051831436157227, "decode.loss_ce": 0.3856338456273079, "decode.acc_seg": 78.58355712890625, "aux_0.loss_ce": 1.3092749834060669, "aux_0.acc_seg": 45.15333557128906, "aux_1.loss_ce": 0.9594362258911133, "aux_1.acc_seg": 50.3291130065918, "aux_2.loss_ce": 0.7539699912071228, "aux_2.acc_seg": 63.60911178588867, "aux_3.loss_ce": 0.6435163736343383, "aux_3.acc_seg": 72.11066436767578, "time": 0.11306328773498535, "iter": 175000, "memory": 901, "step": 175000}
{"aAcc": 88.91, "mIoU": 58.08, "mAcc": 70.79, "avg_val_loss": 3.3575535582526626, "data_time": 0.004637515660628532, "time": 0.35479263194556376, "step": 175000}
{"lr": 0.034999949999831324, "data_time": 0.009486675262451172, "loss": 4.220738458633423, "decode.loss_ce": 0.43733266890048983, "decode.acc_seg": 95.02733612060547, "aux_0.loss_ce": 1.3244018137454987, "aux_0.acc_seg": 76.3848876953125, "aux_1.loss_ce": 0.9999015688896179, "aux_1.acc_seg": 82.29955291748047, "aux_2.loss_ce": 0.7679513484239578, "aux_2.acc_seg": 85.11800384521484, "aux_3.loss_ce": 0.691151139140129, "aux_3.acc_seg": 85.45733642578125, "time": 0.137968111038208, "iter": 200000, "memory": 901, "step": 200000}
{"aAcc": 89.55, "mIoU": 62.53, "mAcc": 68.45, "avg_val_loss": 3.363889488318411, "data_time": 0.004821203866051239, "time": 0.34530924709097854, "step": 200000}
{"lr": 0.03874996249988058, "data_time": 0.07558493614196778, "loss": 4.710463547706604, "decode.loss_ce": 0.4945338129997253, "decode.acc_seg": 73.4800033569336, "aux_0.loss_ce": 1.3659591138362885, "aux_0.acc_seg": 41.46800231933594, "aux_1.loss_ce": 1.1213834285736084, "aux_1.acc_seg": 47.839778900146484, "aux_2.loss_ce": 0.9086970329284668, "aux_2.acc_seg": 62.10133361816406, "aux_3.loss_ce": 0.8198901534080505, "aux_3.acc_seg": 65.11866760253906, "time": 0.16386430263519286, "iter": 225000, "memory": 901, "step": 225000}
{"aAcc": 87.36, "mIoU": 55.5, "mAcc": 66.81, "avg_val_loss": 3.4069379384467213, "data_time": 0.004462394320849076, "time": 0.3561639392260209, "step": 225000}
{"lr": 0.04249997499993454, "data_time": 0.016700220108032227, "loss": 4.831057333946228, "decode.loss_ce": 0.44936867505311967, "decode.acc_seg": 88.60688781738281, "aux_0.loss_ce": 1.4000466346740723, "aux_0.acc_seg": 74.05599975585938, "aux_1.loss_ce": 1.159116405248642, "aux_1.acc_seg": 74.44466400146484, "aux_2.loss_ce": 0.9519898414611816, "aux_2.acc_seg": 78.17066955566406, "aux_3.loss_ce": 0.8705357939004899, "aux_3.acc_seg": 68.73133087158203, "time": 0.1819373846054077, "iter": 250000, "memory": 901, "step": 250000}
{"aAcc": 91.12, "mIoU": 69.04, "mAcc": 73.81, "avg_val_loss": 3.4141758721748348, "data_time": 0.004558355484193969, "time": 0.35639192525622915, "step": 250000}
{"lr": 0.046249987499992325, "data_time": 0.004235982894897461, "loss": 4.686226105690002, "decode.loss_ce": 0.44672729521989823, "decode.acc_seg": 82.47044372558594, "aux_0.loss_ce": 1.3973652243614196, "aux_0.acc_seg": 59.31355667114258, "aux_1.loss_ce": 1.0891274094581604, "aux_1.acc_seg": 64.03755950927734, "aux_2.loss_ce": 0.9003370046615601, "aux_2.acc_seg": 65.59822082519531, "aux_3.loss_ce": 0.8526691138744354, "aux_3.acc_seg": 65.20822143554688, "time": 0.1508941888809204, "iter": 275000, "memory": 901, "step": 275000}
{"aAcc": 87.82,