{"lr": 0.0015943962641761188, "data_time": 0.3203899383544922, "loss": 4.397307181358338, "decode.loss_ce": 0.6136629104614257, "decode.acc_seg": 74.51611328125, "aux_0.loss_ce": 1.5108457922935485, "aux_0.acc_seg": 64.06610870361328, "aux_1.loss_ce": 0.9658495247364044, "aux_1.acc_seg": 64.4171142578125, "aux_2.loss_ce": 0.6924660384654999, "aux_2.acc_seg": 74.81183624267578, "aux_3.loss_ce": 0.614482969045639, "aux_3.acc_seg": 77.25811004638672, "time": 0.538288950920105, "iter": 100, "memory": 19642, "step": 100}
{"aAcc": 64.53, "mIoU": 48.72, "mAcc": 65.62, "avg_val_loss": 4.90383419655917, "data_time": 0.011696929155394088, "time": 0.1390282442403394, "step": 100}
{"lr": 0.002194796531020685, "data_time": 0.17661101818084718, "loss": 3.432068657875061, "decode.loss_ce": 0.507287648320198, "decode.acc_seg": 70.58161163330078, "aux_0.loss_ce": 0.9701111555099488, "aux_0.acc_seg": 60.9913330078125, "aux_1.loss_ce": 0.7873328924179077, "aux_1.acc_seg": 61.20222473144531, "aux_2.loss_ce": 0.6127257108688354, "aux_2.acc_seg": 69.66427612304688, "aux_3.loss_ce": 0.5546112507581711, "aux_3.acc_seg": 68.21922302246094, "time": 0.5713543891906738, "iter": 200, "memory": 34220, "step": 200}
{"aAcc": 48.62, "mIoU": 34.19, "mAcc": 55.06, "avg_val_loss": 4.961961022594519, "data_time": 0.007959680995721927, "time": 0.10279619008645244, "step": 200}
{"lr": 0.0027951967978652476, "data_time": 0.4123910665512085, "loss": 3.2680598497390747, "decode.loss_ce": 0.5016888439655304, "decode.acc_seg": 79.83100128173828, "aux_0.loss_ce": 0.8518429934978485, "aux_0.acc_seg": 69.99244689941406, "aux_1.loss_ce": 0.713841688632965, "aux_1.acc_seg": 72.39083099365234, "aux_2.loss_ce": 0.6154711842536926, "aux_2.acc_seg": 74.9368896484375, "aux_3.loss_ce": 0.5852151811122894, "aux_3.acc_seg": 77.07661437988281, "time": 0.6285175085067749, "iter": 300, "memory": 3345, "step": 300}
{"aAcc": 71.9, "mIoU": 55.42, "mAcc": 70.64, "avg_val_loss": 4.602882790983769, "data_time": 0.008743760229527265, "time": 0.10319323923395968, "step": 300}
{"lr": 0.0033955970647098093, "data_time": 0.3664176225662231, "loss": 2.93039870262146, "decode.loss_ce": 0.41382146775722506, "decode.acc_seg": 82.94161224365234, "aux_0.loss_ce": 0.780643767118454, "aux_0.acc_seg": 76.90733337402344, "aux_1.loss_ce": 0.6716354310512542, "aux_1.acc_seg": 67.22350311279297, "aux_2.loss_ce": 0.5637985944747925, "aux_2.acc_seg": 73.26577758789062, "aux_3.loss_ce": 0.500499501824379, "aux_3.acc_seg": 80.14772033691406, "time": 0.5902979850769043, "iter": 400, "memory": 3345, "step": 400}
{"aAcc": 53.24, "mIoU": 36.78, "mAcc": 56.09, "avg_val_loss": 4.6083083450358515, "data_time": 0.008086708770401177, "time": 0.10366303893341415, "step": 400}
{"lr": 0.003995997331554373, "data_time": 0.3200610876083374, "loss": 2.96908917427063, "decode.loss_ce": 0.40684043169021605, "decode.acc_seg": 84.06417083740234, "aux_0.loss_ce": 0.7677709341049195, "aux_0.acc_seg": 70.7032241821289, "aux_1.loss_ce": 0.670048612356186, "aux_1.acc_seg": 71.24722290039062, "aux_2.loss_ce": 0.5870448619127273, "aux_2.acc_seg": 78.36238861083984, "aux_3.loss_ce": 0.5373843669891357, "aux_3.acc_seg": 80.23405456542969, "time": 0.6832483768463135, "iter": 500, "memory": 3345, "step": 500}
{"aAcc": 45.36, "mIoU": 29.55, "mAcc": 50.93, "avg_val_loss": 4.91334316592816, "data_time": 0.007230640827924356, "time": 0.10188790025382206, "step": 500}
{"lr": 0.0045963975983989375, "data_time": 0.2210937261581421, "loss": 2.726571798324585, "decode.loss_ce": 0.360882431268692, "decode.acc_seg": 87.1082763671875, "aux_0.loss_ce": 0.7472029685974121, "aux_0.acc_seg": 67.23049926757812, "aux_1.loss_ce": 0.6091723561286926, "aux_1.acc_seg": 72.59117126464844, "aux_2.loss_ce": 0.5277349859476089, "aux_2.acc_seg": 77.63616943359375, "aux_3.loss_ce": 0.48157904744148256, "aux_3.acc_seg": 83.10478210449219, "time": 0.5532546043395996, "iter": 600, "memory": 3345, "step": 600}
{"aAcc": 68.43, "mIoU": 51.64, "mAcc": 67.67, "avg_val_loss": 4.692155661754906, "data_time": 0.008214509350129929, "time": 0.10292823835351002, "step": 600}
{"lr": 0.005196797865243495, "data_time": 0.2261570930480957, "loss": 2.6285588264465334, "decode.loss_ce": 0.34400825798511503, "decode.acc_seg": 85.08255767822266, "aux_0.loss_ce": 0.7154276430606842, "aux_0.acc_seg": 62.28766632080078, "aux_1.loss_ce": 0.5864528924226761, "aux_1.acc_seg": 72.21416473388672, "aux_2.loss_ce": 0.5122883975505829, "aux_2.acc_seg": 74.81783294677734, "aux_3.loss_ce": 0.47038160264492035, "aux_3.acc_seg": 77.4892807006836, "time": 0.5437992811203003, "iter": 700, "memory": 3345, "step": 700}
{"aAcc": 53.51, "mIoU": 36.52, "mAcc": 55.6, "avg_val_loss": 4.781042545498563, "data_time": 0.008505741755167643, "time": 0.10397381618105132, "step": 700}
{"lr": 0.005797198132088056, "data_time": 0.33738977909088136, "loss": 2.7969316959381105, "decode.loss_ce": 0.3752195030450821, "decode.acc_seg": 89.61988830566406, "aux_0.loss_ce": 0.7338119804859161, "aux_0.acc_seg": 77.1574478149414, "aux_1.loss_ce": 0.6146821320056916, "aux_1.acc_seg": 81.33033752441406, "aux_2.loss_ce": 0.5611071437597275, "aux_2.acc_seg": 84.39155578613281, "aux_3.loss_ce": 0.5121109306812286, "aux_3.acc_seg": 85.9886703491211, "time": 0.558845829963684, "iter": 800, "memory": 3345, "step": 800}
{"aAcc": 61.91, "mIoU": 45.4, "mAcc": 63.11, "avg_val_loss": 4.7101881116606865, "data_time": 0.008233001862449208, "time": 0.10273912035185716, "step": 800}
{"lr": 0.006397598398932616, "data_time": 0.23935837745666505, "loss": 2.4989808320999147, "decode.loss_ce": 0.29061405062675477, "decode.acc_seg": 88.41661071777344, "aux_0.loss_ce": 0.7068910300731659, "aux_0.acc_seg": 62.21889114379883, "aux_1.loss_ce": 0.5771137535572052, "aux_1.acc_seg": 80.2135009765625, "aux_2.loss_ce": 0.4947949081659317, "aux_2.acc_seg": 80.70133209228516, "aux_3.loss_ce": 0.42956710457801817, "aux_3.acc_seg": 81.75927734375, "time": 0.5458873033523559, "iter": 900, "memory": 3345, "step": 900}
{"aAcc": 73.82, "mIoU": 57.28, "mAcc": 71.9, "avg_val_loss": 4.5554444540759205, "data_time": 0.008197000657004872, "time": 0.102076374251267, "step": 900}
{"lr": 0.0069979986657771765, "data_time": 0.3264976739883423, "loss": 2.5942234992980957, "decode.loss_ce": 0.3289041116833687, "decode.acc_seg": 89.55933380126953, "aux_0.loss_ce": 0.7294623017311096, "aux_0.acc_seg": 62.88633346557617, "aux_1.loss_ce": 0.5893881738185882, "aux_1.acc_seg": 75.12983703613281, "aux_2.loss_ce": 0.49723338186740873, "aux_2.acc_seg": 81.69783782958984, "aux_3.loss_ce": 0.4492355227470398, "aux_3.acc_seg": 85.89077758789062, "time": 0.6348013401031494, "iter": 1000, "memory": 3345, "step": 1000}
{"aAcc": 45.33, "mIoU": 29.32, "mAcc": 51.38, "avg_val_loss": 5.05012996851178, "data_time": 0.006797039645841752, "time": 0.10050373241819184, "step": 1000}
