{"lr": 0.0015943962641761188, "data_time": 0.33075380325317383, "loss": 2.2582013964653016, "decode.loss_seg": 0.3955563336610794, "aux_0.loss_seg": 0.5574450612068176, "aux_1.loss_seg": 0.47401624619960786, "aux_2.loss_seg": 0.46835196316242217, "aux_3.loss_seg": 0.36283181309700013, "time": 0.5177850246429443, "iter": 100, "memory": 20738, "step": 100}
