{"lr": 0.0050220502205022026, "data_time": 0.03266992568969727, "loss": 10.63467378616333, "decode.loss_ce": 1.9289117574691772, "decode.acc_seg": 49.0815544128418, "aux_0.loss_ce": 2.5023050546646117, "aux_0.acc_seg": 54.9357795715332, "aux_1.loss_ce": 2.020129072666168, "aux_1.acc_seg": 50.597999572753906, "aux_2.loss_ce": 1.9361859679222106, "aux_2.acc_seg": 47.470890045166016, "aux_3.loss_ce": 2.247141969203949, "aux_3.acc_seg": 51.38222122192383, "time": 0.09371323585510254, "iter": 50, "memory": 17409, "step": 50}
