{"lr": 0.0015930867963809803, "data_time": 0.2714038610458374, "loss": 3.365160369873047, "decode.loss_ce": 0.40334354639053344, "decode.acc_seg": 87.11944580078125, "aux_0.loss_ce": 1.423792016506195, "aux_0.acc_seg": 81.04800415039062, "aux_1.loss_ce": 0.7222226619720459, "aux_1.acc_seg": 83.62894439697266, "aux_2.loss_ce": 0.4344173014163971, "aux_2.acc_seg": 88.42205810546875, "aux_3.loss_ce": 0.3813848376274109, "aux_3.acc_seg": 88.4885025024414, "time": 0.5798020839691163, "iter": 100, "memory": 19652, "step": 100}
