{"lr": 0.0015930867963809803, "data_time": 0.2559072971343994, "loss": 5.879956531524658, "decode.loss_ce": 0.7787359237670899, "decode.acc_seg": 72.16072082519531, "aux_0.loss_ce": 1.8861333966255187, "aux_0.acc_seg": 60.46466827392578, "aux_1.loss_ce": 1.3119552373886108, "aux_1.acc_seg": 65.55722045898438, "aux_2.loss_ce": 0.9919508755207062, "aux_2.acc_seg": 66.9193344116211, "aux_3.loss_ce": 0.9111810386180877, "aux_3.acc_seg": 63.85361099243164, "time": 0.5950249671936035, "iter": 100, "memory": 19652, "step": 100}
{"aAcc": 59.23, "mIoU": 34.2, "mAcc": 50.08, "avg_val_loss": 5.951951457045928, "data_time": 0.012575457262438397, "time": 0.13542568406393363, "step": 100}
{"lr": 0.002191123271301943, "data_time": 0.24999079704284669, "loss": 4.340181565284729, "decode.loss_ce": 0.5861652821302414, "decode.acc_seg": 77.64099884033203, "aux_0.loss_ce": 1.24168518781662, "aux_0.acc_seg": 62.46705627441406, "aux_1.loss_ce": 0.932725441455841, "aux_1.acc_seg": 70.21011352539062, "aux_2.loss_ce": 0.8135786950588226, "aux_2.acc_seg": 72.7138900756836, "aux_3.loss_ce": 0.7660270154476165, "aux_3.acc_seg": 73.5243911743164, "time": 0.4715732097625732, "iter": 200, "memory": 34221, "step": 200}
{"aAcc": 67.27, "mIoU": 41.61, "mAcc": 56.38, "avg_val_loss": 5.612074556232196, "data_time": 0.00842386552657204, "time": 0.10120699323456862, "step": 200}
{"lr": 0.0027881034698292294, "data_time": 0.29625866413116453, "loss": 3.8668390274047852, "decode.loss_ce": 0.52425137758255, "decode.acc_seg": 84.29105377197266, "aux_0.loss_ce": 1.0328079402446746, "aux_0.acc_seg": 73.93460845947266, "aux_1.loss_ce": 0.8563584327697754, "aux_1.acc_seg": 78.59588623046875, "aux_2.loss_ce": 0.7426636815071106, "aux_2.acc_seg": 80.44288635253906, "aux_3.loss_ce": 0.710757577419281, "aux_3.acc_seg": 77.9798355102539, "time": 0.5189895153045654, "iter": 300, "memory": 3353, "step": 300}
{"aAcc": 65.91, "mIoU": 41.15, "mAcc": 56.5, "avg_val_loss": 5.407146502366075, "data_time": 0.006574208709015243, "time": 0.10239319965757172, "step": 300}
{"lr": 0.0033840217450599877, "data_time": 0.2290480136871338, "loss": 3.819531869888306, "decode.loss_ce": 0.5421493649482727, "decode.acc_seg": 77.57489013671875, "aux_0.loss_ce": 0.9887540400028229, "aux_0.acc_seg": 67.9437255859375, "aux_1.loss_ce": 0.846901935338974, "aux_1.acc_seg": 69.28622436523438, "aux_2.loss_ce": 0.7331947028636933, "aux_2.acc_seg": 70.2762222290039, "aux_3.loss_ce": 0.7085318088531494, "aux_3.acc_seg": 70.37178039550781, "time": 0.4496497631072998, "iter": 400, "memory": 3353, "step": 400}
{"aAcc": 66.61, "mIoU": 42.19, "mAcc": 56.85, "avg_val_loss": 5.329190097879945, "data_time": 0.0067988401171804845, "time": 0.10360588424507229, "step": 400}
{"lr": 0.003978874422200742, "data_time": 0.047897934913635254, "loss": 3.68224720954895, "decode.loss_ce": 0.4810441583395004, "decode.acc_seg": 81.28583526611328, "aux_0.loss_ce": 0.9726165890693664, "aux_0.acc_seg": 59.931556701660156, "aux_1.loss_ce": 0.8151489734649658, "aux_1.acc_seg": 65.06688690185547, "aux_2.loss_ce": 0.7333905875682831, "aux_2.acc_seg": 67.27261352539062, "aux_3.loss_ce": 0.6800468564033508, "aux_3.acc_seg": 70.27094268798828, "time": 0.5577605962753296, "iter": 500, "memory": 3353, "step": 500}
{"aAcc": 66.37, "mIoU": 43.96, "mAcc": 57.84, "avg_val_loss": 5.144190521930393, "data_time": 0.00708975189033596, "time": 0.10406055121586241, "step": 500}
{"lr": 0.004572658891684879, "data_time": 0.011948776245117188, "loss": 3.4072174787521363, "decode.loss_ce": 0.4247547030448914, "decode.acc_seg": 84.37650299072266, "aux_0.loss_ce": 0.8929478704929352, "aux_0.acc_seg": 74.40172576904297, "aux_1.loss_ce": 0.7630801200866699, "aux_1.acc_seg": 72.86233520507812, "aux_2.loss_ce": 0.6772046327590943, "aux_2.acc_seg": 74.32855987548828, "aux_3.loss_ce": 0.6492301434278488, "aux_3.acc_seg": 76.38433074951172, "time": 0.5346925497055054, "iter": 600, "memory": 3353, "step": 600}
{"aAcc": 64.09, "mIoU": 41.74, "mAcc": 55.97, "avg_val_loss": 5.143109677914988, "data_time": 0.007588249513472633, "time": 0.10405974826593509, "step": 600}
{"lr": 0.005165373185965325, "data_time": 0.007811617851257324, "loss": 3.3710243463516236, "decode.loss_ce": 0.41877554059028627, "decode.acc_seg": 84.83783721923828, "aux_0.loss_ce": 0.8790720343589783, "aux_0.acc_seg": 68.77294158935547, "aux_1.loss_ce": 0.7468757331371307, "aux_1.acc_seg": 71.45600128173828, "aux_2.loss_ce": 0.6790097475051879, "aux_2.acc_seg": 72.14744567871094, "aux_3.loss_ce": 0.6472912907600403, "aux_3.acc_seg": 73.54988861083984, "time": 0.5784226655960083, "iter": 700, "memory": 3353, "step": 700}
{"aAcc": 67.31, "mIoU": 41.78, "mAcc": 56.52, "avg_val_loss": 5.231751417692941, "data_time": 0.007464699361516142, "time": 0.10302806722706762, "step": 700}
{"lr": 0.005757015754784225, "data_time": 0.009935283660888672, "loss": 3.6457669734954834, "decode.loss_ce": 0.4562099874019623, "decode.acc_seg": 78.8743896484375, "aux_0.loss_ce": 0.9289585947990417, "aux_0.acc_seg": 71.2776107788086, "aux_1.loss_ce": 0.8085599780082703, "aux_1.acc_seg": 66.2679443359375, "aux_2.loss_ce": 0.7396056592464447, "aux_2.acc_seg": 68.68328094482422, "aux_3.loss_ce": 0.7124327301979065, "aux_3.acc_seg": 71.38616943359375, "time": 0.5588655948638916, "iter": 800, "memory": 3353, "step": 800}
{"aAcc": 65.3, "mIoU": 40.53, "mAcc": 56.11, "avg_val_loss": 5.30069124449197, "data_time": 0.006460376169489718, "time": 0.10279875514151036, "step": 800}
{"lr": 0.006347585334568276, "data_time": 0.26799969673156737, "loss": 3.3245173692703247, "decode.loss_ce": 0.42932308614254, "decode.acc_seg": 79.64544677734375, "aux_0.loss_ce": 0.844516110420227, "aux_0.acc_seg": 62.9814453125, "aux_1.loss_ce": 0.7416009783744812, "aux_1.acc_seg": 64.44183349609375, "aux_2.loss_ce": 0.6672172963619232, "aux_2.acc_seg": 69.69366455078125, "aux_3.loss_ce": 0.6418599247932434, "aux_3.acc_seg": 71.34566497802734, "time": 0.5531226396560669, "iter": 900, "memory": 3353, "step": 900}
{"aAcc": 65.38, "mIoU": 39.57, "mAcc": 55.06, "avg_val_loss": 5.662231884572396, "data_time": 0.007283147724195458, "time": 0.10372397817414382, "step": 900}
{"lr": 0.0069370808672639134, "data_time": 0.29400882720947263, "loss": 3.551601028442383, "decode.loss_ce": 0.42319208681583403, "decode.acc_seg": 78.61205291748047, "aux_0.loss_ce": 0.932675713300705, "aux_0.acc_seg": 47.734832763671875, "aux_1.loss_ce": 0.8072020828723907, "aux_1.acc_seg": 53.78883361816406, "aux_2.loss_ce": 0.7225882530212402, "aux_2.acc_seg": 57.59205627441406, "aux_3.loss_ce": 0.6659428596496582, "aux_3.acc_seg": 65.60833740234375, "time": 0.540506100654602, "iter": 1000, "memory": 3353, "step": 1000}
{"aAcc": 67.03, "mIoU": 44.88, "mAcc": 59.04, "avg_val_loss": 5.541770061667552, "data_time": 0.007034427818210645, "time": 0.10297083854675293, "step": 1000}
{"lr": 0.007525501447207789, "data_time": 0.00899662971496582, "loss": 3.3891519784927366, "decode.loss_ce": 0.39352964162826537, "decode.acc_seg": 86.78400421142578, "aux_0.loss_ce": 0.8814369738101959, "aux_0.acc_seg": 67.1796646118164, "aux_1.loss_ce": 0.7688421428203582, "aux_1.acc_seg": 69.6627197265625, "aux_2.loss_ce": 0.6857317686080933, "aux_2.acc_seg": 72.87711334228516, "aux_3.loss_ce": 0.6596113562583923, "aux_3.acc_seg": 72.61072540283203, "time": 0.5754263877868653, "iter": 1100, "memory": 3353, "step": 1100}
{"aAcc": 64.8, "mIoU": 42.2, "mAcc": 56.42, "avg_val_loss": 5.477500610489246, "data_time": 0.006408137836675534, "time": 0.10253922418616283, "step": 1100}
{"lr": 0.008112846284874206, "data_time": 0.25685389041900636, "loss": 3.2054770469665526, "decode.loss_ce": 0.38388112783432005, "decode.acc_seg": 79.4090576171875, "aux_0.loss_ce": 0.8424778997898101, "aux_0.acc_seg": 61.04994583129883, "aux_1.loss_ce": 0.7150715231895447, "aux_1.acc_seg": 64.70433044433594, "aux_2.loss_ce": 0.6500058531761169, "aux_2.acc_seg": 69.85883331298828, "aux_3.loss_ce": 0.6140406250953674, "aux_3.acc_seg": 71.26760864257812,