{"lr": 0.0015943962641761188, "data_time": 0.4834622621536255, "loss": 4.131995177268982, "decode.loss_ce": 0.5832276165485382, "decode.acc_seg": 65.69894409179688, "aux_0.loss_ce": 1.4551616549491881, "aux_0.acc_seg": 59.9386100769043, "aux_1.loss_ce": 0.8588817656040192, "aux_1.acc_seg": 63.796722412109375, "aux_2.loss_ce": 0.6371189326047897, "aux_2.acc_seg": 61.72188949584961, "aux_3.loss_ce": 0.5976051807403564, "aux_3.acc_seg": 61.901947021484375, "time": 0.7019329071044922, "iter": 100, "memory": 19653, "step": 100}
{"aAcc": 75.9, "mIoU": 57.53, "mAcc": 70.56, "avg_val_loss": 4.241941880935814, "data_time": 0.010762558426967887, "time": 0.13609146517376566, "step": 100}
{"lr": 0.002194796531020685, "data_time": 0.31510999202728274, "loss": 2.532061457633972, "decode.loss_ce": 0.41733379364013673, "decode.acc_seg": 81.23294830322266, "aux_0.loss_ce": 0.7300333917140961, "aux_0.acc_seg": 79.64266967773438, "aux_1.loss_ce": 0.5234947264194488, "aux_1.acc_seg": 82.49950408935547, "aux_2.loss_ce": 0.43368226289749146, "aux_2.acc_seg": 82.51483154296875, "aux_3.loss_ce": 0.42751731276512145, "aux_3.acc_seg": 81.69766998291016, "time": 0.5355535507202148, "iter": 200, "memory": 34222, "step": 200}
{"aAcc": 76.74, "mIoU": 59.61, "mAcc": 72.46, "avg_val_loss": 3.927735228679682, "data_time": 0.006497944908580561, "time": 0.09910108851290297, "step": 200}
{"lr": 0.0027951967978652476, "data_time": 0.5764344692230224, "loss": 2.4051250219345093, "decode.loss_ce": 0.4316930592060089, "decode.acc_seg": 78.66605377197266, "aux_0.loss_ce": 0.6462166011333466, "aux_0.acc_seg": 77.69511413574219, "aux_1.loss_ce": 0.4853700429201126, "aux_1.acc_seg": 79.80310821533203, "aux_2.loss_ce": 0.4205865889787674, "aux_2.acc_seg": 80.25839233398438, "aux_3.loss_ce": 0.421258744597435, "aux_3.acc_seg": 79.24488830566406, "time": 0.807527732849121, "iter": 300, "memory": 3357, "step": 300}
{"aAcc": 79.75, "mIoU": 63.18, "mAcc": 75.36, "avg_val_loss": 3.68832519833456, "data_time": 0.006100021559616615, "time": 0.09956345612975373, "step": 300}
{"lr": 0.0033955970647098093, "data_time": 0.01053473949432373, "loss": 2.1540634870529174, "decode.loss_ce": 0.37331887483596804, "decode.acc_seg": 84.22660827636719, "aux_0.loss_ce": 0.5908674776554108, "aux_0.acc_seg": 84.74866485595703, "aux_1.loss_ce": 0.4385360240936279, "aux_1.acc_seg": 84.42649841308594, "aux_2.loss_ce": 0.3833888918161392, "aux_2.acc_seg": 86.19750213623047, "aux_3.loss_ce": 0.3679521918296814, "aux_3.acc_seg": 85.39160919189453, "time": 0.5843205928802491, "iter": 400, "memory": 3357, "step": 400}
{"aAcc": 67.48, "mIoU": 49.43, "mAcc": 64.72, "avg_val_loss": 3.768414152742565, "data_time": 0.007150000539319268, "time": 0.10173359958604834, "step": 400}
{"lr": 0.003995997331554373, "data_time": 0.20634064674377442, "loss": 1.9586820483207703, "decode.loss_ce": 0.35871532559394836, "decode.acc_seg": 88.56283569335938, "aux_0.loss_ce": 0.49969492852687836, "aux_0.acc_seg": 84.83555603027344, "aux_1.loss_ce": 0.38548594117164614, "aux_1.acc_seg": 87.32366943359375, "aux_2.loss_ce": 0.3522044658660889, "aux_2.acc_seg": 88.93878173828125, "aux_3.loss_ce": 0.3625813603401184, "aux_3.acc_seg": 88.33516693115234, "time": 0.5938916206359863, "iter": 500, "memory": 3357, "step": 500}
{"aAcc": 80.54, "mIoU": 63.01, "mAcc": 74.67, "avg_val_loss": 3.6835654571042427, "data_time": 0.0075179160326376724, "time": 0.10081072785388465, "step": 500}
{"lr": 0.0045963975983989375, "data_time": 0.009546685218811034, "loss": 1.9982924342155457, "decode.loss_ce": 0.3620732709765434, "decode.acc_seg": 85.64583587646484, "aux_0.loss_ce": 0.5175351023674011, "aux_0.acc_seg": 82.16405487060547, "aux_1.loss_ce": 0.3901943266391754, "aux_1.acc_seg": 86.28988647460938, "aux_2.loss_ce": 0.3577320039272308, "aux_2.acc_seg": 86.87078094482422, "aux_3.loss_ce": 0.3707576796412468, "aux_3.acc_seg": 85.91144561767578, "time": 0.7151384830474854, "iter": 600, "memory": 3357, "step": 600}
{"aAcc": 67.16, "mIoU": 49.82, "mAcc": 65.57, "avg_val_loss": 3.854865822214888, "data_time": 0.007604387984878716, "time": 0.10141158652031558, "step": 600}
{"lr": 0.005196797865243495, "data_time": 0.3561697483062744, "loss": 1.9429782271385192, "decode.loss_ce": 0.35475408732891084, "decode.acc_seg": 76.65066528320312, "aux_0.loss_ce": 0.48067325353622437, "aux_0.acc_seg": 76.46600341796875, "aux_1.loss_ce": 0.3855804532766342, "aux_1.acc_seg": 79.61688995361328, "aux_2.loss_ce": 0.36292844712734224, "aux_2.acc_seg": 78.42244720458984, "aux_3.loss_ce": 0.35904196202754973, "aux_3.acc_seg": 76.62728118896484, "time": 0.5801608085632324, "iter": 700, "memory": 3357, "step": 700}
{"aAcc": 79.14, "mIoU": 62.68, "mAcc": 75.16, "avg_val_loss": 3.773604857953967, "data_time": 0.007186308674428655, "time": 0.1007218443114182, "step": 700}
{"lr": 0.005797198132088056, "data_time": 0.008626341819763184, "loss": 1.731355881690979, "decode.loss_ce": 0.31997517347335813, "decode.acc_seg": 86.25499725341797, "aux_0.loss_ce": 0.4182236671447754, "aux_0.acc_seg": 85.54344177246094, "aux_1.loss_ce": 0.34997394382953645, "aux_1.acc_seg": 86.09977722167969, "aux_2.loss_ce": 0.3254889577627182, "aux_2.acc_seg": 85.68949890136719, "aux_3.loss_ce": 0.317694154381752, "aux_3.acc_seg": 85.43472290039062, "time": 0.44151332378387453, "iter": 800, "memory": 3357, "step": 800}
{"aAcc": 77.27, "mIoU": 59.39, "mAcc": 72.17, "avg_val_loss": 3.691535255566719, "data_time": 0.006730172825955796, "time": 0.10015667992076654, "step": 800}
{"lr": 0.006397598398932616, "data_time": 0.2035207748413086, "loss": 1.8135610938072204, "decode.loss_ce": 0.3323514997959137, "decode.acc_seg": 84.06627655029297, "aux_0.loss_ce": 0.4625823527574539, "aux_0.acc_seg": 76.87983703613281, "aux_1.loss_ce": 0.35588860511779785, "aux_1.acc_seg": 82.86972045898438, "aux_2.loss_ce": 0.33326796293258665, "aux_2.acc_seg": 84.39472198486328, "aux_3.loss_ce": 0.3294706761837006, "aux_3.acc_seg": 84.03816986083984, "time": 0.6208810091018677, "iter": 900, "memory": 3357, "step": 900}
{"aAcc": 72.29, "mIoU": 54.86, "mAcc": 69.13, "avg_val_loss": 3.741139317983114, "data_time": 0.006876219278094412, "time": 0.10050187987842779, "step": 900}
{"lr": 0.0069979986657771765, "data_time": 0.03147876262664795, "loss": 1.734789741039276, "decode.loss_ce": 0.31350556313991546, "decode.acc_seg": 89.20122528076172, "aux_0.loss_ce": 0.4212127059698105, "aux_0.acc_seg": 87.64588928222656, "aux_1.loss_ce": 0.35434019565582275, "aux_1.acc_seg": 89.01133728027344, "aux_2.loss_ce": 0.3291414946317673, "aux_2.acc_seg": 89.21672058105469, "aux_3.loss_ce": 0.3165897876024246, "aux_3.acc_seg": 89.3393325805664, "time": 0.6205013751983642, "iter": 1000, "memory": 3357, "step": 1000}
{"aAcc": 80.68, "mIoU": 62.73, "mAcc": 74.4, "avg_val_loss": 3.70662799264081, "data_time": 0.006409990376439588, "time": 0.09872623695724311, "step": 1000}
{"lr": 0.0075983989326217465, "data_time": 0.5121018409729003, "loss": 1.68770090341568, "decode.loss_ce": 0.3096130460500717, "decode.acc_seg": 81.44255828857422, "aux_0.loss_ce": 0.4269342362880707, "aux_0.acc_seg": 75.63688659667969, "aux_1.loss_ce": 0.33734481036663055, "aux_1.acc_seg": 79.8227767944336, "aux_2.loss_ce": 0.3069653496146202, "aux_2.acc_seg": 80.40094757080078, "aux_3.loss_ce": 0.3068434551358223, "aux_3.acc_seg": 80.87000274658203, "time": 0.7283270597457886, "iter": 1100, "memory": 3357, "step": 1100}
{"aAcc": 71.03, "mIoU": 46.31, "mAcc": 61.07, "avg_val_loss": 3.666521610167117, "data_time": 0.006931937974074791, "time": 0.0995404829924134, "step": 1100}
{"lr": 0.008198799199466306, "data_time": 0.27880856990814207, "loss": 1.5242195010185242, "decode.loss_ce": 0.2811930552124977, "decode.acc_seg": 86.65633392333984, "aux_0.loss_ce": 0.38088309168815615, "aux_0.acc_seg": 80.97966766357422, "aux_1.loss_ce": 0.2987033471465111, "aux_1.acc_seg": 85.4389419555664, "aux_2.loss_ce": 0.2781795129179955, "aux_2.acc_seg": 86.6941146850586, "aux_3.loss_ce": 0.28526050597429276,