{"lr": 0.004513328573972366, "data_time": 0.007687592506408691, "loss": 4.951572895050049, "decode.loss_ce": 0.6431023120880127, "decode.acc_seg": 81.22538757324219, "aux_0.loss_ce": 1.323915708065033, "aux_0.acc_seg": 70.49161529541016, "aux_1.loss_ce": 1.131453001499176, "aux_1.acc_seg": 72.71089172363281, "aux_2.loss_ce": 0.9714039325714111, "aux_2.acc_seg": 74.72000122070312, "aux_3.loss_ce": 0.8816979050636291, "aux_3.acc_seg": 79.31639099121094, "time": 0.5719871520996094, "iter": 590, "memory": 19219, "step": 590}
{"lr": 0.009580633962673021, "data_time": 0.21918954849243164, "loss": 3.979742693901062, "decode.loss_ce": 0.3901254951953888, "decode.acc_seg": 85.28466796875, "aux_0.loss_ce": 1.2076273441314698, "aux_0.acc_seg": 65.47428131103516, "aux_1.loss_ce": 0.9609738171100617, "aux_1.acc_seg": 71.8227767944336, "aux_2.loss_ce": 0.7723368704319, "aux_2.acc_seg": 76.13516998291016, "aux_3.loss_ce": 0.6486791610717774, "aux_3.acc_seg": 78.88688659667969, "time": 0.684568977355957, "iter": 4719, "memory": 2908, "step": 4719}
{"lr": 0.009156973726733965, "data_time": 0.13181829452514648, "loss": 3.7312751531600954, "decode.loss_ce": 0.3212899178266525, "decode.acc_seg": 91.44222259521484, "aux_0.loss_ce": 1.2071074008941651, "aux_0.acc_seg": 62.33272171020508, "aux_1.loss_ce": 0.9412525355815887, "aux_1.acc_seg": 75.26577758789062, "aux_2.loss_ce": 0.7188079237937928, "aux_2.acc_seg": 80.6760025024414, "aux_3.loss_ce": 0.542817360162735, "aux_3.acc_seg": 84.0344467163086, "time": 0.5853168964385986, "iter": 9438, "memory": 2908, "step": 9438}
{"aAcc": 92.73, "mIoU": 74.62, "mAcc": 78.57, "avg_val_loss": 2.7080787073698316, "data_time": 0.0046601684134081915, "time": 0.34354422098238685, "step": 10000}
{"lr": 0.008731099066882514, "data_time": 0.35971641540527344, "loss": 3.3897713661193847, "decode.loss_ce": 0.30363387167453765, "decode.acc_seg": 85.45255279541016, "aux_0.loss_ce": 1.0954461932182311, "aux_0.acc_seg": 55.1251106262207, "aux_1.loss_ce": 0.8244567692279816, "aux_1.acc_seg": 66.5647201538086, "aux_2.loss_ce": 0.63752201795578, "aux_2.acc_seg": 75.87300109863281, "aux_3.loss_ce": 0.5287124961614609, "aux_3.acc_seg": 80.2070541381836, "time": 0.5642800331115723, "iter": 14157, "memory": 10769, "step": 14157}
{"lr": 0.008302875576495545, "data_time": 0.47695395946502683, "loss": 3.654705834388733, "decode.loss_ce": 0.31209697425365446, "decode.acc_seg": 90.3566665649414, "aux_0.loss_ce": 1.197460550069809, "aux_0.acc_seg": 61.49577713012695, "aux_1.loss_ce": 0.9095099329948425, "aux_1.acc_seg": 76.51760864257812, "aux_2.loss_ce": 0.6875738978385926, "aux_2.acc_seg": 82.76805877685547, "aux_3.loss_ce": 0.5480645000934601, "aux_3.acc_seg": 85.25572204589844, "time": 0.6804810523986816, "iter": 18876, "memory": 2908, "step": 18876}
{"aAcc": 93.24, "mIoU": 76.1, "mAcc": 79.29, "avg_val_loss": 2.5476365687255265, "data_time": 0.004451624398092622, "time": 0.34596007310071036, "step": 20000}
{"lr": 0.007872152356245068, "data_time": 0.33294389247894285, "loss": 3.7190048456192017, "decode.loss_ce": 0.32620400488376616, "decode.acc_seg": 90.27066802978516, "aux_0.loss_ce": 1.2495625615119934, "aux_0.acc_seg": 65.76899719238281, "aux_1.loss_ce": 0.9040173411369323, "aux_1.acc_seg": 73.72666931152344, "aux_2.loss_ce": 0.6878405451774597, "aux_2.acc_seg": 78.42694854736328, "aux_3.loss_ce": 0.5513804465532303, "aux_3.acc_seg": 81.88622283935547, "time": 0.6587346076965332, "iter": 23595, "memory": 2908, "step": 23595}
{"lr": 0.0074387588392830165, "data_time": 0.48788790702819823, "loss": 3.343599009513855, "decode.loss_ce": 0.28223791122436526, "decode.acc_seg": 85.89655303955078, "aux_0.loss_ce": 1.1305494070053101, "aux_0.acc_seg": 61.02799987792969, "aux_1.loss_ce": 0.8414087951183319, "aux_1.acc_seg": 68.34933471679688, "aux_2.loss_ce": 0.6121232271194458, "aux_2.acc_seg": 73.08721923828125, "aux_3.loss_ce": 0.4772796601057053, "aux_3.acc_seg": 76.14805603027344, "time": 0.6912072658538818, "iter": 28314, "memory": 2908, "step": 28314}
{"aAcc": 92.45, "mIoU": 72.19, "mAcc": 78.96, "avg_val_loss": 2.5275539757106853, "data_time": 0.004644908951324167, "time": 0.3561743706175425, "step": 30000}
{"lr": 0.0070025007540214955, "data_time": 0.4681619882583618, "loss": 3.214718723297119, "decode.loss_ce": 0.24604631066322327, "decode.acc_seg": 91.67972564697266, "aux_0.loss_ce": 1.127351814508438, "aux_0.acc_seg": 66.54589080810547, "aux_1.loss_ce": 0.8062129855155945, "aux_1.acc_seg": 76.76594543457031, "aux_2.loss_ce": 0.5834127783775329, "aux_2.acc_seg": 81.51988983154297, "aux_3.loss_ce": 0.451694855093956, "aux_3.acc_seg": 82.83555603027344, "time": 0.672956109046936, "iter": 33033, "memory": 2908, "step": 33033}
{"lr": 0.006563154912187656, "data_time": 0.009782171249389649, "loss": 3.1819236278533936, "decode.loss_ce": 0.2665991812944412, "decode.acc_seg": 89.15672302246094, "aux_0.loss_ce": 1.114931046962738, "aux_0.acc_seg": 64.56177520751953, "aux_1.loss_ce": 0.7671155095100403, "aux_1.acc_seg": 70.28116607666016, "aux_2.loss_ce": 0.5621655106544494, "aux_2.acc_seg": 78.3584976196289, "aux_3.loss_ce": 0.47111229300498964, "aux_3.acc_seg": 81.98594665527344, "time": 0.560519528388977, "iter": 37752, "memory": 2908, "step": 37752}
{"aAcc": 93.57, "mIoU": 78.18, "mAcc": 81.73, "avg_val_loss": 2.5101677753761793, "data_time": 0.004512374840893792, "time": 0.3438055966664286, "step": 40000}
{"lr": 0.00612046236406813, "data_time": 0.48647868633270264, "loss": 3.1210325956344604, "decode.loss_ce": 0.2401803255081177, "decode.acc_seg": 91.56950378417969, "aux_0.loss_ce": 1.0829154908657075, "aux_0.acc_seg": 64.3663330078125, "aux_1.loss_ce": 0.7795709192752838, "aux_1.acc_seg": 76.09967041015625, "aux_2.loss_ce": 0.5698538780212402, "aux_2.acc_seg": 83.4570541381836, "aux_3.loss_ce": 0.4485119700431824, "aux_3.acc_seg": 84.07344818115234, "time": 0.7476384162902832, "iter": 42471, "memory": 2908, "step": 42471}
{"lr": 0.005674119231259946, "data_time": 0.025853514671325684, "loss": 3.1391881942749023, "decode.loss_ce": 0.24636107683181763, "decode.acc_seg": 90.16283416748047, "aux_0.loss_ce": 1.1068905234336852, "aux_0.acc_seg": 64.01538848876953, "aux_1.loss_ce": 0.7875125706195831, "aux_1.acc_seg": 70.73066711425781, "aux_2.loss_ce": 0.5657944619655609, "aux_2.acc_seg": 77.96539306640625, "aux_3.loss_ce": 0.4326295793056488, "aux_3.acc_seg": 81.71355438232422, "time": 0.5394413948059082, "iter": 47190, "memory": 2908, "step": 47190}
{"aAcc": 93.81, "mIoU": 78.85, "mAcc": 81.72, "avg_val_loss": 2.468614979827466, "data_time": 0.004376831563931067, "time": 0.35401991559463797, "step": 50000}
{"lr": 0.005223764146863152, "data_time": 0.06627662181854248, "loss": 3.3143899202346803, "decode.loss_ce": 0.25820172280073167, "decode.acc_seg": 89.88644409179688, "aux_0.loss_ce": 1.1592110633850097, "aux_0.acc_seg": 59.49983215332031, "aux_1.loss_ce": 0.8414228558540344, "aux_1.acc_seg": 66.42872619628906, "aux_2.loss_ce": 0.5951395571231842, "aux_2.acc_seg": 76.81766510009766, "aux_3.loss_ce": 0.46041465401649473, "aux_3.acc_seg": 85.74688720703125, "time": 0.6650268793106079, "iter": 51909, "memory": 2908, "step": 51909}
{"lr": 0.004768960583787299, "data_time": 0.5213572740554809, "loss": 3.1882426500320435, "decode.loss_ce": 0.2486987143754959, "decode.acc_seg": 90.26194763183594, "aux_0.loss_ce": 1.1290688335895538, "aux_0.acc_seg": 68.68311309814453, "aux_1.loss_ce": 0.809278529882431, "aux_1.acc_seg": 72.90789031982422, "aux_2.loss_ce": 0.5624088436365128, "aux_2.acc_seg": 76.03255462646484, "aux_3.loss_ce": 0.4387877494096756, "aux_3.acc_seg": 77.9550552368164, "time": 0.7255719423294067, "iter": 56628, "memory": 2908, "step": 56628}
{"aAcc": 93.87, "mIoU": 80.14, "mAcc": 82.84, "avg_val_loss": 2.4611932574584174, "data_time": 0.0045016517916929375, "time": 0.35476277175458887, "step": 60000}
{"lr": 0.004309171192442414, "data_time": 0.24896368980407715, "loss": 3.016244673728943, "decode.loss_ce": 0.23209001868963242,