{"lr": 0.0015943962641761188, "data_time": 0.16602098941802979, "loss": 0.3845889627933502, "decode.loss_seg": 0.1581389509141445, "aux_0.loss_seg": 0.0634770669043064, "aux_1.loss_seg": 0.06298439353704452, "aux_2.loss_seg": 0.052409061789512636, "aux_3.loss_seg": 0.0475794930011034, "time": 0.510673189163208, "iter": 100, "memory": 19977, "step": 100}
{"aAcc": 51.34, "mIoU": 34.95, "mAcc": 56.8, "avg_val_loss": 0.0, "data_time": 0.011259214822636095, "time": 0.08965595101201257, "step": 100}
{"lr": 0.002194796531020685, "data_time": 0.07515609264373779, "loss": 0.3014309823513031, "decode.loss_seg": 0.12206677570939065, "aux_0.loss_seg": 0.047891053929924966, "aux_1.loss_seg": 0.04580763429403305, "aux_2.loss_seg": 0.04275417234748602, "aux_3.loss_seg": 0.042911351472139356, "time": 0.8031612157821655, "iter": 200, "memory": 34270, "step": 200}
{"aAcc": 51.68, "mIoU": 36.39, "mAcc": 56.77, "avg_val_loss": 0.0, "data_time": 0.0087764756432895, "time": 0.060919035440203786, "step": 200}
{"lr": 0.0027951967978652476, "data_time": 0.30599355697631836, "loss": 0.2955037489533424, "decode.loss_seg": 0.12827366665005685, "aux_0.loss_seg": 0.04365137573331594, "aux_1.loss_seg": 0.04145306553691626, "aux_2.loss_seg": 0.040468147955834866, "aux_3.loss_seg": 0.041657487489283086, "time": 0.43893024921417234, "iter": 300, "memory": 3093, "step": 300}
{"aAcc": 54.3, "mIoU": 39.82, "mAcc": 58.06, "avg_val_loss": 0.0, "data_time": 0.01488827562880242, "time": 0.06675324220766966, "step": 300}
{"lr": 0.0033955970647098093, "data_time": 0.19094266891479492, "loss": 0.21831182464957238, "decode.loss_seg": 0.09368843156844378, "aux_0.loss_seg": 0.031750242970883844, "aux_1.loss_seg": 0.029972638189792632, "aux_2.loss_seg": 0.030598440486937762, "aux_3.loss_seg": 0.03230207161977887, "time": 0.5067652702331543, "iter": 400, "memory": 3093, "step": 400}
{"aAcc": 50.32, "mIoU": 35.27, "mAcc": 55.07, "avg_val_loss": 0.0, "data_time": 0.013420979181925455, "time": 0.06533994619873748, "step": 400}
{"lr": 0.003995997331554373, "data_time": 0.009655928611755371, "loss": 0.25042045265436175, "decode.loss_seg": 0.11505669951438904, "aux_0.loss_seg": 0.03520064149051905, "aux_1.loss_seg": 0.03157179187983274, "aux_2.loss_seg": 0.033641688898205756, "aux_3.loss_seg": 0.034949632547795775, "time": 0.4698533773422241, "iter": 500, "memory": 3093, "step": 500}
{"aAcc": 53.14, "mIoU": 37.89, "mAcc": 57.1, "avg_val_loss": 0.0, "data_time": 0.010725363917734432, "time": 0.06278846181672194, "step": 500}
{"lr": 0.0045963975983989375, "data_time": 0.011419558525085449, "loss": 0.2210247114300728, "decode.loss_seg": 0.10002258867025375, "aux_0.loss_seg": 0.030840425565838814, "aux_1.loss_seg": 0.028812378365546464, "aux_2.loss_seg": 0.030406331922858954, "aux_3.loss_seg": 0.030942985601723195, "time": 0.5330500602722168, "iter": 600, "memory": 3093, "step": 600}
{"aAcc": 52.27, "mIoU": 37.37, "mAcc": 57.18, "avg_val_loss": 0.0, "data_time": 0.008339418762031642, "time": 0.06009742035262886, "step": 600}
{"lr": 0.005196797865243495, "data_time": 0.29012677669525144, "loss": 0.16759324595332145, "decode.loss_seg": 0.07820613849908113, "aux_0.loss_seg": 0.021422679210081695, "aux_1.loss_seg": 0.02069298564456403, "aux_2.loss_seg": 0.022817941242828967, "aux_3.loss_seg": 0.024453499494120477, "time": 0.6021385192871094, "iter": 700, "memory": 3093, "step": 700}
{"aAcc": 50.0, "mIoU": 33.98, "mAcc": 53.54, "avg_val_loss": 0.0, "data_time": 0.010873287573628041, "time": 0.06633426951265883, "step": 700}
