{"lr": 0.0015930867963809803, "data_time": 0.009304666519165039, "loss": 9.217173194885254, "decode.loss_ce": 1.524687361717224, "decode.acc_seg": 35.122276306152344, "aux_0.loss_ce": 2.490596127510071, "aux_0.acc_seg": 30.41461181640625, "aux_1.loss_ce": 1.968595016002655, "aux_1.acc_seg": 38.33372116088867, "aux_2.loss_ce": 1.65520441532135, "aux_2.acc_seg": 48.06449890136719, "aux_3.loss_ce": 1.5780903935432433, "aux_3.acc_seg": 46.05472183227539, "time": 0.5007335186004639, "iter": 100, "memory": 19219, "step": 100}
