{"lr": 0.005201541801877408, "data_time": 0.0038671255111694335, "loss": 7.769003629684448, "decode.loss_ce": 1.0364162385463715, "decode.acc_seg": 82.90799713134766, "aux_0.loss_ce": 1.7767063140869142, "aux_0.acc_seg": 66.96622467041016, "aux_1.loss_ce": 1.6955487847328186, "aux_1.acc_seg": 68.12466430664062, "aux_2.loss_ce": 1.620219212770462, "aux_2.acc_seg": 71.7280044555664, "aux_3.loss_ce": 1.6401131391525268, "aux_3.acc_seg": 59.51866912841797, "time": 0.12799601554870604, "iter": 500, "memory": 17409, "step": 500}
