{"lr": 0.0015930867963809803, "data_time": 0.514830493927002, "loss": 4.540798258781433, "decode.loss_ce": 0.6557056576013565, "decode.acc_seg": 70.24755859375, "aux_0.loss_ce": 1.5762882351875305, "aux_0.acc_seg": 55.905555725097656, "aux_1.loss_ce": 0.9615294516086579, "aux_1.acc_seg": 66.27305603027344, "aux_2.loss_ce": 0.7113811194896698, "aux_2.acc_seg": 68.63616943359375, "aux_3.loss_ce": 0.6358938634395599, "aux_3.acc_seg": 67.52960968017578, "time": 0.7318936109542846, "iter": 100, "memory": 19653, "step": 100}
