{"lr": 0.005040144980500798, "data_time": 0.08495454788208008, "loss": 8.490937900543212, "decode.loss_ce": 1.524677461385727, "decode.acc_seg": 56.1497802734375, "aux_0.loss_ce": 1.8319236159324646, "aux_0.acc_seg": 40.485557556152344, "aux_1.loss_ce": 1.7403076767921448, "aux_1.acc_seg": 40.80111312866211, "aux_2.loss_ce": 1.6839484572410583, "aux_2.acc_seg": 41.456668853759766, "aux_3.loss_ce": 1.71008061170578, "aux_3.acc_seg": 53.446224212646484, "time": 0.19241435527801515, "iter": 100, "memory": 17403, "step": 100}
{"lr": 0.005080615216132712, "data_time": 0.08833110332489014, "loss": 7.672652339935302, "decode.loss_ce": 1.33748459815979, "decode.acc_seg": 71.0455551147461, "aux_0.loss_ce": 1.6127097129821777, "aux_0.acc_seg": 63.27777862548828, "aux_1.loss_ce": 1.4615481734275817, "aux_1.acc_seg": 61.2031135559082, "aux_2.loss_ce": 1.5325328946113586, "aux_2.acc_seg": 52.22533416748047, "aux_3.loss_ce": 1.7283768594264983, "aux_3.acc_seg": 68.45266723632812, "time": 0.1661198377609253, "iter": 200, "memory": 896, "step": 200}
