{"lr": 0.0015943962641761188, "data_time": 0.34676005840301516, "loss": 4.7801250457763675, "decode.loss_ce": 2.9146981954574587, "decode.acc_seg": 77.98755645751953, "aux_0.loss_ce": 0.54599349796772, "aux_0.acc_seg": 76.31422424316406, "aux_1.loss_ce": 0.7069709300994873, "aux_1.acc_seg": 70.0957260131836, "aux_2.loss_ce": 0.6124623119831085, "aux_2.acc_seg": 75.15094757080078, "time": 0.5348799705505372, "iter": 100, "memory": 36495, "step": 100}
{"aAcc": 41.32, "mIoU": 26.78, "mAcc": 47.13, "avg_val_loss": 18.611908493160506, "data_time": 0.01397366579188857, "time": 0.13016762844351834, "step": 100}
{"lr": 0.002194796531020685, "data_time": 0.3446563005447388, "loss": 4.090746068954468, "decode.loss_ce": 2.486805462837219, "decode.acc_seg": 84.43399810791016, "aux_0.loss_ce": 0.48486188352108, "aux_0.acc_seg": 81.79011535644531, "aux_1.loss_ce": 0.6191657364368439, "aux_1.acc_seg": 75.54594421386719, "aux_2.loss_ce": 0.4999129116535187, "aux_2.acc_seg": 84.48072052001953, "time": 0.5389093875885009, "iter": 200, "memory": 8911, "step": 200}
{"aAcc": 58.7, "mIoU": 43.24, "mAcc": 61.47, "avg_val_loss": 13.122083917347311, "data_time": 0.009749952403978369, "time": 0.12664240530167503, "step": 200}
{"lr": 0.0027951967978652476, "data_time": 0.20489182472229003, "loss": 3.6812945365905763, "decode.loss_ce": 2.1724008679389955, "decode.acc_seg": 76.17588806152344, "aux_0.loss_ce": 0.4476535052061081, "aux_0.acc_seg": 74.75294494628906, "aux_1.loss_ce": 0.6133048117160798, "aux_1.acc_seg": 64.64094543457031, "aux_2.loss_ce": 0.44793540239334106, "aux_2.acc_seg": 75.28177642822266, "time": 0.5878642320632934, "iter": 300, "memory": 2952, "step": 300}
{"aAcc": 58.78, "mIoU": 41.43, "mAcc": 59.77, "avg_val_loss": 11.549971187614325, "data_time": 0.010182736933916465, "time": 0.1261739374577314, "step": 300}
{"lr": 0.0033955970647098093, "data_time": 0.4328273296356201, "loss": 3.502690887451172, "decode.loss_ce": 2.111273503303528, "decode.acc_seg": 79.31605529785156, "aux_0.loss_ce": 0.4156460016965866, "aux_0.acc_seg": 79.19683074951172, "aux_1.loss_ce": 0.5780282646417618, "aux_1.acc_seg": 73.38311004638672, "aux_2.loss_ce": 0.3977431386709213, "aux_2.acc_seg": 79.80661010742188, "time": 0.6315441846847534, "iter": 400, "memory": 2952, "step": 400}
{"aAcc": 63.25, "mIoU": 45.17, "mAcc": 62.6, "avg_val_loss": 10.487332763488006, "data_time": 0.008381662697627627, "time": 0.124989312270592, "step": 400}
{"lr": 0.003995997331554373, "data_time": 0.010970854759216308, "loss": 3.6355100154876707, "decode.loss_ce": 2.1916045188903808, "decode.acc_seg": 77.71038818359375, "aux_0.loss_ce": 0.39317666888237, "aux_0.acc_seg": 82.0584487915039, "aux_1.loss_ce": 0.6347097277641296, "aux_1.acc_seg": 67.23977661132812, "aux_2.loss_ce": 0.41601909399032594, "aux_2.acc_seg": 83.33133697509766, "time": 0.49131510257720945, "iter": 500, "memory": 2952, "step": 500}
{"aAcc": 54.05, "mIoU": 37.8, "mAcc": 57.06, "avg_val_loss": 10.460455097685081, "data_time": 0.008761101755602607, "time": 0.12441966999536273, "step": 500}
{"lr": 0.0045963975983989375, "data_time": 0.205560564994812, "loss": 3.312058663368225, "decode.loss_ce": 1.957133686542511, "decode.acc_seg": 80.4836654663086, "aux_0.loss_ce": 0.3930495589971542, "aux_0.acc_seg": 83.80216979980469, "aux_1.loss_ce": 0.5848619878292084, "aux_1.acc_seg": 67.96855926513672, "aux_2.loss_ce": 0.3770134687423706, "aux_2.acc_seg": 83.45999908447266, "time": 0.6719947576522827, "iter": 600, "memory": 2952, "step": 600}
{"aAcc": 61.15, "mIoU": 44.02, "mAcc": 61.54, "avg_val_loss": 10.194526424257495, "data_time": 0.00879070676606277, "time": 0.10854150509012156, "step": 600}
{"lr": 0.005196797865243495, "data_time": 0.11598222255706787, "loss": 3.056271255016327, "decode.loss_ce": 1.7732338190078736, "decode.acc_seg": 84.40827941894531, "aux_0.loss_ce": 0.32476517409086225, "aux_0.acc_seg": 85.09761047363281, "aux_1.loss_ce": 0.617802831530571, "aux_1.acc_seg": 67.35478210449219, "aux_2.loss_ce": 0.3404694810509682, "aux_2.acc_seg": 85.79183197021484, "time": 0.5214691877365112, "iter": 700, "memory": 2952, "step": 700}
{"aAcc": 65.13, "mIoU": 48.14, "mAcc": 64.9, "avg_val_loss": 9.801443617644663, "data_time": 0.00910335025568118, "time": 0.12383906868682511, "step": 700}
{"lr": 0.005797198132088056, "data_time": 0.2726149082183838, "loss": 2.9231802225112915, "decode.loss_ce": 1.7476531386375427, "decode.acc_seg": 87.26044464111328, "aux_0.loss_ce": 0.30657262802124025, "aux_0.acc_seg": 88.89849853515625, "aux_1.loss_ce": 0.5492278456687927, "aux_1.acc_seg": 73.33805847167969, "aux_2.loss_ce": 0.3197266533970833, "aux_2.acc_seg": 88.26200103759766, "time": 0.46445701122283933, "iter": 800, "memory": 2952, "step": 800}
{"aAcc": 67.77, "mIoU": 49.36, "mAcc": 65.26, "avg_val_loss": 9.461617027414821, "data_time": 0.010757777882718492, "time": 0.127209167370851, "step": 800}
{"lr": 0.006397598398932616, "data_time": 0.014531373977661133, "loss": 3.070732593536377, "decode.loss_ce": 1.7456287384033202, "decode.acc_seg": 84.27989196777344, "aux_0.loss_ce": 0.35894679427146914, "aux_0.acc_seg": 87.8350601196289, "aux_1.loss_ce": 0.6050556987524033, "aux_1.acc_seg": 71.28522491455078, "aux_2.loss_ce": 0.36110131442546844, "aux_2.acc_seg": 82.90438842773438, "time": 0.5261306047439576, "iter": 900, "memory": 2952, "step": 900}
{"aAcc": 57.0, "mIoU": 41.14, "mAcc": 60.4, "avg_val_loss": 9.518403495961463, "data_time": 0.010243747426175523, "time": 0.12357396366952479, "step": 900}
{"lr": 0.0069979986657771765, "data_time": 0.3967474937438965, "loss": 2.9646469354629517, "decode.loss_ce": 1.6803085684776307, "decode.acc_seg": 83.5715560913086, "aux_0.loss_ce": 0.33484987616539, "aux_0.acc_seg": 84.71800231933594, "aux_1.loss_ce": 0.6119545698165894, "aux_1.acc_seg": 72.09061431884766, "aux_2.loss_ce": 0.337533974647522, "aux_2.acc_seg": 83.91789245605469, "time": 0.5933542966842651, "iter": 1000, "memory": 2952, "step": 1000}
{"aAcc": 53.7, "mIoU": 36.96, "mAcc": 56.02, "avg_val_loss": 9.717090824228979, "data_time": 0.007863242050697064, "time": 0.12573455393999472, "step": 1000}
{"lr": 0.0075983989326217465, "data_time": 0.3541867256164551, "loss": 3.5902371168136598, "decode.loss_ce": 2.2086714029312136, "decode.acc_seg": 77.21844482421875, "aux_0.loss_ce": 0.4010090082883835, "aux_0.acc_seg": 83.52044677734375, "aux_1.loss_ce": 0.5997697144746781, "aux_1.acc_seg": 69.40838623046875, "aux_2.loss_ce": 0.3807870149612427, "aux_2.acc_seg": 80.99038696289062, "time": 0.5766570568084717, "iter": 1100, "memory": 2952, "step": 1100}
{"aAcc": 73.9, "mIoU": 55.97, "mAcc": 70.44, "avg_val_loss": 8.43263841065747, "data_time": 0.009151697158813477, "time": 0.12564737221290326, "step": 1100}
{"lr": 0.008198799199466306, "data_time": 0.0703357219696045, "loss": 2.65347740650177, "decode.loss_ce": 1.5272679328918457, "decode.acc_seg": 87.30838775634766, "aux_0.loss_ce": 0.3021530419588089, "aux_0.acc_seg": 87.7780532836914, "aux_1.loss_ce": 0.5229330033063888, "aux_1.acc_seg": 79.62611389160156, "aux_2.loss_ce": 0.3011233761906624, "aux_2.acc_seg": 88.33350372314453, "time": 0.6273140192031861, "iter": 1200, "memory": 2952, "step": 1200}
{"aAcc": 47.33, "mIoU": 31.74, "mAcc": 52.15, "avg_val_loss": 9.254239546206959, "data_time": 0.00858841271236025, "time": 0.12010504733556988, "step": 1200}
{"lr": 0.008799199466310867, "data_time": 0.1858597993850708, "loss": 2.9692263126373293, "decode.loss_ce": 1.7228469967842102, "decode.acc_seg": 84.6512222290039, "aux_0.loss_ce": 0.3496916100382805, "aux_0.acc_seg": 85.572998046875, "aux_1.loss_ce": 0.5703301429748535, "aux_1.acc_seg": 74.34227752685547, "aux_2.loss_ce": 0.3263575777411461, "aux_2.acc_seg": 85.10038757324219, "time": 0.5739245653152466, "iter": 1300, "memory": 2952, "step": 1300}
{"aAcc": 77.51, "mIoU": 57.88, "mAcc": 70.43, "avg_val_loss": 8.97130748439384, "data_time": 0.010410588363121295, "time": 0.12635704840736828, "step": 1300}
{"lr": 0.009399599733155411,