{"lr": 0.005201541801877408, "data_time": 0.06964688301086426, "loss": 7.431966876983642, "decode.loss_ce": 1.0721943020820617, "decode.acc_seg": 83.55777740478516, "aux_0.loss_ce": 1.6821786165237427, "aux_0.acc_seg": 72.3824462890625, "aux_1.loss_ce": 1.5728063106536865, "aux_1.acc_seg": 49.120887756347656, "aux_2.loss_ce": 1.5446823000907899, "aux_2.acc_seg": 79.72066497802734, "aux_3.loss_ce": 1.5601053595542909, "aux_3.acc_seg": 57.63911056518555, "time": 0.1409822940826416, "iter": 500, "memory": 17409, "step": 500}
{"losses": 0.0, "data_time": 0.01098982415548185, "time": 0.09100673256850825, "step": 500}
{"lr": 0.005401471167152687, "data_time": 0.07123546600341797, "loss": 6.850129747390747, "decode.loss_ce": 0.9451079159975052, "decode.acc_seg": 73.59288787841797, "aux_0.loss_ce": 1.5552754998207092, "aux_0.acc_seg": 63.43644332885742, "aux_1.loss_ce": 1.4645764231681824, "aux_1.acc_seg": 67.00688934326172, "aux_2.loss_ce": 1.401576441526413, "aux_2.acc_seg": 69.19689178466797, "aux_3.loss_ce": 1.4835935711860657, "aux_3.acc_seg": 52.11311340332031, "time": 0.14106512069702148, "iter": 1000, "memory": 33494, "step": 1000}
{"losses": 0.0, "data_time": 0.008801515819956956, "time": 0.08040420638704762, "step": 1000}
{"lr": 0.005599379706405267, "data_time": 0.0041621685028076175, "loss": 6.123158359527588, "decode.loss_ce": 0.7178088068962097, "decode.acc_seg": 67.32844543457031, "aux_0.loss_ce": 1.5042184174060822, "aux_0.acc_seg": 40.09955596923828, "aux_1.loss_ce": 1.3628991782665252, "aux_1.acc_seg": 42.30466842651367, "aux_2.loss_ce": 1.2623251795768737, "aux_2.acc_seg": 49.206668853759766, "aux_3.loss_ce": 1.2759068369865418, "aux_3.acc_seg": 50.29288864135742, "time": 0.12337396144866944, "iter": 1500, "memory": 899, "step": 1500}
{"losses": 0.0, "data_time": 0.009188265476411986, "time": 0.07945737445238725, "step": 1500}
{"lr": 0.0057952649886820196, "data_time": 0.04651033878326416, "loss": 5.413616609573364, "decode.loss_ce": 0.5905401021242142, "decode.acc_seg": 72.0368881225586, "aux_0.loss_ce": 1.3790544331073762, "aux_0.acc_seg": 25.409778594970703, "aux_1.loss_ce": 1.2010862290859223, "aux_1.acc_seg": 31.265777587890625, "aux_2.loss_ce": 1.0798008859157562, "aux_2.acc_seg": 38.94755554199219, "aux_3.loss_ce": 1.163134801387787, "aux_3.acc_seg": 38.904666900634766, "time": 0.13353302478790283, "iter": 2000, "memory": 899, "step": 2000}
{"losses": 0.0, "data_time": 0.009702224175906876, "time": 0.08075260074393263, "step": 2000}
{"lr": 0.005989124626295371, "data_time": 0.0488067626953125, "loss": 6.608713865280151, "decode.loss_ce": 0.849882972240448, "decode.acc_seg": 66.34466552734375, "aux_0.loss_ce": 1.5830291271209718, "aux_0.acc_seg": 24.740888595581055, "aux_1.loss_ce": 1.4652342081069947, "aux_1.acc_seg": 32.46733474731445, "aux_2.loss_ce": 1.3697493910789489, "aux_2.acc_seg": 42.40800094604492, "aux_3.loss_ce": 1.3408181071281433, "aux_3.acc_seg": 44.44977951049805, "time": 0.18010220527648926, "iter": 2500, "memory": 899, "step": 2500}
{"losses": 0.0, "data_time": 0.013034150438401306, "time": 0.08337653377681102, "step": 2500}
{"lr": 0.00618095626868123, "data_time": 0.0038119077682495115, "loss": 6.98884072303772, "decode.loss_ce": 0.7618427842855453, "decode.acc_seg": 76.86800384521484, "aux_0.loss_ce": 1.672183883190155, "aux_0.acc_seg": 38.83622360229492, "aux_1.loss_ce": 1.5680785655975342, "aux_1.acc_seg": 41.96755599975586, "aux_2.loss_ce": 1.4890984117984771, "aux_2.acc_seg": 47.29933547973633, "aux_3.loss_ce": 1.497636967897415, "aux_3.acc_seg": 51.5533332824707, "time": 0.1412978172302246, "iter": 3000, "memory": 899, "step": 3000}
{"losses": 0.0, "data_time": 0.00774759806475593, "time": 0.07873808411718572, "step": 3000}
{"lr": 0.006370757597088137, "data_time": 0.021754026412963867, "loss": 6.115031957626343, "decode.loss_ce": 0.6801187515258789, "decode.acc_seg": 61.1944465637207, "aux_0.loss_ce": 1.4721593737602234, "aux_0.acc_seg": 39.938446044921875, "aux_1.loss_ce": 1.3291848599910736, "aux_1.acc_seg": 45.32533264160156, "aux_2.loss_ce": 1.285321706533432, "aux_2.acc_seg": 48.19422149658203, "aux_3.loss_ce": 1.3482473909854888, "aux_3.acc_seg": 43.57266616821289, "time": 0.10503830909729003, "iter": 3500, "memory": 899, "step": 3500}
{"losses": 0.0, "data_time": 0.009570746745878054, "time": 0.08028492765519225, "step": 3500}
{"lr": 0.006558526319956188, "data_time": 0.051912117004394534, "loss": 5.6550929069519045, "decode.loss_ce": 0.5978615239262581, "decode.acc_seg": 75.78089141845703, "aux_0.loss_ce": 1.483856838941574, "aux_0.acc_seg": 46.03022384643555, "aux_1.loss_ce": 1.2799677968025207, "aux_1.acc_seg": 54.671112060546875, "aux_2.loss_ce": 1.15660902261734, "aux_2.acc_seg": 61.50266647338867, "aux_3.loss_ce": 1.136797732114792, "aux_3.acc_seg": 62.53333282470703, "time": 0.15686800479888915, "iter": 4000, "memory": 899, "step": 4000}
{"losses": 0.0, "data_time": 0.009372357025887202, "time": 0.07981203250514651, "step": 4000}
{"lr": 0.006744260168871878, "data_time": 0.006404709815979004, "loss": 6.245600986480713, "decode.loss_ce": 0.6473922371864319, "decode.acc_seg": 75.2782211303711, "aux_0.loss_ce": 1.5438411712646485, "aux_0.acc_seg": 52.337554931640625, "aux_1.loss_ce": 1.4109498500823974, "aux_1.acc_seg": 52.369998931884766, "aux_2.loss_ce": 1.300469309091568, "aux_2.acc_seg": 55.6422233581543, "aux_3.loss_ce": 1.3429484963417053, "aux_3.acc_seg": 52.86777877807617, "time": 0.14481587409973146, "iter": 4500, "memory": 899, "step": 4500}
{"losses": 0.0, "data_time": 0.008944506784087246, "time": 0.07981832513531435, "step": 4500}
{"lr": 0.006927956895006671, "data_time": 0.00453946590423584, "loss": 6.930610942840576, "decode.loss_ce": 0.8942797362804413, "decode.acc_seg": 78.36311340332031, "aux_0.loss_ce": 1.614056360721588, "aux_0.acc_seg": 51.38622283935547, "aux_1.loss_ce": 1.539075118303299, "aux_1.acc_seg": 50.82600021362305, "aux_2.loss_ce": 1.4433464467525483, "aux_2.acc_seg": 53.46111297607422, "aux_3.loss_ce": 1.439853346347809, "aux_3.acc_seg": 51.83222198486328, "time": 0.1291877031326294, "iter": 5000, "memory": 899, "step": 5000}
{"losses": 0.0, "data_time": 0.008178388030783645, "time": 0.07886048196588905, "step": 5000}
{"lr": 0.007109614265964269, "data_time": 0.10255260467529297, "loss": 6.688030934333801, "decode.loss_ce": 0.737599590420723, "decode.acc_seg": 71.23711395263672, "aux_0.loss_ce": 1.6798475503921508, "aux_0.acc_seg": 49.80577850341797, "aux_1.loss_ce": 1.5056626617908477, "aux_1.acc_seg": 52.59355545043945, "aux_2.loss_ce": 1.373274528980255, "aux_2.acc_seg": 55.359554290771484, "aux_3.loss_ce": 1.3916466236114502, "aux_3.acc_seg": 55.83955764770508, "time": 0.17341153621673583, "iter": 5500, "memory": 899, "step": 5500}
{"losses": 0.0, "data_time": 0.008861226942932721, "time": 0.07918773924262779, "step": 5500}
{"lr": 0.007289230062975398, "data_time": 0.09250850677490234, "loss": 5.741920685768127, "decode.loss_ce": 0.6191368594765663, "decode.acc_seg": 76.212890625, "aux_0.loss_ce": 1.4160550713539124, "aux_0.acc_seg": 45.84911346435547, "aux_1.loss_ce": 1.2874136328697205, "aux_1.acc_seg": 54.753334045410156, "aux_2.loss_ce": 1.2292409658432006, "aux_2.acc_seg": 58.94333267211914, "aux_3.loss_ce": 1.1900740325450898, "aux_3.acc_seg": 59.477333068847656, "time": 0.16415758132934571, "iter": 6000, "memory": 899, "step": 6000}
{"losses": 0.0, "data_time": 0.007764977158851994, "time": 0.07870484787283592, "step": 6000}
{"lr": 0.007466802078388701, "data_time": 0.003903317451477051, "loss": 5.678862524032593, "decode.loss_ce": 0.5747339427471161, "decode.acc_seg": 89.02178192138672, "aux_0.loss_ce": 1.4395140767097474, "aux_0.acc_seg": 61.958221435546875, "aux_1.loss_ce": 1.3260110020637512, "aux_1.acc_seg": 65.47333526611328, "aux_2.loss_ce": 1.1975579380989074, "aux_2.acc_seg": 66.53355407714844, "aux_3.loss_ce": 1.1410455882549286, "aux_3.acc_seg": 67.25688934326172, "time": 0.11241028308868409, "iter": 6500, "memory": 899,