{"lr": 0.0050220502205022026, "data_time": 0.0579256534576416, "loss": 10.239761638641358, "decode.loss_ce": 1.9698190093040466, "decode.acc_seg": 26.64288902282715, "aux_0.loss_ce": 2.299132299423218, "aux_0.acc_seg": 28.795555114746094, "aux_1.loss_ce": 2.0649364590644836, "aux_1.acc_seg": 20.955110549926758, "aux_2.loss_ce": 1.8569635987281798, "aux_2.acc_seg": 34.231109619140625, "aux_3.loss_ce": 2.048910140991211, "aux_3.acc_seg": 35.57311248779297, "time": 0.1392502784729004, "iter": 50, "memory": 17408, "step": 50}
{"aAcc": 35.8, "mIoU": 5.64, "mAcc": 10.59, "val_loss": 9.67018932670391, "data_time": 0.006308745873815532, "time": 0.3780687284585623, "step": 50}
{"lr": 0.00504455044550445, "data_time": 0.034972214698791505, "loss": 8.885980319976806, "decode.loss_ce": 1.6948912620544434, "decode.acc_seg": 28.429777145385742, "aux_0.loss_ce": 1.9414280891418456, "aux_0.acc_seg": 40.43000030517578, "aux_1.loss_ce": 1.7891157627105714, "aux_1.acc_seg": 42.96622085571289, "aux_2.loss_ce": 1.7278010487556457, "aux_2.acc_seg": 42.97066879272461, "aux_3.loss_ce": 1.7327440917491912, "aux_3.acc_seg": 25.28844451904297, "time": 0.11496970653533936, "iter": 100, "memory": 901, "step": 100}
