{"lr": 0.0050220502205022026, "data_time": 0.025725126266479492, "loss": 8.716611433029176, "decode.loss_ce": 1.523493468761444, "decode.acc_seg": 57.08311080932617, "aux_0.loss_ce": 2.1906363725662232, "aux_0.acc_seg": 70.26911163330078, "aux_1.loss_ce": 1.7785157084465026, "aux_1.acc_seg": 68.69155883789062, "aux_2.loss_ce": 1.5654729008674622, "aux_2.acc_seg": 75.00177764892578, "aux_3.loss_ce": 1.6584927678108214, "aux_3.acc_seg": 54.22511291503906, "time": 0.13002853393554686, "iter": 50, "memory": 17408, "step": 50}
{"aAcc": 55.18, "mIoU": 7.86, "mAcc": 12.78, "val_loss": 9.45996526279345, "data_time": 0.0056870122895623645, "time": 0.3736427938271033, "step": 50}
{"lr": 0.00504455044550445, "data_time": 0.0402202844619751, "loss": 8.140638065338134, "decode.loss_ce": 1.4312896847724914, "decode.acc_seg": 62.99711227416992, "aux_0.loss_ce": 1.872632098197937, "aux_0.acc_seg": 64.47222137451172, "aux_1.loss_ce": 1.6965314865112304, "aux_1.acc_seg": 59.108890533447266, "aux_2.loss_ce": 1.5326460123062133, "aux_2.acc_seg": 49.577999114990234, "aux_3.loss_ce": 1.607538878917694, "aux_3.acc_seg": 48.28022384643555, "time": 0.12134578227996826, "iter": 100, "memory": 901, "step": 100}
