{"lr": 0.0050220502205022026, "data_time": 0.02072134017944336, "loss": 9.062981748580933, "decode.loss_ce": 1.6316449642181396, "decode.acc_seg": 47.99266815185547, "aux_0.loss_ce": 2.3134429454803467, "aux_0.acc_seg": 47.954002380371094, "aux_1.loss_ce": 1.7880253076553345, "aux_1.acc_seg": 51.30622100830078, "aux_2.loss_ce": 1.6547903060913085, "aux_2.acc_seg": 56.242889404296875, "aux_3.loss_ce": 1.675077998638153, "aux_3.acc_seg": 59.01133346557617, "time": 0.1498716115951538, "iter": 50, "memory": 17408, "step": 50}
{"aAcc": 56.71, "mIoU": 10.54, "mAcc": 16.07, "val_loss": 10.886730929070726, "data_time": 0.0057259545709094865, "time": 0.37457279625310225, "step": 50}
{"lr": 0.00504455044550445, "data_time": 0.013782358169555664, "loss": 8.711355543136596, "decode.loss_ce": 1.5620633721351624, "decode.acc_seg": 49.551334381103516, "aux_0.loss_ce": 1.9856834769248963, "aux_0.acc_seg": 45.252445220947266, "aux_1.loss_ce": 1.812761402130127, "aux_1.acc_seg": 47.0706672668457, "aux_2.loss_ce": 1.6483294010162353, "aux_2.acc_seg": 50.589111328125, "aux_3.loss_ce": 1.7025177001953125, "aux_3.acc_seg": 43.29689025878906, "time": 0.10879688262939453, "iter": 100, "memory": 901, "step": 100}
