{"lr": 0.0015943962641761188, "data_time": 0.47379493713378906, "loss": 2.924510049819946, "decode.loss_ce": 0.5665640622377396, "decode.acc_seg": 75.57583618164062, "aux_0.loss_ce": 0.6763250589370727, "aux_0.acc_seg": 69.47766876220703, "aux_1.loss_ce": 0.5898693263530731, "aux_1.acc_seg": 72.0245590209961, "aux_2.loss_ce": 0.5653679221868515, "aux_2.acc_seg": 76.36644744873047, "aux_3.loss_ce": 0.5263836622238159, "aux_3.acc_seg": 75.9935531616211, "time": 0.6591117143630981, "iter": 100, "memory": 19749, "step": 100}
{"aAcc": 45.14, "mIoU": 30.77, "mAcc": 51.74, "avg_val_loss": 5.675126739587003, "data_time": 0.01165297696756762, "time": 0.1098646036414213, "step": 100}
{"lr": 0.002194796531020685, "data_time": 0.18020901679992676, "loss": 2.692129373550415, "decode.loss_ce": 0.5399728447198868, "decode.acc_seg": 84.73616790771484, "aux_0.loss_ce": 0.6176230072975158, "aux_0.acc_seg": 78.95166778564453, "aux_1.loss_ce": 0.5561024099588394, "aux_1.acc_seg": 82.46627807617188, "aux_2.loss_ce": 0.49415441453456876, "aux_2.acc_seg": 81.84805297851562, "aux_3.loss_ce": 0.48427669405937196, "aux_3.acc_seg": 84.81639099121094, "time": 0.5657711029052734, "iter": 200, "memory": 34381, "step": 200}
{"aAcc": 45.97, "mIoU": 30.9, "mAcc": 51.52, "avg_val_loss": 7.110901973052332, "data_time": 0.007214283121043238, "time": 0.08632369151060608, "step": 200}
{"lr": 0.0027951967978652476, "data_time": 0.010600090026855469, "loss": 2.399353289604187, "decode.loss_ce": 0.4775672107934952, "decode.acc_seg": 80.81977844238281, "aux_0.loss_ce": 0.5697626948356629, "aux_0.acc_seg": 76.49166870117188, "aux_1.loss_ce": 0.514411187171936, "aux_1.acc_seg": 80.79238891601562, "aux_2.loss_ce": 0.4422261953353882, "aux_2.acc_seg": 84.7503890991211, "aux_3.loss_ce": 0.39538600146770475, "aux_3.acc_seg": 85.68016815185547, "time": 0.6421523571014405, "iter": 300, "memory": 2886, "step": 300}
{"aAcc": 73.93, "mIoU": 57.53, "mAcc": 71.92, "avg_val_loss": 5.950180972993491, "data_time": 0.007900325731299389, "time": 0.08908432653580589, "step": 300}
{"lr": 0.0033955970647098093, "data_time": 0.0887643814086914, "loss": 2.7204610109329224, "decode.loss_ce": 0.5540204972028733, "decode.acc_seg": 73.15150451660156, "aux_0.loss_ce": 0.5933267533779144, "aux_0.acc_seg": 71.8304443359375, "aux_1.loss_ce": 0.576250147819519, "aux_1.acc_seg": 70.62105560302734, "aux_2.loss_ce": 0.49645082652568817, "aux_2.acc_seg": 72.93316650390625, "aux_3.loss_ce": 0.5004127353429795, "aux_3.acc_seg": 75.69783782958984, "time": 0.5897592067718506, "iter": 400, "memory": 2886, "step": 400}
{"aAcc": 43.68, "mIoU": 26.72, "mAcc": 47.12, "avg_val_loss": 6.619497433827635, "data_time": 0.008781874316862259, "time": 0.089201379096371, "step": 400}
{"lr": 0.003995997331554373, "data_time": 0.3422093868255615, "loss": 2.193117451667786, "decode.loss_ce": 0.4052572727203369, "decode.acc_seg": 80.61205291748047, "aux_0.loss_ce": 0.5453255921602249, "aux_0.acc_seg": 75.68927764892578, "aux_1.loss_ce": 0.4934117913246155, "aux_1.acc_seg": 75.64466857910156, "aux_2.loss_ce": 0.385247004032135, "aux_2.acc_seg": 80.89055633544922, "aux_3.loss_ce": 0.3638758212327957, "aux_3.acc_seg": 79.91205596923828, "time": 0.5596909761428833, "iter": 500, "memory": 2886, "step": 500}
{"aAcc": 53.94, "mIoU": 36.26, "mAcc": 55.18, "avg_val_loss": 6.400100197499259, "data_time": 0.0074131132542401895, "time": 0.08967288335164388, "step": 500}
{"lr": 0.0045963975983989375, "data_time": 0.07084827423095703, "loss": 2.105344760417938, "decode.loss_ce": 0.3677055209875107, "decode.acc_seg": 86.4888916015625, "aux_0.loss_ce": 0.5738587349653244, "aux_0.acc_seg": 77.49083709716797, "aux_1.loss_ce": 0.48477221429347994, "aux_1.acc_seg": 77.92961120605469, "aux_2.loss_ce": 0.3469514548778534, "aux_2.acc_seg": 88.79800415039062, "aux_3.loss_ce": 0.33205681294202805, "aux_3.acc_seg": 87.51078033447266, "time": 0.6216894149780273, "iter": 600, "memory": 2886, "step": 600}
{"aAcc": 49.41, "mIoU": 32.64, "mAcc": 52.46, "avg_val_loss": 6.492471205894827, "data_time": 0.00829063886883615, "time": 0.0909831469086395, "step": 600}
{"lr": 0.005196797865243495, "data_time": 0.28955583572387694, "loss": 2.1185701847076417, "decode.loss_ce": 0.3657266706228256, "decode.acc_seg": 78.35305786132812, "aux_0.loss_ce": 0.5471638739109039, "aux_0.acc_seg": 69.11905670166016, "aux_1.loss_ce": 0.5145334959030151, "aux_1.acc_seg": 72.38872528076172, "aux_2.loss_ce": 0.35523650646209715, "aux_2.acc_seg": 82.00305938720703, "aux_3.loss_ce": 0.3359096884727478, "aux_3.acc_seg": 82.4117202758789, "time": 0.47568702697753906, "iter": 700, "memory": 2886, "step": 700}
{"aAcc": 68.32, "mIoU": 49.99, "mAcc": 65.82, "avg_val_loss": 6.182145635971649, "data_time": 0.007957036467804306, "time": 0.09019689450318787, "step": 700}
{"lr": 0.005797198132088056, "data_time": 0.011401534080505371, "loss": 2.0007331013679504, "decode.loss_ce": 0.35018228441476823, "decode.acc_seg": 89.2397232055664, "aux_0.loss_ce": 0.525911083817482, "aux_0.acc_seg": 78.38972473144531, "aux_1.loss_ce": 0.45530019104480746, "aux_1.acc_seg": 81.3209457397461, "aux_2.loss_ce": 0.3356851994991302, "aux_2.acc_seg": 87.61344909667969, "aux_3.loss_ce": 0.3336543574929237, "aux_3.acc_seg": 89.76039123535156, "time": 0.4838626623153687, "iter": 800, "memory": 2886, "step": 800}
{"aAcc": 64.84, "mIoU": 46.49, "mAcc": 64.15, "avg_val_loss": 5.892939460164273, "data_time": 0.008202193797319785, "time": 0.09138890792583597, "step": 800}
