{"lr": 0.0015943962641761188, "data_time": 0.11230776309967042, "loss": 3.1328761339187623, "decode.loss_ce": 0.47703885436058047, "decode.acc_seg": 87.45111083984375, "aux_0.loss_ce": 0.8919655621051789, "aux_0.acc_seg": 72.68011474609375, "aux_1.loss_ce": 0.6854033768177032, "aux_1.acc_seg": 72.48411560058594, "aux_2.loss_ce": 0.5584126621484756, "aux_2.acc_seg": 79.48772430419922, "aux_3.loss_ce": 0.5200556010007858, "aux_3.acc_seg": 85.62833404541016, "time": 0.6947090148925781, "iter": 100, "memory": 19642, "step": 100}
{"aAcc": 43.82, "mIoU": 29.68, "mAcc": 51.05, "avg_val_loss": 6.3291391489798565, "data_time": 0.011503275050673374, "time": 0.1206618159316307, "step": 100}
{"lr": 0.002194796531020685, "data_time": 0.270701003074646, "loss": 2.437862992286682, "decode.loss_ce": 0.38175668120384215, "decode.acc_seg": 83.89283752441406, "aux_0.loss_ce": 0.6683736920356751, "aux_0.acc_seg": 77.77494812011719, "aux_1.loss_ce": 0.5324296146631241, "aux_1.acc_seg": 79.86956024169922, "aux_2.loss_ce": 0.4355251967906952, "aux_2.acc_seg": 77.70750427246094, "aux_3.loss_ce": 0.4197777837514877, "aux_3.acc_seg": 82.21477508544922, "time": 0.5886932373046875, "iter": 200, "memory": 34218, "step": 200}
{"aAcc": 47.87, "mIoU": 33.61, "mAcc": 54.43, "avg_val_loss": 6.1271347476725, "data_time": 0.007333443082612136, "time": 0.0839411116194451, "step": 200}
{"lr": 0.0027951967978652476, "data_time": 0.10308902263641358, "loss": 2.578722620010376, "decode.loss_ce": 0.4123353898525238, "decode.acc_seg": 75.6302261352539, "aux_0.loss_ce": 0.6894825220108032, "aux_0.acc_seg": 55.50344467163086, "aux_1.loss_ce": 0.5725779354572296, "aux_1.acc_seg": 68.49811553955078, "aux_2.loss_ce": 0.47773616909980776, "aux_2.acc_seg": 74.89016723632812, "aux_3.loss_ce": 0.4265905886888504, "aux_3.acc_seg": 75.79566955566406, "time": 0.55864999294281, "iter": 300, "memory": 2727, "step": 300}
{"aAcc": 69.66, "mIoU": 53.92, "mAcc": 69.94, "avg_val_loss": 5.414735760140373, "data_time": 0.007100483466838968, "time": 0.08715569835969772, "step": 300}
{"lr": 0.0033955970647098093, "data_time": 0.34571878910064696, "loss": 2.1600439071655275, "decode.loss_ce": 0.3279586613178253, "decode.acc_seg": 88.00167083740234, "aux_0.loss_ce": 0.6109426736831665, "aux_0.acc_seg": 70.03783416748047, "aux_1.loss_ce": 0.4718846887350082, "aux_1.acc_seg": 79.98828125, "aux_2.loss_ce": 0.39257682859897614, "aux_2.acc_seg": 84.3141098022461, "aux_3.loss_ce": 0.3566810041666031, "aux_3.acc_seg": 86.76899719238281, "time": 0.4960541486740112, "iter": 400, "memory": 2727, "step": 400}
{"aAcc": 60.32, "mIoU": 45.28, "mAcc": 63.38, "avg_val_loss": 5.032044720993928, "data_time": 0.007832771060110509, "time": 0.08780456685471809, "step": 400}
{"lr": 0.003995997331554373, "data_time": 0.5652465105056763, "loss": 2.1998085141181947, "decode.loss_ce": 0.31720037311315535, "decode.acc_seg": 88.73316955566406, "aux_0.loss_ce": 0.6442357420921325, "aux_0.acc_seg": 79.78727722167969, "aux_1.loss_ce": 0.479859384894371, "aux_1.acc_seg": 83.33450317382812, "aux_2.loss_ce": 0.40855762362480164, "aux_2.acc_seg": 85.13711547851562, "aux_3.loss_ce": 0.34995541274547576, "aux_3.acc_seg": 85.67694854736328, "time": 0.7149975538253784, "iter": 500, "memory": 2727, "step": 500}
{"aAcc": 75.44, "mIoU": 59.85, "mAcc": 74.27, "avg_val_loss": 4.837887416788709, "data_time": 0.008254152604903298, "time": 0.09068002920041139, "step": 500}
{"lr": 0.0045963975983989375, "data_time": 0.5320873022079468, "loss": 2.104891300201416, "decode.loss_ce": 0.3351092129945755, "decode.acc_seg": 75.57661437988281, "aux_0.loss_ce": 0.5631804913282394, "aux_0.acc_seg": 83.50389099121094, "aux_1.loss_ce": 0.4599121600389481, "aux_1.acc_seg": 69.98666381835938, "aux_2.loss_ce": 0.3786992996931076, "aux_2.acc_seg": 78.37566375732422, "aux_3.loss_ce": 0.3679901361465454, "aux_3.acc_seg": 75.6655044555664, "time": 0.6818842887878418, "iter": 600, "memory": 2727, "step": 600}
{"aAcc": 42.9, "mIoU": 25.81, "mAcc": 50.87, "avg_val_loss": 4.994497961148649, "data_time": 0.006862105994388975, "time": 0.08919216846597605, "step": 600}
{"lr": 0.005196797865243495, "data_time": 0.29548845291137693, "loss": 2.0290174007415773, "decode.loss_ce": 0.27735395133495333, "decode.acc_seg": 86.69622039794922, "aux_0.loss_ce": 0.5957744002342225, "aux_0.acc_seg": 65.8302230834961, "aux_1.loss_ce": 0.44908546805381777, "aux_1.acc_seg": 78.09361267089844, "aux_2.loss_ce": 0.3867481678724289, "aux_2.acc_seg": 85.14633178710938, "aux_3.loss_ce": 0.3200554490089417, "aux_3.acc_seg": 86.54094696044922, "time": 0.6100222587585449, "iter": 700, "memory": 2727, "step": 700}
{"aAcc": 59.08, "mIoU": 44.17, "mAcc": 62.81, "avg_val_loss": 4.907078402071767, "data_time": 0.007823563170159, "time": 0.09087515425408023, "step": 700}
{"lr": 0.005797198132088056, "data_time": 0.3999656915664673, "loss": 2.0304573655128477, "decode.loss_ce": 0.2968163758516312, "decode.acc_seg": 85.55716705322266, "aux_0.loss_ce": 0.585866379737854, "aux_0.acc_seg": 86.42161560058594, "aux_1.loss_ce": 0.4266056627035141, "aux_1.acc_seg": 80.19305419921875, "aux_2.loss_ce": 0.37197781801223756, "aux_2.acc_seg": 81.73494720458984, "aux_3.loss_ce": 0.3491911381483078, "aux_3.acc_seg": 82.679443359375, "time": 0.5510705709457397, "iter": 800, "memory": 2727, "step": 800}
{"aAcc": 49.58, "mIoU": 35.3, "mAcc": 55.97, "avg_val_loss": 5.075474341416307, "data_time": 0.008161325564329651, "time": 0.09009465129896142, "step": 800}
{"lr": 0.006397598398932616, "data_time": 0.3935152530670166, "loss": 1.9511035203933715, "decode.loss_ce": 0.26117843985557554, "decode.acc_seg": 93.14749908447266, "aux_0.loss_ce": 0.6001823544502258, "aux_0.acc_seg": 64.2342758178711, "aux_1.loss_ce": 0.41998608112335206, "aux_1.acc_seg": 85.1229476928711, "aux_2.loss_ce": 0.3614952236413956, "aux_2.acc_seg": 91.06172180175781, "aux_3.loss_ce": 0.30826147794723513, "aux_3.acc_seg": 92.99583435058594, "time": 0.5457182884216308, "iter": 900, "memory": 2727, "step": 900}
{"aAcc": 75.44, "mIoU": 59.85, "mAcc": 74.29, "avg_val_loss": 4.922067504945012, "data_time": 0.007374785412317035, "time": 0.09083674419885394, "step": 900}
{"lr": 0.0069979986657771765, "data_time": 0.4644161224365234, "loss": 1.984492266178131, "decode.loss_ce": 0.2689757078886032, "decode.acc_seg": 88.33611297607422, "aux_0.loss_ce": 0.605556458234787, "aux_0.acc_seg": 68.0590591430664, "aux_1.loss_ce": 0.4486441731452942, "aux_1.acc_seg": 76.85255432128906, "aux_2.loss_ce": 0.3663897216320038, "aux_2.acc_seg": 79.0276107788086, "aux_3.loss_ce": 0.29492619782686236, "aux_3.acc_seg": 85.92822265625, "time": 0.6959897041320801, "iter": 1000, "memory": 2727, "step": 1000}
{"aAcc": 64.65, "mIoU": 47.91, "mAcc": 64.34, "avg_val_loss": 4.896437208476471, "data_time": 0.00648179273495729, "time": 0.09017292658487956, "step": 1000}
{"lr": 0.0075983989326217465, "data_time": 0.194883131980896, "loss": 1.7448793172836303, "decode.loss_ce": 0.22753789275884628, "decode.acc_seg": 94.06500244140625, "aux_0.loss_ce": 0.5517471045255661, "aux_0.acc_seg": 71.50849914550781, "aux_1.loss_ce": 0.39084705114364626, "aux_1.acc_seg": 86.65105438232422, "aux_2.loss_ce": 0.31660423129796983, "aux_2.acc_seg": 91.6806640625, "aux_3.loss_ce": 0.25814303308725356, "aux_3.acc_seg": 93.04283142089844, "time": 0.6672373533248901, "iter": 1100, "memory": 2727, "step": 1100}
{"aAcc": 77.07, "mIoU": 61.5, "mAcc": 75.33, "avg_val_loss": 4.661255469221121, "data_time": 0.008921491688695448, "time": 0.09222867571074388, "step": 1100}
{"lr": 0.008198799199466306, "data_time": 0.015833258628845215, "loss": 1.7826059818267823, "decode.loss_ce": 0.22787869721651077, "decode.acc_seg": 84.52889251708984, "aux_0.loss_ce": 0.5458231002092362, "aux_0.acc_seg": 76.0102767944336, "aux_1.loss_ce": 0.4023846864700317, "aux_1.acc_seg": 81.78160858154297, "aux_2.loss_ce": 0.32112071812152865, "aux_2.acc_seg": 82.95516967773438, "aux_3.loss_ce": 0.28539878129959106, "aux_3.acc_seg": 82.88655853271484,