{"lr": 0.0015943962641761188, "data_time": 0.01468961238861084, "loss": 5.601471567153931, "decode.loss_ce": 2.2800092458724976, "decode.acc_seg": 29.1918888092041, "aux_0.loss_ce": 1.1350829005241394, "aux_0.acc_seg": 35.392112731933594, "aux_1.loss_ce": 1.0672160506248474, "aux_1.acc_seg": 35.777557373046875, "aux_2.loss_seg": 0.5861321210861206, "aux_3.loss_seg": 0.5330311030149459, "time": 0.5956905841827392, "iter": 100, "memory": 19766, "step": 100}
{"aAcc": 23.54, "mIoU": 8.84, "mAcc": 25.97, "avg_val_loss": 7.827073207375599, "data_time": 0.02487648365109466, "time": 0.20715951087862947, "step": 100}
