{"lr": 0.0036395469202292075, "data_time": 0.00828251838684082, "loss": 4.957012677192688, "decode.loss_ce": 0.8097741484642029, "decode.acc_seg": 63.13694381713867, "aux_0.loss_ce": 1.2853741288185119, "aux_0.acc_seg": 42.5537223815918, "aux_1.loss_ce": 1.0284042179584503, "aux_1.acc_seg": 55.469390869140625, "aux_2.loss_ce": 0.9293956398963928, "aux_2.acc_seg": 59.44150161743164, "aux_3.loss_ce": 0.9040645360946655, "aux_3.acc_seg": 61.426944732666016, "time": 1.278165078163147, "iter": 590, "memory": 19198, "step": 590}
{"lr": 0.009721126298637587, "data_time": 0.010692405700683593, "loss": 2.9050446271896364, "decode.loss_ce": 0.44363279044628146, "decode.acc_seg": 86.00177764892578, "aux_0.loss_ce": 0.7635733008384704, "aux_0.acc_seg": 78.44366455078125, "aux_1.loss_ce": 0.6098439991474152, "aux_1.acc_seg": 81.4737777709961, "aux_2.loss_ce": 0.5513181090354919, "aux_2.acc_seg": 82.70417022705078, "aux_3.loss_ce": 0.5366764545440674, "aux_3.acc_seg": 81.38478088378906, "time": 1.2321456909179687, "iter": 4719, "memory": 2889, "step": 4719}
{"lr": 0.009439402926735176, "data_time": 0.0076410770416259766, "loss": 2.7000192642211913, "decode.loss_ce": 0.3888684809207916, "decode.acc_seg": 84.8832778930664, "aux_0.loss_ce": 0.764928811788559, "aux_0.acc_seg": 76.9618911743164, "aux_1.loss_ce": 0.5553784519433975, "aux_1.acc_seg": 81.88300323486328, "aux_2.loss_ce": 0.4939792901277542, "aux_2.acc_seg": 80.8407211303711, "aux_3.loss_ce": 0.4968642622232437, "aux_3.acc_seg": 79.33094787597656, "time": 1.223727250099182, "iter": 9438, "memory": 2889, "step": 9438}
{"aAcc": 80.94, "mIoU": 34.44, "mAcc": 38.6, "avg_val_loss": 3.838666551709175, "data_time": 0.01750842571258545, "time": 0.360236611366272, "step": 10000}
{"lr": 0.009156731965892454, "data_time": 0.008381342887878418, "loss": 2.6675464868545533, "decode.loss_ce": 0.3902586281299591, "decode.acc_seg": 86.5356674194336, "aux_0.loss_ce": 0.7606761515140533, "aux_0.acc_seg": 77.49527740478516, "aux_1.loss_ce": 0.5506746053695679, "aux_1.acc_seg": 82.99016571044922, "aux_2.loss_ce": 0.4854894906282425, "aux_2.acc_seg": 82.4348373413086, "aux_3.loss_ce": 0.4804476201534271, "aux_3.acc_seg": 80.77605438232422, "time": 0.8956273555755615, "iter": 14157, "memory": 10746, "step": 14157}
{"lr": 0.008873077129022095, "data_time": 0.011547708511352539, "loss": 2.5756151914596557, "decode.loss_ce": 0.38115165531635287, "decode.acc_seg": 84.09122467041016, "aux_0.loss_ce": 0.7026086568832397, "aux_0.acc_seg": 74.6786117553711, "aux_1.loss_ce": 0.5151287257671356, "aux_1.acc_seg": 80.52828216552734, "aux_2.loss_ce": 0.48346680104732515, "aux_2.acc_seg": 79.47811126708984, "aux_3.loss_ce": 0.4932594060897827, "aux_3.acc_seg": 78.66222381591797, "time": 0.907149076461792, "iter": 18876, "memory": 2889, "step": 18876}
{"aAcc": 78.73, "mIoU": 32.32, "mAcc": 40.48, "avg_val_loss": 4.235043227523565, "data_time": 0.013212664292590453, "time": 0.3625210464590847, "step": 20000}
{"lr": 0.008588399379948031, "data_time": 0.008035707473754882, "loss": 2.8260555267333984, "decode.loss_ce": 0.41770881712436675, "decode.acc_seg": 85.49166870117188, "aux_0.loss_ce": 0.7758284091949463, "aux_0.acc_seg": 80.73983764648438, "aux_1.loss_ce": 0.5663486570119858, "aux_1.acc_seg": 82.52616882324219, "aux_2.loss_ce": 0.5252415418624878, "aux_2.acc_seg": 80.8812255859375, "aux_3.loss_ce": 0.5409281194210053, "aux_3.acc_seg": 78.24488830566406, "time": 1.2560486793518066, "iter": 23595, "memory": 2889, "step": 23595}
{"lr": 0.008302656614382897, "data_time": 0.5792336463928223, "loss": 2.3086145997047423, "decode.loss_ce": 0.32821356803178786, "decode.acc_seg": 85.67744445800781, "aux_0.loss_ce": 0.6511346250772476, "aux_0.acc_seg": 74.5006103515625, "aux_1.loss_ce": 0.4678071826696396, "aux_1.acc_seg": 80.0028305053711, "aux_2.loss_ce": 0.4243111699819565, "aux_2.acc_seg": 81.17855834960938, "aux_3.loss_ce": 0.437148118019104, "aux_3.acc_seg": 80.36105346679688, "time": 1.0642449140548706, "iter": 28314, "memory": 2889, "step": 28314}
{"aAcc": 82.75, "mIoU": 33.62, "mAcc": 40.09, "avg_val_loss": 4.090434171507756, "data_time": 0.013404362272508073, "time": 0.35466634401000374, "step": 30000}
{"lr": 0.00801580329002511, "data_time": 0.006866097450256348, "loss": 2.4861385107040403, "decode.loss_ce": 0.3407349869608879, "decode.acc_seg": 88.4106674194336, "aux_0.loss_ce": 0.7359492599964141, "aux_0.acc_seg": 72.66694641113281, "aux_1.loss_ce": 0.5005133122205734, "aux_1.acc_seg": 83.00605773925781, "aux_2.loss_ce": 0.45476333498954774, "aux_2.acc_seg": 85.53266906738281, "aux_3.loss_ce": 0.45417760014534, "aux_3.acc_seg": 84.62261199951172, "time": 0.9178174018859864, "iter": 33033, "memory": 2889, "step": 33033}
