{"lr": 0.006406583235954008, "data_time": 1.0179806232452393, "loss": 4.942710113525391, "decode.loss_ce": 0.8075911104679108, "decode.acc_seg": 75.37350463867188, "aux_0.loss_ce": 1.2624364137649535, "aux_0.acc_seg": 59.421390533447266, "aux_1.loss_ce": 1.054578846693039, "aux_1.acc_seg": 63.39900207519531, "aux_2.loss_ce": 0.9242994248867035, "aux_2.acc_seg": 66.50855255126953, "aux_3.loss_ce": 0.8938042521476746, "aux_3.acc_seg": 67.13433074951172, "time": 1.2206222772598267, "iter": 910, "memory": 19198, "step": 910}
{"lr": 0.009106373674004149, "data_time": 0.008164548873901367, "loss": 2.954318976402283, "decode.loss_ce": 0.4052807092666626, "decode.acc_seg": 87.74761199951172, "aux_0.loss_ce": 0.9025085389614105, "aux_0.acc_seg": 72.00267028808594, "aux_1.loss_ce": 0.6225195825099945, "aux_1.acc_seg": 77.3564453125, "aux_2.loss_ce": 0.5227848947048187, "aux_2.acc_seg": 84.62816619873047, "aux_3.loss_ce": 0.5012252062559128, "aux_3.acc_seg": 84.97322082519531, "time": 1.075987195968628, "iter": 10000, "memory": 2889, "step": 10000}
{"aAcc": 63.23, "mIoU": 33.15, "mAcc": 48.76, "avg_val_loss": 7.603393107957658, "data_time": 0.09666083857070568, "time": 0.18887486845947976, "step": 10000}
{"lr": 0.008200516139713258, "data_time": 0.2860886573791504, "loss": 2.660970115661621, "decode.loss_ce": 0.36129075288772583, "decode.acc_seg": 79.8840560913086, "aux_0.loss_ce": 0.8131314277648926, "aux_0.acc_seg": 68.9643325805664, "aux_1.loss_ce": 0.5420649111270904, "aux_1.acc_seg": 73.99544525146484, "aux_2.loss_ce": 0.470695772767067, "aux_2.acc_seg": 75.53644561767578, "aux_3.loss_ce": 0.4737872302532196, "aux_3.acc_seg": 75.19983673095703, "time": 0.9870800018310547, "iter": 20000, "memory": 10746, "step": 20000}
{"aAcc": 62.17, "mIoU": 35.14, "mAcc": 49.05, "avg_val_loss": 7.023656954215458, "data_time": 0.10122641475721338, "time": 0.18452290830941037, "step": 20000}
{"lr": 0.007283232762750171, "data_time": 0.038126778602600095, "loss": 2.560076594352722, "decode.loss_ce": 0.3456962391734123, "decode.acc_seg": 81.73677825927734, "aux_0.loss_ce": 0.7827758133411408, "aux_0.acc_seg": 63.998443603515625, "aux_1.loss_ce": 0.5196789860725403, "aux_1.acc_seg": 70.38300323486328, "aux_2.loss_ce": 0.4545131266117096, "aux_2.acc_seg": 76.24227905273438, "aux_3.loss_ce": 0.45741241574287417, "aux_3.acc_seg": 76.32600402832031, "time": 1.056396222114563, "iter": 30000, "memory": 2889, "step": 30000}
{"aAcc": 71.79, "mIoU": 43.23, "mAcc": 57.19, "avg_val_loss": 6.533212927204591, "data_time": 0.09856785028830342, "time": 0.1817092429632428, "step": 30000}
{"lr": 0.006352703407289149, "data_time": 0.7189031124114991, "loss": 2.4752596616744995, "decode.loss_ce": 0.33371277153491974, "decode.acc_seg": 89.04255676269531, "aux_0.loss_ce": 0.7469368875026703, "aux_0.acc_seg": 77.77811431884766, "aux_1.loss_ce": 0.4952062785625458, "aux_1.acc_seg": 84.07583618164062, "aux_2.loss_ce": 0.44807587563991547, "aux_2.acc_seg": 84.83794403076172, "aux_3.loss_ce": 0.45132785141468046, "aux_3.acc_seg": 85.49883270263672, "time": 0.9239989757537842, "iter": 40000, "memory": 2889, "step": 40000}
{"aAcc": 75.49, "mIoU": 46.03, "mAcc": 57.52, "avg_val_loss": 6.102710043891654, "data_time": 0.09576750897813117, "time": 0.1784869089893911, "step": 40000}
{"lr": 0.0054064577076796795, "data_time": 0.2628772497177124, "loss": 2.177481305599213, "decode.loss_ce": 0.2956459417939186, "decode.acc_seg": 84.13094329833984, "aux_0.loss_ce": 0.6613913416862488, "aux_0.acc_seg": 71.37205505371094, "aux_1.loss_ce": 0.4264759749174118, "aux_1.acc_seg": 81.43289184570312, "aux_2.loss_ce": 0.38831373751163484, "aux_2.acc_seg": 80.99327850341797, "aux_3.loss_ce": 0.4056542873382568, "aux_3.acc_seg": 79.83494567871094, "time": 1.009053611755371, "iter": 50000, "memory": 2889, "step": 50000}
{"aAcc": 73.71, "mIoU": 43.52, "mAcc": 56.52, "avg_val_loss": 6.004091690541708, "data_time": 0.08509255551743782, "time": 0.16779218596973638, "step": 50000}
