{"aAcc": 94.23, "mIoU": 64.68, "mAcc": 80.83, "data_time": 5.503301369229364, "time": 5.527333746688042}