{"lr": 0.0015930867963809803, "data_time": 0.25809874534606936, "loss": 6.462564420700073, "decode.loss_ce": 0.9429987668991089, "decode.acc_seg": 57.44139099121094, "aux_0.loss_ce": 2.200687026977539, "aux_0.acc_seg": 49.02799987792969, "aux_1.loss_ce": 1.4328159093856812, "aux_1.acc_seg": 52.7059440612793, "aux_2.loss_ce": 1.021263885498047, "aux_2.acc_seg": 57.69878005981445, "aux_3.loss_ce": 0.8647987961769104, "aux_3.acc_seg": 61.22727966308594, "time": 0.4536746978759766, "iter": 100, "memory": 19198, "step": 100}
