{"lr": 0.0015943962641761188, "data_time": 0.3337017297744751, "loss": 2.7229592323303224, "decode.loss_ce": 0.5094453424215317, "decode.acc_seg": 79.48650360107422, "aux_0.loss_ce": 0.5058769792318344, "aux_0.acc_seg": 78.93816375732422, "aux_1.loss_ce": 0.6612854719161987, "aux_1.acc_seg": 67.52544403076172, "aux_2.loss_ce": 0.5337097465991973, "aux_2.acc_seg": 78.90472412109375, "aux_3.loss_ce": 0.5126416862010956, "aux_3.acc_seg": 79.20683288574219, "time": 0.5298345565795899, "iter": 100, "memory": 20130, "step": 100}
{"aAcc": 44.84, "mIoU": 29.68, "mAcc": 50.41, "avg_val_loss": 9.931450503437143, "data_time": 0.010813072670337766, "time": 0.13273755894150846, "step": 100}
{"lr": 0.002194796531020685, "data_time": 0.28111698627471926, "loss": 2.3046794891357423, "decode.loss_ce": 0.4388882040977478, "decode.acc_seg": 84.01721954345703, "aux_0.loss_ce": 0.4587298572063446, "aux_0.acc_seg": 83.37760925292969, "aux_1.loss_ce": 0.5228740721940994, "aux_1.acc_seg": 76.741943359375, "aux_2.loss_ce": 0.4452579885721207, "aux_2.acc_seg": 83.46600341796875, "aux_3.loss_ce": 0.4389293611049652, "aux_3.acc_seg": 83.75878143310547, "time": 0.4759498119354248, "iter": 200, "memory": 34385, "step": 200}
{"aAcc": 56.84, "mIoU": 40.72, "mAcc": 59.56, "avg_val_loss": 8.468035088645088, "data_time": 0.00783810122259732, "time": 0.09869776374992283, "step": 200}
{"lr": 0.0027951967978652476, "data_time": 0.3725167989730835, "loss": 1.8088733196258544, "decode.loss_ce": 0.3369989603757858, "decode.acc_seg": 89.33883666992188, "aux_0.loss_ce": 0.33784542977809906, "aux_0.acc_seg": 88.98011016845703, "aux_1.loss_ce": 0.4361381888389587, "aux_1.acc_seg": 82.25472259521484, "aux_2.loss_ce": 0.35798331201076505, "aux_2.acc_seg": 86.24105834960938, "aux_3.loss_ce": 0.33990742862224577, "aux_3.acc_seg": 88.56016540527344, "time": 0.6464604377746582, "iter": 300, "memory": 3579, "step": 300}
{"aAcc": 72.73, "mIoU": 55.31, "mAcc": 69.82, "avg_val_loss": 7.150292774535295, "data_time": 0.00720880223416734, "time": 0.09920515959290252, "step": 300}
{"lr": 0.0033955970647098093, "data_time": 0.008909320831298828, "loss": 1.755798578262329, "decode.loss_ce": 0.3360498070716858, "decode.acc_seg": 83.43083190917969, "aux_0.loss_ce": 0.33274026215076447, "aux_0.acc_seg": 83.7574462890625, "aux_1.loss_ce": 0.3954900801181793, "aux_1.acc_seg": 86.63261413574219, "aux_2.loss_ce": 0.3547523617744446, "aux_2.acc_seg": 85.29872131347656, "aux_3.loss_ce": 0.3367660611867905, "aux_3.acc_seg": 84.21800231933594, "time": 0.5211843729019165, "iter": 400, "memory": 3579, "step": 400}
{"aAcc": 61.8, "mIoU": 45.35, "mAcc": 62.27, "avg_val_loss": 6.7213904407986425, "data_time": 0.0069754342923219175, "time": 0.10156989097595215, "step": 400}
{"lr": 0.003995997331554373, "data_time": 0.2826686859130859, "loss": 1.6705159783363341, "decode.loss_ce": 0.3211528673768044, "decode.acc_seg": 84.53133392333984, "aux_0.loss_ce": 0.3215754210948944, "aux_0.acc_seg": 84.64189147949219, "aux_1.loss_ce": 0.36192223727703093, "aux_1.acc_seg": 83.73960876464844, "aux_2.loss_ce": 0.3381816133856773, "aux_2.acc_seg": 84.85055541992188, "aux_3.loss_ce": 0.32768385410308837, "aux_3.acc_seg": 84.38500213623047, "time": 0.48220062255859375, "iter": 500, "memory": 3579, "step": 500}
{"aAcc": 72.58, "mIoU": 56.06, "mAcc": 70.75, "avg_val_loss": 6.333887381337539, "data_time": 0.005975561580438724, "time": 0.09810822859577749, "step": 500}
{"lr": 0.0045963975983989375, "data_time": 0.0797508716583252, "loss": 1.6233946800231933, "decode.loss_ce": 0.31417739391326904, "decode.acc_seg": 87.4876708984375, "aux_0.loss_ce": 0.3166328608989716, "aux_0.acc_seg": 86.86722564697266, "aux_1.loss_ce": 0.35215976238250735, "aux_1.acc_seg": 84.59122467041016, "aux_2.loss_ce": 0.3249824643135071, "aux_2.acc_seg": 85.75238800048828, "aux_3.loss_ce": 0.31544218510389327, "aux_3.acc_seg": 87.30183410644531, "time": 0.5031528949737549, "iter": 600, "memory": 3579, "step": 600}
{"aAcc": 65.99, "mIoU": 49.26, "mAcc": 65.96, "avg_val_loss": 6.383986886786786, "data_time": 0.006607020038297807, "time": 0.09907184250053318, "step": 600}
{"lr": 0.005196797865243495, "data_time": 0.41538290977478026, "loss": 1.3574090600013733, "decode.loss_ce": 0.25239061266183854, "decode.acc_seg": 87.84405517578125, "aux_0.loss_ce": 0.25350846648216246, "aux_0.acc_seg": 87.9719467163086, "aux_1.loss_ce": 0.3223996013402939, "aux_1.acc_seg": 85.43172454833984, "aux_2.loss_ce": 0.275886695086956, "aux_2.acc_seg": 87.47988891601562, "aux_3.loss_ce": 0.25322371125221255, "aux_3.acc_seg": 87.97677612304688, "time": 0.6156966209411621, "iter": 700, "memory": 3579, "step": 700}
{"aAcc": 61.38, "mIoU": 44.93, "mAcc": 61.99, "avg_val_loss": 6.6141866411929735, "data_time": 0.007257732851751919, "time": 0.10020076817479627, "step": 700}
{"lr": 0.005797198132088056, "data_time": 0.2515965700149536, "loss": 1.4422996282577514, "decode.loss_ce": 0.28419604152441025, "decode.acc_seg": 87.25372314453125, "aux_0.loss_ce": 0.2856034800410271, "aux_0.acc_seg": 87.23716735839844, "aux_1.loss_ce": 0.30538308173418044, "aux_1.acc_seg": 84.37422180175781, "aux_2.loss_ce": 0.28329470902681353, "aux_2.acc_seg": 84.28833770751953, "aux_3.loss_ce": 0.2838222920894623, "aux_3.acc_seg": 87.279052734375, "time": 0.5579185485839844, "iter": 800, "memory": 3579, "step": 800}
{"aAcc": 64.89, "mIoU": 47.45, "mAcc": 63.81, "avg_val_loss": 6.650225588376498, "data_time": 0.007321387871928598, "time": 0.10062507103229391, "step": 800}
{"lr": 0.006397598398932616, "data_time": 0.27671806812286376, "loss": 1.3812143862247468, "decode.loss_ce": 0.26086135655641557, "decode.acc_seg": 92.63766479492188, "aux_0.loss_ce": 0.26468082517385483, "aux_0.acc_seg": 92.39289093017578, "aux_1.loss_ce": 0.3138920933008194, "aux_1.acc_seg": 89.24994659423828, "aux_2.loss_ce": 0.2751247093081474, "aux_2.acc_seg": 91.1602783203125, "aux_3.loss_ce": 0.2666553854942322, "aux_3.acc_seg": 92.0280532836914, "time": 0.47558159828186036, "iter": 900, "memory": 3579, "step": 900}
{"aAcc": 68.29, "mIoU": 51.2, "mAcc": 67.19, "avg_val_loss": 6.596656036733264, "data_time": 0.007891567274071705, "time": 0.10016462994718003, "step": 900}
{"lr": 0.0069979986657771765, "data_time": 0.013810276985168457, "loss": 1.3110762119293213, "decode.loss_ce": 0.24761198461055756, "decode.acc_seg": 89.2044448852539, "aux_0.loss_ce": 0.2470037132501602, "aux_0.acc_seg": 89.30027770996094, "aux_1.loss_ce": 0.3012791782617569, "aux_1.acc_seg": 84.91921997070312, "aux_2.loss_ce": 0.26343192905187607, "aux_2.acc_seg": 88.33894348144531, "aux_3.loss_ce": 0.25174942463636396, "aux_3.acc_seg": 89.01383209228516, "time": 0.4876607179641724, "iter": 1000, "memory": 3579, "step": 1000}
{"aAcc": 69.83, "mIoU": 52.86, "mAcc": 68.45, "avg_val_loss": 6.529373100182117, "data_time": 0.0063288157013641, "time": 0.09837985038757324, "step": 1000}
{"lr": 0.0075983989326217465, "data_time": 0.010689759254455566, "loss": 1.3481273114681245, "decode.loss_ce": 0.2553727075457573, "decode.acc_seg": 87.98750305175781, "aux_0.loss_ce": 0.25663525313138963, "aux_0.acc_seg": 88.2242202758789, "aux_1.loss_ce": 0.30649383217096327, "aux_1.acc_seg": 87.91716766357422, "aux_2.loss_ce": 0.2710491016507149, "aux_2.acc_seg": 88.54105377197266, "aux_3.loss_ce": 0.2585764154791832, "aux_3.acc_seg": 88.16627502441406, "time": 0.474436616897583, "iter": 1100, "memory": 3579, "step": 1100}
{"aAcc": 76.3, "mIoU": 58.32, "mAcc": 71.57, "avg_val_loss": 6.064367741721067, "data_time": 0.007260147182420753, "time": 0.09850293740458872, "step": 1100}
{"lr": 0.008198799199466306, "data_time": 0.4300662994384766, "loss": 1.340069943666458, "decode.loss_ce": 0.2609183877706528, "decode.acc_seg": 86.81266784667969, "aux_0.loss_ce": 0.26112315207719805, "aux_0.acc_seg": 86.91677856445312, "aux_1.loss_ce": 0.2863880455493927, "aux_1.acc_seg": 88.47211456298828, "aux_2.loss_ce": 0.26943300366401673, "aux_2.acc_seg": 87.68189239501953, "aux_3.loss_ce": 0.2622073695063591,