{"lr": 0.0015943962641761188, "data_time": 0.438387393951416, "loss": 4.599174761772156, "decode.loss_ce": 0.5321035891771316, "decode.acc_seg": 87.07978057861328, "aux_0.loss_ce": 1.5988952040672302, "aux_0.acc_seg": 66.34561157226562, "aux_1.loss_ce": 1.0189059972763062, "aux_1.acc_seg": 73.85094451904297, "aux_2.loss_ce": 0.7605532467365265, "aux_2.acc_seg": 76.23905944824219, "aux_3.loss_ce": 0.688716721534729, "aux_3.acc_seg": 76.45833587646484, "time": 0.6578733444213867, "iter": 100, "memory": 19644, "step": 100}
{"aAcc": 75.03, "mIoU": 54.93, "mAcc": 68.29, "avg_val_loss": 4.191242054017664, "data_time": 0.011815334475317667, "time": 0.13530815202136373, "step": 100}
{"lr": 0.002194796531020685, "data_time": 0.4966190576553345, "loss": 3.4711576223373415, "decode.loss_ce": 0.42265950739383695, "decode.acc_seg": 85.73261260986328, "aux_0.loss_ce": 1.0118852615356446, "aux_0.acc_seg": 70.23444366455078, "aux_1.loss_ce": 0.7627180218696594, "aux_1.acc_seg": 72.13705444335938, "aux_2.loss_ce": 0.6546841442584992, "aux_2.acc_seg": 75.49305725097656, "aux_3.loss_ce": 0.61921067237854, "aux_3.acc_seg": 76.81710815429688, "time": 0.7235587358474731, "iter": 200, "memory": 34204, "step": 200}
{"aAcc": 74.33, "mIoU": 52.43, "mAcc": 65.93, "avg_val_loss": 3.946783842311965, "data_time": 0.007685702422569538, "time": 0.10358926071517768, "step": 200}
{"lr": 0.0027951967978652476, "data_time": 0.514095139503479, "loss": 3.3094216108322145, "decode.loss_ce": 0.37729444801807405, "decode.acc_seg": 87.56555938720703, "aux_0.loss_ce": 0.9125877141952514, "aux_0.acc_seg": 75.05755615234375, "aux_1.loss_ce": 0.7571269929409027, "aux_1.acc_seg": 79.50983428955078, "aux_2.loss_ce": 0.6539345026016236, "aux_2.acc_seg": 80.34210968017578, "aux_3.loss_ce": 0.6084779322147369, "aux_3.acc_seg": 77.404052734375, "time": 0.7366315126419067, "iter": 300, "memory": 3335, "step": 300}
{"aAcc": 71.97, "mIoU": 52.31, "mAcc": 65.83, "avg_val_loss": 3.9094634087752644, "data_time": 0.00720942979571463, "time": 0.1029174053805998, "step": 300}
{"lr": 0.0033955970647098093, "data_time": 0.048789477348327635, "loss": 3.0812118291854858, "decode.loss_ce": 0.3702289402484894, "decode.acc_seg": 78.14111328125, "aux_0.loss_ce": 0.819744348526001, "aux_0.acc_seg": 61.01194381713867, "aux_1.loss_ce": 0.6794165194034576, "aux_1.acc_seg": 68.4001693725586, "aux_2.loss_ce": 0.6148838847875595, "aux_2.acc_seg": 69.69133758544922, "aux_3.loss_ce": 0.596938180923462, "aux_3.acc_seg": 66.21183776855469, "time": 0.6138656377792359, "iter": 400, "memory": 3335, "step": 400}
{"aAcc": 78.67, "mIoU": 60.64, "mAcc": 72.86, "avg_val_loss": 3.7070202103309464, "data_time": 0.008018523797221568, "time": 0.10323479531825273, "step": 400}
{"lr": 0.003995997331554373, "data_time": 0.1898273706436157, "loss": 2.78431921005249, "decode.loss_ce": 0.28848493844270706, "decode.acc_seg": 86.61727905273438, "aux_0.loss_ce": 0.7246111989021301, "aux_0.acc_seg": 65.09183502197266, "aux_1.loss_ce": 0.6273375988006592, "aux_1.acc_seg": 69.57433319091797, "aux_2.loss_ce": 0.5725494712591171, "aux_2.acc_seg": 68.68455505371094, "aux_3.loss_ce": 0.5713359922170639, "aux_3.acc_seg": 68.03572082519531, "time": 0.5540344953536988, "iter": 500, "memory": 3335, "step": 500}
{"aAcc": 73.12, "mIoU": 55.62, "mAcc": 69.49, "avg_val_loss": 3.6096825999997515, "data_time": 0.007039234556000808, "time": 0.10193414797728088, "step": 500}
{"lr": 0.0045963975983989375, "data_time": 0.4548423051834106, "loss": 2.8112537384033205, "decode.loss_ce": 0.31305888295173645, "decode.acc_seg": 87.41722106933594, "aux_0.loss_ce": 0.7509447276592255, "aux_0.acc_seg": 72.15650177001953, "aux_1.loss_ce": 0.6441607743501663, "aux_1.acc_seg": 73.13539123535156, "aux_2.loss_ce": 0.5694470971822738, "aux_2.acc_seg": 75.74383544921875, "aux_3.loss_ce": 0.5336423486471176, "aux_3.acc_seg": 76.98794555664062, "time": 0.6730988502502442, "iter": 600, "memory": 3335, "step": 600}
{"aAcc": 79.95, "mIoU": 62.27, "mAcc": 74.14, "avg_val_loss": 3.5430728797646527, "data_time": 0.006357321794005646, "time": 0.10156439090597219, "step": 600}
{"lr": 0.005196797865243495, "data_time": 0.19173800945281982, "loss": 3.037050724029541, "decode.loss_ce": 0.3266734391450882, "decode.acc_seg": 86.40483093261719, "aux_0.loss_ce": 0.8105619132518769, "aux_0.acc_seg": 66.30450439453125, "aux_1.loss_ce": 0.700982803106308, "aux_1.acc_seg": 71.85205841064453, "aux_2.loss_ce": 0.6229257643222809, "aux_2.acc_seg": 72.30355834960938, "aux_3.loss_ce": 0.5759068071842194, "aux_3.acc_seg": 77.78338623046875, "time": 0.6669871568679809, "iter": 700, "memory": 3335, "step": 700}
{"aAcc": 75.65, "mIoU": 54.52, "mAcc": 67.76, "avg_val_loss": 3.5986626454712254, "data_time": 0.007275808816668631, "time": 0.10380076539927516, "step": 700}
{"lr": 0.005797198132088056, "data_time": 0.3054136037826538, "loss": 2.519371140003204, "decode.loss_ce": 0.2587852284312248, "decode.acc_seg": 90.54011535644531, "aux_0.loss_ce": 0.6788270056247712, "aux_0.acc_seg": 76.7931137084961, "aux_1.loss_ce": 0.5741697162389755, "aux_1.acc_seg": 80.50961303710938, "aux_2.loss_ce": 0.5142330825328827, "aux_2.acc_seg": 82.02005767822266, "aux_3.loss_ce": 0.49335606694221495, "aux_3.acc_seg": 81.37166595458984, "time": 0.5299740791320801, "iter": 800, "memory": 3335, "step": 800}
{"aAcc": 81.34, "mIoU": 64.32, "mAcc": 75.74, "avg_val_loss": 3.554332894997464, "data_time": 0.008227564822668317, "time": 0.10291725465621071, "step": 800}
{"lr": 0.006397598398932616, "data_time": 0.301061224937439, "loss": 2.621923017501831, "decode.loss_ce": 0.2829156398773193, "decode.acc_seg": 86.35405731201172, "aux_0.loss_ce": 0.6930445313453675, "aux_0.acc_seg": 64.90550231933594, "aux_1.loss_ce": 0.6031820148229599, "aux_1.acc_seg": 66.86416625976562, "aux_2.loss_ce": 0.5397108048200607, "aux_2.acc_seg": 68.13533782958984, "aux_3.loss_ce": 0.5030700176954269, "aux_3.acc_seg": 69.17316436767578, "time": 0.5320008039474488, "iter": 900, "memory": 3335, "step": 900}
{"aAcc": 80.57, "mIoU": 63.7, "mAcc": 75.5, "avg_val_loss": 3.5008769505587662, "data_time": 0.006081071393243198, "time": 0.09980424793287256, "step": 900}
{"lr": 0.0069979986657771765, "data_time": 0.16749508380889894, "loss": 2.7886240005493166, "decode.loss_ce": 0.2816372260451317, "decode.acc_seg": 90.74089050292969, "aux_0.loss_ce": 0.7096826016902924, "aux_0.acc_seg": 76.27766418457031, "aux_1.loss_ce": 0.6352693200111389, "aux_1.acc_seg": 79.60717010498047, "aux_2.loss_ce": 0.5931750863790513, "aux_2.acc_seg": 77.8586654663086, "aux_3.loss_ce": 0.5688597828149795, "aux_3.acc_seg": 74.53121948242188, "time": 0.6408367156982422, "iter": 1000, "memory": 3335, "step": 1000}
{"aAcc": 80.72, "mIoU": 63.07, "mAcc": 74.68, "avg_val_loss": 3.477856312413313, "data_time": 0.005875044855578193, "time": 0.10017430919340287, "step": 1000}
{"lr": 0.0075983989326217465, "data_time": 0.29105277061462403, "loss": 2.885202956199646, "decode.loss_ce": 0.3129849940538406, "decode.acc_seg": 79.27055358886719, "aux_0.loss_ce": 0.7469681799411774, "aux_0.acc_seg": 59.55694580078125, "aux_1.loss_ce": 0.6532284498214722, "aux_1.acc_seg": 62.845001220703125, "aux_2.loss_ce": 0.6011359632015228, "aux_2.acc_seg": 64.66339111328125, "aux_3.loss_ce": 0.5708853989839554, "aux_3.acc_seg": 63.84988784790039, "time": 0.6604215860366821, "iter": 1100, "memory": 3335, "step": 1100}
{"aAcc": 78.91, "mIoU": 59.63, "mAcc": 71.89, "avg_val_loss": 3.4961183747984683, "data_time": 0.006412774666972544, "time": 0.10167629417331739, "step": 1100}
{"lr": 0.008198799199466306, "data_time": 0.40884673595428467, "loss": 2.558253216743469, "decode.loss_ce": 0.2459511637687683, "decode.acc_seg": 87.38722229003906, "aux_0.loss_ce": 0.6986130535602569, "aux_0.acc_seg": 56.7662239074707, "aux_1.loss_ce": 0.5826315224170685, "aux_1.acc_seg": 67.6181640625, "aux_2.loss_ce": 0.5256123036146164, "aux_2.acc_seg": 70.41427612304688, "aux_3.loss_ce": 0.5054451704025269, "aux_3.acc_seg": 69.99455261230469,