{"lr": 0.005201541801877408, "data_time": 0.08867230415344238, "loss": 7.8110424995422365, "decode.loss_ce": 1.2006017565727234, "decode.acc_seg": 53.75311279296875, "aux_0.loss_ce": 1.6928672313690185, "aux_0.acc_seg": 38.03155517578125, "aux_1.loss_ce": 1.6464810729026795, "aux_1.acc_seg": 38.7053337097168, "aux_2.loss_ce": 1.6225456237792968, "aux_2.acc_seg": 36.02977752685547, "aux_3.loss_ce": 1.6485467553138733, "aux_3.acc_seg": 36.80644607543945, "time": 0.17476530075073243, "iter": 500, "memory": 17409, "step": 500}
{"aAcc": 59.07, "mIoU": 17.98, "mAcc": 26.09, "data_time": 0.04965588639422161, "time": 0.07637995859471763, "step": 500}
{"lr": 0.005401471167152687, "data_time": 0.039249110221862796, "loss": 7.297238874435425, "decode.loss_ce": 1.0092297792434692, "decode.acc_seg": 56.75489044189453, "aux_0.loss_ce": 1.7100837111473084, "aux_0.acc_seg": 27.46755599975586, "aux_1.loss_ce": 1.5666928052902223, "aux_1.acc_seg": 35.53666687011719, "aux_2.loss_ce": 1.4720532774925232, "aux_2.acc_seg": 35.45600128173828, "aux_3.loss_ce": 1.539179414510727, "aux_3.acc_seg": 32.909332275390625, "time": 0.10901074409484864, "iter": 1000, "memory": 10772, "step": 1000}
{"aAcc": 76.11, "mIoU": 31.48, "mAcc": 39.2, "data_time": 0.05027131895417149, "time": 0.07232263365995537, "step": 1000}
