{"lr": 0.0015930867963809803, "data_time": 0.7199498653411865, "loss": 7.792389011383056, "decode.loss_ce": 1.2628678619861602, "decode.acc_seg": 67.76272583007812, "aux_0.loss_ce": 2.168494987487793, "aux_0.acc_seg": 52.87616729736328, "aux_1.loss_ce": 1.5915555357933044, "aux_1.acc_seg": 59.518165588378906, "aux_2.loss_ce": 1.3895134449005127, "aux_2.acc_seg": 63.34061050415039, "aux_3.loss_ce": 1.379957115650177, "aux_3.acc_seg": 63.747779846191406, "time": 0.912935209274292, "iter": 100, "memory": 19198, "step": 100}
{"aAcc": 54.22, "mIoU": 11.04, "mAcc": 17.68, "avg_val_loss": 9.35230964352513, "data_time": 0.12155174100121786, "time": 0.20795270176820976, "step": 100}
{"lr": 0.002191123271301943, "data_time": 0.6893009185791016, "loss": 6.566373825073242, "decode.loss_ce": 1.0803322553634644, "decode.acc_seg": 74.89555358886719, "aux_0.loss_ce": 1.646014940738678, "aux_0.acc_seg": 67.33866882324219, "aux_1.loss_ce": 1.3880409955978394, "aux_1.acc_seg": 71.13944244384766, "aux_2.loss_ce": 1.248081421852112, "aux_2.acc_seg": 71.87794494628906, "aux_3.loss_ce": 1.2039041757583617, "aux_3.acc_seg": 68.91055297851562, "time": 0.8862883090972901, "iter": 200, "memory": 10746, "step": 200}
{"aAcc": 57.21, "mIoU": 13.04, "mAcc": 20.97, "avg_val_loss": 8.745409603704488, "data_time": 0.1346585750579834, "time": 0.21365665019243613, "step": 200}
{"lr": 0.0027881034698292294, "data_time": 0.21760802268981932, "loss": 6.080330276489258, "decode.loss_ce": 0.9777358889579773, "decode.acc_seg": 68.97161102294922, "aux_0.loss_ce": 1.4611134648323059, "aux_0.acc_seg": 56.24177932739258, "aux_1.loss_ce": 1.2909117817878724, "aux_1.acc_seg": 62.30472183227539, "aux_2.loss_ce": 1.1787568569183349, "aux_2.acc_seg": 63.85466766357422, "aux_3.loss_ce": 1.1718122065067291, "aux_3.acc_seg": 64.43516540527344, "time": 0.9777769565582275, "iter": 300, "memory": 2889, "step": 300}
{"aAcc": 47.26, "mIoU": 12.16, "mAcc": 21.21, "avg_val_loss": 8.814290245432138, "data_time": 0.1264364417942091, "time": 0.20828980961065183, "step": 300}
{"lr": 0.0033840217450599877, "data_time": 0.5727571010589599, "loss": 5.248981571197509, "decode.loss_ce": 0.846352219581604, "decode.acc_seg": 57.79105758666992, "aux_0.loss_ce": 1.2646844625473022, "aux_0.acc_seg": 53.73877716064453, "aux_1.loss_ce": 1.1138125360012054, "aux_1.acc_seg": 55.00788879394531, "aux_2.loss_ce": 1.0309444963932037, "aux_2.acc_seg": 52.368221282958984, "aux_3.loss_ce": 0.9931878328323365, "aux_3.acc_seg": 54.027889251708984, "time": 0.8993255853652954, "iter": 400, "memory": 2889, "step": 400}
{"aAcc": 48.88, "mIoU": 13.31, "mAcc": 24.68, "avg_val_loss": 8.691149272373197, "data_time": 0.12027029333443477, "time": 0.20399432072694273, "step": 400}
{"lr": 0.003978874422200742, "data_time": 0.23722927570343016, "loss": 5.953489828109741, "decode.loss_ce": 0.987147969007492, "decode.acc_seg": 61.62889099121094, "aux_0.loss_ce": 1.4108669638633728, "aux_0.acc_seg": 47.30744552612305, "aux_1.loss_ce": 1.2601914167404176, "aux_1.acc_seg": 53.27199935913086, "aux_2.loss_ce": 1.1565277695655822, "aux_2.acc_seg": 53.02044677734375, "aux_3.loss_ce": 1.1387556731700896, "aux_3.acc_seg": 53.56222152709961, "time": 0.9461237907409668, "iter": 500, "memory": 2889, "step": 500}
{"aAcc": 51.73, "mIoU": 15.71, "mAcc": 26.83, "avg_val_loss": 8.536363546733272, "data_time": 0.11453444656284376, "time": 0.1988281518563457, "step": 500}
