{"lr": 0.0050220502205022026, "data_time": 0.03333358764648438, "loss": 9.628159618377685, "decode.loss_ce": 1.841533124446869, "decode.acc_seg": 46.60599899291992, "aux_0.loss_ce": 2.273770570755005, "aux_0.acc_seg": 29.474445343017578, "aux_1.loss_ce": 1.885756826400757, "aux_1.acc_seg": 51.12244415283203, "aux_2.loss_ce": 1.7549447536468505, "aux_2.acc_seg": 42.712890625, "aux_3.loss_ce": 1.8721544742584229, "aux_3.acc_seg": 27.131555557250977, "time": 0.12129497528076172, "iter": 50, "memory": 17408, "step": 50}
