{"lr": 0.0050220502205022026, "data_time": 0.0731051206588745, "loss": 8.82427978515625, "decode.loss_ce": 1.534645414352417, "decode.acc_seg": 47.61288833618164, "aux_0.loss_ce": 2.2285464286804197, "aux_0.acc_seg": 70.28578186035156, "aux_1.loss_ce": 1.7500364899635314, "aux_1.acc_seg": 49.87889099121094, "aux_2.loss_ce": 1.6051580548286437, "aux_2.acc_seg": 48.540443420410156, "aux_3.loss_ce": 1.7058932185173035, "aux_3.acc_seg": 43.359779357910156, "time": 0.15365278720855713, "iter": 50, "memory": 17408, "step": 50}
{"aAcc": 37.29, "mIoU": 6.04, "mAcc": 9.93, "val_loss": 15.971846850141974, "data_time": 0.005549743517761973, "time": 0.36170027725887993, "step": 50}
{"lr": 0.00504455044550445, "data_time": 0.0035132646560668947, "loss": 8.13999891281128, "decode.loss_ce": 1.5558448672294616, "decode.acc_seg": 32.955780029296875, "aux_0.loss_ce": 1.8435135245323182, "aux_0.acc_seg": 33.7597770690918, "aux_1.loss_ce": 1.633976662158966, "aux_1.acc_seg": 44.023555755615234, "aux_2.loss_ce": 1.531462061405182, "aux_2.acc_seg": 37.2857780456543, "aux_3.loss_ce": 1.575201725959778, "aux_3.acc_seg": 34.781333923339844, "time": 0.17405142784118652, "iter": 100, "memory": 901, "step": 100}
{"aAcc": 32.87, "mIoU": 6.72, "mAcc": 12.68, "val_loss": 11.49882358603007, "data_time": 0.004817669831433342, "time": 0.36371004234239895, "step": 100}
{"lr": 0.005067050670506697, "data_time": 0.06561906337738037, "loss": 8.127789783477784, "decode.loss_ce": 1.5492769181728363, "decode.acc_seg": 69.64221954345703, "aux_0.loss_ce": 1.7312385439872742, "aux_0.acc_seg": 64.71910858154297, "aux_1.loss_ce": 1.6096313714981079, "aux_1.acc_seg": 66.27777862548828, "aux_2.loss_ce": 1.5675703167915345, "aux_2.acc_seg": 67.27889251708984, "aux_3.loss_ce": 1.6700725317001344, "aux_3.acc_seg": 66.38622283935547, "time": 0.14647254943847657, "iter": 150, "memory": 901, "step": 150}
{"aAcc": 58.47, "mIoU": 12.4, "mAcc": 20.33, "val_loss": 9.727237835217915, "data_time": 0.005031991930841242, "time": 0.36896690813083094, "step": 150}
{"lr": 0.005089550895508947, "data_time": 0.0035829067230224608, "loss": 8.562138652801513, "decode.loss_ce": 1.4981901049613953, "decode.acc_seg": 48.44044494628906, "aux_0.loss_ce": 1.9346878290176392, "aux_0.acc_seg": 48.0184440612793, "aux_1.loss_ce": 1.6897652268409729, "aux_1.acc_seg": 52.07866668701172, "aux_2.loss_ce": 1.6098179340362548, "aux_2.acc_seg": 45.898887634277344, "aux_3.loss_ce": 1.8296776056289672, "aux_3.acc_seg": 39.012001037597656, "time": 0.17847542762756347, "iter": 200, "memory": 901, "step": 200}
