{"aAcc": 87.94, "mIoU": 61.59, "mAcc": 71.77, "data_time": 5.230784758125863, "time": 5.256791806802517}