{"lr": 0.0050220502205022026, "data_time": 0.026523542404174805, "loss": 9.654178524017334, "decode.loss_ce": 1.7223561644554137, "decode.acc_seg": 32.90355682373047, "aux_0.loss_ce": 2.4105490922927855, "aux_0.acc_seg": 28.2451114654541, "aux_1.loss_ce": 1.9125798225402832, "aux_1.acc_seg": 30.608444213867188, "aux_2.loss_ce": 1.8247559189796447, "aux_2.acc_seg": 33.50422286987305, "aux_3.loss_ce": 1.7839374780654906, "aux_3.acc_seg": 36.134666442871094, "time": 0.10606503486633301, "iter": 50, "memory": 17408, "step": 50}
{"aAcc": 64.51, "mIoU": 11.17, "mAcc": 15.96, "val_loss": 9.114081814794389, "data_time": 0.005936106336087786, "time": 0.3471298252579069, "step": 50}
{"lr": 0.00504455044550445, "data_time": 0.05014982223510742, "loss": 9.121993684768677, "decode.loss_ce": 1.7295839428901671, "decode.acc_seg": 57.69377899169922, "aux_0.loss_ce": 2.077945601940155, "aux_0.acc_seg": 26.438888549804688, "aux_1.loss_ce": 1.7940953850746155, "aux_1.acc_seg": 34.81822204589844, "aux_2.loss_ce": 1.7654583215713502, "aux_2.acc_seg": 52.89666748046875, "aux_3.loss_ce": 1.7549104928970336, "aux_3.acc_seg": 49.02377700805664, "time": 0.13978488445281984, "iter": 100, "memory": 901, "step": 100}
