{"lr": 0.0050220502205022026, "data_time": 0.05549623966217041, "loss": 10.385128784179688, "decode.loss_ce": 1.8268733382225038, "decode.acc_seg": 30.06711196899414, "aux_0.loss_ce": 2.4855944395065306, "aux_0.acc_seg": 10.251333236694336, "aux_1.loss_ce": 2.0563632011413575, "aux_1.acc_seg": 41.51066589355469, "aux_2.loss_ce": 1.987575626373291, "aux_2.acc_seg": 41.24222183227539, "aux_3.loss_ce": 2.028722143173218, "aux_3.acc_seg": 36.31888961791992, "time": 0.14367871284484862, "iter": 50, "memory": 17408, "step": 50}
