{"lr": 0.005040144980500798, "data_time": 0.007938766479492187, "loss": 5.59477653503418, "decode.loss_ce": 0.6525792360305787, "decode.acc_seg": 72.44283294677734, "aux_0.loss_ce": 1.5048992872238158, "aux_0.acc_seg": 55.150970458984375, "aux_1.loss_ce": 1.2823585093021392, "aux_1.acc_seg": 60.45989990234375, "aux_2.loss_ce": 1.1110627233982087, "aux_2.acc_seg": 58.17997741699219, "aux_3.loss_ce": 1.0438767910003661, "aux_3.acc_seg": 59.39800262451172, "time": 0.3999199628829956, "iter": 100, "memory": 39243, "step": 100}
{"aAcc": 77.75, "mIoU": 25.19, "mAcc": 30.73, "data_time": 0.047488105587842985, "time": 0.07247864560383122, "step": 100}
{"lr": 0.005080615216132712, "data_time": 0.009781622886657714, "loss": 5.077641201019287, "decode.loss_ce": 0.5956838518381119, "decode.acc_seg": 81.17852783203125, "aux_0.loss_ce": 1.367752492427826, "aux_0.acc_seg": 65.31609344482422, "aux_1.loss_ce": 1.1683631479740142, "aux_1.acc_seg": 66.4900894165039, "aux_2.loss_ce": 1.0134643614292145, "aux_2.acc_seg": 68.6503677368164, "aux_3.loss_ce": 0.9323773205280304, "aux_3.acc_seg": 67.64021301269531, "time": 0.40913968086242675, "iter": 200, "memory": 6378, "step": 200}
{"aAcc": 69.08, "mIoU": 19.9, "mAcc": 26.06, "data_time": 0.011881764652659593, "time": 0.03380439582380276, "step": 200}
{"lr": 0.005121004778430786, "data_time": 0.008268189430236817, "loss": 5.734093451499939, "decode.loss_ce": 0.6876483023166656, "decode.acc_seg": 85.0061264038086, "aux_0.loss_ce": 1.4551635444164277, "aux_0.acc_seg": 75.4886703491211, "aux_1.loss_ce": 1.3098368167877197, "aux_1.acc_seg": 78.87789154052734, "aux_2.loss_ce": 1.1902385830879212, "aux_2.acc_seg": 80.96168518066406, "aux_3.loss_ce": 1.0912062525749207, "aux_3.acc_seg": 78.18376159667969, "time": 0.4103260517120361, "iter": 300, "memory": 6378, "step": 300}
{"aAcc": 74.42, "mIoU": 27.11, "mAcc": 34.24, "data_time": 0.012333354903656302, "time": 0.03427307698333148, "step": 300}
{"lr": 0.00516131364708311, "data_time": 0.00825953483581543, "loss": 4.985359621047974, "decode.loss_ce": 0.5130766332149506, "decode.acc_seg": 83.1268081665039, "aux_0.loss_ce": 1.309811931848526, "aux_0.acc_seg": 63.48210906982422, "aux_1.loss_ce": 1.1739409625530244, "aux_1.acc_seg": 67.2594985961914, "aux_2.loss_ce": 1.0312427878379822, "aux_2.acc_seg": 69.41726684570312, "aux_3.loss_ce": 0.9572872936725616, "aux_3.acc_seg": 70.28025817871094, "time": 0.4100867986679077, "iter": 400, "memory": 6378, "step": 400}
{"aAcc": 81.42, "mIoU": 34.57, "mAcc": 41.38, "data_time": 0.012545509245789167, "time": 0.03443100382980791, "step": 400}
{"lr": 0.005201541801877408, "data_time": 0.008082699775695801, "loss": 4.290184259414673, "decode.loss_ce": 0.46279020607471466, "decode.acc_seg": 86.48391723632812, "aux_0.loss_ce": 1.1916483104228974, "aux_0.acc_seg": 69.16140747070312, "aux_1.loss_ce": 1.0237337350845337, "aux_1.acc_seg": 74.70293426513672, "aux_2.loss_ce": 0.8507697582244873, "aux_2.acc_seg": 77.46592712402344, "aux_3.loss_ce": 0.7612422823905944, "aux_3.acc_seg": 77.21650695800781, "time": 0.41042776107788087, "iter": 500, "memory": 6378, "step": 500}
{"aAcc": 81.99, "mIoU": 36.22, "mAcc": 42.77, "data_time": 0.011442744616165903, "time": 0.033396704683026066, "step": 500}
{"lr": 0.005241689222698065, "data_time": 0.008406424522399902, "loss": 4.810267210006714, "decode.loss_ce": 0.4902890369296074, "decode.acc_seg": 93.84989929199219, "aux_0.loss_ce": 1.3124008297920227, "aux_0.acc_seg": 82.18583679199219, "aux_1.loss_ce": 1.117058676481247, "aux_1.acc_seg": 84.842041015625, "aux_2.loss_ce": 0.9626573979854584, "aux_2.acc_seg": 85.21349334716797, "aux_3.loss_ce": 0.9278612613677979, "aux_3.acc_seg": 85.5274429321289, "time": 0.4113933801651001, "iter": 600, "memory": 6378, "step": 600}
{"aAcc": 83.34, "mIoU": 39.32, "mAcc": 45.95, "data_time": 0.012978971583171956, "time": 0.034833911553169915, "step": 600}
{"lr": 0.005281755889523201, "data_time": 0.009730863571166991, "loss": 4.008941054344177, "decode.loss_ce": 0.3955241978168488, "decode.acc_seg": 89.136962890625, "aux_0.loss_ce": 1.0855671525001527, "aux_0.acc_seg": 77.65938568115234, "aux_1.loss_ce": 0.9374966204166413, "aux_1.acc_seg": 79.29226684570312, "aux_2.loss_ce": 0.8161309778690338, "aux_2.acc_seg": 82.12321472167969, "aux_3.loss_ce": 0.7742219418287277, "aux_3.acc_seg": 77.86055755615234, "time": 0.41272571086883547, "iter": 700, "memory": 6378, "step": 700}
{"aAcc": 83.91, "mIoU": 42.0, "mAcc": 48.17, "data_time": 0.015080939218835923, "time": 0.037044257793611694, "step": 700}
{"lr": 0.005321741782421746, "data_time": 0.008942651748657226, "loss": 4.526001143455505, "decode.loss_ce": 0.44973374903202057, "decode.acc_seg": 82.6601333618164, "aux_0.loss_ce": 1.2319922983646392, "aux_0.acc_seg": 47.329185485839844, "aux_1.loss_ce": 1.0505354285240174, "aux_1.acc_seg": 62.698883056640625, "aux_2.loss_ce": 0.9063324213027955, "aux_2.acc_seg": 65.1896743774414, "aux_3.loss_ce": 0.8874072790145874, "aux_3.acc_seg": 67.0236587524414, "time": 0.41215612888336184, "iter": 800, "memory": 6378, "step": 800}
{"aAcc": 84.62, "mIoU": 42.43, "mAcc": 49.35, "data_time": 0.012094726840269219, "time": 0.03407304842495224, "step": 800}
{"lr": 0.005361646881550746, "data_time": 0.00893406867980957, "loss": 4.479660415649414, "decode.loss_ce": 0.4344719618558884, "decode.acc_seg": 87.59661865234375, "aux_0.loss_ce": 1.2333904325962066, "aux_0.acc_seg": 63.0673942565918, "aux_1.loss_ce": 1.0554538130760194, "aux_1.acc_seg": 69.01687622070312, "aux_2.loss_ce": 0.9106014847755433, "aux_2.acc_seg": 73.88898468017578, "aux_3.loss_ce": 0.845742666721344, "aux_3.acc_seg": 76.70399475097656, "time": 0.4126991033554077, "iter": 900, "memory": 6378, "step": 900}
{"aAcc": 73.84, "mIoU": 36.85, "mAcc": 46.33, "data_time": 0.014022843351641905, "time": 0.03621732609943279, "step": 900}
{"lr": 0.005401471167152687, "data_time": 0.00891129970550537, "loss": 4.326849031448364, "decode.loss_ce": 0.4555227249860764, "decode.acc_seg": 84.48512268066406, "aux_0.loss_ce": 1.2438241243362427, "aux_0.acc_seg": 56.872467041015625, "aux_1.loss_ce": 1.050932663679123, "aux_1.acc_seg": 61.164085388183594, "aux_2.loss_ce": 0.8304374873638153, "aux_2.acc_seg": 67.72699737548828, "aux_3.loss_ce": 0.7461320281028747, "aux_3.acc_seg": 71.86892700195312, "time": 0.41290993690490724, "iter": 1000, "memory": 6378, "step": 1000}
{"aAcc": 84.97, "mIoU": 44.42, "mAcc": 51.77, "data_time": 0.011174868611456121, "time": 0.03307574119382692, "step": 1000}
