{"lr": 0.0015943962641761188, "data_time": 0.3421647310256958, "loss": 2.221106255054474, "decode.loss_ce": 0.9976432979106903, "decode.acc_seg": 74.6852798461914, "aux_0.loss_ce": 0.4451705187559128, "aux_0.acc_seg": 63.1337776184082, "aux_1.loss_ce": 0.3424022257328033, "aux_1.acc_seg": 68.8530044555664, "aux_2.loss_ce": 0.24402928054332734, "aux_2.acc_seg": 57.830501556396484, "aux_3.loss_ce": 0.1918609231710434, "aux_3.acc_seg": 71.1175537109375, "time": 0.523561954498291, "iter": 100, "memory": 19772, "step": 100}
{"aAcc": 63.39, "mIoU": 42.5, "mAcc": 58.2, "avg_val_loss": 3.2901067275401443, "data_time": 0.011885881423950195, "time": 0.12637949544329977, "step": 100}
{"lr": 0.002194796531020685, "data_time": 0.012113308906555176, "loss": 1.7196393013000488, "decode.loss_ce": 0.7823456466197968, "decode.acc_seg": 82.12044525146484, "aux_0.loss_ce": 0.3586880058050156, "aux_0.acc_seg": 70.19711303710938, "aux_1.loss_ce": 0.2979210510849953, "aux_1.acc_seg": 72.70800018310547, "aux_2.loss_ce": 0.1551376223564148, "aux_2.acc_seg": 76.84222412109375, "aux_3.loss_ce": 0.12554700002074243, "aux_3.acc_seg": 78.28977966308594, "time": 0.515150785446167, "iter": 200, "memory": 34383, "step": 200}
{"aAcc": 58.17, "mIoU": 40.91, "mAcc": 57.35, "avg_val_loss": 3.183935687599475, "data_time": 0.008213895490799827, "time": 0.08775437289270861, "step": 200}
{"lr": 0.0027951967978652476, "data_time": 0.28246731758117677, "loss": 1.4633940696716308, "decode.loss_ce": 0.6739038109779358, "decode.acc_seg": 88.2776107788086, "aux_0.loss_ce": 0.3119346916675568, "aux_0.acc_seg": 79.5457763671875, "aux_1.loss_ce": 0.27051683366298673, "aux_1.acc_seg": 80.93844604492188, "aux_2.loss_ce": 0.10876877084374428, "aux_2.acc_seg": 85.47911071777344, "aux_3.loss_ce": 0.09826992973685264, "aux_3.acc_seg": 85.96866607666016, "time": 0.6320334672927856, "iter": 300, "memory": 2908, "step": 300}
{"aAcc": 68.57, "mIoU": 48.22, "mAcc": 63.2, "avg_val_loss": 3.0585324542259262, "data_time": 0.007254641631553913, "time": 0.08493471967762914, "step": 300}
{"lr": 0.0033955970647098093, "data_time": 0.2588555335998535, "loss": 1.424956238269806, "decode.loss_ce": 0.65131516456604, "decode.acc_seg": 81.0899429321289, "aux_0.loss_ce": 0.30909873843193053, "aux_0.acc_seg": 68.82994842529297, "aux_1.loss_ce": 0.2866064622998238, "aux_1.acc_seg": 68.64038848876953, "aux_2.loss_ce": 0.09137980416417121, "aux_2.acc_seg": 82.94110870361328, "aux_3.loss_ce": 0.08655605763196945, "aux_3.acc_seg": 82.88439178466797, "time": 0.5235721349716187, "iter": 400, "memory": 2908, "step": 400}
{"aAcc": 76.14, "mIoU": 55.95, "mAcc": 68.85, "avg_val_loss": 2.922494774820468, "data_time": 0.008208546145208951, "time": 0.08678344748486047, "step": 400}
{"lr": 0.003995997331554373, "data_time": 0.3100429534912109, "loss": 1.50407133102417, "decode.loss_ce": 0.6795399844646454, "decode.acc_seg": 80.1221694946289, "aux_0.loss_ce": 0.3354086399078369, "aux_0.acc_seg": 64.50383758544922, "aux_1.loss_ce": 0.3052168905735016, "aux_1.acc_seg": 63.52244567871094, "aux_2.loss_ce": 0.09286877140402794, "aux_2.acc_seg": 79.65716552734375, "aux_3.loss_ce": 0.09103707671165466, "aux_3.acc_seg": 79.78316497802734, "time": 0.493436598777771, "iter": 500, "memory": 2908, "step": 500}
{"aAcc": 74.25, "mIoU": 54.53, "mAcc": 68.08, "avg_val_loss": 2.897492424178629, "data_time": 0.007397122766779757, "time": 0.08841320564006937, "step": 500}
{"lr": 0.0045963975983989375, "data_time": 0.44697701930999756, "loss": 1.349813163280487, "decode.loss_ce": 0.5939146161079407, "decode.acc_seg": 83.61277770996094, "aux_0.loss_ce": 0.31180459558963775, "aux_0.acc_seg": 69.92322540283203, "aux_1.loss_ce": 0.27882540673017503, "aux_1.acc_seg": 69.92810821533203, "aux_2.loss_ce": 0.08427254110574722, "aux_2.acc_seg": 84.52694702148438, "aux_3.loss_ce": 0.0809960313141346, "aux_3.acc_seg": 84.13788604736328, "time": 0.6319640636444092, "iter": 600, "memory": 2908, "step": 600}
{"aAcc": 74.14, "mIoU": 53.73, "mAcc": 67.36, "avg_val_loss": 2.8561427754605986, "data_time": 0.008339829828547335, "time": 0.08841647772953429, "step": 600}
{"lr": 0.005196797865243495, "data_time": 0.43402857780456544, "loss": 1.3879338085651398, "decode.loss_ce": 0.6317759662866592, "decode.acc_seg": 84.4834976196289, "aux_0.loss_ce": 0.30250158309936526, "aux_0.acc_seg": 67.13916778564453, "aux_1.loss_ce": 0.28944144695997237, "aux_1.acc_seg": 68.56549835205078, "aux_2.loss_ce": 0.08262776024639606, "aux_2.acc_seg": 83.73271942138672, "aux_3.loss_ce": 0.08158703334629536, "aux_3.acc_seg": 83.90922546386719, "time": 0.6156260251998902, "iter": 700, "memory": 2908, "step": 700}
{"aAcc": 61.42, "mIoU": 41.36, "mAcc": 58.42, "avg_val_loss": 2.968825961941653, "data_time": 0.007326802988161986, "time": 0.09007934318191704, "step": 700}
{"lr": 0.005797198132088056, "data_time": 0.21838955879211425, "loss": 1.265777826309204, "decode.loss_ce": 0.5539483964443207, "decode.acc_seg": 92.50550079345703, "aux_0.loss_ce": 0.29214897751808167, "aux_0.acc_seg": 84.95327758789062, "aux_1.loss_ce": 0.2689595893025398, "aux_1.acc_seg": 84.36077880859375, "aux_2.loss_ce": 0.07650552839040756, "aux_2.acc_seg": 90.40277862548828, "aux_3.loss_ce": 0.07421533949673176, "aux_3.acc_seg": 90.91844177246094, "time": 0.5711607933044434, "iter": 800, "memory": 2908, "step": 800}
{"aAcc": 76.35, "mIoU": 56.2, "mAcc": 69.05, "avg_val_loss": 2.9431357360676436, "data_time": 0.007504169968352921, "time": 0.09023413438906615, "step": 800}
{"lr": 0.006397598398932616, "data_time": 0.010010981559753418, "loss": 1.2415467560291291, "decode.loss_ce": 0.5436048299074173, "decode.acc_seg": 87.0002212524414, "aux_0.loss_ce": 0.2894499137997627, "aux_0.acc_seg": 77.10166931152344, "aux_1.loss_ce": 0.2627358704805374, "aux_1.acc_seg": 76.7348861694336, "aux_2.loss_ce": 0.07343564853072167, "aux_2.acc_seg": 88.43522644042969, "aux_3.loss_ce": 0.0723204929381609, "aux_3.acc_seg": 87.03894805908203, "time": 0.5192152500152588, "iter": 900, "memory": 2908, "step": 900}
{"aAcc": 75.45, "mIoU": 54.69, "mAcc": 68.13, "avg_val_loss": 2.908624284866232, "data_time": 0.009274427918182022, "time": 0.09045208185568623, "step": 900}
{"lr": 0.0069979986657771765, "data_time": 0.18194308280944824, "loss": 1.253560483455658, "decode.loss_ce": 0.5367746442556381, "decode.acc_seg": 87.67394256591797, "aux_0.loss_ce": 0.3004904121160507, "aux_0.acc_seg": 71.23611450195312, "aux_1.loss_ce": 0.27326787561178206, "aux_1.acc_seg": 73.54672241210938, "aux_2.loss_ce": 0.07214025668799877, "aux_2.acc_seg": 88.14383697509766, "aux_3.loss_ce": 0.07088729590177537, "aux_3.acc_seg": 87.28927612304688, "time": 0.666440486907959, "iter": 1000, "memory": 2908, "step": 1000}
{"aAcc": 72.31, "mIoU": 52.01, "mAcc": 66.3, "avg_val_loss": 2.9241953071795015, "data_time": 0.005948305130004883, "time": 0.08698860256151221, "step": 1000}
{"lr": 0.0075983989326217465, "data_time": 0.026089906692504883, "loss": 1.216862714290619, "decode.loss_ce": 0.5432877600193023, "decode.acc_seg": 88.04122161865234, "aux_0.loss_ce": 0.2752238839864731, "aux_0.acc_seg": 73.8461685180664, "aux_1.loss_ce": 0.2524279966950417, "aux_1.acc_seg": 75.03516387939453, "aux_2.loss_ce": 0.0732612308114767, "aux_2.acc_seg": 87.16806030273438, "aux_3.loss_ce": 0.07266182899475097, "aux_3.acc_seg": 87.29772186279297, "time": 0.5280935764312744, "iter": 1100, "memory": 2908, "step": 1100}
{"aAcc": 77.19, "mIoU": 56.17, "mAcc": 68.88, "avg_val_loss": 2.8713186135303164, "data_time": 0.007640315198350227, "time": 0.09061111800972073, "step": 1100}
