{"lr": 0.005201541801877408, "data_time": 0.044325399398803714, "loss": 6.524054908752442, "decode.loss_ce": 0.8250791519880295, "decode.acc_seg": 59.2511100769043, "aux_0.loss_ce": 1.543744933605194, "aux_0.acc_seg": 38.00555419921875, "aux_1.loss_ce": 1.383067435026169, "aux_1.acc_seg": 30.481555938720703, "aux_2.loss_ce": 1.3391389489173888, "aux_2.acc_seg": 36.97533416748047, "aux_3.loss_ce": 1.4330243825912476, "aux_3.acc_seg": 39.73222351074219, "time": 0.11381983757019043, "iter": 500, "memory": 17409, "step": 500}
