{"lr": 0.0015943962641761188, "data_time": 0.3942826509475708, "loss": 3.866291952133179, "decode.loss_ce": 0.5851376980543137, "decode.acc_seg": 74.04916381835938, "aux_0.loss_ce": 1.4860209941864013, "aux_0.acc_seg": 79.21977996826172, "aux_1.loss_ce": 0.7484867155551911, "aux_1.acc_seg": 80.09461212158203, "aux_2.loss_ce": 0.5334610939025879, "aux_2.acc_seg": 80.12855529785156, "aux_3.loss_ce": 0.5131854265928268, "aux_3.acc_seg": 78.79572296142578, "time": 0.6921328067779541, "iter": 100, "memory": 19652, "step": 100}
{"aAcc": 76.72, "mIoU": 58.57, "mAcc": 71.71, "avg_val_loss": 4.134047844866563, "data_time": 0.013699880866117255, "time": 0.13509825495786446, "step": 100}
{"lr": 0.002194796531020685, "data_time": 0.35832812786102297, "loss": 3.1272734880447386, "decode.loss_ce": 0.5638638377189636, "decode.acc_seg": 68.77205657958984, "aux_0.loss_ce": 0.9102924406528473, "aux_0.acc_seg": 66.33483123779297, "aux_1.loss_ce": 0.608047366142273, "aux_1.acc_seg": 71.22644805908203, "aux_2.loss_ce": 0.5269849807024002, "aux_2.acc_seg": 71.54850006103516, "aux_3.loss_ce": 0.5180848211050033, "aux_3.acc_seg": 72.52410888671875, "time": 0.5763633966445922, "iter": 200, "memory": 34222, "step": 200}
{"aAcc": 44.76, "mIoU": 28.91, "mAcc": 48.45, "avg_val_loss": 4.128232443062535, "data_time": 0.0682695843707556, "time": 0.1599642627540676, "step": 200}
{"lr": 0.0027951967978652476, "data_time": 0.035157203674316406, "loss": 2.4759763956069945, "decode.loss_ce": 0.45982410907745364, "decode.acc_seg": 79.19606018066406, "aux_0.loss_ce": 0.6510546684265137, "aux_0.acc_seg": 76.59972381591797, "aux_1.loss_ce": 0.49057556986808776, "aux_1.acc_seg": 80.38239288330078, "aux_2.loss_ce": 0.4369688332080841, "aux_2.acc_seg": 79.97949981689453, "aux_3.loss_ce": 0.4375531762838364, "aux_3.acc_seg": 79.08638763427734, "time": 0.6996412992477417, "iter": 300, "memory": 3356, "step": 300}
{"aAcc": 78.97, "mIoU": 61.65, "mAcc": 73.95, "avg_val_loss": 3.793142598042479, "data_time": 0.007944770242976046, "time": 0.10193245712367968, "step": 300}
{"lr": 0.0033955970647098093, "data_time": 0.009513568878173829, "loss": 2.1118179082870485, "decode.loss_ce": 0.42236788272857667, "decode.acc_seg": 79.09661102294922, "aux_0.loss_ce": 0.5250635027885437, "aux_0.acc_seg": 81.84683227539062, "aux_1.loss_ce": 0.4001031756401062, "aux_1.acc_seg": 83.7852783203125, "aux_2.loss_ce": 0.3719968944787979, "aux_2.acc_seg": 81.90833282470703, "aux_3.loss_ce": 0.3922864139080048, "aux_3.acc_seg": 80.07500457763672, "time": 0.5486346483230591, "iter": 400, "memory": 3356, "step": 400}
{"aAcc": 78.03, "mIoU": 59.65, "mAcc": 72.12, "avg_val_loss": 3.7520659142418915, "data_time": 0.008425293297603213, "time": 0.10174945031089344, "step": 400}
{"lr": 0.003995997331554373, "data_time": 0.20713338851928711, "loss": 2.1131441235542296, "decode.loss_ce": 0.40294234454631805, "decode.acc_seg": 84.6308364868164, "aux_0.loss_ce": 0.5148182362318039, "aux_0.acc_seg": 78.39116668701172, "aux_1.loss_ce": 0.42222758531570437, "aux_1.acc_seg": 80.74127960205078, "aux_2.loss_ce": 0.38891246914863586, "aux_2.acc_seg": 82.55388641357422, "aux_3.loss_ce": 0.38424349427223203, "aux_3.acc_seg": 83.83216857910156, "time": 0.614857292175293, "iter": 500, "memory": 3356, "step": 500}
{"aAcc": 79.29, "mIoU": 61.38, "mAcc": 73.35, "avg_val_loss": 3.6827226828587682, "data_time": 0.008186839092736957, "time": 0.10199699182619994, "step": 500}
{"lr": 0.0045963975983989375, "data_time": 0.008632016181945801, "loss": 1.8072874903678895, "decode.loss_ce": 0.3333870261907578, "decode.acc_seg": 85.48855590820312, "aux_0.loss_ce": 0.4570563167333603, "aux_0.acc_seg": 86.95933532714844, "aux_1.loss_ce": 0.3599224716424942, "aux_1.acc_seg": 87.25405883789062, "aux_2.loss_ce": 0.3285993903875351, "aux_2.acc_seg": 87.87767028808594, "aux_3.loss_ce": 0.3283223181962967, "aux_3.acc_seg": 86.13394165039062, "time": 0.5513055324554443, "iter": 600, "memory": 3356, "step": 600}
{"aAcc": 77.7, "mIoU": 59.97, "mAcc": 72.63, "avg_val_loss": 3.623623176958942, "data_time": 0.037008233454035616, "time": 0.12958064572564487, "step": 600}
{"lr": 0.005196797865243495, "data_time": 0.17992815971374512, "loss": 1.830101525783539, "decode.loss_ce": 0.34737446904182434, "decode.acc_seg": 87.89678192138672, "aux_0.loss_ce": 0.44917055368423464, "aux_0.acc_seg": 85.9086685180664, "aux_1.loss_ce": 0.35733264982700347, "aux_1.acc_seg": 86.42933654785156, "aux_2.loss_ce": 0.33317193686962127, "aux_2.acc_seg": 86.9168930053711, "aux_3.loss_ce": 0.3430519163608551, "aux_3.acc_seg": 87.82966613769531, "time": 0.6597439765930175, "iter": 700, "memory": 3356, "step": 700}
{"aAcc": 78.85, "mIoU": 61.38, "mAcc": 73.74, "avg_val_loss": 3.563318483400763, "data_time": 0.008742157070116064, "time": 0.10148943703750084, "step": 700}
{"lr": 0.005797198132088056, "data_time": 0.2844961404800415, "loss": 1.781297206878662, "decode.loss_ce": 0.3309097319841385, "decode.acc_seg": 90.68755340576172, "aux_0.loss_ce": 0.4318808734416962, "aux_0.acc_seg": 88.34105682373047, "aux_1.loss_ce": 0.3543180048465729, "aux_1.acc_seg": 89.56016540527344, "aux_2.loss_ce": 0.3370239406824112, "aux_2.acc_seg": 89.4631118774414, "aux_3.loss_ce": 0.32716459780931473, "aux_3.acc_seg": 89.99244689941406, "time": 0.5957971572875976, "iter": 800, "memory": 3356, "step": 800}
{"aAcc": 80.44, "mIoU": 62.15, "mAcc": 73.84, "avg_val_loss": 3.5231641205463404, "data_time": 0.037228773380148, "time": 0.12956649955661817, "step": 800}
{"lr": 0.006397598398932616, "data_time": 0.036740231513977054, "loss": 1.6911709308624268, "decode.loss_ce": 0.3118337750434875, "decode.acc_seg": 87.96588897705078, "aux_0.loss_ce": 0.42596137523651123, "aux_0.acc_seg": 86.50028228759766, "aux_1.loss_ce": 0.3326896637678146, "aux_1.acc_seg": 89.08177947998047, "aux_2.loss_ce": 0.3084536463022232, "aux_2.acc_seg": 88.56455993652344, "aux_3.loss_ce": 0.31223247945308685, "aux_3.acc_seg": 87.59066772460938, "time": 0.5498708009719848, "iter": 900, "memory": 3356, "step": 900}
{"aAcc": 81.45, "mIoU": 64.21, "mAcc": 75.66, "avg_val_loss": 3.465772757404729, "data_time": 0.017837497009628122, "time": 0.11049214724836678, "step": 900}
{"lr": 0.0069979986657771765, "data_time": 0.009594869613647462, "loss": 1.7630489110946654, "decode.loss_ce": 0.3299595594406128, "decode.acc_seg": 89.03250122070312, "aux_0.loss_ce": 0.42166408598423005, "aux_0.acc_seg": 85.5683364868164, "aux_1.loss_ce": 0.3510064989328384, "aux_1.acc_seg": 86.285888671875, "aux_2.loss_ce": 0.3294513523578644, "aux_2.acc_seg": 86.46905517578125, "aux_3.loss_ce": 0.33096743524074557, "aux_3.acc_seg": 88.8395004272461, "time": 0.5830479145050049, "iter": 1000, "memory": 3356, "step": 1000}
{"aAcc": 78.84, "mIoU": 60.89, "mAcc": 73.08, "avg_val_loss": 3.455974035152392, "data_time": 0.007352404210759306, "time": 0.10076834415567332, "step": 1000}
{"lr": 0.0075983989326217465, "data_time": 0.011479592323303223, "loss": 1.7732496380805969, "decode.loss_ce": 0.32726168632507324, "decode.acc_seg": 88.06327819824219, "aux_0.loss_ce": 0.43137329518795015, "aux_0.acc_seg": 82.8185043334961, "aux_1.loss_ce": 0.3483658045530319, "aux_1.acc_seg": 86.5189437866211, "aux_2.loss_ce": 0.32935073375701907, "aux_2.acc_seg": 86.23222351074219, "aux_3.loss_ce": 0.33689813166856764, "aux_3.acc_seg": 86.96705627441406, "time": 0.49785747528076174, "iter": 1100, "memory": 3356, "step": 1100}
{"aAcc": 80.71, "mIoU": 62.78, "mAcc": 74.42, "avg_val_loss": 3.38799657581581, "data_time": 0.02373355010460163, "time": 0.11594782478507908, "step": 1100}
{"lr": 0.008198799199466306, "data_time": 0.4240835905075073, "loss": 1.6235411882400512, "decode.loss_ce": 0.2980956584215164, "decode.acc_seg": 87.47650146484375, "aux_0.loss_ce": 0.40089414417743685, "aux_0.acc_seg": 84.30322265625, "aux_1.loss_ce": 0.32307622134685515, "aux_1.acc_seg": 85.75372314453125, "aux_2.loss_ce": 0.3051785409450531, "aux_2.acc_seg": 85.49211120605469, "aux_3.loss_ce": 0.2962966293096542,