{"lr": 0.0015930867963809803, "data_time": 0.23691024780273437, "loss": 4.700539016723633, "decode.loss_ce": 0.68897864818573, "decode.acc_seg": 60.3297233581543, "aux_0.loss_ce": 1.6094503283500672, "aux_0.acc_seg": 59.63216781616211, "aux_1.loss_ce": 0.9984231352806091, "aux_1.acc_seg": 60.64710998535156, "aux_2.loss_ce": 0.7309143364429473, "aux_2.acc_seg": 61.43894577026367, "aux_3.loss_ce": 0.6727725684642791, "aux_3.acc_seg": 60.43244552612305, "time": 0.5293920278549195, "iter": 100, "memory": 19198, "step": 100}
{"aAcc": 78.21, "mIoU": 45.66, "mAcc": 56.46, "avg_val_loss": 3.8926475954069044, "data_time": 0.004627412690056695, "time": 0.08666022459665934, "step": 100}
{"lr": 0.002191123271301943, "data_time": 0.35710821151733396, "loss": 3.9531584978103638, "decode.loss_ce": 0.6800787329673768, "decode.acc_seg": 76.15983581542969, "aux_0.loss_ce": 1.0598984360694885, "aux_0.acc_seg": 72.80833435058594, "aux_1.loss_ce": 0.8096759021282196, "aux_1.acc_seg": 75.808837890625, "aux_2.loss_ce": 0.719633948802948, "aux_2.acc_seg": 78.02422332763672, "aux_3.loss_ce": 0.6838715225458145, "aux_3.acc_seg": 76.70533752441406, "time": 0.5591103553771972, "iter": 200, "memory": 2889, "step": 200}
{"aAcc": 78.43, "mIoU": 45.07, "mAcc": 56.19, "avg_val_loss": 3.6966662514163335, "data_time": 0.0040859858899846046, "time": 0.09034149556889502, "step": 200}
{"lr": 0.0027881034698292294, "data_time": 0.3018667221069336, "loss": 3.65121808052063, "decode.loss_ce": 0.6446162641048432, "decode.acc_seg": 76.76205444335938, "aux_0.loss_ce": 0.9498380720615387, "aux_0.acc_seg": 54.87022399902344, "aux_1.loss_ce": 0.7694641888141632, "aux_1.acc_seg": 64.30166625976562, "aux_2.loss_ce": 0.6654440939426423, "aux_2.acc_seg": 67.95166778564453, "aux_3.loss_ce": 0.6218554168939591, "aux_3.acc_seg": 74.88016510009766, "time": 0.5654597520828247, "iter": 300, "memory": 2889, "step": 300}
{"aAcc": 67.16, "mIoU": 37.97, "mAcc": 50.45, "avg_val_loss": 3.613623254766365, "data_time": 0.0038671266213224625, "time": 0.09008245933346631, "step": 300}
{"lr": 0.0033840217450599877, "data_time": 0.27852954864501955, "loss": 3.531351089477539, "decode.loss_ce": 0.6466174066066742, "decode.acc_seg": 68.10255432128906, "aux_0.loss_ce": 0.8493387639522553, "aux_0.acc_seg": 61.33061218261719, "aux_1.loss_ce": 0.737508350610733, "aux_1.acc_seg": 65.09200286865234, "aux_2.loss_ce": 0.6663905799388885, "aux_2.acc_seg": 67.36566925048828, "aux_3.loss_ce": 0.6314959943294525, "aux_3.acc_seg": 70.04411315917969, "time": 0.4815839767456055, "iter": 400, "memory": 2889, "step": 400}
{"aAcc": 78.01, "mIoU": 45.66, "mAcc": 56.4, "avg_val_loss": 3.9790281508370686, "data_time": 0.0039827395437033375, "time": 0.09056993492955379, "step": 400}
{"lr": 0.003978874422200742, "data_time": 0.1959890604019165, "loss": 3.3483716249465942, "decode.loss_ce": 0.5976816445589066, "decode.acc_seg": 77.28816986083984, "aux_0.loss_ce": 0.8133957922458649, "aux_0.acc_seg": 69.61144256591797, "aux_1.loss_ce": 0.7209108769893646, "aux_1.acc_seg": 70.20899963378906, "aux_2.loss_ce": 0.6352032065391541, "aux_2.acc_seg": 73.95649719238281, "aux_3.loss_ce": 0.5811801284551621, "aux_3.acc_seg": 77.62450408935547, "time": 0.49391162395477295, "iter": 500, "memory": 2889, "step": 500}
{"aAcc": 55.32, "mIoU": 28.77, "mAcc": 42.18, "avg_val_loss": 4.064451625774116, "data_time": 0.004004702599772857, "time": 0.09069900819309007, "step": 500}
{"lr": 0.004572658891684879, "data_time": 0.02895379066467285, "loss": 3.0888265132904054, "decode.loss_ce": 0.5364014983177186, "decode.acc_seg": 68.97777557373047, "aux_0.loss_ce": 0.7965966045856476, "aux_0.acc_seg": 68.21483612060547, "aux_1.loss_ce": 0.643589073419571, "aux_1.acc_seg": 72.57527923583984, "aux_2.loss_ce": 0.571934974193573, "aux_2.acc_seg": 68.54850006103516, "aux_3.loss_ce": 0.5403043836355209, "aux_3.acc_seg": 67.7681655883789, "time": 0.4760488986968994, "iter": 600, "memory": 2889, "step": 600}
{"aAcc": 78.61, "mIoU": 45.76, "mAcc": 56.58, "avg_val_loss": 3.8690461157967877, "data_time": 0.003974779217840563, "time": 0.08911417275997593, "step": 600}
{"lr": 0.005165373185965325, "data_time": 0.10437624454498291, "loss": 3.292770528793335, "decode.loss_ce": 0.6063343346118927, "decode.acc_seg": 70.38166809082031, "aux_0.loss_ce": 0.7881939947605133, "aux_0.acc_seg": 57.87322235107422, "aux_1.loss_ce": 0.6804460227489472, "aux_1.acc_seg": 64.91278076171875, "aux_2.loss_ce": 0.623915296792984, "aux_2.acc_seg": 67.0439453125, "aux_3.loss_ce": 0.5938809454441071, "aux_3.acc_seg": 70.32716369628906, "time": 0.45025861263275146, "iter": 700, "memory": 2889, "step": 700}
