{"lr": 0.0015930867963809803, "data_time": 0.010654592514038086, "loss": 4.014350199699402, "decode.loss_ce": 0.46593999266624453, "decode.acc_seg": 83.86394500732422, "aux_0.loss_ce": 1.676602828502655, "aux_0.acc_seg": 49.47666549682617, "aux_1.loss_ce": 0.9327265560626984, "aux_1.acc_seg": 59.73444366455078, "aux_2.loss_ce": 0.5221885353326797, "aux_2.acc_seg": 77.06033325195312, "aux_3.loss_ce": 0.4168922662734985, "aux_3.acc_seg": 79.4181137084961, "time": 0.3624508619308472, "iter": 100, "memory": 19198, "step": 100}
{"aAcc": 79.46, "mIoU": 47.26, "mAcc": 57.67, "avg_val_loss": 6.500175884588144, "data_time": 0.004845272170172797, "time": 0.08603685749901666, "step": 100}
{"lr": 0.002191123271301943, "data_time": 0.021684646606445312, "loss": 2.942415237426758, "decode.loss_ce": 0.45388695895671843, "decode.acc_seg": 80.91572570800781, "aux_0.loss_ce": 0.9408271014690399, "aux_0.acc_seg": 58.488224029541016, "aux_1.loss_ce": 0.6433987200260163, "aux_1.acc_seg": 71.899169921875, "aux_2.loss_ce": 0.47854920029640197, "aux_2.acc_seg": 82.35755920410156, "aux_3.loss_ce": 0.4257532775402069, "aux_3.acc_seg": 84.07572174072266, "time": 0.4067274570465088, "iter": 200, "memory": 2889, "step": 200}
{"aAcc": 74.36, "mIoU": 43.49, "mAcc": 54.98, "avg_val_loss": 6.187521261470734, "data_time": 0.0039976806175418015, "time": 0.08572644457848796, "step": 200}
{"lr": 0.0027881034698292294, "data_time": 0.237390398979187, "loss": 2.1404642462730408, "decode.loss_ce": 0.2832378923892975, "decode.acc_seg": 91.67527770996094, "aux_0.loss_ce": 0.7465110421180725, "aux_0.acc_seg": 81.34650421142578, "aux_1.loss_ce": 0.4581234514713287, "aux_1.acc_seg": 88.0142822265625, "aux_2.loss_ce": 0.34002518355846406, "aux_2.acc_seg": 89.77183532714844, "aux_3.loss_ce": 0.3125666603446007, "aux_3.acc_seg": 90.16505432128906, "time": 0.4532392740249634, "iter": 300, "memory": 2889, "step": 300}
{"aAcc": 82.09, "mIoU": 50.55, "mAcc": 59.89, "avg_val_loss": 6.270583433997953, "data_time": 0.004206624105077096, "time": 0.08806031717693727, "step": 300}
{"lr": 0.0033840217450599877, "data_time": 0.2479602336883545, "loss": 2.160374617576599, "decode.loss_ce": 0.3304119408130646, "decode.acc_seg": 85.8487777709961, "aux_0.loss_ce": 0.6738661110401154, "aux_0.acc_seg": 61.1256103515625, "aux_1.loss_ce": 0.4531224310398102, "aux_1.acc_seg": 80.98049926757812, "aux_2.loss_ce": 0.35928808748722074, "aux_2.acc_seg": 82.9272232055664, "aux_3.loss_ce": 0.3436860144138336, "aux_3.acc_seg": 85.19828033447266, "time": 0.4490826606750488, "iter": 400, "memory": 2889, "step": 400}
{"aAcc": 56.32, "mIoU": 28.97, "mAcc": 42.92, "avg_val_loss": 6.732374086909751, "data_time": 0.003991720681708562, "time": 0.08904589200495616, "step": 400}
{"lr": 0.003978874422200742, "data_time": 0.02046804428100586, "loss": 1.9936481952667235, "decode.loss_ce": 0.29100176095962527, "decode.acc_seg": 86.57622528076172, "aux_0.loss_ce": 0.6770869791507721, "aux_0.acc_seg": 68.87838745117188, "aux_1.loss_ce": 0.41036503612995145, "aux_1.acc_seg": 79.34466552734375, "aux_2.loss_ce": 0.3152693539857864, "aux_2.acc_seg": 84.49933624267578, "aux_3.loss_ce": 0.29992505311965945, "aux_3.acc_seg": 83.37005615234375, "time": 0.3631758213043213, "iter": 500, "memory": 2889, "step": 500}
{"aAcc": 76.47, "mIoU": 44.87, "mAcc": 55.9, "avg_val_loss": 7.4983237731443495, "data_time": 0.0041084844627295785, "time": 0.08771675706174051, "step": 500}
{"lr": 0.004572658891684879, "data_time": 0.15214719772338867, "loss": 1.9575817823410033, "decode.loss_ce": 0.27832511365413665, "decode.acc_seg": 90.80855560302734, "aux_0.loss_ce": 0.7203251719474792, "aux_0.acc_seg": 78.69300079345703, "aux_1.loss_ce": 0.3701222985982895, "aux_1.acc_seg": 89.30010986328125, "aux_2.loss_ce": 0.2956268504261971, "aux_2.acc_seg": 91.33977508544922, "aux_3.loss_ce": 0.29318239390850065, "aux_3.acc_seg": 90.69844818115234, "time": 0.3632885217666626, "iter": 600, "memory": 2889, "step": 600}
{"aAcc": 74.33, "mIoU": 44.46, "mAcc": 54.7, "avg_val_loss": 7.272737440358589, "data_time": 0.003977872844281588, "time": 0.0884120733933544, "step": 600}
{"lr": 0.005165373185965325, "data_time": 0.1241563081741333, "loss": 2.2504515290260314, "decode.loss_ce": 0.34180126041173936, "decode.acc_seg": 89.59394836425781, "aux_0.loss_ce": 0.6874782472848893, "aux_0.acc_seg": 61.39710998535156, "aux_1.loss_ce": 0.46571256816387174, "aux_1.acc_seg": 78.87188720703125, "aux_2.loss_ce": 0.3856214851140976, "aux_2.acc_seg": 83.10478210449219, "aux_3.loss_ce": 0.36983794420957566, "aux_3.acc_seg": 87.56478118896484, "time": 0.394211745262146, "iter": 700, "memory": 2889, "step": 700}
{"aAcc": 68.08, "mIoU": 37.73, "mAcc": 50.7, "avg_val_loss": 7.719208427946839, "data_time": 0.0039376567578368596, "time": 0.08835246399078031, "step": 700}
{"lr": 0.005757015754784225, "data_time": 0.008614349365234374, "loss": 1.8256623506546021, "decode.loss_ce": 0.2555371090769768, "decode.acc_seg": 91.26200103759766, "aux_0.loss_ce": 0.5879457622766495, "aux_0.acc_seg": 57.62861251831055, "aux_1.loss_ce": 0.3904540240764618, "aux_1.acc_seg": 84.91767120361328, "aux_2.loss_ce": 0.30904714614152906, "aux_2.acc_seg": 88.68011474609375, "aux_3.loss_ce": 0.2826783388853073, "aux_3.acc_seg": 89.76100158691406, "time": 0.35425891876220705, "iter": 800, "memory": 2889, "step": 800}
{"aAcc": 81.15, "mIoU": 49.58, "mAcc": 59.2, "avg_val_loss": 7.8311517789744425, "data_time": 0.004213381236514073, "time": 0.08868473543560426, "step": 800}
{"lr": 0.006347585334568276, "data_time": 0.15973889827728271, "loss": 1.6552207827568055, "decode.loss_ce": 0.22963096499443053, "decode.acc_seg": 86.839111328125, "aux_0.loss_ce": 0.5652958661317825, "aux_0.acc_seg": 85.21500396728516, "aux_1.loss_ce": 0.35079082995653155, "aux_1.acc_seg": 87.03594207763672, "aux_2.loss_ce": 0.2692719861865044, "aux_2.acc_seg": 87.74411010742188, "aux_3.loss_ce": 0.2402311235666275, "aux_3.acc_seg": 89.60755920410156, "time": 0.36173152923583984, "iter": 900, "memory": 2889, "step": 900}
{"aAcc": 59.41, "mIoU": 30.66, "mAcc": 44.5, "avg_val_loss": 7.941807005995063, "data_time": 0.003945831713285256, "time": 0.08774150290140291, "step": 900}
{"lr": 0.0069370808672639134, "data_time": 0.21633374691009521, "loss": 1.678021216392517, "decode.loss_ce": 0.2231700375676155, "decode.acc_seg": 88.82917022705078, "aux_0.loss_ce": 0.6024993121623993, "aux_0.acc_seg": 81.02305603027344, "aux_1.loss_ce": 0.32062851786613467, "aux_1.acc_seg": 90.81716918945312, "aux_2.loss_ce": 0.2640232384204865, "aux_2.acc_seg": 87.91572570800781, "aux_3.loss_ce": 0.2677001282572746, "aux_3.acc_seg": 89.42961120605469, "time": 0.4177652359008789, "iter": 1000, "memory": 2889, "step": 1000}
{"aAcc": 61.91, "mIoU": 32.24, "mAcc": 46.54, "avg_val_loss": 8.831766472632548, "data_time": 0.003966201964080202, "time": 0.08697392882370367, "step": 1000}
{"lr": 0.007525501447207789, "data_time": 0.1122319221496582, "loss": 1.674208664894104, "decode.loss_ce": 0.23181698322296143, "decode.acc_seg": 93.01372528076172, "aux_0.loss_ce": 0.5605913966894149, "aux_0.acc_seg": 82.79755401611328, "aux_1.loss_ce": 0.34947502613067627, "aux_1.acc_seg": 89.34955596923828, "aux_2.loss_ce": 0.28336973637342455, "aux_2.acc_seg": 93.53177642822266, "aux_3.loss_ce": 0.24895553588867186, "aux_3.acc_seg": 93.13866424560547, "time": 0.4520564556121826, "iter": 1100, "memory": 2889, "step": 1100}
{"aAcc": 56.39, "mIoU": 29.62, "mAcc": 43.94, "avg_val_loss": 11.41622732865134, "data_time": 0.0038024173871905207, "time": 0.08752312258447617, "step": 1100}
{"lr": 0.008112846284874206, "data_time": 0.1246405839920044, "loss": 1.9283304810523987, "decode.loss_ce": 0.30654980838298795, "decode.acc_seg": 84.00688934326172, "aux_0.loss_ce": 0.5956550568342209, "aux_0.acc_seg": 65.43905639648438, "aux_1.loss_ce": 0.3863749921321869, "aux_1.acc_seg": 83.42938995361328, "aux_2.loss_ce": 0.3258414909243584, "aux_2.acc_seg": 83.65355682373047, "aux_3.loss_ce": 0.3139091283082962,