{"lr": 0.0015930867963809803, "data_time": 0.1932610511779785, "loss": 6.1557488441467285, "decode.loss_ce": 0.9258865118026733, "decode.acc_seg": 66.2961654663086, "aux_0.loss_ce": 2.07903196811676, "aux_0.acc_seg": 57.38322448730469, "aux_1.loss_ce": 1.3266152262687683, "aux_1.acc_seg": 63.01839065551758, "aux_2.loss_ce": 0.9678150057792664, "aux_2.acc_seg": 67.5455551147461, "aux_3.loss_ce": 0.8563999772071839, "aux_3.acc_seg": 69.49688720703125, "time": 0.3948251485824585, "iter": 100, "memory": 19198, "step": 100}
{"aAcc": 37.95, "mIoU": 19.19, "mAcc": 29.76, "avg_val_loss": 10.237017284708413, "data_time": 0.010971036068228789, "time": 0.101148386334264, "step": 100}
{"lr": 0.002191123271301943, "data_time": 0.1819697856903076, "loss": 4.442773985862732, "decode.loss_ce": 0.7634761512279511, "decode.acc_seg": 74.19261169433594, "aux_0.loss_ce": 1.256774127483368, "aux_0.acc_seg": 63.65672302246094, "aux_1.loss_ce": 0.9469936549663543, "aux_1.acc_seg": 70.2918930053711, "aux_2.loss_ce": 0.7631805539131165, "aux_2.acc_seg": 74.52850341796875, "aux_3.loss_ce": 0.7123494923114777, "aux_3.acc_seg": 74.1419448852539, "time": 0.37953782081604004, "iter": 200, "memory": 10746, "step": 200}
{"aAcc": 56.35, "mIoU": 27.0, "mAcc": 43.22, "avg_val_loss": 8.21055313090832, "data_time": 0.007120738084288849, "time": 0.09029867457247329, "step": 200}
{"lr": 0.0027881034698292294, "data_time": 0.12101051807403565, "loss": 4.256156802177429, "decode.loss_ce": 0.7482078731060028, "decode.acc_seg": 76.72467041015625, "aux_0.loss_ce": 1.115781342983246, "aux_0.acc_seg": 70.6848373413086, "aux_1.loss_ce": 0.8981210827827454, "aux_1.acc_seg": 76.18722534179688, "aux_2.loss_ce": 0.7608240783214569, "aux_2.acc_seg": 77.6177749633789, "aux_3.loss_ce": 0.733222508430481, "aux_3.acc_seg": 75.76477813720703, "time": 0.4173157215118408, "iter": 300, "memory": 2889, "step": 300}
{"aAcc": 53.65, "mIoU": 26.49, "mAcc": 41.72, "avg_val_loss": 7.689476472011552, "data_time": 0.007679974895784225, "time": 0.09263570281280868, "step": 300}
{"lr": 0.0033840217450599877, "data_time": 0.015581893920898437, "loss": 3.900931239128113, "decode.loss_ce": 0.6927413702011108, "decode.acc_seg": 72.68428039550781, "aux_0.loss_ce": 1.003901380300522, "aux_0.acc_seg": 68.10272216796875, "aux_1.loss_ce": 0.8044859230518341, "aux_1.acc_seg": 73.05777740478516, "aux_2.loss_ce": 0.7213592052459716, "aux_2.acc_seg": 69.62210845947266, "aux_3.loss_ce": 0.6784432888031006, "aux_3.acc_seg": 70.62711334228516, "time": 0.4562943935394287, "iter": 400, "memory": 2889, "step": 400}
{"aAcc": 56.83, "mIoU": 26.53, "mAcc": 43.53, "avg_val_loss": 7.175687735366543, "data_time": 0.0074199917672694415, "time": 0.09263627556548722, "step": 400}
{"lr": 0.003978874422200742, "data_time": 0.06791577339172364, "loss": 4.188006281852722, "decode.loss_ce": 0.7511681973934173, "decode.acc_seg": 67.39228057861328, "aux_0.loss_ce": 1.0857350707054139, "aux_0.acc_seg": 60.39927673339844, "aux_1.loss_ce": 0.8785562455654145, "aux_1.acc_seg": 65.55322265625, "aux_2.loss_ce": 0.7674311518669128, "aux_2.acc_seg": 66.96316528320312, "aux_3.loss_ce": 0.7051156103610993, "aux_3.acc_seg": 67.72216796875, "time": 0.4511819362640381, "iter": 500, "memory": 2889, "step": 500}
{"aAcc": 57.61, "mIoU": 26.9, "mAcc": 44.03, "avg_val_loss": 6.826996845390364, "data_time": 0.006684053903338553, "time": 0.09242090685614224, "step": 500}
{"lr": 0.004572658891684879, "data_time": 0.06284480094909668, "loss": 3.729251837730408, "decode.loss_ce": 0.6660949647426605, "decode.acc_seg": 76.53272247314453, "aux_0.loss_ce": 0.9447291135787964, "aux_0.acc_seg": 59.419891357421875, "aux_1.loss_ce": 0.7792787253856659, "aux_1.acc_seg": 70.1497802734375, "aux_2.loss_ce": 0.6859866678714752, "aux_2.acc_seg": 73.16410827636719, "aux_3.loss_ce": 0.6531623542308808, "aux_3.acc_seg": 76.1142807006836, "time": 0.4401536226272583, "iter": 600, "memory": 2889, "step": 600}
{"aAcc": 58.29, "mIoU": 27.65, "mAcc": 44.72, "avg_val_loss": 6.5856705766614185, "data_time": 0.006857803498191395, "time": 0.09231950496805125, "step": 600}
{"lr": 0.005165373185965325, "data_time": 0.00989532470703125, "loss": 4.087254929542541, "decode.loss_ce": 0.7326237499713898, "decode.acc_seg": 73.38439178466797, "aux_0.loss_ce": 1.0082482874393464, "aux_0.acc_seg": 64.40422058105469, "aux_1.loss_ce": 0.8549781620502472, "aux_1.acc_seg": 68.87033081054688, "aux_2.loss_ce": 0.767486846446991, "aux_2.acc_seg": 72.31672668457031, "aux_3.loss_ce": 0.7239178836345672, "aux_3.acc_seg": 74.0086669921875, "time": 0.37848036289215087, "iter": 700, "memory": 2889, "step": 700}
{"aAcc": 51.68, "mIoU": 27.47, "mAcc": 41.1, "avg_val_loss": 6.714877865642135, "data_time": 0.007050653983806741, "time": 0.09271111433533416, "step": 700}
