{"lr": 0.0015943962641761188, "data_time": 0.45506062507629397, "loss": 10.516621685028076, "decode.loss_ce": 2.1061461329460145, "decode.acc_seg": 82.04939270019531, "aux_0.loss_seg": 1.492055082321167, "aux_1.loss_seg": 2.1011281490325926, "aux_2.loss_seg": 2.49761483669281, "aux_3.loss_ce": 2.319677436351776, "aux_3.acc_seg": 76.19122314453125, "time": 0.6414395093917846, "iter": 100, "memory": 35306, "step": 100}
{"aAcc": 57.75, "mIoU": 42.39, "mAcc": 61.07, "avg_val_loss": 14.472042724403025, "data_time": 0.016806879708933277, "time": 0.08037417711213578, "step": 100}
{"lr": 0.002194796531020685, "data_time": 0.2596902370452881, "loss": 9.338657188415528, "decode.loss_ce": 1.837732744216919, "decode.acc_seg": 86.13755798339844, "aux_0.loss_seg": 1.4283829629421234, "aux_1.loss_seg": 1.8340162277221679, "aux_2.loss_seg": 2.240166187286377, "aux_3.loss_ce": 1.99835923910141, "aux_3.acc_seg": 86.07455444335938, "time": 0.5204400777816772, "iter": 200, "memory": 9067, "step": 200}
{"aAcc": 56.81, "mIoU": 41.44, "mAcc": 59.9, "avg_val_loss": 17.330593262499534, "data_time": 0.01718302704822058, "time": 0.07669257569587094, "step": 200}
{"lr": 0.0027951967978652476, "data_time": 0.3596978187561035, "loss": 8.722541809082031, "decode.loss_ce": 1.7043047547340393, "decode.acc_seg": 87.43272399902344, "aux_0.loss_seg": 1.1762584030628205, "aux_1.loss_seg": 1.7987548112869263, "aux_2.loss_seg": 2.3047958254814147, "aux_3.loss_ce": 1.738428032398224, "aux_3.acc_seg": 86.34272003173828, "time": 0.5279814004898071, "iter": 300, "memory": 2445, "step": 300}
{"aAcc": 59.79, "mIoU": 44.44, "mAcc": 62.35, "avg_val_loss": 15.896565303700243, "data_time": 0.01595933135898634, "time": 0.07568644929206235, "step": 300}
{"lr": 0.0033955970647098093, "data_time": 0.22803206443786622, "loss": 8.123709106445313, "decode.loss_ce": 1.726214349269867, "decode.acc_seg": 87.78205871582031, "aux_0.loss_seg": 1.0394084483385087, "aux_1.loss_seg": 1.5724748611450194, "aux_2.loss_seg": 2.0471951961517334, "aux_3.loss_ce": 1.7384162425994873, "aux_3.acc_seg": 87.93144226074219, "time": 0.534068250656128, "iter": 400, "memory": 2445, "step": 400}
{"aAcc": 54.73, "mIoU": 39.9, "mAcc": 59.96, "avg_val_loss": 15.469092013717393, "data_time": 0.01913919668088014, "time": 0.0786302007477859, "step": 400}
{"lr": 0.003995997331554373, "data_time": 0.022551250457763673, "loss": 7.681340551376342, "decode.loss_ce": 1.6462705850601196, "decode.acc_seg": 86.7348861694336, "aux_0.loss_seg": 0.951626580953598, "aux_1.loss_seg": 1.4568968057632445, "aux_2.loss_seg": 1.9095940947532655, "aux_3.loss_ce": 1.7169526100158692, "aux_3.acc_seg": 86.73239135742188, "time": 0.5631152629852295, "iter": 500, "memory": 2445, "step": 500}
{"aAcc": 45.97, "mIoU": 31.3, "mAcc": 52.01, "avg_val_loss": 20.315013463455333, "data_time": 0.009871534917546415, "time": 0.06891185661842084, "step": 500}
