{"lr": 0.0015943962641761188, "data_time": 0.6894822120666504, "loss": 4.798089551925659, "decode.loss_ce": 0.9182919144630433, "decode.acc_seg": 78.4001693725586, "aux_0.loss_ce": 0.8812555432319641, "aux_0.acc_seg": 68.47027587890625, "aux_1.loss_ce": 0.7811946511268616, "aux_1.acc_seg": 64.19650268554688, "aux_2.loss_seg": 1.1568674504756928, "aux_3.loss_seg": 1.060480034351349, "time": 0.8513433933258057, "iter": 100, "memory": 19649, "step": 100}
{"aAcc": 53.36, "mIoU": 28.52, "mAcc": 46.43, "avg_val_loss": 5.300774780281803, "data_time": 0.014771203662073889, "time": 0.10988784390826557, "step": 100}
{"lr": 0.002194796531020685, "data_time": 0.31345467567443847, "loss": 3.560906934738159, "decode.loss_ce": 0.6616407454013824, "decode.acc_seg": 84.06838989257812, "aux_0.loss_ce": 0.5363590866327286, "aux_0.acc_seg": 79.24405670166016, "aux_1.loss_ce": 0.49837262034416197, "aux_1.acc_seg": 78.14733123779297, "aux_2.loss_seg": 0.9914453268051148, "aux_3.loss_seg": 0.8730891704559326, "time": 0.6391692876815795, "iter": 200, "memory": 34244, "step": 200}
{"aAcc": 54.2, "mIoU": 29.42, "mAcc": 46.85, "avg_val_loss": 5.872119955979941, "data_time": 0.031785222305648626, "time": 0.09807284947099357, "step": 200}
{"lr": 0.0027951967978652476, "data_time": 0.03773274421691895, "loss": 3.3025065660476685, "decode.loss_ce": 0.5452219665050506, "decode.acc_seg": 89.7465591430664, "aux_0.loss_ce": 0.4660439223051071, "aux_0.acc_seg": 83.98955535888672, "aux_1.loss_ce": 0.4270788162946701, "aux_1.acc_seg": 85.11211395263672, "aux_2.loss_seg": 0.9944989681243896, "aux_3.loss_seg": 0.8696629345417023, "time": 0.5720799446105957, "iter": 300, "memory": 2738, "step": 300}
{"aAcc": 63.05, "mIoU": 38.15, "mAcc": 53.98, "avg_val_loss": 5.710400981861248, "data_time": 0.029465267027931653, "time": 0.096834196441475, "step": 300}
{"lr": 0.0033955970647098093, "data_time": 0.014725232124328613, "loss": 3.288793659210205, "decode.loss_ce": 0.5213665544986725, "decode.acc_seg": 89.87411499023438, "aux_0.loss_ce": 0.42092218399047854, "aux_0.acc_seg": 84.97344207763672, "aux_1.loss_ce": 0.39285694658756254, "aux_1.acc_seg": 84.26300048828125, "aux_2.loss_seg": 1.0227854192256927, "aux_3.loss_seg": 0.930862557888031, "time": 0.6414849281311035, "iter": 400, "memory": 2738, "step": 400}
{"aAcc": 58.8, "mIoU": 34.49, "mAcc": 51.08, "avg_val_loss": 6.070282906446366, "data_time": 0.0234895300591129, "time": 0.09048245693075246, "step": 400}
{"lr": 0.003995997331554373, "data_time": 0.1222381591796875, "loss": 2.959512734413147, "decode.loss_ce": 0.4728982448577881, "decode.acc_seg": 89.36161041259766, "aux_0.loss_ce": 0.39798830151557923, "aux_0.acc_seg": 83.43311309814453, "aux_1.loss_ce": 0.38174734711647035, "aux_1.acc_seg": 81.92272186279297, "aux_2.loss_seg": 0.9022676765918731, "aux_3.loss_seg": 0.8046111643314362, "time": 0.6165037631988526, "iter": 500, "memory": 2738, "step": 500}
{"aAcc": 61.55, "mIoU": 35.76, "mAcc": 53.71, "avg_val_loss": 6.126286534938895, "data_time": 0.050928041852753736, "time": 0.11847126346895065, "step": 500}
{"lr": 0.0045963975983989375, "data_time": 0.060272502899169925, "loss": 2.8482078075408936, "decode.loss_ce": 0.42448529303073884, "decode.acc_seg": 93.4752197265625, "aux_0.loss_ce": 0.4010825753211975, "aux_0.acc_seg": 87.60588836669922, "aux_1.loss_ce": 0.3549946963787079, "aux_1.acc_seg": 88.0951156616211, "aux_2.loss_seg": 0.8899916231632232, "aux_3.loss_seg": 0.7776535749435425, "time": 0.6121516466140747, "iter": 600, "memory": 2738, "step": 600}
{"aAcc": 61.95, "mIoU": 40.63, "mAcc": 59.76, "avg_val_loss": 6.196583312157301, "data_time": 0.0343291704682098, "time": 0.10225261764964838, "step": 600}
{"lr": 0.005196797865243495, "data_time": 0.3224040985107422, "loss": 2.9903234958648683, "decode.loss_ce": 0.4049397259950638, "decode.acc_seg": 94.06766510009766, "aux_0.loss_ce": 0.40633799135684967, "aux_0.acc_seg": 83.57433319091797, "aux_1.loss_ce": 0.3829618602991104, "aux_1.acc_seg": 83.63300323486328, "aux_2.loss_seg": 0.9709584236145019, "aux_3.loss_seg": 0.8251255214214325, "time": 0.610580849647522, "iter": 700, "memory": 2738, "step": 700}
{"aAcc": 69.94, "mIoU": 45.11, "mAcc": 58.71, "avg_val_loss": 6.082023311490403, "data_time": 0.03206531754855452, "time": 0.099855812116601, "step": 700}
{"lr": 0.005797198132088056, "data_time": 0.3940999984741211, "loss": 2.998201847076416, "decode.loss_ce": 0.4410703867673874, "decode.acc_seg": 93.1272201538086, "aux_0.loss_ce": 0.3994710773229599, "aux_0.acc_seg": 85.99966430664062, "aux_1.loss_ce": 0.35408821403980256, "aux_1.acc_seg": 87.60861206054688, "aux_2.loss_seg": 0.9489550590515137, "aux_3.loss_seg": 0.8546170651912689, "time": 0.5460497379302979, "iter": 800, "memory": 2738, "step": 800}
{"aAcc": 67.1, "mIoU": 43.62, "mAcc": 58.55, "avg_val_loss": 6.0092716382827325, "data_time": 0.03105815525712638, "time": 0.09948062348639829, "step": 800}
{"lr": 0.006397598398932616, "data_time": 0.45585243701934813, "loss": 2.502414894104004, "decode.loss_ce": 0.33527402877807616, "decode.acc_seg": 94.55411529541016, "aux_0.loss_ce": 0.34194557666778563, "aux_0.acc_seg": 88.6717758178711, "aux_1.loss_ce": 0.3103423625230789, "aux_1.acc_seg": 88.83777618408203, "aux_2.loss_seg": 0.8157747507095336, "aux_3.loss_seg": 0.6990781664848328, "time": 0.690703558921814, "iter": 900, "memory": 2738, "step": 900}
{"aAcc": 58.77, "mIoU": 31.17, "mAcc": 47.79, "avg_val_loss": 6.120334940908635, "data_time": 0.03118689306851091, "time": 0.09885315237374141, "step": 900}
