{"lr": 0.0015943962641761188, "data_time": 0.1254804849624634, "loss": 2.9934702157974242, "decode.loss_ce": 0.5566413164138794, "decode.acc_seg": 76.42810821533203, "aux_0.loss_ce": 0.7159668803215027, "aux_0.acc_seg": 80.22044372558594, "aux_1.loss_ce": 0.6474029004573822, "aux_1.acc_seg": 75.91850280761719, "aux_2.loss_ce": 0.5462470322847366, "aux_2.acc_seg": 81.87989044189453, "aux_3.loss_ce": 0.52721206843853, "aux_3.acc_seg": 81.2594985961914, "time": 0.680156660079956, "iter": 100, "memory": 19772, "step": 100}
{"aAcc": 72.21, "mIoU": 51.25, "mAcc": 65.05, "avg_val_loss": 3.7258082467474436, "data_time": 0.011906460274097532, "time": 0.12481175189794497, "step": 100}
{"lr": 0.002194796531020685, "data_time": 0.015934038162231445, "loss": 2.2762442946434023, "decode.loss_ce": 0.39501187205314636, "decode.acc_seg": 87.47905731201172, "aux_0.loss_ce": 0.6154794961214065, "aux_0.acc_seg": 82.72589111328125, "aux_1.loss_ce": 0.552650848031044, "aux_1.acc_seg": 84.12889099121094, "aux_2.loss_ce": 0.3522103548049927, "aux_2.acc_seg": 88.35783386230469, "aux_3.loss_ce": 0.3608917236328125, "aux_3.acc_seg": 88.77750396728516, "time": 0.537461519241333, "iter": 200, "memory": 34383, "step": 200}
{"aAcc": 69.73, "mIoU": 47.41, "mAcc": 61.58, "avg_val_loss": 4.004909437378509, "data_time": 0.007857818713133362, "time": 0.08782794831813066, "step": 200}
{"lr": 0.0027951967978652476, "data_time": 0.2823501110076904, "loss": 2.1224846959114076, "decode.loss_ce": 0.3289376527070999, "decode.acc_seg": 86.64605712890625, "aux_0.loss_ce": 0.6196779996156693, "aux_0.acc_seg": 78.64199829101562, "aux_1.loss_ce": 0.5564435333013534, "aux_1.acc_seg": 79.42150115966797, "aux_2.loss_ce": 0.3086166948080063, "aux_2.acc_seg": 89.58555603027344, "aux_3.loss_ce": 0.30880876928567885, "aux_3.acc_seg": 89.45805358886719, "time": 0.6216480255126953, "iter": 300, "memory": 2908, "step": 300}
{"aAcc": 76.23, "mIoU": 55.06, "mAcc": 68.02, "avg_val_loss": 4.153817184109669, "data_time": 0.0064473974293675915, "time": 0.08627738349739163, "step": 300}
{"lr": 0.0033955970647098093, "data_time": 0.01133413314819336, "loss": 2.125129294395447, "decode.loss_ce": 0.3299478143453598, "decode.acc_seg": 87.69733428955078, "aux_0.loss_ce": 0.6097763866186142, "aux_0.acc_seg": 79.4127197265625, "aux_1.loss_ce": 0.5587866455316544, "aux_1.acc_seg": 81.81510925292969, "aux_2.loss_ce": 0.3138100177049637, "aux_2.acc_seg": 89.29961395263672, "aux_3.loss_ce": 0.3128084033727646, "aux_3.acc_seg": 88.0550537109375, "time": 0.6944020032882691, "iter": 400, "memory": 2908, "step": 400}
{"aAcc": 75.99, "mIoU": 55.45, "mAcc": 68.56, "avg_val_loss": 4.109693714613585, "data_time": 0.0072657185039301025, "time": 0.08770048755338822, "step": 400}
{"lr": 0.003995997331554373, "data_time": 0.45333406925201414, "loss": 2.184548723697662, "decode.loss_ce": 0.3430615782737732, "decode.acc_seg": 86.21022033691406, "aux_0.loss_ce": 0.6088551104068756, "aux_0.acc_seg": 72.7518310546875, "aux_1.loss_ce": 0.5738269060850143, "aux_1.acc_seg": 74.41588592529297, "aux_2.loss_ce": 0.327315965294838, "aux_2.acc_seg": 88.01344299316406, "aux_3.loss_ce": 0.3314891427755356, "aux_3.acc_seg": 87.13816833496094, "time": 0.6485333919525147, "iter": 500, "memory": 2908, "step": 500}
{"aAcc": 72.29, "mIoU": 52.38, "mAcc": 66.43, "avg_val_loss": 4.042668078147005, "data_time": 0.007150704833282821, "time": 0.08815139737622492, "step": 500}
{"lr": 0.0045963975983989375, "data_time": 0.3545175552368164, "loss": 1.931660771369934, "decode.loss_ce": 0.2827457934617996, "decode.acc_seg": 88.00639343261719, "aux_0.loss_ce": 0.5798490434885025, "aux_0.acc_seg": 73.32144165039062, "aux_1.loss_ce": 0.5271007925271988, "aux_1.acc_seg": 72.62327575683594, "aux_2.loss_ce": 0.26819766163825987, "aux_2.acc_seg": 88.87311553955078, "aux_3.loss_ce": 0.2737674921751022, "aux_3.acc_seg": 88.0977783203125, "time": 0.5347907066345214, "iter": 600, "memory": 2908, "step": 600}
{"aAcc": 75.99, "mIoU": 55.59, "mAcc": 68.68, "avg_val_loss": 3.978144323460569, "data_time": 0.00625306984473919, "time": 0.0888162262138279, "step": 600}
{"lr": 0.005196797865243495, "data_time": 0.3032015562057495, "loss": 2.0382813572883607, "decode.loss_ce": 0.3074734091758728, "decode.acc_seg": 87.1963882446289, "aux_0.loss_ce": 0.5897320687770844, "aux_0.acc_seg": 76.48844909667969, "aux_1.loss_ce": 0.5429988265037536, "aux_1.acc_seg": 75.47628021240234, "aux_2.loss_ce": 0.29607185274362563, "aux_2.acc_seg": 88.0282211303711, "aux_3.loss_ce": 0.3020052194595337, "aux_3.acc_seg": 87.08294677734375, "time": 0.48269264698028563, "iter": 700, "memory": 2908, "step": 700}
{"aAcc": 77.63, "mIoU": 57.46, "mAcc": 70.0, "avg_val_loss": 3.9575887085385966, "data_time": 0.00726596240339608, "time": 0.08839397320802185, "step": 700}
{"lr": 0.005797198132088056, "data_time": 0.16426994800567626, "loss": 2.023601472377777, "decode.loss_ce": 0.3106387957930565, "decode.acc_seg": 87.69544219970703, "aux_0.loss_ce": 0.5737900555133819, "aux_0.acc_seg": 77.9272232055664, "aux_1.loss_ce": 0.5414587587118149, "aux_1.acc_seg": 77.66850280761719, "aux_2.loss_ce": 0.2975938647985458, "aux_2.acc_seg": 88.79166412353516, "aux_3.loss_ce": 0.30012002736330035, "aux_3.acc_seg": 88.32966613769531, "time": 0.5298479795455933, "iter": 800, "memory": 2908, "step": 800}
{"aAcc": 73.91, "mIoU": 53.45, "mAcc": 66.85, "avg_val_loss": 3.96510076035789, "data_time": 0.008605948809919686, "time": 0.09267094217497727, "step": 800}
{"lr": 0.006397598398932616, "data_time": 0.009438037872314453, "loss": 2.0566664814949034, "decode.loss_ce": 0.3169634684920311, "decode.acc_seg": 80.02333068847656, "aux_0.loss_ce": 0.5838666170835495, "aux_0.acc_seg": 69.57044219970703, "aux_1.loss_ce": 0.5440564393997193, "aux_1.acc_seg": 72.48055267333984, "aux_2.loss_ce": 0.3041363343596458, "aux_2.acc_seg": 81.08311462402344, "aux_3.loss_ce": 0.3076436460018158, "aux_3.acc_seg": 81.46155548095703, "time": 0.5810829162597656, "iter": 900, "memory": 2908, "step": 900}
{"aAcc": 75.34, "mIoU": 55.36, "mAcc": 68.61, "avg_val_loss": 3.92618789213036, "data_time": 0.008472659121984723, "time": 0.09165793999858286, "step": 900}
{"lr": 0.0069979986657771765, "data_time": 0.146799898147583, "loss": 1.9765018582344056, "decode.loss_ce": 0.2823608934879303, "decode.acc_seg": 88.67261505126953, "aux_0.loss_ce": 0.6028300166130066, "aux_0.acc_seg": 78.0247802734375, "aux_1.loss_ce": 0.5434942334890366, "aux_1.acc_seg": 78.73072052001953, "aux_2.loss_ce": 0.2679689958691597, "aux_2.acc_seg": 90.0628890991211, "aux_3.loss_ce": 0.27984769493341444, "aux_3.acc_seg": 89.10700225830078, "time": 0.45308098793029783, "iter": 1000, "memory": 2908, "step": 1000}
{"aAcc": 77.81, "mIoU": 57.72, "mAcc": 70.26, "avg_val_loss": 4.0516687491941346, "data_time": 0.006794888397742962, "time": 0.08687792427238376, "step": 1000}
{"lr": 0.0075983989326217465, "data_time": 0.1264941692352295, "loss": 1.9712069749832153, "decode.loss_ce": 0.2796879068017006, "decode.acc_seg": 89.50538635253906, "aux_0.loss_ce": 0.603300952911377, "aux_0.acc_seg": 77.18122100830078, "aux_1.loss_ce": 0.5388811349868774, "aux_1.acc_seg": 80.37033081054688, "aux_2.loss_ce": 0.27201268672943113, "aux_2.acc_seg": 90.34772491455078, "aux_3.loss_ce": 0.2773242503404617, "aux_3.acc_seg": 89.85911560058594, "time": 0.4919065713882446, "iter": 1100, "memory": 2908, "step": 1100}
{"aAcc": 77.09, "mIoU": 57.44, "mAcc": 70.25, "avg_val_loss": 4.149369167077916, "data_time": 0.0074686647831708535, "time": 0.08931367972801471, "step": 1100}
{"lr": 0.008198799199466306, "data_time": 0.04501774311065674, "loss": 1.7339993000030518, "decode.loss_ce": 0.2479829877614975, "decode.acc_seg": 87.50028228759766, "aux_0.loss_ce": 0.5177680134773255, "aux_0.acc_seg": 75.17272186279297, "aux_1.loss_ce": 0.47860606014728546, "aux_1.acc_seg": 75.767333984375, "aux_2.loss_ce": 0.24069875925779344, "aux_2.acc_seg": 88.28605651855469, "aux_3.loss_ce": 0.24894351363182068,