{"aAcc": 68.26, "mIoU": 12.48, "mAcc": 17.04, "avg_val_loss": 7.178775006532669, "data_time": 0.01803746461868286, "time": 0.37330121517181397, "step": 100}
