{"lr": 0.0015930867963809803, "data_time": 0.06882369518280029, "loss": 5.579316234588623, "decode.loss_ce": 0.7883096933364868, "decode.acc_seg": 65.20877838134766, "aux_0.loss_ce": 1.9034961581230163, "aux_0.acc_seg": 54.98111343383789, "aux_1.loss_ce": 1.2280537724494933, "aux_1.acc_seg": 63.60477828979492, "aux_2.loss_ce": 0.883208841085434, "aux_2.acc_seg": 67.25538635253906, "aux_3.loss_ce": 0.7762476623058319, "aux_3.acc_seg": 67.43550109863281, "time": 0.4450924158096313, "iter": 100, "memory": 19198, "step": 100}
{"aAcc": 7.99, "mIoU": 1.13, "mAcc": 7.41, "avg_val_loss": 21.507062034997325, "data_time": 0.010427089624626691, "time": 0.09713633393132409, "step": 100}
{"lr": 0.002191123271301943, "data_time": 0.22648141384124756, "loss": 4.5701906204223635, "decode.loss_ce": 0.7515789449214936, "decode.acc_seg": 64.70038604736328, "aux_0.loss_ce": 1.2800100207328797, "aux_0.acc_seg": 56.84983444213867, "aux_1.loss_ce": 0.9652781307697296, "aux_1.acc_seg": 60.43138885498047, "aux_2.loss_ce": 0.8030058324337006, "aux_2.acc_seg": 65.61622619628906, "aux_3.loss_ce": 0.7703177720308304, "aux_3.acc_seg": 64.72589111328125, "time": 0.4289831638336182, "iter": 200, "memory": 10746, "step": 200}
{"aAcc": 5.92, "mIoU": 0.98, "mAcc": 7.12, "avg_val_loss": 21.645761399241216, "data_time": 0.007640005528241739, "time": 0.08889003183649874, "step": 200}
{"lr": 0.0027881034698292294, "data_time": 0.13997929096221923, "loss": 3.8015684604644777, "decode.loss_ce": 0.645291531085968, "decode.acc_seg": 78.49788665771484, "aux_0.loss_ce": 0.9786757409572602, "aux_0.acc_seg": 70.99455261230469, "aux_1.loss_ce": 0.7914075374603271, "aux_1.acc_seg": 76.07971954345703, "aux_2.loss_ce": 0.7054357826709747, "aux_2.acc_seg": 78.2020034790039, "aux_3.loss_ce": 0.6807578325271606, "aux_3.acc_seg": 78.66427612304688, "time": 0.3621408462524414, "iter": 300, "memory": 2889, "step": 300}
{"aAcc": 7.27, "mIoU": 1.1, "mAcc": 7.24, "avg_val_loss": 23.275596515941803, "data_time": 0.006783238772688241, "time": 0.08997550229916627, "step": 300}
{"lr": 0.0033840217450599877, "data_time": 0.10180184841156006, "loss": 3.731608247756958, "decode.loss_ce": 0.6273405432701111, "decode.acc_seg": 69.48100280761719, "aux_0.loss_ce": 0.9593301296234131, "aux_0.acc_seg": 62.93433380126953, "aux_1.loss_ce": 0.8041145324707031, "aux_1.acc_seg": 66.15877532958984, "aux_2.loss_ce": 0.6926940143108368, "aux_2.acc_seg": 69.56033325195312, "aux_3.loss_ce": 0.6481290131807327, "aux_3.acc_seg": 70.58450317382812, "time": 0.3709485292434692, "iter": 400, "memory": 2889, "step": 400}
