{"lr": 0.0015943962641761188, "data_time": 0.3726383447647095, "loss": 3.3279031038284304, "decode.loss_ce": 0.628356471657753, "decode.acc_seg": 71.83455657958984, "aux_0.loss_ce": 0.48297546803951263, "aux_0.acc_seg": 78.02183532714844, "aux_1.loss_ce": 0.8796266734600067, "aux_1.acc_seg": 68.03199768066406, "aux_2.loss_ce": 0.7142331600189209, "aux_2.acc_seg": 69.4302749633789, "aux_3.loss_ce": 0.6227113276720047, "aux_3.acc_seg": 70.2917251586914, "time": 0.6385717153549194, "iter": 100, "memory": 19758, "step": 100}
{"aAcc": 61.47, "mIoU": 44.12, "mAcc": 59.76, "avg_val_loss": 3.7080649629845257, "data_time": 0.012378210245176803, "time": 0.11251256355019502, "step": 100}
{"lr": 0.002194796531020685, "data_time": 0.3700300693511963, "loss": 2.9796374082565307, "decode.loss_ce": 0.5578502237796783, "decode.acc_seg": 75.04839324951172, "aux_0.loss_ce": 0.4311183214187622, "aux_0.acc_seg": 81.80672454833984, "aux_1.loss_ce": 0.7596135973930359, "aux_1.acc_seg": 71.4018325805664, "aux_2.loss_ce": 0.6445066750049591, "aux_2.acc_seg": 74.48544311523438, "aux_3.loss_ce": 0.5865486323833465, "aux_3.acc_seg": 71.16944885253906, "time": 0.5580660820007324, "iter": 200, "memory": 25630, "step": 200}
{"aAcc": 68.01, "mIoU": 49.6, "mAcc": 67.7, "avg_val_loss": 3.9336215378988904, "data_time": 0.009013241734997979, "time": 0.0869267425317874, "step": 200}
{"lr": 0.0027951967978652476, "data_time": 0.30284714698791504, "loss": 2.7048748254776003, "decode.loss_ce": 0.46693488359451296, "decode.acc_seg": 78.12249755859375, "aux_0.loss_ce": 0.37374207377433777, "aux_0.acc_seg": 82.24911499023438, "aux_1.loss_ce": 0.6929954528808594, "aux_1.acc_seg": 74.27366638183594, "aux_2.loss_ce": 0.6002886235713959, "aux_2.acc_seg": 75.904052734375, "aux_3.loss_ce": 0.5709138453006745, "aux_3.acc_seg": 76.50216674804688, "time": 0.48267340660095215, "iter": 300, "memory": 2892, "step": 300}
{"aAcc": 74.93, "mIoU": 55.74, "mAcc": 69.07, "avg_val_loss": 3.7586084504486528, "data_time": 0.009196248547784213, "time": 0.08841529385796909, "step": 300}
{"lr": 0.0033955970647098093, "data_time": 0.06530747413635254, "loss": 2.808926558494568, "decode.loss_ce": 0.4791231840848923, "decode.acc_seg": 82.28439331054688, "aux_0.loss_ce": 0.36450727880001066, "aux_0.acc_seg": 85.01789093017578, "aux_1.loss_ce": 0.7313571095466613, "aux_1.acc_seg": 72.44200134277344, "aux_2.loss_ce": 0.6397669553756714, "aux_2.acc_seg": 74.30960845947266, "aux_3.loss_ce": 0.5941720455884933, "aux_3.acc_seg": 74.8486099243164, "time": 0.5165998935699463, "iter": 400, "memory": 2892, "step": 400}
{"aAcc": 48.5, "mIoU": 31.49, "mAcc": 48.75, "avg_val_loss": 3.9435364644843762, "data_time": 0.008009866736401087, "time": 0.09137134990472903, "step": 400}
{"lr": 0.003995997331554373, "data_time": 0.11532483100891114, "loss": 2.6970323801040648, "decode.loss_ce": 0.42551082372665405, "decode.acc_seg": 77.98127746582031, "aux_0.loss_ce": 0.36671453565359113, "aux_0.acc_seg": 81.20366668701172, "aux_1.loss_ce": 0.6979078412055969, "aux_1.acc_seg": 60.5069465637207, "aux_2.loss_ce": 0.6274520814418793, "aux_2.acc_seg": 67.82894897460938, "aux_3.loss_ce": 0.5794471293687821, "aux_3.acc_seg": 69.24571990966797, "time": 0.5562036991119385, "iter": 500, "memory": 2892, "step": 500}
{"aAcc": 50.42, "mIoU": 31.73, "mAcc": 50.94, "avg_val_loss": 3.9755625789887032, "data_time": 0.007207632064819336, "time": 0.08862894430927847, "step": 500}
{"lr": 0.0045963975983989375, "data_time": 0.24736504554748534, "loss": 2.3421754598617555, "decode.loss_ce": 0.34515098929405214, "decode.acc_seg": 83.86822509765625, "aux_0.loss_ce": 0.29489989429712293, "aux_0.acc_seg": 87.34933471679688, "aux_1.loss_ce": 0.6312994837760926, "aux_1.acc_seg": 72.6927261352539, "aux_2.loss_ce": 0.5565089821815491, "aux_2.acc_seg": 74.87667083740234, "aux_3.loss_ce": 0.5143161058425904, "aux_3.acc_seg": 73.02172088623047, "time": 0.5499275684356689, "iter": 600, "memory": 2892, "step": 600}
{"aAcc": 62.62, "mIoU": 43.95, "mAcc": 59.82, "avg_val_loss": 3.922591713850785, "data_time": 0.008287237978529656, "time": 0.08881334326733117, "step": 600}
{"lr": 0.005196797865243495, "data_time": 0.013802742958068848, "loss": 2.5160075664520263, "decode.loss_ce": 0.3570618569850922, "decode.acc_seg": 87.2252197265625, "aux_0.loss_ce": 0.3093241736292839, "aux_0.acc_seg": 88.4707260131836, "aux_1.loss_ce": 0.6861374974250793, "aux_1.acc_seg": 73.44155883789062, "aux_2.loss_ce": 0.602016395330429, "aux_2.acc_seg": 75.54389190673828, "aux_3.loss_ce": 0.5614677399396897, "aux_3.acc_seg": 78.08422088623047, "time": 0.5106461524963379, "iter": 700, "memory": 2892, "step": 700}
{"aAcc": 67.02, "mIoU": 47.78, "mAcc": 63.29, "avg_val_loss": 3.963166630170997, "data_time": 0.007803366102021316, "time": 0.0920291440240268, "step": 700}
{"lr": 0.005797198132088056, "data_time": 0.03813660144805908, "loss": 2.512605333328247, "decode.loss_ce": 0.3563427865505219, "decode.acc_seg": 86.36128234863281, "aux_0.loss_ce": 0.3206831872463226, "aux_0.acc_seg": 85.86483764648438, "aux_1.loss_ce": 0.6844222903251648, "aux_1.acc_seg": 70.87139129638672, "aux_2.loss_ce": 0.5939361810684204, "aux_2.acc_seg": 74.79405975341797, "aux_3.loss_ce": 0.5572208881378173, "aux_3.acc_seg": 78.59183502197266, "time": 0.5138398170471191, "iter": 800, "memory": 2892, "step": 800}
{"aAcc": 67.61, "mIoU": 47.05, "mAcc": 62.29, "avg_val_loss": 3.967332714629409, "data_time": 0.007639331379156003, "time": 0.09264486685566518, "step": 800}
{"lr": 0.006397598398932616, "data_time": 0.015778326988220216, "loss": 2.364892637729645, "decode.loss_ce": 0.3335175275802612, "decode.acc_seg": 85.20700073242188, "aux_0.loss_ce": 0.3055187538266182, "aux_0.acc_seg": 86.91889190673828, "aux_1.loss_ce": 0.6429266154766082, "aux_1.acc_seg": 75.87833404541016, "aux_2.loss_ce": 0.5621115803718567, "aux_2.acc_seg": 77.9371109008789, "aux_3.loss_ce": 0.5208181232213974, "aux_3.acc_seg": 77.74500274658203, "time": 0.5868857145309448, "iter": 900, "memory": 2892, "step": 900}
{"aAcc": 58.17, "mIoU": 39.47, "mAcc": 57.0, "avg_val_loss": 3.970267188764959, "data_time": 0.007392337952537098, "time": 0.0907817133541765, "step": 900}
{"lr": 0.0069979986657771765, "data_time": 0.009707307815551758, "loss": 2.3532092571258545, "decode.loss_ce": 0.3196864455938339, "decode.acc_seg": 90.42272186279297, "aux_0.loss_ce": 0.2947874441742897, "aux_0.acc_seg": 90.79499816894531, "aux_1.loss_ce": 0.6561454713344574, "aux_1.acc_seg": 76.58638763427734, "aux_2.loss_ce": 0.5596348106861114, "aux_2.acc_seg": 79.77466583251953, "aux_3.loss_ce": 0.5229550242424011, "aux_3.acc_seg": 78.95789337158203, "time": 0.4693488121032715, "iter": 1000, "memory": 2892, "step": 1000}
{"aAcc": 78.44, "mIoU": 59.09, "mAcc": 71.42, "avg_val_loss": 3.896933792840842, "data_time": 0.007209273590438667, "time": 0.09191864934460871, "step": 1000}
{"lr": 0.0075983989326217465, "data_time": 0.00841536521911621, "loss": 2.370106244087219, "decode.loss_ce": 0.3131570637226105, "decode.acc_seg": 85.875, "aux_0.loss_ce": 0.2915555194020271, "aux_0.acc_seg": 87.10222625732422, "aux_1.loss_ce": 0.6552989542484283, "aux_1.acc_seg": 71.09227752685547, "aux_2.loss_ce": 0.5764755576848983, "aux_2.acc_seg": 73.6800537109375, "aux_3.loss_ce": 0.5336191713809967, "aux_3.acc_seg": 70.43499755859375, "time": 0.5333504676818848, "iter": 1100, "memory": 2892, "step": 1100}
{"aAcc": 62.81, "mIoU": 44.16, "mAcc": 60.51, "avg_val_loss": 3.9056100516204246, "data_time": 0.008243111358291802, "time": 0.09241691951094003, "step": 1100}
{"lr": 0.008198799199466306, "data_time": 0.2807255506515503, "loss": 2.19887170791626, "decode.loss_ce": 0.2763342380523682, "decode.acc_seg": 90.99127960205078, "aux_0.loss_ce": 0.2739110216498375, "aux_0.acc_seg": 91.62805938720703, "aux_1.loss_ce": 0.6287788510322571, "aux_1.acc_seg": 77.16483306884766, "aux_2.loss_ce": 0.5307473748922348, "aux_2.acc_seg": 81.24555969238281, "aux_3.loss_ce": 0.4891002058982849, "aux_3.acc_seg": 79.38633728027344,