{"lr": 0.0015943962641761188, "data_time": 0.3083698034286499, "loss": 2.4778562784194946, "decode.loss_seg": 1.2542715132236482, "aux_0.loss_seg": 0.6878365695476532, "aux_1.loss_seg": 0.5357481956481933, "time": 0.6340493202209473, "iter": 100, "memory": 36368, "step": 100}
{"aAcc": 50.68, "mIoU": 32.56, "mAcc": 50.91, "avg_val_loss": 0.0, "data_time": 0.029158301131669864, "time": 0.06872819745263388, "step": 100}
