{"lr": 0.0015943962641761188, "data_time": 0.3008121490478516, "loss": 2.3147717714309692, "decode.loss_seg": 0.4033919721841812, "aux_0.loss_seg": 0.5447206556797027, "aux_1.loss_seg": 0.4394856601953506, "aux_2.loss_seg": 0.4915522575378418, "aux_3.loss_seg": 0.43562122881412507, "time": 0.5187197685241699, "iter": 100, "memory": 19644, "step": 100}
{"aAcc": 49.16, "mIoU": 31.88, "mAcc": 51.23, "avg_val_loss": 0.0, "data_time": 0.012159719023593637, "time": 0.10257957147997479, "step": 100}
