{"lr": 0.006406583235954008, "data_time": 0.04699404239654541, "loss": 5.58320722579956, "decode.loss_ce": 0.6917852401733399, "decode.acc_seg": 73.94400024414062, "aux_0.loss_ce": 1.479276168346405, "aux_0.acc_seg": 44.7666130065918, "aux_1.loss_ce": 1.2771583914756774, "aux_1.acc_seg": 50.67000198364258, "aux_2.loss_ce": 1.1159724831581115, "aux_2.acc_seg": 56.946556091308594, "aux_3.loss_ce": 1.0190150022506714, "aux_3.acc_seg": 59.2585563659668, "time": 0.5822824001312256, "iter": 910, "memory": 19219, "step": 910}
{"lr": 0.009106373674004149, "data_time": 0.4202073574066162, "loss": 4.003977966308594, "decode.loss_ce": 0.3198091730475426, "decode.acc_seg": 87.45838928222656, "aux_0.loss_ce": 1.3142643451690674, "aux_0.acc_seg": 46.21033477783203, "aux_1.loss_ce": 1.0020672380924225, "aux_1.acc_seg": 59.230224609375, "aux_2.loss_ce": 0.7735627651214599, "aux_2.acc_seg": 67.60755920410156, "aux_3.loss_ce": 0.5942744731903076, "aux_3.acc_seg": 78.52288818359375, "time": 0.6259492397308349, "iter": 10000, "memory": 2908, "step": 10000}
{"aAcc": 65.4, "mIoU": 41.35, "mAcc": 50.93, "avg_val_loss": 8.564929061343795, "data_time": 0.012628464949758429, "time": 0.35920793633711967, "step": 10000}
{"lr": 0.008200516139713258, "data_time": 0.007933926582336426, "loss": 3.807723784446716, "decode.loss_ce": 0.3008006662130356, "decode.acc_seg": 91.00633239746094, "aux_0.loss_ce": 1.281670880317688, "aux_0.acc_seg": 51.997833251953125, "aux_1.loss_ce": 0.9518174052238464, "aux_1.acc_seg": 70.21438598632812, "aux_2.loss_ce": 0.7139953911304474, "aux_2.acc_seg": 82.21611022949219, "aux_3.loss_ce": 0.5594394236803055, "aux_3.acc_seg": 87.41850280761719, "time": 0.5334512948989868, "iter": 20000, "memory": 10769, "step": 20000}
{"aAcc": 68.27, "mIoU": 45.4, "mAcc": 54.18, "avg_val_loss": 8.506642378200041, "data_time": 0.00782642513513565, "time": 0.3601030757029851, "step": 20000}
{"lr": 0.007283232762750171, "data_time": 0.0097794771194458, "loss": 3.5653692960739134, "decode.loss_ce": 0.2726752504706383, "decode.acc_seg": 93.13278198242188, "aux_0.loss_ce": 1.2398701906204224, "aux_0.acc_seg": 64.97672271728516, "aux_1.loss_ce": 0.9070568263530732, "aux_1.acc_seg": 72.6084976196289, "aux_2.loss_ce": 0.6404770970344543, "aux_2.acc_seg": 80.9296646118164, "aux_3.loss_ce": 0.5052899271249771, "aux_3.acc_seg": 82.88066864013672, "time": 0.5831748485565186, "iter": 30000, "memory": 2908, "step": 30000}
{"aAcc": 66.54, "mIoU": 42.96, "mAcc": 51.1, "avg_val_loss": 8.491709983636413, "data_time": 0.007321710387865703, "time": 0.3568604961037636, "step": 30000}
{"lr": 0.006352703407289149, "data_time": 0.2895600080490112, "loss": 3.4002642393112184, "decode.loss_ce": 0.2536957487463951, "decode.acc_seg": 92.08939361572266, "aux_0.loss_ce": 1.2221427083015441, "aux_0.acc_seg": 55.175724029541016, "aux_1.loss_ce": 0.8509321868419647, "aux_1.acc_seg": 70.53166961669922, "aux_2.loss_ce": 0.5960316747426987, "aux_2.acc_seg": 78.81944274902344, "aux_3.loss_ce": 0.47746204435825346, "aux_3.acc_seg": 82.5820541381836, "time": 0.4935353517532349, "iter": 40000, "memory": 2908, "step": 40000}
{"aAcc": 67.36, "mIoU": 42.37, "mAcc": 50.88, "avg_val_loss": 8.475848835745925, "data_time": 0.007096827030181885, "time": 0.35615741709868115, "step": 40000}
{"lr": 0.0054064577076796795, "data_time": 0.019764184951782227, "loss": 3.46072371006012, "decode.loss_ce": 0.3008592128753662, "decode.acc_seg": 90.26699829101562, "aux_0.loss_ce": 1.2062410354614257, "aux_0.acc_seg": 66.70928192138672, "aux_1.loss_ce": 0.8667984306812286, "aux_1.acc_seg": 71.06527709960938, "aux_2.loss_ce": 0.6035167753696442, "aux_2.acc_seg": 76.85549926757812, "aux_3.loss_ce": 0.4833081841468811, "aux_3.acc_seg": 80.3506088256836, "time": 0.6139921903610229, "iter": 50000, "memory": 2908, "step": 50000}
{"aAcc": 68.3, "mIoU": 44.43, "mAcc": 53.15, "avg_val_loss": 8.412675064770799, "data_time": 0.009990816315015158, "time": 0.36040133982896805, "step": 50000}
{"lr": 0.004440959115695473, "data_time": 0.21020381450653075, "loss": 3.286457395553589, "decode.loss_ce": 0.24008844494819642, "decode.acc_seg": 91.44866943359375, "aux_0.loss_ce": 1.1605623960494995, "aux_0.acc_seg": 62.78972244262695, "aux_1.loss_ce": 0.8241308987140655, "aux_1.acc_seg": 69.8267822265625, "aux_2.loss_ce": 0.5972650229930878, "aux_2.acc_seg": 78.08988952636719, "aux_3.loss_ce": 0.46441063582897185, "aux_3.acc_seg": 82.35955810546875, "time": 0.6350538969039917, "iter": 60000, "memory": 2908, "step": 60000}
{"aAcc": 67.25, "mIoU": 43.55, "mAcc": 52.54, "avg_val_loss": 8.490323330331266, "data_time": 0.007045554618040721, "time": 0.35856345295906067, "step": 60000}
{"lr": 0.0034507407905215665, "data_time": 0.0078582763671875, "loss": 3.388451623916626, "decode.loss_ce": 0.23773821741342543, "decode.acc_seg": 90.07144165039062, "aux_0.loss_ce": 1.2591460585594176, "aux_0.acc_seg": 55.44127655029297, "aux_1.loss_ce": 0.8749700129032135, "aux_1.acc_seg": 68.90528106689453, "aux_2.loss_ce": 0.5852190256118774, "aux_2.acc_seg": 80.98689270019531, "aux_3.loss_ce": 0.4313783347606659, "aux_3.acc_seg": 83.63188934326172, "time": 0.6918423652648926, "iter": 70000, "memory": 2908, "step": 70000}
{"aAcc": 68.29, "mIoU": 44.52, "mAcc": 53.37, "avg_val_loss": 8.484605843008014, "data_time": 0.0073689619700113935, "time": 0.3474816332260768, "step": 70000}
{"lr": 0.002426262391078836, "data_time": 0.14709782600402832, "loss": 3.1349844694137574, "decode.loss_ce": 0.21004263907670975, "decode.acc_seg": 91.2280044555664, "aux_0.loss_ce": 1.2146015524864198, "aux_0.acc_seg": 65.25105285644531, "aux_1.loss_ce": 0.8213282406330109, "aux_1.acc_seg": 70.90377807617188, "aux_2.loss_ce": 0.5230757743120193, "aux_2.acc_seg": 78.2911148071289, "aux_3.loss_ce": 0.3659362465143204, "aux_3.acc_seg": 82.77772521972656, "time": 0.5984672784805298, "iter": 80000, "memory": 2908, "step": 80000}
{"aAcc": 68.81, "mIoU": 45.54, "mAcc": 53.86, "avg_val_loss": 8.468584086530303, "data_time": 0.007723477979501088, "time": 0.35688338428735733, "step": 80000}
{"lr": 0.0013466131488271919, "data_time": 0.008456039428710937, "loss": 3.2744928359985352, "decode.loss_ce": 0.2111259877681732, "decode.acc_seg": 90.94528198242188, "aux_0.loss_ce": 1.299408143758774, "aux_0.acc_seg": 51.76839065551758, "aux_1.loss_ce": 0.8461120307445527, "aux_1.acc_seg": 68.9532241821289, "aux_2.loss_ce": 0.5250148147344589, "aux_2.acc_seg": 82.3003921508789, "aux_3.loss_ce": 0.392831888794899, "aux_3.acc_seg": 85.78177642822266, "time": 0.550733208656311, "iter": 90000, "memory": 2908, "step": 90000}
{"aAcc": 69.61, "mIoU": 47.28, "mAcc": 55.1, "avg_val_loss": 8.43776944050489, "data_time": 0.005723722279071808, "time": 0.35578537980715436, "step": 90000}
{"lr": 0.0001, "data_time": 0.28199448585510256, "loss": 2.965225601196289, "decode.loss_ce": 0.2159082755446434, "decode.acc_seg": 92.80511474609375, "aux_0.loss_ce": 1.1391761243343352, "aux_0.acc_seg": 63.08244705200195, "aux_1.loss_ce": 0.7509939432144165, "aux_1.acc_seg": 81.98344421386719, "aux_2.loss_ce": 0.4904203176498413, "aux_2.acc_seg": 87.25917053222656, "aux_3.loss_ce": 0.36872694492340086, "aux_3.acc_seg": 87.79966735839844, "time": 0.4861505746841431, "iter": 100000, "memory": 2908, "step": 100000}
{"aAcc": 68.87, "mIoU": 46.18, "mAcc": 54.63, "avg_val_loss": 8.439343701216735, "data_time": 0.00788840651512146, "time": 0.35656241824229556, "step": 100000}
