{"lr": 0.0015943962641761188, "data_time": 0.009470081329345703, "loss": 7.210119390487671, "decode.loss_seg": 1.5861128330230714, "aux_0.loss_seg": 1.3927260518074036, "aux_1.loss_seg": 1.5672182321548462, "aux_2.loss_seg": 1.6803338050842285, "aux_3.loss_seg": 0.9837284564971924, "time": 0.776121187210083, "iter": 100, "memory": 22820, "step": 100}
{"aAcc": 41.24, "mIoU": 23.43, "mAcc": 43.94, "avg_val_loss": 0.0, "data_time": 0.011039930720661962, "time": 0.14370303098545517, "step": 100}
{"lr": 0.002194796531020685, "data_time": 0.015168476104736327, "loss": 5.1457130908966064, "decode.loss_seg": 1.1897590816020966, "aux_0.loss_seg": 1.0464934766292573, "aux_1.loss_seg": 1.073117059469223, "aux_2.loss_seg": 1.2160798013210297, "aux_3.loss_seg": 0.6202636450529099, "time": 0.6761759757995606, "iter": 200, "memory": 33483, "step": 200}
{"aAcc": 52.33, "mIoU": 36.92, "mAcc": 56.78, "avg_val_loss": 0.0, "data_time": 0.0069647109371492235, "time": 0.12465788852209332, "step": 200}
{"lr": 0.0027951967978652476, "data_time": 0.1168135643005371, "loss": 4.568539834022522, "decode.loss_seg": 1.1003130435943604, "aux_0.loss_seg": 0.9246551841497421, "aux_1.loss_seg": 1.0148256957530974, "aux_2.loss_seg": 1.0256035685539246, "aux_3.loss_seg": 0.5031423479318619, "time": 0.6585601091384887, "iter": 300, "memory": 22820, "step": 300}
{"aAcc": 63.12, "mIoU": 47.73, "mAcc": 63.82, "avg_val_loss": 0.0, "data_time": 0.007029725217271125, "time": 0.12510715955975413, "step": 300}
{"lr": 0.0033955970647098093, "data_time": 0.010251235961914063, "loss": 3.948968243598938, "decode.loss_seg": 0.9193256139755249, "aux_0.loss_seg": 0.805597186088562, "aux_1.loss_seg": 0.8893022865056992, "aux_2.loss_seg": 0.9044365584850311, "aux_3.loss_seg": 0.4303065240383148, "time": 0.634870195388794, "iter": 400, "memory": 22820, "step": 400}
{"aAcc": 69.69, "mIoU": 53.77, "mAcc": 69.84, "avg_val_loss": 0.0, "data_time": 0.0074698431738491715, "time": 0.1253172940221326, "step": 400}
{"lr": 0.003995997331554373, "data_time": 0.10723738670349121, "loss": 3.714082419872284, "decode.loss_seg": 0.9627901077270508, "aux_0.loss_seg": 0.6550532042980194, "aux_1.loss_seg": 0.8212958008050919, "aux_2.loss_seg": 0.8601334542036057, "aux_3.loss_seg": 0.4148098319768906, "time": 0.7207746028900146, "iter": 500, "memory": 22820, "step": 500}
{"aAcc": 69.42, "mIoU": 54.49, "mAcc": 71.45, "avg_val_loss": 0.0, "data_time": 0.007491509119669597, "time": 0.12539028025221552, "step": 500}
{"lr": 0.0045963975983989375, "data_time": 0.248209810256958, "loss": 3.322085738182068, "decode.loss_seg": 0.8036713540554047, "aux_0.loss_seg": 0.7055193185806274, "aux_1.loss_seg": 0.6118140429258346, "aux_2.loss_seg": 0.841156280040741, "aux_3.loss_seg": 0.35992473512887957, "time": 0.6609191656112671, "iter": 600, "memory": 22820, "step": 600}
{"aAcc": 68.25, "mIoU": 52.93, "mAcc": 69.6, "avg_val_loss": 0.0, "data_time": 0.007137114974274032, "time": 0.12526693015263, "step": 600}
{"lr": 0.005196797865243495, "data_time": 0.23784825801849366, "loss": 3.2974563956260683, "decode.loss_seg": 0.8245732873678208, "aux_0.loss_seg": 0.5693726062774658, "aux_1.loss_seg": 0.7456009924411774, "aux_2.loss_seg": 0.8214939653873443, "aux_3.loss_seg": 0.33641552925109863, "time": 0.7463849306106567, "iter": 700, "memory": 22820, "step": 700}
{"aAcc": 55.76, "mIoU": 40.6, "mAcc": 59.99, "avg_val_loss": 0.0, "data_time": 0.007188147511975518, "time": 0.12487116627309514, "step": 700}
{"lr": 0.005797198132088056, "data_time": 0.00996568202972412, "loss": 3.62633638381958, "decode.loss_seg": 0.7723375678062439, "aux_0.loss_seg": 0.8209642618894577, "aux_1.loss_seg": 0.7596350729465484, "aux_2.loss_seg": 0.9289324641227722, "aux_3.loss_seg": 0.3444669634103775, "time": 0.7172300100326539, "iter": 800, "memory": 22820, "step": 800}
{"aAcc": 73.53, "mIoU": 57.34, "mAcc": 72.15, "avg_val_loss": 0.0, "data_time": 0.005750450594671841, "time": 0.12360245057906227, "step": 800}
{"lr": 0.006397598398932616, "data_time": 0.014811348915100098, "loss": 3.724035143852234, "decode.loss_seg": 1.0373172461986542, "aux_0.loss_seg": 0.5570389449596405, "aux_1.loss_seg": 0.7401251494884491, "aux_2.loss_seg": 0.9830390453338623, "aux_3.loss_seg": 0.40651477575302125, "time": 0.6877724885940552, "iter": 900, "memory": 22820, "step": 900}
{"aAcc": 71.65, "mIoU": 54.43, "mAcc": 69.76, "avg_val_loss": 0.0, "data_time": 0.007752588425559559, "time": 0.12545946548724995, "step": 900}
{"lr": 0.0069979986657771765, "data_time": 0.2083064317703247, "loss": 2.9315014123916625, "decode.loss_seg": 0.6852898120880127, "aux_0.loss_seg": 0.6138475358486175, "aux_1.loss_seg": 0.5962334662675858, "aux_2.loss_seg": 0.7268055617809296, "aux_3.loss_seg": 0.3093250662088394, "time": 0.6201772689819336, "iter": 1000, "memory": 22820, "step": 1000}
{"aAcc": 52.61, "mIoU": 38.21, "mAcc": 59.24, "avg_val_loss": 0.0, "data_time": 0.006459173114820458, "time": 0.12438445803762853, "step": 1000}
