{"lr": 0.0015943962641761188, "data_time": 0.2726633548736572, "loss": 3.114084553718567, "decode.loss_ce": 0.9246844410896301, "decode.acc_seg": 77.2576675415039, "aux_0.loss_ce": 0.5561562061309815, "aux_0.acc_seg": 71.93766784667969, "aux_1.loss_ce": 0.5071690380573273, "aux_1.acc_seg": 77.3102798461914, "aux_2.loss_seg": 0.5920996248722077, "aux_3.loss_seg": 0.5339752703905105, "time": 0.6489654541015625, "iter": 100, "memory": 19766, "step": 100}
{"aAcc": 64.44, "mIoU": 48.49, "mAcc": 65.68, "avg_val_loss": 3.6357834529109865, "data_time": 0.01513023154680119, "time": 0.20526404436244522, "step": 100}
{"lr": 0.002194796531020685, "data_time": 0.43794472217559816, "loss": 2.522331118583679, "decode.loss_ce": 0.7069558560848236, "decode.acc_seg": 90.02972412109375, "aux_0.loss_ce": 0.4858727216720581, "aux_0.acc_seg": 79.43316650390625, "aux_1.loss_ce": 0.42153117060661316, "aux_1.acc_seg": 86.93355560302734, "aux_2.loss_seg": 0.47764019668102264, "aux_3.loss_seg": 0.43033120930194857, "time": 0.8158292293548584, "iter": 200, "memory": 17306, "step": 200}
{"aAcc": 50.18, "mIoU": 25.81, "mAcc": 45.15, "avg_val_loss": 4.348211909595289, "data_time": 0.01118617496271243, "time": 0.16621783684039937, "step": 200}
{"lr": 0.0027951967978652476, "data_time": 0.2729278326034546, "loss": 2.6124080181121827, "decode.loss_ce": 0.8466859221458435, "decode.acc_seg": 84.34016418457031, "aux_0.loss_ce": 0.46290315985679625, "aux_0.acc_seg": 81.51216888427734, "aux_1.loss_ce": 0.4423046439886093, "aux_1.acc_seg": 83.14389038085938, "aux_2.loss_seg": 0.4360043227672577, "aux_3.loss_seg": 0.42450992166996004, "time": 0.652883768081665, "iter": 300, "memory": 2847, "step": 300}
{"aAcc": 58.72, "mIoU": 40.59, "mAcc": 58.56, "avg_val_loss": 4.69429115593782, "data_time": 0.01114953797439049, "time": 0.16520888503940626, "step": 300}
{"lr": 0.0033955970647098093, "data_time": 0.32793755531311036, "loss": 2.1585864305496214, "decode.loss_ce": 0.6404899626970291, "decode.acc_seg": 86.07211303710938, "aux_0.loss_ce": 0.4132208555936813, "aux_0.acc_seg": 82.34278106689453, "aux_1.loss_ce": 0.36216187477111816, "aux_1.acc_seg": 85.24644470214844, "aux_2.loss_seg": 0.3925499558448792, "aux_3.loss_seg": 0.3501637697219849, "time": 0.7090585708618165, "iter": 400, "memory": 2847, "step": 400}
{"aAcc": 70.01, "mIoU": 51.04, "mAcc": 66.27, "avg_val_loss": 4.318156269035841, "data_time": 0.011226582801204988, "time": 0.17161734350796404, "step": 400}
{"lr": 0.003995997331554373, "data_time": 0.014577865600585938, "loss": 2.1422366380691527, "decode.loss_ce": 0.6809387117624283, "decode.acc_seg": 88.0806655883789, "aux_0.loss_ce": 0.39654051661491396, "aux_0.acc_seg": 83.84188842773438, "aux_1.loss_ce": 0.36418175995349883, "aux_1.acc_seg": 87.78583526611328, "aux_2.loss_seg": 0.368695068359375, "aux_3.loss_seg": 0.33188055753707885, "time": 0.6517712593078613, "iter": 500, "memory": 2847, "step": 500}
{"aAcc": 69.9, "mIoU": 52.58, "mAcc": 67.97, "avg_val_loss": 4.153694776484841, "data_time": 0.010617549391998642, "time": 0.16879668729058628, "step": 500}
{"lr": 0.0045963975983989375, "data_time": 0.06655042171478272, "loss": 1.8301277995109557, "decode.loss_ce": 0.5294481962919235, "decode.acc_seg": 90.04138946533203, "aux_0.loss_ce": 0.36962863206863406, "aux_0.acc_seg": 86.93744659423828, "aux_1.loss_ce": 0.3126194179058075, "aux_1.acc_seg": 89.19866943359375, "aux_2.loss_seg": 0.32223078012466433, "aux_3.loss_seg": 0.29620073586702345, "time": 0.7353770732879639, "iter": 600, "memory": 2847, "step": 600}
{"aAcc": 56.92, "mIoU": 37.57, "mAcc": 55.69, "avg_val_loss": 4.594807051107665, "data_time": 0.011341138817798132, "time": 0.1657234252184287, "step": 600}
{"lr": 0.005196797865243495, "data_time": 0.012677192687988281, "loss": 1.7392191171646119, "decode.loss_ce": 0.5087551265954972, "decode.acc_seg": 90.72511291503906, "aux_0.loss_ce": 0.32984021306037903, "aux_0.acc_seg": 87.26922607421875, "aux_1.loss_ce": 0.30424043983221055, "aux_1.acc_seg": 88.69405364990234, "aux_2.loss_seg": 0.3038817897439003, "aux_3.loss_seg": 0.29250153303146365, "time": 0.6223189830780029, "iter": 700, "memory": 2847, "step": 700}
{"aAcc": 69.23, "mIoU": 53.18, "mAcc": 69.21, "avg_val_loss": 4.547997886450369, "data_time": 0.01212747891743978, "time": 0.1700920894228179, "step": 700}
{"lr": 0.005797198132088056, "data_time": 0.22502918243408204, "loss": 1.6814806580543518, "decode.loss_ce": 0.4557256668806076, "decode.acc_seg": 87.7731704711914, "aux_0.loss_ce": 0.3343548059463501, "aux_0.acc_seg": 81.78255462646484, "aux_1.loss_ce": 0.2875362575054169, "aux_1.acc_seg": 84.1314468383789, "aux_2.loss_seg": 0.315643347799778, "aux_3.loss_seg": 0.288220588862896, "time": 0.6933253526687622, "iter": 800, "memory": 2847, "step": 800}
{"aAcc": 76.88, "mIoU": 61.23, "mAcc": 75.14, "avg_val_loss": 4.395582606961504, "data_time": 0.011044825630626458, "time": 0.17058380444844565, "step": 800}
{"lr": 0.006397598398932616, "data_time": 0.11288247108459473, "loss": 2.178825652599335, "decode.loss_ce": 0.6871625363826752, "decode.acc_seg": 89.90766906738281, "aux_0.loss_ce": 0.36142767667770387, "aux_0.acc_seg": 85.8399429321289, "aux_1.loss_ce": 0.39309819638729093, "aux_1.acc_seg": 85.71050262451172, "aux_2.loss_seg": 0.3580277919769287, "aux_3.loss_seg": 0.3791094958782196, "time": 0.6989498376846314, "iter": 900, "memory": 2847, "step": 900}
{"aAcc": 56.47, "mIoU": 39.39, "mAcc": 58.06, "avg_val_loss": 4.518033630976513, "data_time": 0.011732531690049446, "time": 0.1710634889273808, "step": 900}
{"lr": 0.0069979986657771765, "data_time": 0.05149407386779785, "loss": 1.4360507309436799, "decode.loss_ce": 0.40099676251411437, "decode.acc_seg": 91.02116394042969, "aux_0.loss_ce": 0.2980122253298759, "aux_0.acc_seg": 87.43550109863281, "aux_1.loss_ce": 0.23862731456756592, "aux_1.acc_seg": 90.64338684082031, "aux_2.loss_seg": 0.2650776743888855, "aux_3.loss_seg": 0.23333673626184465, "time": 0.7407204389572144, "iter": 1000, "memory": 2847, "step": 1000}
{"aAcc": 56.8, "mIoU": 38.33, "mAcc": 56.59, "avg_val_loss": 4.497815595000808, "data_time": 0.009832653506048795, "time": 0.16916171435652108, "step": 1000}
{"lr": 0.0075983989326217465, "data_time": 0.013596105575561523, "loss": 1.477371335029602, "decode.loss_ce": 0.41941907405853274, "decode.acc_seg": 93.94389343261719, "aux_0.loss_ce": 0.2925187051296234, "aux_0.acc_seg": 90.19572448730469, "aux_1.loss_ce": 0.2496926873922348, "aux_1.acc_seg": 92.99333190917969, "aux_2.loss_seg": 0.2713044509291649, "aux_3.loss_seg": 0.2444364234805107, "time": 0.8498835802078247, "iter": 1100, "memory": 2847, "step": 1100}
{"aAcc": 67.79, "mIoU": 48.43, "mAcc": 64.12, "avg_val_loss": 4.5754651608348595, "data_time": 0.010949551374062725, "time": 0.17392712900008278, "step": 1100}
{"lr": 0.008198799199466306, "data_time": 0.16549501419067383, "loss": 1.4743788838386536, "decode.loss_ce": 0.4108567893505096, "decode.acc_seg": 89.74388885498047, "aux_0.loss_ce": 0.2860961496829987, "aux_0.acc_seg": 83.21466827392578, "aux_1.loss_ce": 0.2444070503115654, "aux_1.acc_seg": 88.6338882446289, "aux_2.loss_seg": 0.2788117066025734, "aux_3.loss_seg": 0.25420716404914856, "time": 0.6936461210250855, "iter": 1200, "memory": 2847, "step": 1200}
{"aAcc": 58.87, "mIoU": 41.65, "mAcc": 59.82, "avg_val_loss": 4.588508605625894, "data_time": 0.014274758854131589, "time": 0.18228089124306865, "step": 1200}
{"lr": 0.008799199466310867, "data_time": 0.2540858507156372, "loss": 1.3320184469223022, "decode.loss_ce": 0.36444662511348724, "decode.acc_seg": 94.17561340332031, "aux_0.loss_ce": 0.27035403400659563, "aux_0.acc_seg": 91.14678192138672, "aux_1.loss_ce": 0.23084125965833663, "aux_1.acc_seg": 92.39138793945312, "aux_2.loss_seg": 0.24628490954637527, "aux_3.loss_seg": 0.220091612637043, "time": 0.6792239427566529, "iter": 1300, "memory": 2847, "step": 1300}
