{"lr": 0.0050220502205022026, "data_time": 0.039954328536987306, "loss": 9.86795597076416, "decode.loss_ce": 1.910605263710022, "decode.acc_seg": 24.729555130004883, "aux_0.loss_ce": 2.31803240776062, "aux_0.acc_seg": 25.715110778808594, "aux_1.loss_ce": 1.9158337116241455, "aux_1.acc_seg": 38.38711166381836, "aux_2.loss_ce": 1.817270529270172, "aux_2.acc_seg": 40.85555648803711, "aux_3.loss_ce": 1.9062140107154846, "aux_3.acc_seg": 22.036890029907227, "time": 0.1381983995437622, "iter": 50, "memory": 17408, "step": 50}
{"val_loss": 13.048954396822856, "data_time": 0.006818212731911318, "time": 0.08700234698553155, "step": 50}
{"lr": 0.00504455044550445, "data_time": 0.003634929656982422, "loss": 9.004019260406494, "decode.loss_ce": 1.6401054501533507, "decode.acc_seg": 40.99399948120117, "aux_0.loss_ce": 2.050561475753784, "aux_0.acc_seg": 31.061779022216797, "aux_1.loss_ce": 1.8644707322120666, "aux_1.acc_seg": 37.08089065551758, "aux_2.loss_ce": 1.6947089314460755, "aux_2.acc_seg": 39.80533218383789, "aux_3.loss_ce": 1.7541725993156434, "aux_3.acc_seg": 24.16288948059082, "time": 0.12793807983398436, "iter": 100, "memory": 901, "step": 100}
{"val_loss": 11.034910012140923, "data_time": 0.006448040888147447, "time": 0.0820853067833243, "step": 100}
{"lr": 0.005067050670506697, "data_time": 0.09994151592254638, "loss": 8.684779739379882, "decode.loss_ce": 1.494652271270752, "decode.acc_seg": 58.185333251953125, "aux_0.loss_ce": 1.9550925493240356, "aux_0.acc_seg": 56.69466781616211, "aux_1.loss_ce": 1.8086039304733277, "aux_1.acc_seg": 57.66400146484375, "aux_2.loss_ce": 1.7126105785369874, "aux_2.acc_seg": 57.50911331176758, "aux_3.loss_ce": 1.713820493221283, "aux_3.acc_seg": 54.96266555786133, "time": 0.18138556480407714, "iter": 150, "memory": 901, "step": 150}
{"val_loss": 10.479802566236758, "data_time": 0.005459169160972521, "time": 0.08358714823583954, "step": 150}
{"lr": 0.005089550895508947, "data_time": 0.033634090423583986, "loss": 7.120548343658447, "decode.loss_ce": 1.3022180795669556, "decode.acc_seg": 57.28511047363281, "aux_0.loss_ce": 1.570561146736145, "aux_0.acc_seg": 38.371334075927734, "aux_1.loss_ce": 1.4133081793785096, "aux_1.acc_seg": 37.657554626464844, "aux_2.loss_ce": 1.3835038542747498, "aux_2.acc_seg": 32.705780029296875, "aux_3.loss_ce": 1.4509572088718414, "aux_3.acc_seg": 37.507999420166016, "time": 0.1546415090560913, "iter": 200, "memory": 901, "step": 200}
{"val_loss": 9.571062659484024, "data_time": 0.0055319117110909765, "time": 0.0847105563265606, "step": 200}
{"lr": 0.005112051120511191, "data_time": 0.05689682960510254, "loss": 8.548850393295288, "decode.loss_ce": 1.6344056010246277, "decode.acc_seg": 75.58422088623047, "aux_0.loss_ce": 1.821913731098175, "aux_0.acc_seg": 76.23422241210938, "aux_1.loss_ce": 1.6601112484931946, "aux_1.acc_seg": 57.92177963256836, "aux_2.loss_ce": 1.5731774926185609, "aux_2.acc_seg": 60.43511199951172, "aux_3.loss_ce": 1.859242284297943, "aux_3.acc_seg": 41.802001953125, "time": 0.13883435726165771, "iter": 250, "memory": 901, "step": 250}
{"val_loss": 8.918137409306619, "data_time": 0.005892961349302125, "time": 0.08490064248297978, "step": 250}
{"lr": 0.005134551345513442, "data_time": 0.08909204006195068, "loss": 7.166438198089599, "decode.loss_ce": 1.1990074276924134, "decode.acc_seg": 31.538667678833008, "aux_0.loss_ce": 1.5969592094421388, "aux_0.acc_seg": 25.335556030273438, "aux_1.loss_ce": 1.4440650820732117, "aux_1.acc_seg": 33.94333267211914, "aux_2.loss_ce": 1.4165139555931092, "aux_2.acc_seg": 34.894222259521484, "aux_3.loss_ce": 1.5098925709724427, "aux_3.acc_seg": 32.81511306762695, "time": 0.1708998203277588, "iter": 300, "memory": 901, "step": 300}
{"val_loss": 8.396795615263455, "data_time": 0.005072359899872715, "time": 0.08469981823152709, "step": 300}
{"lr": 0.005157051570515689, "data_time": 0.04504637718200684, "loss": 7.750275182723999, "decode.loss_ce": 1.3872698485851287, "decode.acc_seg": 78.5060043334961, "aux_0.loss_ce": 1.7158751726150512, "aux_0.acc_seg": 69.38977813720703, "aux_1.loss_ce": 1.552113151550293, "aux_1.acc_seg": 68.45378112792969, "aux_2.loss_ce": 1.4630620658397675, "aux_2.acc_seg": 67.49866485595703, "aux_3.loss_ce": 1.6319550156593323, "aux_3.acc_seg": 58.962890625, "time": 0.14931974411010743, "iter": 350, "memory": 901, "step": 350}
{"val_loss": 8.10965676221699, "data_time": 0.005765411460283891, "time": 0.08658095702384282, "step": 350}
{"lr": 0.005179551795517939, "data_time": 0.0075482606887817385, "loss": 7.215919733047485, "decode.loss_ce": 1.2849058985710144, "decode.acc_seg": 41.186222076416016, "aux_0.loss_ce": 1.6205328106880188, "aux_0.acc_seg": 34.067779541015625, "aux_1.loss_ce": 1.4746352195739747, "aux_1.acc_seg": 35.66377639770508, "aux_2.loss_ce": 1.3832096695899962, "aux_2.acc_seg": 33.9553337097168, "aux_3.loss_ce": 1.4526361584663392, "aux_3.acc_seg": 28.20599937438965, "time": 0.11627197265625, "iter": 400, "memory": 901, "step": 400}
{"val_loss": 8.127964005631991, "data_time": 0.005910217761993408, "time": 0.08757982034127688, "step": 400}
{"lr": 0.005202052020520191, "data_time": 0.04248685836791992, "loss": 7.405535459518433, "decode.loss_ce": 1.1879562139511108, "decode.acc_seg": 58.18311309814453, "aux_0.loss_ce": 1.647724211215973, "aux_0.acc_seg": 55.42466735839844, "aux_1.loss_ce": 1.5304086446762084, "aux_1.acc_seg": 59.31622314453125, "aux_2.loss_ce": 1.4694124579429626, "aux_2.acc_seg": 56.11133575439453, "aux_3.loss_ce": 1.5700340628623963, "aux_3.acc_seg": 49.75, "time": 0.13266458511352539, "iter": 450, "memory": 901, "step": 450}
{"val_loss": 7.99429471706292, "data_time": 0.00571459300309709, "time": 0.08721020210136488, "step": 450}
{"lr": 0.005224552245522439, "data_time": 0.009472799301147462, "loss": 6.9998876571655275, "decode.loss_ce": 1.297301697731018, "decode.acc_seg": 68.22822570800781, "aux_0.loss_ce": 1.5513732433319092, "aux_0.acc_seg": 63.42778015136719, "aux_1.loss_ce": 1.416878342628479, "aux_1.acc_seg": 68.6717758178711, "aux_2.loss_ce": 1.3412404596805572, "aux_2.acc_seg": 71.04800415039062, "aux_3.loss_ce": 1.3930938601493836, "aux_3.acc_seg": 67.45533752441406, "time": 0.1448213577270508, "iter": 500, "memory": 901, "step": 500}
{"val_loss": 7.9163013470267245, "data_time": 0.005565297256395655, "time": 0.08705798862049881, "step": 500}
{"lr": 0.005247052470524687, "data_time": 0.003471994400024414, "loss": 8.241949224472046, "decode.loss_ce": 1.29425408244133, "decode.acc_seg": 68.33777618408203, "aux_0.loss_ce": 1.7677992582321167, "aux_0.acc_seg": 47.64622116088867, "aux_1.loss_ce": 1.7210654258728026, "aux_1.acc_seg": 54.18955612182617, "aux_2.loss_ce": 1.648856508731842, "aux_2.acc_seg": 55.87555694580078, "aux_3.loss_ce": 1.8099740266799926, "aux_3.acc_seg": 37.66511154174805, "time": 0.1454710006713867, "iter": 550, "memory": 901, "step": 550}
{"val_loss": 7.813676395830806, "data_time": 0.005642411778274092, "time": 0.08651085154524127, "step": 550}
{"lr": 0.005269552695526937, "data_time": 0.012566924095153809, "loss": 7.266604232788086, "decode.loss_ce": 1.1004945635795593, "decode.acc_seg": 40.168888092041016, "aux_0.loss_ce": 1.6156323432922364, "aux_0.acc_seg": 31.748445510864258, "aux_1.loss_ce": 1.5533637404441833, "aux_1.acc_seg": 33.33222198486328, "aux_2.loss_ce": 1.4475926518440247, "aux_2.acc_seg": 30.779333114624023, "aux_3.loss_ce": 1.5495211005210876, "aux_3.acc_seg": 27.50688934326172, "time": 0.16490485668182372, "iter": 600, "memory": 901, "step": 600}
{"val_loss": 7.775415199141991, "data_time": 0.005632711845694236, "time": 0.08836880007993828, "step": 600}
{"lr": 0.005292052920529184, "data_time": 0.08161861896514892, "loss": 7.4765222549438475, "decode.loss_ce": 1.0903230398893355, "decode.acc_seg": 53.7575569152832, "aux_0.loss_ce": 1.6639098644256591, "aux_0.acc_seg": 42.42822265625, "aux_1.loss_ce": 1.5463016152381897, "aux_1.acc_seg": 43.077110290527344, "aux_2.loss_ce": 1.5169822335243226, "aux_2.acc_seg": 45.2748908996582,