{"lr": 0.00500735002450008, "data_time": 0.07940871715545654, "loss": 9.096325397491455, "decode.loss_ce": 1.6221447706222534, "decode.acc_seg": 30.284889221191406, "aux_0.loss_ce": 2.2057758450508116, "aux_0.acc_seg": 46.664222717285156, "aux_1.loss_ce": 1.8139859318733216, "aux_1.acc_seg": 47.65800094604492, "aux_2.loss_ce": 1.6712784171104431, "aux_2.acc_seg": 39.410888671875, "aux_3.loss_ce": 1.7831406116485595, "aux_3.acc_seg": 31.64177894592285, "time": 0.16571781635284424, "iter": 50, "memory": 17408, "step": 50}
