{"lr": 0.0015943962641761188, "data_time": 0.5261381149291993, "loss": 3.618455743789673, "decode.loss_ce": 0.5282237380743027, "decode.acc_seg": 77.74627685546875, "aux_0.loss_ce": 0.8482568740844727, "aux_0.acc_seg": 68.15467071533203, "aux_1.loss_ce": 0.684619802236557, "aux_1.acc_seg": 70.74333190917969, "aux_2.loss_ce": 0.5171072989702225, "aux_2.acc_seg": 69.30777740478516, "aux_3.loss_ce": 0.5831159383058548, "aux_3.acc_seg": 85.89183807373047, "aux_4.loss_ce": 0.457132089138031, "aux_4.acc_seg": 86.97455596923828, "time": 0.6882083892822266, "iter": 100, "memory": 19649, "step": 100}
{"aAcc": 61.92, "mIoU": 44.13, "mAcc": 63.01, "avg_val_loss": 4.079451346432257, "data_time": 0.011070492655731911, "time": 0.1254430565723153, "step": 100}
{"lr": 0.002194796531020685, "data_time": 0.010213756561279297, "loss": 2.9422810077667236, "decode.loss_ce": 0.4183843046426773, "decode.acc_seg": 74.05144500732422, "aux_0.loss_ce": 0.6880317211151123, "aux_0.acc_seg": 62.6875, "aux_1.loss_ce": 0.5854203879833222, "aux_1.acc_seg": 67.5239486694336, "aux_2.loss_ce": 0.4463929295539856, "aux_2.acc_seg": 59.85005569458008, "aux_3.loss_ce": 0.41659467220306395, "aux_3.acc_seg": 75.55989074707031, "aux_4.loss_ce": 0.3874569579958916, "aux_4.acc_seg": 76.43511199951172, "time": 0.6144690036773681, "iter": 200, "memory": 34228, "step": 200}
{"aAcc": 65.37, "mIoU": 45.44, "mAcc": 61.24, "avg_val_loss": 3.8963099047105914, "data_time": 0.006633668110288423, "time": 0.08949393239514582, "step": 200}
{"lr": 0.0027951967978652476, "data_time": 0.3059143304824829, "loss": 2.8308892250061035, "decode.loss_ce": 0.36576433181762696, "decode.acc_seg": 86.1711654663086, "aux_0.loss_ce": 0.679700744152069, "aux_0.acc_seg": 72.88894653320312, "aux_1.loss_ce": 0.5946207761764526, "aux_1.acc_seg": 72.5701675415039, "aux_2.loss_ce": 0.45911385118961334, "aux_2.acc_seg": 71.61894226074219, "aux_3.loss_ce": 0.3849003165960312, "aux_3.acc_seg": 86.94400024414062, "aux_4.loss_ce": 0.34678922295570375, "aux_4.acc_seg": 85.09539031982422, "time": 0.474164342880249, "iter": 300, "memory": 2823, "step": 300}
{"aAcc": 53.04, "mIoU": 34.48, "mAcc": 52.91, "avg_val_loss": 3.8161608065545676, "data_time": 0.007928590664918396, "time": 0.09203670764791555, "step": 300}
