{"lr": 0.0015943962641761188, "data_time": 0.03732435703277588, "loss": 5.238367557525635, "decode.loss_ce": 0.8742202162742615, "decode.acc_seg": 70.88972473144531, "aux_0.loss_ce": 1.696940290927887, "aux_0.acc_seg": 76.62300109863281, "aux_1.loss_ce": 1.0660064756870269, "aux_1.acc_seg": 76.63716888427734, "aux_2.loss_ce": 0.8277568042278289, "aux_2.acc_seg": 75.22555541992188, "aux_3.loss_ce": 0.7734436452388763, "aux_3.acc_seg": 74.90594482421875, "time": 0.6186371564865112, "iter": 100, "memory": 19653, "step": 100}
