{"lr": 0.0015930867963809803, "data_time": 0.29501316547393797, "loss": 5.591724443435669, "decode.loss_ce": 0.8473699390888214, "decode.acc_seg": 75.69283294677734, "aux_0.loss_ce": 1.763709795475006, "aux_0.acc_seg": 67.79277801513672, "aux_1.loss_ce": 1.2107253670692444, "aux_1.acc_seg": 71.1683349609375, "aux_2.loss_ce": 0.9372618556022644, "aux_2.acc_seg": 73.94828033447266, "aux_3.loss_ce": 0.8326574385166168, "aux_3.acc_seg": 74.34310913085938, "time": 0.566309142112732, "iter": 100, "memory": 11195, "step": 100}
{"aAcc": 59.57, "mIoU": 31.07, "mAcc": 43.86, "avg_val_loss": 6.841611578450565, "data_time": 0.020951933638994082, "time": 0.12351504037546557, "step": 100}
{"lr": 0.002191123271301943, "data_time": 0.009159684181213379, "loss": 4.732503056526184, "decode.loss_ce": 0.7963460922241211, "decode.acc_seg": 58.90739059448242, "aux_0.loss_ce": 1.352033758163452, "aux_0.acc_seg": 57.251834869384766, "aux_1.loss_ce": 0.9739628970623017, "aux_1.acc_seg": 60.223388671875, "aux_2.loss_ce": 0.8221770167350769, "aux_2.acc_seg": 61.07688903808594, "aux_3.loss_ce": 0.7879833519458771, "aux_3.acc_seg": 62.897613525390625, "time": 0.5719316005706787, "iter": 200, "memory": 34183, "step": 200}
{"aAcc": 60.57, "mIoU": 36.19, "mAcc": 52.38, "avg_val_loss": 6.533376589243175, "data_time": 0.008134321234692102, "time": 0.09459914010146568, "step": 200}
{"lr": 0.0027881034698292294, "data_time": 0.00950469970703125, "loss": 4.1096440076828005, "decode.loss_ce": 0.7347833156585694, "decode.acc_seg": 72.90589141845703, "aux_0.loss_ce": 1.0522532880306243, "aux_0.acc_seg": 66.31116485595703, "aux_1.loss_ce": 0.8295516669750214, "aux_1.acc_seg": 70.54444885253906, "aux_2.loss_ce": 0.7637283980846405, "aux_2.acc_seg": 71.76344299316406, "aux_3.loss_ce": 0.7293273150920868, "aux_3.acc_seg": 75.61589050292969, "time": 0.5728868007659912, "iter": 300, "memory": 2899, "step": 300}
{"aAcc": 65.54, "mIoU": 37.92, "mAcc": 52.75, "avg_val_loss": 6.3586334887071425, "data_time": 0.007235422901723577, "time": 0.09495148439516966, "step": 300}
{"lr": 0.0033840217450599877, "data_time": 0.2987739324569702, "loss": 3.8707979679107667, "decode.loss_ce": 0.6533989787101746, "decode.acc_seg": 73.07194519042969, "aux_0.loss_ce": 1.0264940142631531, "aux_0.acc_seg": 62.72822189331055, "aux_1.loss_ce": 0.8057724118232727, "aux_1.acc_seg": 68.86272430419922, "aux_2.loss_ce": 0.7081393778324128, "aux_2.acc_seg": 71.61250305175781, "aux_3.loss_ce": 0.6769932389259339, "aux_3.acc_seg": 72.38766479492188, "time": 0.5449837923049927, "iter": 400, "memory": 2899, "step": 400}
{"aAcc": 68.98, "mIoU": 37.25, "mAcc": 49.9, "avg_val_loss": 6.173625016181964, "data_time": 0.00904745891176421, "time": 0.09669265801879182, "step": 400}
