{"lr": 0.005201541801877408, "data_time": 0.0037259340286254885, "loss": 7.643349123001099, "decode.loss_ce": 0.9780025541782379, "decode.acc_seg": 84.57622528076172, "aux_0.loss_ce": 1.7573953986167907, "aux_0.acc_seg": 73.02222442626953, "aux_1.loss_ce": 1.711469966173172, "aux_1.acc_seg": 74.85400390625, "aux_2.loss_ce": 1.5769048154354095, "aux_2.acc_seg": 72.29822540283203, "aux_3.loss_ce": 1.6195762753486633, "aux_3.acc_seg": 67.58133697509766, "time": 0.12656095027923583, "iter": 500, "memory": 17409, "step": 500}
