{"lr": 0.0015943962641761188, "data_time": 0.030496668815612794, "loss": 3.5646841526031494, "decode.loss_ce": 0.660429960489273, "decode.acc_seg": 72.33633422851562, "aux_0.loss_ce": 0.7487501740455628, "aux_0.acc_seg": 70.53022003173828, "aux_1.loss_ce": 0.6499754250049591, "aux_1.acc_seg": 74.52733612060547, "aux_2.loss_ce": 0.45112026333808897, "aux_2.acc_seg": 88.0905532836914, "aux_3.loss_ce": 0.4386366933584213, "aux_3.acc_seg": 86.89666748046875, "aux_4.loss_ce": 0.6157716870307922, "aux_4.acc_seg": 79.45294189453125, "time": 0.6261806488037109, "iter": 100, "memory": 19895, "step": 100}
{"aAcc": 44.35, "mIoU": 29.96, "mAcc": 49.81, "avg_val_loss": 4.943534928009088, "data_time": 0.011679047761961471, "time": 0.13587707142497218, "step": 100}
{"lr": 0.002194796531020685, "data_time": 0.2774742364883423, "loss": 3.076972007751465, "decode.loss_ce": 0.5516950428485871, "decode.acc_seg": 73.74822235107422, "aux_0.loss_ce": 0.6507806360721589, "aux_0.acc_seg": 74.92583465576172, "aux_1.loss_ce": 0.592591404914856, "aux_1.acc_seg": 72.43238830566406, "aux_2.loss_ce": 0.34188824594020845, "aux_2.acc_seg": 85.42888641357422, "aux_3.loss_ce": 0.3524884283542633, "aux_3.acc_seg": 81.93683624267578, "aux_4.loss_ce": 0.5875282347202301, "aux_4.acc_seg": 74.87938690185547, "time": 0.4925911664962769, "iter": 200, "memory": 34548, "step": 200}
{"aAcc": 48.03, "mIoU": 33.03, "mAcc": 52.82, "avg_val_loss": 4.823684429303247, "data_time": 0.006539709266574903, "time": 0.09544372010505063, "step": 200}
