{"aAcc": 90.73, "mIoU": 73.95, "mAcc": 82.33, "data_time": 5.116406257559613, "time": 5.14236678786394}