{"lr": 0.005201541801877408, "data_time": 0.049523663520812986, "loss": 6.9591044902801515, "decode.loss_ce": 0.942738515138626, "decode.acc_seg": 72.82266998291016, "aux_0.loss_ce": 1.6033740401268006, "aux_0.acc_seg": 40.40888977050781, "aux_1.loss_ce": 1.5025777101516724, "aux_1.acc_seg": 41.18022155761719, "aux_2.loss_ce": 1.4286443948745728, "aux_2.acc_seg": 41.06222152709961, "aux_3.loss_ce": 1.4817698359489442, "aux_3.acc_seg": 49.59222412109375, "time": 0.1386946678161621, "iter": 500, "memory": 17409, "step": 500}
{"val_loss": 0.0, "data_time": 0.008298399390243903, "time": 0.08814031554431451, "step": 500}
{"lr": 0.005401471167152687, "data_time": 0.0734583854675293, "loss": 6.382405090332031, "decode.loss_ce": 0.8208085089921952, "decode.acc_seg": 73.48822021484375, "aux_0.loss_ce": 1.492966365814209, "aux_0.acc_seg": 62.16511154174805, "aux_1.loss_ce": 1.401651179790497, "aux_1.acc_seg": 58.85244369506836, "aux_2.loss_ce": 1.3259665966033936, "aux_2.acc_seg": 60.37289047241211, "aux_3.loss_ce": 1.3410121977329255, "aux_3.acc_seg": 59.22511291503906, "time": 0.14402906894683837, "iter": 1000, "memory": 33494, "step": 1000}
{"val_loss": 0.0, "data_time": 0.010561230113205401, "time": 0.0822724231238504, "step": 1000}
{"lr": 0.005599379706405267, "data_time": 0.04751439094543457, "loss": 6.43612904548645, "decode.loss_ce": 0.7563913851976395, "decode.acc_seg": 81.30755615234375, "aux_0.loss_ce": 1.5667210698127747, "aux_0.acc_seg": 48.5533332824707, "aux_1.loss_ce": 1.3769775867462157, "aux_1.acc_seg": 60.38422393798828, "aux_2.loss_ce": 1.3552510857582092, "aux_2.acc_seg": 66.94244384765625, "aux_3.loss_ce": 1.3807878911495208, "aux_3.acc_seg": 67.1240005493164, "time": 0.14760134220123292, "iter": 1500, "memory": 899, "step": 1500}
{"val_loss": 0.0, "data_time": 0.01017293073598621, "time": 0.08164285571829787, "step": 1500}
{"lr": 0.0057952649886820196, "data_time": 0.003908276557922363, "loss": 6.982725024223328, "decode.loss_ce": 0.9229070723056794, "decode.acc_seg": 69.00533294677734, "aux_0.loss_ce": 1.6853608965873719, "aux_0.acc_seg": 44.525333404541016, "aux_1.loss_ce": 1.5386912941932678, "aux_1.acc_seg": 46.79288864135742, "aux_2.loss_ce": 1.4185298085212708, "aux_2.acc_seg": 50.44844436645508, "aux_3.loss_ce": 1.417235940694809, "aux_3.acc_seg": 51.89022445678711, "time": 0.16692755222320557, "iter": 2000, "memory": 899, "step": 2000}
