{"lr": 0.0001999542687552188, "data_time": 0.036786675453186035, "loss": 13.027926445007324, "decode.loss_ce": 2.2860596418380736, "decode.acc_seg": 51.15644454956055, "aux_0.loss_ce": 2.9293466329574587, "aux_0.acc_seg": 1.6066666841506958, "aux_1.loss_ce": 2.944985103607178, "aux_1.acc_seg": 4.1566667556762695, "aux_2.loss_ce": 2.7249984741210938, "aux_2.acc_seg": 31.55933380126953, "aux_3.loss_ce": 2.142536437511444, "aux_3.acc_seg": 56.47933578491211, "time": 0.13465893268585205, "iter": 50, "memory": 17408, "step": 50}
{"aAcc": 53.1, "mIoU": 8.13, "mAcc": 12.22, "avg_val_loss": 12.971937507427276, "data_time": 0.005232091657726724, "time": 0.35934497782203695, "step": 50}
{"lr": 0.0001999076088400624, "data_time": 0.003613567352294922, "loss": 12.065096950531006, "decode.loss_ce": 1.9828909397125245, "decode.acc_seg": 55.922889709472656, "aux_0.loss_ce": 2.920481014251709, "aux_0.acc_seg": 4.165999889373779, "aux_1.loss_ce": 2.766154384613037, "aux_1.acc_seg": 8.568888664245605, "aux_2.loss_ce": 2.435479974746704, "aux_2.acc_seg": 31.217111587524414, "aux_3.loss_ce": 1.9600907564163208, "aux_3.acc_seg": 51.530887603759766, "time": 0.15820956230163574, "iter": 100, "memory": 901, "step": 100}
{"aAcc": 66.13, "mIoU": 11.71, "mAcc": 16.27, "avg_val_loss": 11.960023710193354, "data_time": 0.004374035353799468, "time": 0.36126775996198934, "step": 100}
{"lr": 0.0001998609535922201, "data_time": 0.06548421382904053, "loss": 10.932961368560791, "decode.loss_ce": 1.6387036919593811, "decode.acc_seg": 60.702667236328125, "aux_0.loss_ce": 2.8355563402175905, "aux_0.acc_seg": 8.90000057220459, "aux_1.loss_ce": 2.5976882457733153, "aux_1.acc_seg": 40.429779052734375, "aux_2.loss_ce": 2.1585426211357115, "aux_2.acc_seg": 58.69377899169922, "aux_3.loss_ce": 1.7024702429771423, "aux_3.acc_seg": 50.106666564941406, "time": 0.1499025344848633, "iter": 150, "memory": 901, "step": 150}
