{"lr": 0.0050220502205022026, "data_time": 0.0036703824996948244, "loss": 9.807025671005249, "decode.loss_ce": 1.7418422758579255, "decode.acc_seg": 49.47800064086914, "aux_0.loss_ce": 2.3366280794143677, "aux_0.acc_seg": 35.934444427490234, "aux_1.loss_ce": 1.9845129370689392, "aux_1.acc_seg": 41.38311004638672, "aux_2.loss_ce": 1.842686688899994, "aux_2.acc_seg": 47.052223205566406, "aux_3.loss_ce": 1.9013556599617005, "aux_3.acc_seg": 49.49488830566406, "time": 0.11558389663696289, "iter": 50, "memory": 17408, "step": 50}
{"val_loss": 17.563351279199487, "data_time": 0.008844848966946567, "time": 0.08988416687995558, "step": 50}
{"lr": 0.00504455044550445, "data_time": 0.07866094112396241, "loss": 9.433324813842773, "decode.loss_ce": 1.794006311893463, "decode.acc_seg": 46.365779876708984, "aux_0.loss_ce": 2.077987039089203, "aux_0.acc_seg": 39.50666809082031, "aux_1.loss_ce": 1.8420202136039734, "aux_1.acc_seg": 39.75822448730469, "aux_2.loss_ce": 1.7286103248596192, "aux_2.acc_seg": 39.58399963378906, "aux_3.loss_ce": 1.9907009720802307, "aux_3.acc_seg": 36.30710983276367, "time": 0.15912296772003173, "iter": 100, "memory": 901, "step": 100}
{"val_loss": 12.959879196082195, "data_time": 0.006913553163843247, "time": 0.08343292440025551, "step": 100}
{"lr": 0.005067050670506697, "data_time": 0.03313894271850586, "loss": 7.565029144287109, "decode.loss_ce": 1.2910747528076172, "decode.acc_seg": 71.20866394042969, "aux_0.loss_ce": 1.7260262966156006, "aux_0.acc_seg": 50.167110443115234, "aux_1.loss_ce": 1.5625670075416564, "aux_1.acc_seg": 45.075111389160156, "aux_2.loss_ce": 1.4776952505111693, "aux_2.acc_seg": 50.84266662597656, "aux_3.loss_ce": 1.5076657772064208, "aux_3.acc_seg": 43.18000030517578, "time": 0.1270117998123169, "iter": 150, "memory": 901, "step": 150}
