{"lr": 0.04984700939866243, "data_time": 0.06347804069519043, "loss": 5.971475982666016, "decode.loss_ce": 0.9100268602371215, "decode.acc_seg": 72.66911315917969, "aux_0.loss_ce": 1.4398268699645995, "aux_0.acc_seg": 68.50267028808594, "aux_1.loss_ce": 1.2805361330509186, "aux_1.acc_seg": 65.61978149414062, "aux_2.loss_ce": 1.1831598222255706, "aux_2.acc_seg": 67.08489227294922, "aux_3.loss_ce": 1.157926195859909, "aux_3.acc_seg": 66.4111099243164, "time": 0.14848558902740477, "iter": 2360, "memory": 17408, "step": 2360}
{"lr": 0.04729044362742263, "data_time": 0.0038116931915283202, "loss": 4.9885618686676025, "decode.loss_ce": 0.5172817319631576, "decode.acc_seg": 79.36711120605469, "aux_0.loss_ce": 1.5041971981525422, "aux_0.acc_seg": 47.650001525878906, "aux_1.loss_ce": 1.2038491547107697, "aux_1.acc_seg": 58.099334716796875, "aux_2.loss_ce": 0.9379994451999665, "aux_2.acc_seg": 64.51599884033203, "aux_3.loss_ce": 0.8252343475818634, "aux_3.acc_seg": 70.59266662597656, "time": 0.14151978492736816, "iter": 25000, "memory": 901, "step": 25000}
{"aAcc": 88.76, "mIoU": 59.04, "mAcc": 65.57, "val_loss": 3.918366113965752, "data_time": 0.00514266322709058, "time": 0.34971446422474806, "step": 25000}
{"lr": 0.044449339787665125, "data_time": 0.04156408309936523, "loss": 4.613537859916687, "decode.loss_ce": 0.5188769400119781, "decode.acc_seg": 75.31422424316406, "aux_0.loss_ce": 1.4031032085418702, "aux_0.acc_seg": 22.53266716003418, "aux_1.loss_ce": 1.119465059041977, "aux_1.acc_seg": 30.303112030029297, "aux_2.loss_ce": 0.8535455912351608, "aux_2.acc_seg": 47.99533462524414, "aux_3.loss_ce": 0.7185470402240753, "aux_3.acc_seg": 58.2511100769043, "time": 0.16278400421142578, "iter": 50000, "memory": 33493, "step": 50000}
{"aAcc": 84.21, "mIoU": 57.13, "mAcc": 66.08, "val_loss": 3.681371050851644, "data_time": 0.004792171195872779, "time": 0.3568455096587394, "step": 50000}
{"lr": 0.04158785141095113, "data_time": 0.05647146701812744, "loss": 4.708900570869446, "decode.loss_ce": 0.5656557813286781, "decode.acc_seg": 87.01266479492188, "aux_0.loss_ce": 1.3242872059345245, "aux_0.acc_seg": 57.695556640625, "aux_1.loss_ce": 1.0424053132534028, "aux_1.acc_seg": 73.92444610595703, "aux_2.loss_ce": 0.915282928943634, "aux_2.acc_seg": 77.25133514404297, "aux_3.loss_ce": 0.861269399523735, "aux_3.acc_seg": 76.38288879394531, "time": 0.15417187213897704, "iter": 75000, "memory": 901, "step": 75000}
{"aAcc": 87.95, "mIoU": 59.78, "mAcc": 68.34, "val_loss": 3.825255243093308, "data_time": 0.004715289884400599, "time": 0.3573717104578481, "step": 75000}
{"lr": 0.03870424368250409, "data_time": 0.031786537170410155, "loss": 4.272684979438782, "decode.loss_ce": 0.43481945991516113, "decode.acc_seg": 77.46977996826172, "aux_0.loss_ce": 1.3301136374473572, "aux_0.acc_seg": 36.79155731201172, "aux_1.loss_ce": 1.0102400422096252, "aux_1.acc_seg": 57.07955551147461, "aux_2.loss_ce": 0.8144229471683502, "aux_2.acc_seg": 64.4564437866211, "aux_3.loss_ce": 0.6830889105796814, "aux_3.acc_seg": 67.34310913085938, "time": 0.17936265468597412, "iter": 100000, "memory": 901, "step": 100000}
{"aAcc": 88.58, "mIoU": 59.92, "mAcc": 72.67, "val_loss": 3.705478390371348, "data_time": 0.004490280614315885, "time": 0.353487243930113, "step": 100000}
{"lr": 0.035796475952513465, "data_time": 0.024025964736938476, "loss": 4.381441378593445, "decode.loss_ce": 0.4806012108922005, "decode.acc_seg": 85.0348892211914, "aux_0.loss_ce": 1.392331212759018, "aux_0.acc_seg": 23.161556243896484, "aux_1.loss_ce": 1.0567282736301422, "aux_1.acc_seg": 45.80533218383789, "aux_2.loss_ce": 0.8039482325315476, "aux_2.acc_seg": 63.7486686706543, "aux_3.loss_ce": 0.647832378745079, "aux_3.acc_seg": 79.3995590209961, "time": 0.16993186473846436, "iter": 125000, "memory": 901, "step": 125000}
{"aAcc": 90.34, "mIoU": 62.15, "mAcc": 67.68, "val_loss": 3.707419458616992, "data_time": 0.005090718130463535, "time": 0.3578798284808409, "step": 125000}
{"lr": 0.03286211473574135, "data_time": 0.02926783561706543, "loss": 4.761862587928772, "decode.loss_ce": 0.45463059544563295, "decode.acc_seg": 94.48555755615234, "aux_0.loss_ce": 1.4689394533634186, "aux_0.acc_seg": 63.04022216796875, "aux_1.loss_ce": 1.1229084432125092, "aux_1.acc_seg": 73.79289245605469, "aux_2.loss_ce": 0.9263341158628464, "aux_2.acc_seg": 79.94977569580078, "aux_3.loss_ce": 0.7890500128269196, "aux_3.acc_seg": 87.20378112792969, "time": 0.15175557136535645, "iter": 150000, "memory": 901, "step": 150000}
{"aAcc": 90.12, "mIoU": 67.12, "mAcc": 74.55, "val_loss": 3.7512746027576647, "data_time": 0.004907202952116439, "time": 0.35702428366374045, "step": 150000}
{"lr": 0.02989821061352589, "data_time": 0.10031013488769532, "loss": 4.176538062095642, "decode.loss_ce": 0.363947331905365, "decode.acc_seg": 91.31022644042969, "aux_0.loss_ce": 1.3642967879772185, "aux_0.acc_seg": 64.92244720458984, "aux_1.loss_ce": 0.9972023487091064, "aux_1.acc_seg": 62.7053337097168, "aux_2.loss_ce": 0.7842170715332031, "aux_2.acc_seg": 71.5777816772461, "aux_3.loss_ce": 0.6668745458126069, "aux_3.acc_seg": 73.6388931274414, "time": 0.18729796409606933, "iter": 175000, "memory": 901, "step": 175000}
{"aAcc": 89.91, "mIoU": 65.44, "mAcc": 71.17, "val_loss": 3.679848776802573, "data_time": 0.004535447625280584, "time": 0.35639851185881977, "step": 175000}
{"lr": 0.02690111826873849, "data_time": 0.05822136402130127, "loss": 4.441548943519592, "decode.loss_ce": 0.4695223346352577, "decode.acc_seg": 92.88977813720703, "aux_0.loss_ce": 1.474392056465149, "aux_0.acc_seg": 69.68733215332031, "aux_1.loss_ce": 1.0547465622425078, "aux_1.acc_seg": 82.88200378417969, "aux_2.loss_ce": 0.8154797613620758, "aux_2.acc_seg": 86.28533172607422, "aux_3.loss_ce": 0.6274082273244858, "aux_3.acc_seg": 87.26933288574219, "time": 0.14577038288116456, "iter": 200000, "memory": 901, "step": 200000}
{"aAcc": 90.78, "mIoU": 65.98, "mAcc": 72.64, "val_loss": 3.6121540276830544, "data_time": 0.004687417479394709, "time": 0.35222867275904685, "step": 200000}
{"lr": 0.023866222732712276, "data_time": 0.00419926643371582, "loss": 4.2322169780731205, "decode.loss_ce": 0.41718575209379194, "decode.acc_seg": 92.32111358642578, "aux_0.loss_ce": 1.3225695431232452, "aux_0.acc_seg": 53.20689010620117, "aux_1.loss_ce": 1.015088677406311, "aux_1.acc_seg": 64.1324462890625, "aux_2.loss_ce": 0.8055391073226928, "aux_2.acc_seg": 70.0435562133789, "aux_3.loss_ce": 0.6718338578939438, "aux_3.acc_seg": 86.26844787597656, "time": 0.14588987827301025, "iter": 225000, "memory": 901, "step": 225000}
{"aAcc": 91.45, "mIoU": 69.32, "mAcc": 73.46, "val_loss": 3.535849401417508, "data_time": 0.007601223524334361, "time": 0.3549367391947404, "step": 225000}
{"lr": 0.02078750196009647, "data_time": 0.006339859962463379, "loss": 4.0464976072311405, "decode.loss_ce": 0.344738695025444, "decode.acc_seg": 91.37933349609375, "aux_0.loss_ce": 1.2908695876598357, "aux_0.acc_seg": 24.823110580444336, "aux_1.loss_ce": 0.9552042245864868, "aux_1.acc_seg": 76.6495590209961, "aux_2.loss_ce": 0.7629428744316101, "aux_2.acc_seg": 60.83355712890625, "aux_3.loss_ce": 0.6927422732114792, "aux_3.acc_seg": 69.9911117553711, "time": 0.11351861953735351, "iter": 250000, "memory": 901, "step": 250000}
{"aAcc": 91.13, "mIoU": 70.02, "mAcc": 77.44, "val_loss": 3.494394484805748, "data_time": 0.004782551121943205, "time": 0.35458036649574354, "step": 250000}
{"lr": 0.017656782575169, "data_time": 0.02874755859375, "loss": 3.7374196529388426, "decode.loss_ce": 0.322537237405777, "decode.acc_seg": 93.22267150878906, "aux_0.loss_ce": 1.2318864643573761, "aux_0.acc_seg": 74.58866882324219, "aux_1.loss_ce": 0.8768364071846009, "aux_1.acc_seg": 79.78555297851562, "aux_2.loss_ce": 0.68574737906456, "aux_2.acc_seg": 85.8562240600586, "aux_3.loss_ce": 0.6204121798276901, "aux_3.acc_seg": 86.88400268554688, "time": 0.15628747940063475, "iter": 275000, "memory": 901, "step": 275000}
{"aAcc": 90.14, "mIoU": 68.53, "mAcc": 76.01,