{"lr": 0.0015943962641761188, "data_time": 0.018272829055786134, "loss": 4.169565796852112, "decode.loss_ce": 1.8556230902671813, "decode.acc_seg": 83.96983337402344, "aux_0.loss_ce": 0.3905441999435425, "aux_0.acc_seg": 84.47452545166016, "aux_1.loss_seg": 0.6218515157699585, "aux_2.loss_ce": 0.6024415671825409, "aux_2.acc_seg": 71.42597961425781, "aux_3.loss_ce": 0.6991054236888885, "aux_3.acc_seg": 66.552001953125, "time": 1.0735795497894287, "iter": 100, "memory": 9819, "step": 100}
{"aAcc": 50.95, "mIoU": 35.33, "mAcc": 55.55, "avg_val_loss": 17.98423698675214, "data_time": 0.030967928642450376, "time": 0.15832990546559178, "step": 100}
{"lr": 0.002194796531020685, "data_time": 0.01628870964050293, "loss": 3.303872227668762, "decode.loss_ce": 1.4343032479286193, "decode.acc_seg": 87.93346405029297, "aux_0.loss_ce": 0.29355198293924334, "aux_0.acc_seg": 87.5318832397461, "aux_1.loss_seg": 0.45876708924770354, "aux_2.loss_ce": 0.5161031037569046, "aux_2.acc_seg": 70.76957702636719, "aux_3.loss_ce": 0.6011468023061752, "aux_3.acc_seg": 70.31356811523438, "time": 1.016247606277466, "iter": 200, "memory": 9041, "step": 200}
{"aAcc": 57.72, "mIoU": 41.83, "mAcc": 61.02, "avg_val_loss": 15.745660207032808, "data_time": 0.011403042694617962, "time": 0.13359756853388643, "step": 200}
{"lr": 0.0027951967978652476, "data_time": 0.054977035522460936, "loss": 3.2383990049362184, "decode.loss_ce": 1.471423876285553, "decode.acc_seg": 93.07917022705078, "aux_0.loss_ce": 0.2996980383992195, "aux_0.acc_seg": 91.68006134033203, "aux_1.loss_seg": 0.4433777332305908, "aux_2.loss_ce": 0.474440211057663, "aux_2.acc_seg": 75.55909729003906, "aux_3.loss_ce": 0.5494591236114502, "aux_3.acc_seg": 81.37378692626953, "time": 0.9585846662521362, "iter": 300, "memory": 2054, "step": 300}
{"aAcc": 51.26, "mIoU": 34.14, "mAcc": 53.51, "avg_val_loss": 14.89140217540673, "data_time": 0.010678187183950139, "time": 0.13580942153930664, "step": 300}
{"lr": 0.0033955970647098093, "data_time": 0.02036440372467041, "loss": 3.1210880994796755, "decode.loss_ce": 1.396392583847046, "decode.acc_seg": 87.05087280273438, "aux_0.loss_ce": 0.2644280955195427, "aux_0.acc_seg": 87.88214111328125, "aux_1.loss_seg": 0.4016554743051529, "aux_2.loss_ce": 0.49808738231658933, "aux_2.acc_seg": 70.08370208740234, "aux_3.loss_ce": 0.5605245858430863, "aux_3.acc_seg": 63.839996337890625, "time": 1.1401756525039672, "iter": 400, "memory": 2054, "step": 400}
{"aAcc": 59.02, "mIoU": 43.52, "mAcc": 62.75, "avg_val_loss": 14.60879043729333, "data_time": 0.010831265613950532, "time": 0.1315716189899664, "step": 400}
{"lr": 0.003995997331554373, "data_time": 0.46260092258453367, "loss": 2.8702664613723754, "decode.loss_ce": 1.2715547144412995, "decode.acc_seg": 89.79301452636719, "aux_0.loss_ce": 0.2549216240644455, "aux_0.acc_seg": 87.81884002685547, "aux_1.loss_seg": 0.36433129012584686, "aux_2.loss_ce": 0.45606010854244233, "aux_2.acc_seg": 73.86148071289062, "aux_3.loss_ce": 0.5233987241983413, "aux_3.acc_seg": 81.4478988647461, "time": 1.1555793762207032, "iter": 500, "memory": 2054, "step": 500}
{"aAcc": 44.93, "mIoU": 30.86, "mAcc": 52.92, "avg_val_loss": 15.547069078927848, "data_time": 0.011115981244492805, "time": 0.13290164662503648, "step": 500}
{"lr": 0.0045963975983989375, "data_time": 0.24856195449829102, "loss": 2.6217406034469604, "decode.loss_ce": 1.1507657706737517, "decode.acc_seg": 92.69448852539062, "aux_0.loss_ce": 0.2277832582592964, "aux_0.acc_seg": 92.45977020263672, "aux_1.loss_seg": 0.30438838005065916, "aux_2.loss_ce": 0.43679139018058777, "aux_2.acc_seg": 83.68702697753906, "aux_3.loss_ce": 0.5020118296146393, "aux_3.acc_seg": 74.3246078491211, "time": 0.9405743837356567, "iter": 600, "memory": 2054, "step": 600}
{"aAcc": 78.5, "mIoU": 62.7, "mAcc": 75.98, "avg_val_loss": 14.03586524167256, "data_time": 0.012140885166738224, "time": 0.1376122743233867, "step": 600}
{"lr": 0.005196797865243495, "data_time": 0.3352839708328247, "loss": 2.78154878616333, "decode.loss_ce": 1.306110143661499, "decode.acc_seg": 84.46566772460938, "aux_0.loss_ce": 0.23184477239847184, "aux_0.acc_seg": 86.19613647460938, "aux_1.loss_seg": 0.34148806631565093, "aux_2.loss_ce": 0.4104231894016266, "aux_2.acc_seg": 80.68001556396484, "aux_3.loss_ce": 0.49168257117271424, "aux_3.acc_seg": 83.0283203125, "time": 1.0253852367401124, "iter": 700, "memory": 2054, "step": 700}
{"aAcc": 65.39, "mIoU": 49.47, "mAcc": 66.96, "avg_val_loss": 13.51301473000693, "data_time": 0.01204042873163333, "time": 0.1396041108273912, "step": 700}
{"lr": 0.005797198132088056, "data_time": 0.019588398933410644, "loss": 2.4386153697967528, "decode.loss_ce": 1.0256229400634767, "decode.acc_seg": 91.93936920166016, "aux_0.loss_ce": 0.20957302153110505, "aux_0.acc_seg": 91.7638931274414, "aux_1.loss_seg": 0.2946655973792076, "aux_2.loss_ce": 0.42013817131519315, "aux_2.acc_seg": 87.25262451171875, "aux_3.loss_ce": 0.48861564695835114, "aux_3.acc_seg": 82.59212493896484, "time": 1.1638566732406617, "iter": 800, "memory": 2054, "step": 800}
{"aAcc": 47.34, "mIoU": 32.94, "mAcc": 54.26, "avg_val_loss": 15.850324464656891, "data_time": 0.011083833102522225, "time": 0.13005080716363315, "step": 800}
{"lr": 0.006397598398932616, "data_time": 0.2756765365600586, "loss": 2.269311213493347, "decode.loss_ce": 0.9492356359958649, "decode.acc_seg": 93.47840881347656, "aux_0.loss_ce": 0.18949029892683028, "aux_0.acc_seg": 92.70687866210938, "aux_1.loss_seg": 0.26796803027391436, "aux_2.loss_ce": 0.38546664714813234, "aux_2.acc_seg": 85.5611572265625, "aux_3.loss_ce": 0.47715061008930204, "aux_3.acc_seg": 81.6621322631836, "time": 1.013083553314209, "iter": 900, "memory": 2054, "step": 900}
{"aAcc": 62.53, "mIoU": 46.08, "mAcc": 64.21, "avg_val_loss": 15.371299362351088, "data_time": 0.023918639654400706, "time": 0.15091799867564235, "step": 900}
{"lr": 0.0069979986657771765, "data_time": 0.294349217414856, "loss": 2.3914995431900024, "decode.loss_ce": 1.0342684864997864, "decode.acc_seg": 90.99192810058594, "aux_0.loss_ce": 0.1962670773267746, "aux_0.acc_seg": 91.43009948730469, "aux_1.loss_seg": 0.3031083807349205, "aux_2.loss_ce": 0.38870112895965575, "aux_2.acc_seg": 84.61920928955078, "aux_3.loss_ce": 0.46915448606014254, "aux_3.acc_seg": 85.46167755126953, "time": 0.9864824533462524, "iter": 1000, "memory": 2054, "step": 1000}
{"aAcc": 57.91, "mIoU": 41.13, "mAcc": 59.48, "avg_val_loss": 16.198543590734225, "data_time": 0.010306065109954483, "time": 0.13342580850096955, "step": 1000}
{"lr": 0.0075983989326217465, "data_time": 0.4111026763916016, "loss": 2.3020455121994017, "decode.loss_ce": 1.0195670425891876, "decode.acc_seg": 91.11515045166016, "aux_0.loss_ce": 0.19716472625732423, "aux_0.acc_seg": 91.4873275756836, "aux_1.loss_seg": 0.256243135035038, "aux_2.loss_ce": 0.37207791209220886, "aux_2.acc_seg": 68.99390411376953, "aux_3.loss_ce": 0.4569926828145981, "aux_3.acc_seg": 65.1916275024414, "time": 1.1369132995605469, "iter": 1100, "memory": 2054, "step": 1100}
{"aAcc": 65.66, "mIoU": 45.67, "mAcc": 61.63, "avg_val_loss": 15.196308541184626, "data_time": 0.011649622314277736, "time": 0.14081313418245864, "step": 1100}
{"lr": 0.008198799199466306, "data_time": 0.5017772436141967, "loss": 2.3947944045066833, "decode.loss_ce": 1.066441249847412, "decode.acc_seg": 93.42716979980469, "aux_0.loss_ce": 0.20840981155633925, "aux_0.acc_seg": 93.32459259033203, "aux_1.loss_seg": 0.2758414924144745, "aux_2.loss_ce": 0.38376909792423247, "aux_2.acc_seg": 88.87515258789062, "aux_3.loss_ce": 0.46033277213573454, "aux_3.acc_seg": 86.76556396484375, "time": 1.1923317909240723, "iter": 1200, "memory": 2054, "step": 1200}
{"aAcc": 45.92, "mIoU": 30.31, "mAcc": 51.0, "avg_val_loss": 15.00585747897102, "data_time": 0.012456066306980177, "time": 0.13897986521666078, "step": 1200}
{"lr": 0.008799199466310867, "data_time": 0.1248659372329712, "loss": 2.053194749355316, "decode.loss_ce": 0.8405434846878052, "decode.acc_seg": 92.37378692626953,