{"lr": 0.0015930867963809803, "data_time": 0.21153340339660645, "loss": 9.954066562652589, "decode.loss_ce": 1.6820145010948182, "decode.acc_seg": 56.18111038208008, "aux_0.loss_ce": 2.413173532485962, "aux_0.acc_seg": 52.5260009765625, "aux_1.loss_ce": 2.0985517382621763, "aux_1.acc_seg": 53.07289123535156, "aux_2.loss_ce": 1.9066541194915771, "aux_2.acc_seg": 55.1164436340332, "aux_3.loss_ce": 1.8536726713180542, "aux_3.acc_seg": 46.71533203125, "time": 0.29146609306335447, "iter": 100, "memory": 17403, "step": 100}
