{"lr": 0.0015943962641761188, "data_time": 0.5268831014633178, "loss": 3.3647348403930666, "decode.loss_seg": 0.7434455379843712, "aux_0.loss_ce": 0.7203706324100494, "aux_0.acc_seg": 76.17266845703125, "aux_1.loss_ce": 0.6500896334648132, "aux_1.acc_seg": 78.6161117553711, "aux_2.loss_ce": 0.6535332858562469, "aux_2.acc_seg": 70.68888854980469, "aux_3.loss_ce": 0.5972956836223602, "aux_3.acc_seg": 79.17305755615234, "time": 0.6897053241729736, "iter": 100, "memory": 19977, "step": 100}
{"aAcc": 51.11, "mIoU": 36.7, "mAcc": 55.72, "avg_val_loss": 2.792789759255989, "data_time": 0.011821491773738417, "time": 0.10892849744752396, "step": 100}
{"lr": 0.002194796531020685, "data_time": 0.022488617897033693, "loss": 2.8588881731033324, "decode.loss_seg": 0.6479500651359558, "aux_0.loss_ce": 0.5843970894813537, "aux_0.acc_seg": 78.97577667236328, "aux_1.loss_ce": 0.5382851243019104, "aux_1.acc_seg": 78.03855895996094, "aux_2.loss_ce": 0.5546525835990905, "aux_2.acc_seg": 79.23472595214844, "aux_3.loss_ce": 0.5336033344268799, "aux_3.acc_seg": 80.82600402832031, "time": 0.5418513298034668, "iter": 200, "memory": 34270, "step": 200}
{"aAcc": 47.4, "mIoU": 32.12, "mAcc": 52.85, "avg_val_loss": 2.986809084943512, "data_time": 0.009827964607326463, "time": 0.08297116180946087, "step": 200}
{"lr": 0.0027951967978652476, "data_time": 0.021077871322631836, "loss": 2.5226161241531373, "decode.loss_seg": 0.6332016676664353, "aux_0.loss_ce": 0.49258093535900116, "aux_0.acc_seg": 78.21794891357422, "aux_1.loss_ce": 0.43792685568332673, "aux_1.acc_seg": 81.65789031982422, "aux_2.loss_ce": 0.48926309049129485, "aux_2.acc_seg": 79.08438873291016, "aux_3.loss_ce": 0.4696435570716858, "aux_3.acc_seg": 81.32744598388672, "time": 0.6738665342330933, "iter": 300, "memory": 3098, "step": 300}
{"aAcc": 50.55, "mIoU": 34.53, "mAcc": 56.31, "avg_val_loss": 2.93105681626885, "data_time": 0.007116232795276861, "time": 0.08139579049472151, "step": 300}
{"lr": 0.0033955970647098093, "data_time": 0.05709223747253418, "loss": 2.407977080345154, "decode.loss_seg": 0.5520806178450585, "aux_0.loss_ce": 0.46901157796382903, "aux_0.acc_seg": 85.40978240966797, "aux_1.loss_ce": 0.4404613733291626, "aux_1.acc_seg": 84.65177917480469, "aux_2.loss_ce": 0.4890305131673813, "aux_2.acc_seg": 82.31610870361328, "aux_3.loss_ce": 0.4573929995298386, "aux_3.acc_seg": 83.4441146850586, "time": 0.6170923709869385, "iter": 400, "memory": 3098, "step": 400}
{"aAcc": 51.96, "mIoU": 34.03, "mAcc": 56.47, "avg_val_loss": 2.828105309313675, "data_time": 0.008165622579640356, "time": 0.0829346892477452, "step": 400}
{"lr": 0.003995997331554373, "data_time": 0.43113701343536376, "loss": 2.3006235480308534, "decode.loss_seg": 0.5614886254072189, "aux_0.loss_ce": 0.44180177748203275, "aux_0.acc_seg": 86.32861328125, "aux_1.loss_ce": 0.4025061398744583, "aux_1.acc_seg": 86.10610961914062, "aux_2.loss_ce": 0.4614508658647537, "aux_2.acc_seg": 80.31100463867188, "aux_3.loss_ce": 0.4333761751651764, "aux_3.acc_seg": 83.50199890136719, "time": 0.583801555633545, "iter": 500, "memory": 3098, "step": 500}
{"aAcc": 53.55, "mIoU": 35.5, "mAcc": 55.88, "avg_val_loss": 2.8207394542139874, "data_time": 0.009779554673995095, "time": 0.08502166846702838, "step": 500}
