{"lr": 0.005201541801877408, "data_time": 0.08015997409820556, "loss": 7.00324273109436, "decode.loss_ce": 0.9824753880500794, "decode.acc_seg": 51.5704460144043, "aux_0.loss_ce": 1.5866570711135863, "aux_0.acc_seg": 31.36488914489746, "aux_1.loss_ce": 1.4663984656333924, "aux_1.acc_seg": 30.639333724975586, "aux_2.loss_ce": 1.4535135626792908, "aux_2.acc_seg": 32.06800079345703, "aux_3.loss_ce": 1.5141982555389404, "aux_3.acc_seg": 33.877777099609375, "time": 0.16456496715545654, "iter": 500, "memory": 17409, "step": 500}
