{"lr": 0.0015943962641761188, "data_time": 0.3162869691848755, "loss": 3.6092421293258665, "decode.loss_ce": 0.626908129453659, "decode.acc_seg": 74.94505310058594, "aux_0.loss_ce": 0.7504015088081359, "aux_0.acc_seg": 76.02777862548828, "aux_1.loss_ce": 0.6416067779064178, "aux_1.acc_seg": 76.4643325805664, "aux_2.loss_ce": 0.4689443349838257, "aux_2.acc_seg": 84.85411071777344, "aux_3.loss_ce": 0.4730062514543533, "aux_3.acc_seg": 84.38938903808594, "aux_4.loss_ce": 0.6483751773834229, "aux_4.acc_seg": 75.62327575683594, "time": 0.5755221843719482, "iter": 100, "memory": 19895, "step": 100}
{"aAcc": 72.38, "mIoU": 53.71, "mAcc": 67.51, "avg_val_loss": 3.4364106494345164, "data_time": 0.012201819308968477, "time": 0.13572150607441746, "step": 100}
