{"lr": 0.0015943962641761188, "data_time": 0.06283626556396485, "loss": 4.417080211639404, "decode.loss_ce": 0.6179617047309875, "decode.acc_seg": 72.52005767822266, "aux_0.loss_ce": 1.479810881614685, "aux_0.acc_seg": 63.47727966308594, "aux_1.loss_ce": 0.9451083421707154, "aux_1.acc_seg": 65.10283660888672, "aux_2.loss_ce": 0.73643057346344, "aux_2.acc_seg": 69.23483276367188, "aux_3.loss_ce": 0.6377686023712158, "aux_3.acc_seg": 72.71444702148438, "time": 0.6515168190002442, "iter": 100, "memory": 19642, "step": 100}
{"aAcc": 43.1, "mIoU": 29.34, "mAcc": 51.39, "avg_val_loss": 7.155352431431151, "data_time": 0.011604325715885606, "time": 0.1353005891622499, "step": 100}
{"lr": 0.002194796531020685, "data_time": 0.07754025459289551, "loss": 3.4524798154830934, "decode.loss_ce": 0.5347034901380538, "decode.acc_seg": 70.44499969482422, "aux_0.loss_ce": 0.9432235360145569, "aux_0.acc_seg": 60.28227996826172, "aux_1.loss_ce": 0.7555359959602356, "aux_1.acc_seg": 60.548221588134766, "aux_2.loss_ce": 0.640599250793457, "aux_2.acc_seg": 66.9352798461914, "aux_3.loss_ce": 0.5784174859523773, "aux_3.acc_seg": 69.32233428955078, "time": 0.6479027271270752, "iter": 200, "memory": 34219, "step": 200}
{"aAcc": 52.32, "mIoU": 36.68, "mAcc": 56.43, "avg_val_loss": 6.237644117129476, "data_time": 0.007711396820243748, "time": 0.1017008403251911, "step": 200}
{"lr": 0.0027951967978652476, "data_time": 0.3204477548599243, "loss": 2.99828097820282, "decode.loss_ce": 0.4413585513830185, "decode.acc_seg": 77.90389251708984, "aux_0.loss_ce": 0.8132483065128326, "aux_0.acc_seg": 64.41666412353516, "aux_1.loss_ce": 0.6821749150753021, "aux_1.acc_seg": 64.96966552734375, "aux_2.loss_ce": 0.5575581878423691, "aux_2.acc_seg": 72.8128890991211, "aux_3.loss_ce": 0.5039410084486008, "aux_3.acc_seg": 74.0235595703125, "time": 0.6137547731399536, "iter": 300, "memory": 3341, "step": 300}
{"aAcc": 71.54, "mIoU": 53.84, "mAcc": 68.45, "avg_val_loss": 5.426371696109196, "data_time": 0.007403313428506084, "time": 0.10184318169780161, "step": 300}
{"lr": 0.0033955970647098093, "data_time": 0.012199997901916504, "loss": 3.0014445304870607, "decode.loss_ce": 0.4617136657238007, "decode.acc_seg": 81.5374984741211, "aux_0.loss_ce": 0.7753089845180512, "aux_0.acc_seg": 70.5523910522461, "aux_1.loss_ce": 0.6647650003433228, "aux_1.acc_seg": 71.45478057861328, "aux_2.loss_ce": 0.5694479763507843, "aux_2.acc_seg": 75.12394714355469, "aux_3.loss_ce": 0.5302089005708694, "aux_3.acc_seg": 77.9836654663086, "time": 0.5822442770004272, "iter": 400, "memory": 3341, "step": 400}
{"aAcc": 74.04, "mIoU": 55.65, "mAcc": 69.46, "avg_val_loss": 4.916021821181676, "data_time": 0.006279652146087296, "time": 0.10094793911637931, "step": 400}
{"lr": 0.003995997331554373, "data_time": 0.35315499305725095, "loss": 2.7734894514083863, "decode.loss_ce": 0.4158067047595978, "decode.acc_seg": 86.6092758178711, "aux_0.loss_ce": 0.7432622015476227, "aux_0.acc_seg": 74.78299713134766, "aux_1.loss_ce": 0.6170307695865631, "aux_1.acc_seg": 78.82711029052734, "aux_2.loss_ce": 0.5168443351984024, "aux_2.acc_seg": 81.26516723632812, "aux_3.loss_ce": 0.4805454283952713, "aux_3.acc_seg": 83.4693374633789, "time": 0.5717665672302246, "iter": 500, "memory": 3341, "step": 500}
{"aAcc": 51.13, "mIoU": 35.06, "mAcc": 53.82, "avg_val_loss": 5.64681305623891, "data_time": 0.007698560583180395, "time": 0.10267030781713025, "step": 500}
{"lr": 0.0045963975983989375, "data_time": 0.17453162670135497, "loss": 2.9773732662200927, "decode.loss_ce": 0.42254696786403656, "decode.acc_seg": 89.8768310546875, "aux_0.loss_ce": 0.7968621790409088, "aux_0.acc_seg": 58.900333404541016, "aux_1.loss_ce": 0.6485682487487793, "aux_1.acc_seg": 78.58533477783203, "aux_2.loss_ce": 0.5745034664869308, "aux_2.acc_seg": 82.06510925292969, "aux_3.loss_ce": 0.5348923534154892, "aux_3.acc_seg": 86.56983184814453, "time": 0.5777241468429566, "iter": 600, "memory": 3341, "step": 600}
{"aAcc": 59.38, "mIoU": 41.8, "mAcc": 59.03, "avg_val_loss": 5.548008609933462, "data_time": 0.007801058648646563, "time": 0.10263344337200296, "step": 600}
{"lr": 0.005196797865243495, "data_time": 0.34736673831939696, "loss": 2.8607057094573975, "decode.loss_ce": 0.3766770511865616, "decode.acc_seg": 82.65811157226562, "aux_0.loss_ce": 0.7653555691242218, "aux_0.acc_seg": 59.38100051879883, "aux_1.loss_ce": 0.6432996094226837, "aux_1.acc_seg": 68.6661148071289, "aux_2.loss_ce": 0.5653457015752792, "aux_2.acc_seg": 74.15966796875, "aux_3.loss_ce": 0.5100277751684189, "aux_3.acc_seg": 75.11766815185547, "time": 0.6440335273742676, "iter": 700, "memory": 3341, "step": 700}
{"aAcc": 67.91, "mIoU": 49.93, "mAcc": 65.89, "avg_val_loss": 5.385201083563125, "data_time": 0.008402706562787637, "time": 0.10367508318232393, "step": 700}
