{"lr": 0.0015943962641761188, "data_time": 0.19163112640380858, "loss": 0.2744230732321739, "decode.loss_seg": 0.0483811354264617, "aux_0.loss_seg": 0.06027977764606476, "aux_1.loss_seg": 0.057539481297135354, "aux_2.loss_seg": 0.05686658788472414, "aux_3.loss_seg": 0.05135608706623316, "time": 0.5624892473220825, "iter": 100, "memory": 19977, "step": 100}
{"aAcc": 24.73, "mIoU": 11.69, "mAcc": 37.16, "avg_val_loss": 0.0, "data_time": 0.01274810280910758, "time": 0.09122327039408129, "step": 100}
{"lr": 0.002194796531020685, "data_time": 0.30701801776885984, "loss": 0.24523135274648666, "decode.loss_seg": 0.0444999597966671, "aux_0.loss_seg": 0.053191720694303515, "aux_1.loss_seg": 0.05076292771846056, "aux_2.loss_seg": 0.0484879057854414, "aux_3.loss_seg": 0.048288839682936666, "time": 0.6150232553482056, "iter": 200, "memory": 34271, "step": 200}
{"aAcc": 40.38, "mIoU": 23.76, "mAcc": 48.86, "avg_val_loss": 0.0, "data_time": 0.012569783747881308, "time": 0.06523218648187046, "step": 200}
{"lr": 0.0027951967978652476, "data_time": 0.20215563774108886, "loss": 0.25150617957115173, "decode.loss_seg": 0.043797118775546554, "aux_0.loss_seg": 0.05472900234162807, "aux_1.loss_seg": 0.0518523883074522, "aux_2.loss_seg": 0.05060734618455172, "aux_3.loss_seg": 0.050520331040024756, "time": 0.5885435342788696, "iter": 300, "memory": 3101, "step": 300}
{"aAcc": 48.2, "mIoU": 32.35, "mAcc": 54.48, "avg_val_loss": 0.0, "data_time": 0.013535014514265389, "time": 0.0659182290921266, "step": 300}
{"lr": 0.0033955970647098093, "data_time": 0.5600346326828003, "loss": 0.20321161299943924, "decode.loss_seg": 0.03410651534795761, "aux_0.loss_seg": 0.045823516510427, "aux_1.loss_seg": 0.04235315620899201, "aux_2.loss_seg": 0.040089625865221024, "aux_3.loss_seg": 0.04083879329264164, "time": 0.6930325269699097, "iter": 400, "memory": 3101, "step": 400}
{"aAcc": 51.51, "mIoU": 35.21, "mAcc": 56.95, "avg_val_loss": 0.0, "data_time": 0.010392139697897023, "time": 0.06295998891194661, "step": 400}
{"lr": 0.003995997331554373, "data_time": 0.4799187660217285, "loss": 0.1824687711894512, "decode.loss_seg": 0.03074567262083292, "aux_0.loss_seg": 0.041535542160272595, "aux_1.loss_seg": 0.03667596280574799, "aux_2.loss_seg": 0.03661965485662222, "aux_3.loss_seg": 0.036891939118504524, "time": 0.6127806663513183, "iter": 500, "memory": 3101, "step": 500}
{"aAcc": 52.15, "mIoU": 35.76, "mAcc": 57.01, "avg_val_loss": 0.0, "data_time": 0.008875707100177634, "time": 0.061183641696798394, "step": 500}
{"lr": 0.0045963975983989375, "data_time": 0.010415911674499512, "loss": 0.13844486698508263, "decode.loss_seg": 0.022843384929001332, "aux_0.loss_seg": 0.03075895830988884, "aux_1.loss_seg": 0.027279438357800244, "aux_2.loss_seg": 0.028022002521902324, "aux_3.loss_seg": 0.029541080072522163, "time": 0.5608243227005005, "iter": 600, "memory": 3101, "step": 600}
{"aAcc": 50.63, "mIoU": 33.58, "mAcc": 56.16, "avg_val_loss": 0.0, "data_time": 0.008836779101141569, "time": 0.06165139154456128, "step": 600}
{"lr": 0.005196797865243495, "data_time": 0.3505316972732544, "loss": 0.1625597894191742, "decode.loss_seg": 0.027077364828437568, "aux_0.loss_seg": 0.035543134436011314, "aux_1.loss_seg": 0.032689820136874916, "aux_2.loss_seg": 0.033415069710463284, "aux_3.loss_seg": 0.03383439676836133, "time": 0.4832068920135498, "iter": 700, "memory": 3101, "step": 700}
{"aAcc": 51.54, "mIoU": 34.25, "mAcc": 56.96, "avg_val_loss": 0.0, "data_time": 0.008878713366629064, "time": 0.06121912769887639, "step": 700}
{"lr": 0.005797198132088056, "data_time": 0.00997624397277832, "loss": 0.14435049742460251, "decode.loss_seg": 0.02468788493424654, "aux_0.loss_seg": 0.030575730372220278, "aux_1.loss_seg": 0.028317008540034293, "aux_2.loss_seg": 0.029304438177496193, "aux_3.loss_seg": 0.03146543595939875, "time": 0.6956464767456054, "iter": 800, "memory": 3101, "step": 800}
{"aAcc": 51.23, "mIoU": 33.48, "mAcc": 56.75, "avg_val_loss": 0.0, "data_time": 0.00915365657587161, "time": 0.061843181478566135, "step": 800}
{"lr": 0.006397598398932616, "data_time": 0.010022497177124024, "loss": 0.11986703276634217, "decode.loss_seg": 0.020132298953831194, "aux_0.loss_seg": 0.024728214554488658, "aux_1.loss_seg": 0.022470180690288544, "aux_2.loss_seg": 0.025716313719749452, "aux_3.loss_seg": 0.026820023357868195, "time": 0.4700807809829712, "iter": 900, "memory": 3101, "step": 900}
{"aAcc": 50.16, "mIoU": 32.22, "mAcc": 56.24, "avg_val_loss": 0.0, "data_time": 0.012966887704257307, "time": 0.06537507868361199, "step": 900}
{"lr": 0.0069979986657771765, "data_time": 0.011432719230651856, "loss": 0.11584796123206616, "decode.loss_seg": 0.01996446717530489, "aux_0.loss_seg": 0.023146994505077602, "aux_1.loss_seg": 0.02217036671936512, "aux_2.loss_seg": 0.024323289282619953, "aux_3.loss_seg": 0.026242844481021165, "time": 0.5607346296310425, "iter": 1000, "memory": 3101, "step": 1000}
{"aAcc": 51.95, "mIoU": 34.07, "mAcc": 57.04, "avg_val_loss": 0.0, "data_time": 0.006861675744769217, "time": 0.059526435260115, "step": 1000}
{"lr": 0.0075983989326217465, "data_time": 0.26426689624786376, "loss": 0.11213434860110283, "decode.loss_seg": 0.0195455820299685, "aux_0.loss_seg": 0.022234123852103948, "aux_1.loss_seg": 0.02168691800907254, "aux_2.loss_seg": 0.023705172725021838, "aux_3.loss_seg": 0.02496255226433277, "time": 0.6658449411392212, "iter": 1100, "memory": 3101, "step": 1100}
{"aAcc": 50.26, "mIoU": 32.53, "mAcc": 55.75, "avg_val_loss": 0.0, "data_time": 0.011425204660700655, "time": 0.06402666541351669, "step": 1100}
{"lr": 0.008198799199466306, "data_time": 0.260399603843689, "loss": 0.1207023523747921, "decode.loss_seg": 0.021138864289969205, "aux_0.loss_seg": 0.022959489841014147, "aux_1.loss_seg": 0.023507935740053654, "aux_2.loss_seg": 0.025797701068222524, "aux_3.loss_seg": 0.027298358362168075, "time": 0.5980150461196899, "iter": 1200, "memory": 3101, "step": 1200}
{"aAcc": 52.51, "mIoU": 34.67, "mAcc": 57.65, "avg_val_loss": 0.0, "data_time": 0.011059750085589529, "time": 0.06372274475536127, "step": 1200}
{"lr": 0.008799199466310867, "data_time": 0.4383707046508789, "loss": 0.12898416854441166, "decode.loss_seg": 0.02330933203920722, "aux_0.loss_seg": 0.025338822696357965, "aux_1.loss_seg": 0.025307118147611617, "aux_2.loss_seg": 0.02678982065990567, "aux_3.loss_seg": 0.0282390758395195, "time": 0.6333347082138061, "iter": 1300, "memory": 3101, "step": 1300}
{"aAcc": 51.52, "mIoU": 33.75, "mAcc": 56.63, "avg_val_loss": 0.0, "data_time": 0.009543564127779555, "time": 0.06191813260659404, "step": 1300}
{"lr": 0.009399599733155411, "data_time": 0.44582409858703614, "loss": 0.14387188032269477, "decode.loss_seg": 0.026223776303231715, "aux_0.loss_seg": 0.028573840484023096, "aux_1.loss_seg": 0.02925322260707617, "aux_2.loss_seg": 0.028903482668101787, "aux_3.loss_seg": 0.030917559377849103, "time": 0.5761051654815674, "iter": 1400, "memory": 3101, "step": 1400}
{"aAcc": 53.36, "mIoU": 35.33, "mAcc": 57.02, "avg_val_loss": 0.0, "data_time": 0.010593877441581639, "time": 0.06318277326123468, "step": 1400}
{"lr": 0.009999999999999966, "data_time": 0.009113645553588868, "loss": 0.11396649479866028, "decode.loss_seg": 0.01982049299404025, "aux_0.loss_seg": 0.020883947238326074, "aux_1.loss_seg": 0.021547251380980015, "aux_2.loss_seg": 0.025092557445168494, "aux_3.loss_seg": 0.026622243970632554, "time": 0.6167617082595825, "iter": 1500, "memory": 3101, "step": 1500}
{"aAcc": 55.45, "mIoU": 37.73, "mAcc": 59.26, "avg_val_loss": 0.0, "data_time": 0.009903071940630332, "time": 0.06227781032693797, "step": 1500}
{"lr": 0.009884680550653002, "data_time": 0.4382254838943481, "loss": 0.1102912776172161, "decode.loss_seg": 0.020029419008642434, "aux_0.loss_seg": 0.01958551136776805, "aux_1.loss_seg": 0.021030780766159295, "aux_2.loss_seg": 0.024076144862920045, "aux_3.loss_seg": 0.025569421239197254, "time": 0.585699486732483, "iter": 1600, "memory": 3101, "step": 1600}
{"aAcc": 54.27, "mIoU": 36.26, "mAcc": 58.79,