{"lr": 0.0050220502205022026, "data_time": 0.01184375286102295, "loss": 11.592699909210205, "decode.loss_ce": 2.453857088088989, "decode.acc_seg": 13.679333686828613, "aux_0.loss_ce": 2.3869378209114074, "aux_0.acc_seg": 21.20111083984375, "aux_1.loss_ce": 2.195598602294922, "aux_1.acc_seg": 28.697111129760742, "aux_2.loss_ce": 2.074968671798706, "aux_2.acc_seg": 33.45466613769531, "aux_3.loss_ce": 2.481337916851044, "aux_3.acc_seg": 22.481555938720703, "time": 0.07324273586273193, "iter": 50, "memory": 17409, "step": 50}
{"val_loss": 11.341218347961807, "data_time": 0.004436207166107215, "time": 0.08307169532078919, "step": 50}
{"lr": 0.00504455044550445, "data_time": 0.004623508453369141, "loss": 8.818744039535522, "decode.loss_ce": 1.663948905467987, "decode.acc_seg": 42.85000228881836, "aux_0.loss_ce": 1.9337207078933716, "aux_0.acc_seg": 45.27888870239258, "aux_1.loss_ce": 1.7158898949623107, "aux_1.acc_seg": 47.45866775512695, "aux_2.loss_ce": 1.6354872584342957, "aux_2.acc_seg": 44.643333435058594, "aux_3.loss_ce": 1.8696972489356996, "aux_3.acc_seg": 34.38689041137695, "time": 0.06521329879760743, "iter": 100, "memory": 899, "step": 100}
{"val_loss": 9.382175801950307, "data_time": 0.003930714588675766, "time": 0.08070426497726255, "step": 100}
{"lr": 0.005067050670506697, "data_time": 0.01663925647735596, "loss": 9.184706926345825, "decode.loss_ce": 1.8463639259338378, "decode.acc_seg": 43.94844436645508, "aux_0.loss_ce": 1.9859357833862306, "aux_0.acc_seg": 47.486000061035156, "aux_1.loss_ce": 1.7391930222511292, "aux_1.acc_seg": 55.51377868652344, "aux_2.loss_ce": 1.6742763996124268, "aux_2.acc_seg": 57.577335357666016, "aux_3.loss_ce": 1.9389378070831298, "aux_3.acc_seg": 49.7413330078125, "time": 0.07958593368530273, "iter": 150, "memory": 899, "step": 150}
{"val_loss": 9.649632769389894, "data_time": 0.003771149909119246, "time": 0.08412954116969792, "step": 150}
{"lr": 0.005089550895508947, "data_time": 0.012909555435180664, "loss": 8.582180976867676, "decode.loss_ce": 1.5308350443840026, "decode.acc_seg": 48.646888732910156, "aux_0.loss_ce": 1.763667845726013, "aux_0.acc_seg": 57.004669189453125, "aux_1.loss_ce": 1.7461702585220338, "aux_1.acc_seg": 54.92422103881836, "aux_2.loss_ce": 1.659026551246643, "aux_2.acc_seg": 60.868446350097656, "aux_3.loss_ce": 1.8824811220169066, "aux_3.acc_seg": 50.43266677856445, "time": 0.07467217445373535, "iter": 200, "memory": 899, "step": 200}
{"val_loss": 8.948855650846038, "data_time": 0.003774142033282278, "time": 0.08394614275354538, "step": 200}
{"lr": 0.005112051120511191, "data_time": 0.004061603546142578, "loss": 8.582847118377686, "decode.loss_ce": 1.6565472781658173, "decode.acc_seg": 38.74622344970703, "aux_0.loss_ce": 1.7523379445075988, "aux_0.acc_seg": 50.63111114501953, "aux_1.loss_ce": 1.6861907839775085, "aux_1.acc_seg": 53.951778411865234, "aux_2.loss_ce": 1.703919780254364, "aux_2.acc_seg": 54.371334075927734, "aux_3.loss_ce": 1.783851420879364, "aux_3.acc_seg": 54.30710983276367, "time": 0.06526548862457275, "iter": 250, "memory": 899, "step": 250}
{"val_loss": 8.381525283768756, "data_time": 0.0036977555629980827, "time": 0.08433890284703016, "step": 250}
{"lr": 0.005134551345513442, "data_time": 0.010966801643371582, "loss": 8.76977047920227, "decode.loss_ce": 1.7321499705314636, "decode.acc_seg": 69.73844146728516, "aux_0.loss_ce": 1.866317093372345, "aux_0.acc_seg": 64.86044311523438, "aux_1.loss_ce": 1.7124235153198242, "aux_1.acc_seg": 63.9011116027832, "aux_2.loss_ce": 1.6343154907226562, "aux_2.acc_seg": 56.46377944946289, "aux_3.loss_ce": 1.824564278125763, "aux_3.acc_seg": 46.73933410644531, "time": 0.07351632118225097, "iter": 300, "memory": 899, "step": 300}
{"val_loss": 8.288905692255405, "data_time": 0.0037043532605878916, "time": 0.08396048818481519, "step": 300}
{"lr": 0.005157051570515689, "data_time": 0.03047134876251221, "loss": 7.342755460739136, "decode.loss_ce": 1.393966156244278, "decode.acc_seg": 32.40533447265625, "aux_0.loss_ce": 1.5323370218276977, "aux_0.acc_seg": 31.908889770507812, "aux_1.loss_ce": 1.4562756299972535, "aux_1.acc_seg": 32.21066665649414, "aux_2.loss_ce": 1.41032794713974, "aux_2.acc_seg": 31.663110733032227, "aux_3.loss_ce": 1.5498486042022706, "aux_3.acc_seg": 33.299556732177734, "time": 0.09206724166870117, "iter": 350, "memory": 899, "step": 350}
{"val_loss": 7.987512339246839, "data_time": 0.003670381513535251, "time": 0.08436623396954687, "step": 350}
{"lr": 0.005179551795517939, "data_time": 0.021364617347717284, "loss": 8.72907633781433, "decode.loss_ce": 1.7024882555007934, "decode.acc_seg": 58.90911102294922, "aux_0.loss_ce": 1.9068776488304138, "aux_0.acc_seg": 44.89311218261719, "aux_1.loss_ce": 1.7308017134666442, "aux_1.acc_seg": 49.5, "aux_2.loss_ce": 1.6507198333740234, "aux_2.acc_seg": 44.440223693847656, "aux_3.loss_ce": 1.7381889581680299, "aux_3.acc_seg": 29.72533416748047, "time": 0.08351738452911377, "iter": 400, "memory": 899, "step": 400}
{"val_loss": 7.892051781812426, "data_time": 0.0035869010753585184, "time": 0.08574789922022762, "step": 400}
{"lr": 0.005202052020520191, "data_time": 0.009182500839233398, "loss": 9.158193445205688, "decode.loss_ce": 1.6436588168144226, "decode.acc_seg": 44.0793342590332, "aux_0.loss_ce": 1.8599888801574707, "aux_0.acc_seg": 43.4988899230957, "aux_1.loss_ce": 1.7599228024482727, "aux_1.acc_seg": 48.00355529785156, "aux_2.loss_ce": 1.826582634449005, "aux_2.acc_seg": 46.339332580566406, "aux_3.loss_ce": 2.0680402517318726, "aux_3.acc_seg": 46.444889068603516, "time": 0.07250616550445557, "iter": 450, "memory": 899, "step": 450}
{"val_loss": 7.705440757047228, "data_time": 0.0037557719107671954, "time": 0.08460742510728303, "step": 450}
{"lr": 0.005224552245522439, "data_time": 0.014014267921447754, "loss": 7.687441492080689, "decode.loss_ce": 1.4402941942214966, "decode.acc_seg": 53.917335510253906, "aux_0.loss_ce": 1.675880539417267, "aux_0.acc_seg": 60.76955795288086, "aux_1.loss_ce": 1.510486900806427, "aux_1.acc_seg": 60.02311325073242, "aux_2.loss_ce": 1.4760520458221436, "aux_2.acc_seg": 51.56399917602539, "aux_3.loss_ce": 1.5847278118133545, "aux_3.acc_seg": 40.818668365478516, "time": 0.07676918506622314, "iter": 500, "memory": 899, "step": 500}
{"val_loss": 7.586579572884014, "data_time": 0.0036796337206578314, "time": 0.08541121535057569, "step": 500}
{"lr": 0.005247052470524687, "data_time": 0.009229159355163575, "loss": 8.592791414260864, "decode.loss_ce": 1.4136251866817475, "decode.acc_seg": 28.101778030395508, "aux_0.loss_ce": 1.7612743616104125, "aux_0.acc_seg": 25.424667358398438, "aux_1.loss_ce": 1.7347357153892518, "aux_1.acc_seg": 27.583999633789062, "aux_2.loss_ce": 1.7284465312957764, "aux_2.acc_seg": 30.152889251708984, "aux_3.loss_ce": 1.9547096014022827, "aux_3.acc_seg": 10.109777450561523, "time": 0.07170014381408692, "iter": 550, "memory": 899, "step": 550}
{"val_loss": 7.19987774892607, "data_time": 0.0035503041135133617, "time": 0.0847041702618564, "step": 550}
{"lr": 0.005269552695526937, "data_time": 0.02230508327484131, "loss": 8.16471199989319, "decode.loss_ce": 1.4647680997848511, "decode.acc_seg": 74.49822235107422, "aux_0.loss_ce": 1.78784921169281, "aux_0.acc_seg": 63.601112365722656, "aux_1.loss_ce": 1.6388096690177918, "aux_1.acc_seg": 71.34867095947266, "aux_2.loss_ce": 1.5885895431041717, "aux_2.acc_seg": 67.96778106689453, "aux_3.loss_ce": 1.684695452451706, "aux_3.acc_seg": 65.35755920410156, "time": 0.0850520133972168, "iter": 600, "memory": 899, "step": 600}
{"val_loss": 7.22701302126286, "data_time": 0.004177376591666192, "time": 0.08519384460727664, "step": 600}
{"lr": 0.005292052920529184, "data_time": 0.022286534309387207, "loss": 7.951311159133911, "decode.loss_ce": 1.4686195969581604, "decode.acc_seg": 66.22311401367188, "aux_0.loss_ce": 1.6854132652282714, "aux_0.acc_seg": 69.94377899169922, "aux_1.loss_ce": 1.5271262884140016, "aux_1.acc_seg": 63.33244705200195, "aux_2.loss_ce": 1.499321448802948,