{"lr": 0.0015943962641761188, "data_time": 0.013897418975830078, "loss": 2.3322405338287355, "decode.loss_ce": 0.4565218061208725, "decode.acc_seg": 79.40743255615234, "aux_0.loss_ce": 0.5068178385496139, "aux_0.acc_seg": 79.36087036132812, "aux_1.loss_ce": 0.46719240546226504, "aux_1.acc_seg": 79.14826202392578, "aux_2.loss_ce": 0.4566193848848343, "aux_2.acc_seg": 81.29729461669922, "aux_3.loss_ce": 0.4450891315937042, "aux_3.acc_seg": 78.8772964477539, "time": 0.684537935256958, "iter": 100, "memory": 23430, "step": 100}
{"aAcc": 52.78, "mIoU": 37.68, "mAcc": 57.39, "avg_val_loss": 7.633161628455446, "data_time": 0.01357595587885657, "time": 0.21009721866873807, "step": 100}
{"lr": 0.002194796531020685, "data_time": 0.013151907920837402, "loss": 2.087382960319519, "decode.loss_ce": 0.41499684751033783, "decode.acc_seg": 80.22760772705078, "aux_0.loss_ce": 0.44743344783782957, "aux_0.acc_seg": 79.74263763427734, "aux_1.loss_ce": 0.42485766112804413, "aux_1.acc_seg": 80.3081283569336, "aux_2.loss_ce": 0.4029665976762772, "aux_2.acc_seg": 81.44805908203125, "aux_3.loss_ce": 0.39712839424610136, "aux_3.acc_seg": 81.49385833740234, "time": 0.6314786434173584, "iter": 200, "memory": 23429, "step": 200}
{"aAcc": 66.11, "mIoU": 50.39, "mAcc": 66.17, "avg_val_loss": 6.175554017618037, "data_time": 0.008755648273161087, "time": 0.19838812707484454, "step": 200}
{"lr": 0.0027951967978652476, "data_time": 0.0872844934463501, "loss": 1.6064749717712403, "decode.loss_ce": 0.313506680727005, "decode.acc_seg": 85.67475891113281, "aux_0.loss_ce": 0.3528153389692307, "aux_0.acc_seg": 85.22168731689453, "aux_1.loss_ce": 0.3139980137348175, "aux_1.acc_seg": 85.66421508789062, "aux_2.loss_ce": 0.3149136185646057, "aux_2.acc_seg": 86.07725524902344, "aux_3.loss_ce": 0.31124135553836824, "aux_3.acc_seg": 85.8332290649414, "time": 0.7058337688446045, "iter": 300, "memory": 23429, "step": 300}
{"aAcc": 70.21, "mIoU": 54.09, "mAcc": 69.77, "avg_val_loss": 5.7289461214349515, "data_time": 0.008832103904636427, "time": 0.1964459254823882, "step": 300}
{"lr": 0.0033955970647098093, "data_time": 0.0100022554397583, "loss": 1.4490899801254273, "decode.loss_ce": 0.28489943891763686, "decode.acc_seg": 85.35623168945312, "aux_0.loss_ce": 0.3156463295221329, "aux_0.acc_seg": 84.16832733154297, "aux_1.loss_ce": 0.2826159313321114, "aux_1.acc_seg": 85.47295379638672, "aux_2.loss_ce": 0.2830019935965538, "aux_2.acc_seg": 85.97334289550781, "aux_3.loss_ce": 0.28292628824710847, "aux_3.acc_seg": 85.9981689453125, "time": 0.6279684543609619, "iter": 400, "memory": 23429, "step": 400}
{"aAcc": 72.86, "mIoU": 57.14, "mAcc": 72.11, "avg_val_loss": 5.449876849457883, "data_time": 0.008735511494779039, "time": 0.19618850740893135, "step": 400}
{"lr": 0.003995997331554373, "data_time": 0.10853526592254639, "loss": 1.5313411593437194, "decode.loss_ce": 0.30563326478004454, "decode.acc_seg": 87.80253601074219, "aux_0.loss_ce": 0.32522677481174467, "aux_0.acc_seg": 88.29718780517578, "aux_1.loss_ce": 0.30201258361339567, "aux_1.acc_seg": 87.81038665771484, "aux_2.loss_ce": 0.299970281124115, "aux_2.acc_seg": 86.9982681274414, "aux_3.loss_ce": 0.29849824458360674, "aux_3.acc_seg": 86.14569854736328, "time": 0.7273877382278442, "iter": 500, "memory": 23429, "step": 500}
{"aAcc": 58.59, "mIoU": 44.09, "mAcc": 61.3, "avg_val_loss": 5.687448361394002, "data_time": 0.007886809864263425, "time": 0.19587688336427184, "step": 500}
{"lr": 0.0045963975983989375, "data_time": 0.009947085380554199, "loss": 1.4402242064476014, "decode.loss_ce": 0.2806296572089195, "decode.acc_seg": 87.23566436767578, "aux_0.loss_ce": 0.3292512059211731, "aux_0.acc_seg": 86.42017364501953, "aux_1.loss_ce": 0.27311700135469436, "aux_1.acc_seg": 87.33111572265625, "aux_2.loss_ce": 0.2771389320492744, "aux_2.acc_seg": 86.73674011230469, "aux_3.loss_ce": 0.28008743226528166, "aux_3.acc_seg": 87.01319885253906, "time": 0.6287235498428345, "iter": 600, "memory": 23429, "step": 600}
{"aAcc": 75.35, "mIoU": 59.78, "mAcc": 74.38, "avg_val_loss": 5.382021871734897, "data_time": 0.006893401858450353, "time": 0.17362652153804384, "step": 600}
{"lr": 0.005196797865243495, "data_time": 0.07740561962127686, "loss": 1.3542049884796143, "decode.loss_ce": 0.26546851694583895, "decode.acc_seg": 88.81544494628906, "aux_0.loss_ce": 0.293180438876152, "aux_0.acc_seg": 89.18580627441406, "aux_1.loss_ce": 0.26108908504247663, "aux_1.acc_seg": 88.57503509521484, "aux_2.loss_ce": 0.26661446541547773, "aux_2.acc_seg": 88.60884857177734, "aux_3.loss_ce": 0.26785247176885607, "aux_3.acc_seg": 88.44927215576172, "time": 0.6320842981338501, "iter": 700, "memory": 23429, "step": 700}
{"aAcc": 68.13, "mIoU": 51.89, "mAcc": 68.0, "avg_val_loss": 5.4217862933251695, "data_time": 0.007894505029437185, "time": 0.16847279154021164, "step": 700}
{"lr": 0.005797198132088056, "data_time": 0.010671138763427734, "loss": 1.250911670923233, "decode.loss_ce": 0.24968504458665847, "decode.acc_seg": 87.14024353027344, "aux_0.loss_ce": 0.2667171761393547, "aux_0.acc_seg": 84.55343627929688, "aux_1.loss_ce": 0.24129653424024583, "aux_1.acc_seg": 87.24722290039062, "aux_2.loss_ce": 0.24325259625911713, "aux_2.acc_seg": 86.83309173583984, "aux_3.loss_ce": 0.24996033310890198, "aux_3.acc_seg": 86.24281311035156, "time": 0.7430539131164551, "iter": 800, "memory": 23429, "step": 800}
{"aAcc": 78.69, "mIoU": 62.69, "mAcc": 75.76, "avg_val_loss": 5.1789589864229075, "data_time": 0.007938121927195582, "time": 0.16867619547350654, "step": 800}
{"lr": 0.006397598398932616, "data_time": 0.01248466968536377, "loss": 1.3386002421379088, "decode.loss_ce": 0.2632665276527405, "decode.acc_seg": 89.8316879272461, "aux_0.loss_ce": 0.28377805203199385, "aux_0.acc_seg": 89.56422424316406, "aux_1.loss_ce": 0.26267004311084746, "aux_1.acc_seg": 89.87361145019531, "aux_2.loss_ce": 0.26195424050092697, "aux_2.acc_seg": 90.19454956054688, "aux_3.loss_ce": 0.2669314056634903, "aux_3.acc_seg": 89.99626159667969, "time": 0.678679347038269, "iter": 900, "memory": 23429, "step": 900}
{"aAcc": 77.45, "mIoU": 61.7, "mAcc": 74.97, "avg_val_loss": 5.01433369401138, "data_time": 0.0067802407275671245, "time": 0.168318597749732, "step": 900}
{"lr": 0.0069979986657771765, "data_time": 0.0597400426864624, "loss": 1.1626447319984436, "decode.loss_ce": 0.2319568693637848, "decode.acc_seg": 91.35758972167969, "aux_0.loss_ce": 0.24551899135112762, "aux_0.acc_seg": 90.9655532836914, "aux_1.loss_ce": 0.23304975181818008, "aux_1.acc_seg": 90.99217224121094, "aux_2.loss_ce": 0.2249753400683403, "aux_2.acc_seg": 91.3131103515625, "aux_3.loss_ce": 0.22714378982782363, "aux_3.acc_seg": 91.447265625, "time": 0.6796361923217773, "iter": 1000, "memory": 23429, "step": 1000}
{"aAcc": 77.41, "mIoU": 61.39, "mAcc": 74.71, "avg_val_loss": 4.872528363868855, "data_time": 0.0065363302998159125, "time": 0.19419665446226625, "step": 1000}
{"lr": 0.0075983989326217465, "data_time": 0.014221644401550293, "loss": 1.1407972812652587, "decode.loss_ce": 0.22569929510354997, "decode.acc_seg": 90.930908203125, "aux_0.loss_ce": 0.2413574919104576, "aux_0.acc_seg": 90.54469299316406, "aux_1.loss_ce": 0.22074485421180726, "aux_1.acc_seg": 91.23558044433594, "aux_2.loss_ce": 0.22461294680833815, "aux_2.acc_seg": 91.05146789550781, "aux_3.loss_ce": 0.22838267236948012, "aux_3.acc_seg": 90.69231414794922, "time": 0.6358905076980591, "iter": 1100, "memory": 23429, "step": 1100}
{"aAcc": 70.95, "mIoU": 54.71, "mAcc": 70.4, "avg_val_loss": 4.5875456615846755, "data_time": 0.007665973970259743, "time": 0.19484016813080887, "step": 1100}
{"lr": 0.008198799199466306, "data_time": 0.013868021965026855, "loss": 1.2301060557365417, "decode.loss_ce": 0.24366528987884523, "decode.acc_seg": 90.47319793701172, "aux_0.loss_ce": 0.2681495890021324, "aux_0.acc_seg": 90.06468963623047, "aux_1.loss_ce": 0.23687177151441574, "aux_1.acc_seg": 90.76396179199219, "aux_2.loss_ce": 0.2397790625691414, "aux_2.acc_seg": 90.96177673339844,