{"lr": 0.0015943962641761188, "data_time": 0.06006410121917725, "loss": 2.371649742126465, "decode.loss_ce": 0.7666157007217407, "decode.acc_seg": 85.98017120361328, "aux_0.loss_ce": 0.16438661366701127, "aux_0.acc_seg": 83.83544158935547, "aux_1.loss_seg": 0.9361908197402954, "aux_2.loss_ce": 0.2358812540769577, "aux_2.acc_seg": 77.02283477783203, "aux_3.loss_ce": 0.2685753837227821, "aux_3.acc_seg": 74.7745590209961, "time": 0.5201937675476074, "iter": 100, "memory": 9798, "step": 100}
{"aAcc": 39.48, "mIoU": 22.18, "mAcc": 43.06, "avg_val_loss": 16.861625182001216, "data_time": 0.03276617582454238, "time": 0.07762201442274937, "step": 100}
{"lr": 0.002194796531020685, "data_time": 0.2615088701248169, "loss": 2.136194276809692, "decode.loss_ce": 0.7057318329811096, "decode.acc_seg": 81.69061279296875, "aux_0.loss_ce": 0.14483964294195176, "aux_0.acc_seg": 81.10216522216797, "aux_1.loss_seg": 0.8564213693141938, "aux_2.loss_ce": 0.20169148594141006, "aux_2.acc_seg": 72.92361450195312, "aux_3.loss_ce": 0.2275099441409111, "aux_3.acc_seg": 68.19805908203125, "time": 0.57465660572052, "iter": 200, "memory": 4595, "step": 200}
{"aAcc": 45.58, "mIoU": 30.04, "mAcc": 50.6, "avg_val_loss": 15.991602967052085, "data_time": 0.024322222019064015, "time": 0.06793757416736121, "step": 200}
{"lr": 0.0027951967978652476, "data_time": 0.08828544616699219, "loss": 1.9329405546188354, "decode.loss_ce": 0.5806414455175399, "decode.acc_seg": 86.87105560302734, "aux_0.loss_ce": 0.12007718831300736, "aux_0.acc_seg": 86.73611450195312, "aux_1.loss_seg": 0.8265978753566742, "aux_2.loss_ce": 0.1847141221165657, "aux_2.acc_seg": 72.27594757080078, "aux_3.loss_ce": 0.22090993225574493, "aux_3.acc_seg": 67.7413330078125, "time": 0.531897783279419, "iter": 300, "memory": 1871, "step": 300}
{"aAcc": 52.16, "mIoU": 35.85, "mAcc": 55.08, "avg_val_loss": 14.455925467999592, "data_time": 0.025946266349704785, "time": 0.07104808708717084, "step": 300}
{"lr": 0.0033955970647098093, "data_time": 0.13769681453704835, "loss": 1.8677598714828492, "decode.loss_ce": 0.5444184005260467, "decode.acc_seg": 89.22333526611328, "aux_0.loss_ce": 0.11330304592847824, "aux_0.acc_seg": 88.41505432128906, "aux_1.loss_seg": 0.8325517833232879, "aux_2.loss_ce": 0.17398742735385894, "aux_2.acc_seg": 75.00077819824219, "aux_3.loss_ce": 0.20349923074245452, "aux_3.acc_seg": 76.47633361816406, "time": 0.5296388387680053, "iter": 400, "memory": 1871, "step": 400}
{"aAcc": 70.28, "mIoU": 52.63, "mAcc": 67.87, "avg_val_loss": 12.355790480492061, "data_time": 0.02501527742407788, "time": 0.07148154028530779, "step": 400}
{"lr": 0.003995997331554373, "data_time": 0.13121767044067384, "loss": 1.7320756435394287, "decode.loss_ce": 0.4942631244659424, "decode.acc_seg": 85.55672454833984, "aux_0.loss_ce": 0.10113023370504379, "aux_0.acc_seg": 86.21089172363281, "aux_1.loss_seg": 0.7949300765991211, "aux_2.loss_ce": 0.1537662923336029, "aux_2.acc_seg": 73.03594207763672, "aux_3.loss_ce": 0.18798590451478958, "aux_3.acc_seg": 58.7142219543457, "time": 0.5431231260299683, "iter": 500, "memory": 1871, "step": 500}
{"aAcc": 59.93, "mIoU": 43.49, "mAcc": 61.14, "avg_val_loss": 12.215313102749358, "data_time": 0.0205401497325678, "time": 0.0660424068056304, "step": 500}
{"lr": 0.0045963975983989375, "data_time": 0.2760596513748169, "loss": 1.6363186240196228, "decode.loss_ce": 0.4607133328914642, "decode.acc_seg": 90.61872100830078, "aux_0.loss_ce": 0.09563645347952843, "aux_0.acc_seg": 91.30799865722656, "aux_1.loss_seg": 0.7643232703208923, "aux_2.loss_ce": 0.1398091971874237, "aux_2.acc_seg": 79.51233673095703, "aux_3.loss_ce": 0.175836381316185, "aux_3.acc_seg": 74.95877838134766, "time": 0.5976249217987061, "iter": 600, "memory": 1871, "step": 600}
{"aAcc": 58.81, "mIoU": 41.65, "mAcc": 59.58, "avg_val_loss": 11.651061588284682, "data_time": 0.018120952036188936, "time": 0.0656866534002896, "step": 600}
