{"lr": 0.0015935153032556498, "data_time": 0.1345830202102661, "loss": 7.702136993408203, "decode.loss_ce": 1.2686515688896178, "decode.acc_seg": 58.0613899230957, "aux_0.loss_ce": 2.203669273853302, "aux_0.acc_seg": 52.553279876708984, "aux_1.loss_ce": 1.61100013256073, "aux_1.acc_seg": 59.50461196899414, "aux_2.loss_ce": 1.3406607151031493, "aux_2.acc_seg": 60.95661163330078, "aux_3.loss_ce": 1.278155255317688, "aux_3.acc_seg": 62.643890380859375, "time": 0.6169501304626465, "iter": 100, "memory": 19219, "step": 100}
{"aAcc": 72.71, "mIoU": 15.25, "mAcc": 19.38, "avg_val_loss": 6.284086921292014, "data_time": 0.0054709685109827644, "time": 0.35694073412540184, "step": 100}
{"lr": 0.0021923556914885548, "data_time": 0.30574491024017336, "loss": 7.301409721374512, "decode.loss_ce": 1.2187187671661377, "decode.acc_seg": 66.84461212158203, "aux_0.loss_ce": 1.867021346092224, "aux_0.acc_seg": 56.75927734375, "aux_1.loss_ce": 1.56872318983078, "aux_1.acc_seg": 59.79589080810547, "aux_2.loss_ce": 1.3529715895652772, "aux_2.acc_seg": 62.046443939208984, "aux_3.loss_ce": 1.2939748287200927, "aux_3.acc_seg": 61.746891021728516, "time": 0.6505657434463501, "iter": 200, "memory": 2908, "step": 200}
{"aAcc": 75.55, "mIoU": 22.65, "mAcc": 27.7, "avg_val_loss": 5.652979537445358, "data_time": 0.004380960487624974, "time": 0.3553405357796012, "step": 200}
{"lr": 0.002790522019728277, "data_time": 0.00824878215789795, "loss": 6.81944785118103, "decode.loss_ce": 1.1162340879440307, "decode.acc_seg": 66.267333984375, "aux_0.loss_ce": 1.7235457181930542, "aux_0.acc_seg": 49.4825553894043, "aux_1.loss_ce": 1.4733129501342774, "aux_1.acc_seg": 54.22066879272461, "aux_2.loss_ce": 1.2941619992256164, "aux_2.acc_seg": 57.680110931396484, "aux_3.loss_ce": 1.2121930181980134, "aux_3.acc_seg": 58.699501037597656, "time": 0.5323134660720825, "iter": 300, "memory": 2908, "step": 300}
{"aAcc": 80.24, "mIoU": 32.8, "mAcc": 41.13, "avg_val_loss": 5.409794282959187, "data_time": 0.004324334917716609, "time": 0.35650411045667035, "step": 300}
{"lr": 0.003388013882444926, "data_time": 0.009298586845397949, "loss": 6.118776750564575, "decode.loss_ce": 0.9283230304718018, "decode.acc_seg": 59.818443298339844, "aux_0.loss_ce": 1.5746932744979858, "aux_0.acc_seg": 41.47716522216797, "aux_1.loss_ce": 1.3448296904563903, "aux_1.acc_seg": 45.56766891479492, "aux_2.loss_ce": 1.1665687918663026, "aux_2.acc_seg": 48.347557067871094, "aux_3.loss_ce": 1.104361891746521, "aux_3.acc_seg": 52.13772201538086, "time": 0.48766825199127195, "iter": 400, "memory": 2908, "step": 400}
{"aAcc": 61.23, "mIoU": 24.96, "mAcc": 33.4, "avg_val_loss": 5.8024827546999305, "data_time": 0.004469739001931496, "time": 0.3738896910426686, "step": 400}
{"lr": 0.003984830997215992, "data_time": 0.3727954149246216, "loss": 5.835259580612183, "decode.loss_ce": 0.8444543898105621, "decode.acc_seg": 75.8834457397461, "aux_0.loss_ce": 1.5085115313529969, "aux_0.acc_seg": 67.97477722167969, "aux_1.loss_ce": 1.2878617644309998, "aux_1.acc_seg": 66.822998046875, "aux_2.loss_ce": 1.1391471326351166, "aux_2.acc_seg": 69.12249755859375, "aux_3.loss_ce": 1.0552847504615783, "aux_3.acc_seg": 67.31200408935547, "time": 0.5730602025985718, "iter": 500, "memory": 2908, "step": 500}
{"aAcc": 83.01, "mIoU": 40.29, "mAcc": 50.03, "avg_val_loss": 5.456793237438518, "data_time": 0.004581048650648988, "time": 0.36614785090233515, "step": 500}
{"lr": 0.004580973148071793, "data_time": 0.008461380004882812, "loss": 5.78186731338501, "decode.loss_ce": 0.797894948720932, "decode.acc_seg": 72.20938873291016, "aux_0.loss_ce": 1.485713493824005, "aux_0.acc_seg": 54.88338851928711, "aux_1.loss_ce": 1.2768481850624085, "aux_1.acc_seg": 57.62794494628906, "aux_2.loss_ce": 1.1419999182224274, "aux_2.acc_seg": 62.240779876708984, "aux_3.loss_ce": 1.079410767555237, "aux_3.acc_seg": 66.58244323730469, "time": 0.4549351692199707, "iter": 600, "memory": 2908, "step": 600}
{"aAcc": 71.25, "mIoU": 35.11, "mAcc": 50.58, "avg_val_loss": 5.360906722274401, "data_time": 0.004259229285045735, "time": 0.37143140221105037, "step": 600}
{"lr": 0.005176440159063168, "data_time": 0.03002591133117676, "loss": 5.607307195663452, "decode.loss_ce": 0.7492788374423981, "decode.acc_seg": 77.79850006103516, "aux_0.loss_ce": 1.459514605998993, "aux_0.acc_seg": 58.94038772583008, "aux_1.loss_ce": 1.2795195817947387, "aux_1.acc_seg": 61.551387786865234, "aux_2.loss_ce": 1.11650493144989, "aux_2.acc_seg": 64.67400360107422, "aux_3.loss_ce": 1.002489310503006, "aux_3.acc_seg": 69.03977966308594, "time": 0.5347208023071289, "iter": 700, "memory": 2908, "step": 700}
