{"lr": 0.0015930867963809803, "data_time": 0.007920098304748536, "loss": 5.945302963256836, "decode.loss_ce": 0.8156275272369384, "decode.acc_seg": 67.1310043334961, "aux_0.loss_ce": 2.1224777936935424, "aux_0.acc_seg": 58.911556243896484, "aux_1.loss_ce": 1.2974192261695863, "aux_1.acc_seg": 63.96966552734375, "aux_2.loss_ce": 0.9121869683265686, "aux_2.acc_seg": 65.75633239746094, "aux_3.loss_ce": 0.7975914776325226, "aux_3.acc_seg": 67.6253890991211, "time": 0.47013044357299805, "iter": 100, "memory": 19198, "step": 100}
{"aAcc": 68.07, "mIoU": 31.79, "mAcc": 42.31, "avg_val_loss": 6.875227760088457, "data_time": 0.004717296494377984, "time": 0.3518407991197374, "step": 100}
{"lr": 0.002191123271301943, "data_time": 0.0075783967971801754, "loss": 5.12292799949646, "decode.loss_ce": 0.8566695868968963, "decode.acc_seg": 69.87288665771484, "aux_0.loss_ce": 1.4513514518737793, "aux_0.acc_seg": 57.41566848754883, "aux_1.loss_ce": 1.0919709742069243, "aux_1.acc_seg": 65.03416442871094, "aux_2.loss_ce": 0.9053366422653198, "aux_2.acc_seg": 70.15044403076172, "aux_3.loss_ce": 0.8175993442535401, "aux_3.acc_seg": 71.46055603027344, "time": 0.39876766204833985, "iter": 200, "memory": 2889, "step": 200}
{"aAcc": 47.45, "mIoU": 17.99, "mAcc": 31.28, "avg_val_loss": 6.550133880770644, "data_time": 0.0037748485869684664, "time": 0.3581761494444109, "step": 200}
{"lr": 0.0027881034698292294, "data_time": 0.1694382905960083, "loss": 4.637472367286682, "decode.loss_ce": 0.8231325507164001, "decode.acc_seg": 75.48594665527344, "aux_0.loss_ce": 1.230981719493866, "aux_0.acc_seg": 62.374446868896484, "aux_1.loss_ce": 0.9798863649368286, "aux_1.acc_seg": 68.40916442871094, "aux_2.loss_ce": 0.835299813747406, "aux_2.acc_seg": 71.97660827636719, "aux_3.loss_ce": 0.7681718289852142, "aux_3.acc_seg": 73.90155792236328, "time": 0.36994783878326415, "iter": 300, "memory": 2889, "step": 300}
{"aAcc": 49.41, "mIoU": 17.99, "mAcc": 29.95, "avg_val_loss": 6.860561609953298, "data_time": 0.003921231250805231, "time": 0.3667647933748503, "step": 300}
{"lr": 0.0033840217450599877, "data_time": 0.1822664737701416, "loss": 4.546346521377563, "decode.loss_ce": 0.8065313339233399, "decode.acc_seg": 66.06099700927734, "aux_0.loss_ce": 1.1586928963661194, "aux_0.acc_seg": 50.449832916259766, "aux_1.loss_ce": 0.9437707722187042, "aux_1.acc_seg": 62.63949966430664, "aux_2.loss_ce": 0.8565931439399719, "aux_2.acc_seg": 66.01805877685547, "aux_3.loss_ce": 0.7807583391666413, "aux_3.acc_seg": 69.05783081054688, "time": 0.45035006999969485, "iter": 400, "memory": 2889, "step": 400}
{"aAcc": 53.9, "mIoU": 22.6, "mAcc": 34.48, "avg_val_loss": 6.9334828932339665, "data_time": 0.003958883941041392, "time": 0.36826432940700893, "step": 400}
{"lr": 0.003978874422200742, "data_time": 0.23879106044769288, "loss": 4.482959723472595, "decode.loss_ce": 0.7826071619987488, "decode.acc_seg": 67.30027770996094, "aux_0.loss_ce": 1.147315227985382, "aux_0.acc_seg": 45.65655517578125, "aux_1.loss_ce": 0.9493942260742188, "aux_1.acc_seg": 56.01072311401367, "aux_2.loss_ce": 0.8396819651126861, "aux_2.acc_seg": 64.33322143554688, "aux_3.loss_ce": 0.7639611244201661, "aux_3.acc_seg": 69.39844512939453, "time": 0.4424542665481567, "iter": 500, "memory": 2889, "step": 500}
{"aAcc": 60.2, "mIoU": 25.31, "mAcc": 36.85, "avg_val_loss": 7.077318140635633, "data_time": 0.004018322591506722, "time": 0.3684262489268098, "step": 500}
{"lr": 0.004572658891684879, "data_time": 0.050712060928344724, "loss": 4.245221853256226, "decode.loss_ce": 0.7522018373012542, "decode.acc_seg": 74.68644714355469, "aux_0.loss_ce": 1.1050639033317566, "aux_0.acc_seg": 65.60344696044922, "aux_1.loss_ce": 0.8784987032413483, "aux_1.acc_seg": 71.76799774169922, "aux_2.loss_ce": 0.7809945464134216, "aux_2.acc_seg": 73.83833312988281, "aux_3.loss_ce": 0.7284628391265869, "aux_3.acc_seg": 73.63433074951172, "time": 0.37287867069244385, "iter": 600, "memory": 2889, "step": 600}
