{"lr": 0.005201541801877408, "data_time": 0.012650299072265624, "loss": 7.45482759475708, "decode.loss_ce": 1.0169164180755614, "decode.acc_seg": 68.66022491455078, "aux_0.loss_ce": 1.7916322946548462, "aux_0.acc_seg": 50.29711151123047, "aux_1.loss_ce": 1.6217529475688934, "aux_1.acc_seg": 51.280887603759766, "aux_2.loss_ce": 1.5461036443710328, "aux_2.acc_seg": 45.89488983154297, "aux_3.loss_ce": 1.47842218875885, "aux_3.acc_seg": 33.33089065551758, "time": 0.08030819892883301, "iter": 500, "memory": 17409, "step": 500}
{"aAcc": 78.52, "mIoU": 29.0, "mAcc": 35.71, "data_time": 0.04247307544801293, "time": 0.06895846739047912, "step": 500}
