{"lr": 0.0015930867963809803, "data_time": 0.022243976593017578, "loss": 5.305848264694214, "decode.loss_ce": 0.8152622699737548, "decode.acc_seg": 76.9255599975586, "aux_0.loss_ce": 1.5833010077476501, "aux_0.acc_seg": 67.85044860839844, "aux_1.loss_ce": 1.1704372227191926, "aux_1.acc_seg": 72.16928100585938, "aux_2.loss_ce": 0.9164194762706757, "aux_2.acc_seg": 76.53594207763672, "aux_3.loss_ce": 0.8204282104969025, "aux_3.acc_seg": 76.94305419921875, "time": 0.423973536491394, "iter": 100, "memory": 19198, "step": 100}
