{"lr": 0.005201541801877408, "data_time": 0.0037845373153686523, "loss": 6.7535277843475345, "decode.loss_ce": 0.9241501152515411, "decode.acc_seg": 70.20911407470703, "aux_0.loss_ce": 1.5665817975997924, "aux_0.acc_seg": 48.59955596923828, "aux_1.loss_ce": 1.4247635841369628, "aux_1.acc_seg": 50.29888916015625, "aux_2.loss_ce": 1.3615021228790283, "aux_2.acc_seg": 46.71733474731445, "aux_3.loss_ce": 1.476530122756958, "aux_3.acc_seg": 33.09400177001953, "time": 0.13557579517364501, "iter": 500, "memory": 17409, "step": 500}
{"aAcc": 68.25, "mIoU": 19.83, "mAcc": 25.81, "data_time": 0.016891498100466844, "time": 0.04429606693546947, "step": 500}
