{"lr": 0.0050220502205022026, "data_time": 0.062382841110229494, "loss": 10.2891441822052, "decode.loss_ce": 1.9382453441619873, "decode.acc_seg": 27.757110595703125, "aux_0.loss_ce": 2.4675638675689697, "aux_0.acc_seg": 29.161556243896484, "aux_1.loss_ce": 1.9946046113967895, "aux_1.acc_seg": 30.766000747680664, "aux_2.loss_ce": 1.8826366543769837, "aux_2.acc_seg": 34.533111572265625, "aux_3.loss_ce": 2.0060936570167542, "aux_3.acc_seg": 40.19244384765625, "time": 0.1484851598739624, "iter": 50, "memory": 17408, "step": 50}
{"aAcc": 62.24, "mIoU": 12.29, "mAcc": 17.15, "val_loss": 0.0, "data_time": 0.0057081352475205765, "time": 0.3624272039046833, "step": 50}
{"lr": 0.00504455044550445, "data_time": 0.019506955146789552, "loss": 8.159215879440307, "decode.loss_ce": 1.4507626235485076, "decode.acc_seg": 62.687557220458984, "aux_0.loss_ce": 1.9580475687980652, "aux_0.acc_seg": 30.117778778076172, "aux_1.loss_ce": 1.6817817687988281, "aux_1.acc_seg": 38.26244354248047, "aux_2.loss_ce": 1.5114700555801392, "aux_2.acc_seg": 41.79399871826172, "aux_3.loss_ce": 1.5571537494659424, "aux_3.acc_seg": 53.638668060302734, "time": 0.16311612129211425, "iter": 100, "memory": 901, "step": 100}
