{"lr": 0.005201541801877408, "data_time": 0.08906855583190917, "loss": 8.054433059692382, "decode.loss_ce": 1.1944137692451477, "decode.acc_seg": 71.38977813720703, "aux_0.loss_ce": 1.7570403933525085, "aux_0.acc_seg": 49.69089126586914, "aux_1.loss_ce": 1.7032450020313263, "aux_1.acc_seg": 52.77199935913086, "aux_2.loss_ce": 1.649418008327484, "aux_2.acc_seg": 54.155555725097656, "aux_3.loss_ce": 1.7503157675266265, "aux_3.acc_seg": 54.25822448730469, "time": 0.16051120758056642, "iter": 500, "memory": 17409, "step": 500}
{"val_loss": 0.0, "data_time": 0.008729818390636909, "time": 0.08885902660648998, "step": 500}
{"lr": 0.005401471167152687, "data_time": 0.003479933738708496, "loss": 7.483848285675049, "decode.loss_ce": 1.0955900490283965, "decode.acc_seg": 64.70578002929688, "aux_0.loss_ce": 1.6661255002021789, "aux_0.acc_seg": 54.073333740234375, "aux_1.loss_ce": 1.5963429927825927, "aux_1.acc_seg": 56.55088806152344, "aux_2.loss_ce": 1.538522469997406, "aux_2.acc_seg": 61.59422302246094, "aux_3.loss_ce": 1.587267315387726, "aux_3.acc_seg": 58.59977722167969, "time": 0.13743126392364502, "iter": 1000, "memory": 33494, "step": 1000}
{"val_loss": 0.0, "data_time": 0.00788393645610624, "time": 0.07934070559381282, "step": 1000}
{"lr": 0.005599379706405267, "data_time": 0.003647041320800781, "loss": 7.014994955062866, "decode.loss_ce": 0.871862816810608, "decode.acc_seg": 61.945335388183594, "aux_0.loss_ce": 1.6538882851600647, "aux_0.acc_seg": 35.07844543457031, "aux_1.loss_ce": 1.5509326457977295, "aux_1.acc_seg": 37.38888931274414, "aux_2.loss_ce": 1.4364624202251435, "aux_2.acc_seg": 37.70888900756836, "aux_3.loss_ce": 1.5018487513065337, "aux_3.acc_seg": 37.01066589355469, "time": 0.17222251892089843, "iter": 1500, "memory": 899, "step": 1500}
{"val_loss": 0.0, "data_time": 0.00976359959944938, "time": 0.0815782674307962, "step": 1500}
{"lr": 0.0057952649886820196, "data_time": 0.01935703754425049, "loss": 6.305564951896668, "decode.loss_ce": 0.6376710548996926, "decode.acc_seg": 80.3479995727539, "aux_0.loss_ce": 1.5112662494182587, "aux_0.acc_seg": 51.87555694580078, "aux_1.loss_ce": 1.4352070748806, "aux_1.acc_seg": 53.06444549560547, "aux_2.loss_ce": 1.3637209415435791, "aux_2.acc_seg": 45.44155502319336, "aux_3.loss_ce": 1.357699567079544, "aux_3.acc_seg": 50.55289077758789, "time": 0.14166672229766847, "iter": 2000, "memory": 899, "step": 2000}
{"val_loss": 0.0, "data_time": 0.009442074784954775, "time": 0.08125242099021245, "step": 2000}
{"lr": 0.005989124626295371, "data_time": 0.004058694839477539, "loss": 6.987053894996643, "decode.loss_ce": 0.9922908961772918, "decode.acc_seg": 63.53289031982422, "aux_0.loss_ce": 1.6181325495243073, "aux_0.acc_seg": 27.825111389160156, "aux_1.loss_ce": 1.499118822813034, "aux_1.acc_seg": 32.49266815185547, "aux_2.loss_ce": 1.3922712206840515, "aux_2.acc_seg": 37.528446197509766, "aux_3.loss_ce": 1.4852404057979585, "aux_3.acc_seg": 36.46733474731445, "time": 0.12654590606689453, "iter": 2500, "memory": 899, "step": 2500}
{"val_loss": 0.0, "data_time": 0.00986270997130755, "time": 0.08085284534009915, "step": 2500}
