{"lr": 0.0015930867963809803, "data_time": 0.20665066242218016, "loss": 4.393369746208191, "decode.loss_ce": 0.5560147881507873, "decode.acc_seg": 79.26305389404297, "aux_0.loss_ce": 1.6157192826271056, "aux_0.acc_seg": 66.21044158935547, "aux_1.loss_ce": 1.085822719335556, "aux_1.acc_seg": 68.13300323486328, "aux_2.loss_ce": 0.6319046258926392, "aux_2.acc_seg": 81.95938873291016, "aux_3.loss_ce": 0.5039083182811737, "aux_3.acc_seg": 79.74894714355469, "time": 0.4027256965637207, "iter": 100, "memory": 19198, "step": 100}
{"aAcc": 64.66, "mIoU": 35.6, "mAcc": 48.94, "avg_val_loss": 8.13094655474911, "data_time": 0.0047865496741400825, "time": 0.09021148522694905, "step": 100}
{"lr": 0.002191123271301943, "data_time": 0.054723501205444336, "loss": 2.882187843322754, "decode.loss_ce": 0.4402641892433167, "decode.acc_seg": 77.38378143310547, "aux_0.loss_ce": 0.9088986814022064, "aux_0.acc_seg": 63.94905471801758, "aux_1.loss_ce": 0.6412273347377777, "aux_1.acc_seg": 70.03160858154297, "aux_2.loss_ce": 0.46122607588768005, "aux_2.acc_seg": 74.9253921508789, "aux_3.loss_ce": 0.4305715560913086, "aux_3.acc_seg": 80.19872283935547, "time": 0.482336688041687, "iter": 200, "memory": 2889, "step": 200}
{"aAcc": 80.51, "mIoU": 49.3, "mAcc": 59.07, "avg_val_loss": 6.211841124249778, "data_time": 0.003943698104892232, "time": 0.08639212035286982, "step": 200}
{"lr": 0.0027881034698292294, "data_time": 0.23515946865081788, "loss": 2.640659284591675, "decode.loss_ce": 0.4166487604379654, "decode.acc_seg": 85.85449981689453, "aux_0.loss_ce": 0.7916670501232147, "aux_0.acc_seg": 71.93949890136719, "aux_1.loss_ce": 0.571961498260498, "aux_1.acc_seg": 81.19039154052734, "aux_2.loss_ce": 0.4498540610074997, "aux_2.acc_seg": 88.69249725341797, "aux_3.loss_ce": 0.41052788197994233, "aux_3.acc_seg": 87.10105895996094, "time": 0.4394825458526611, "iter": 300, "memory": 2889, "step": 300}
{"aAcc": 65.91, "mIoU": 36.25, "mAcc": 49.54, "avg_val_loss": 6.01327406984371, "data_time": 0.00426218832147095, "time": 0.08670187419375401, "step": 300}
{"lr": 0.0033840217450599877, "data_time": 0.07875320911407471, "loss": 2.3985201716423035, "decode.loss_ce": 0.325705187022686, "decode.acc_seg": 86.26033782958984, "aux_0.loss_ce": 0.74951873421669, "aux_0.acc_seg": 73.38805389404297, "aux_1.loss_ce": 0.5662066340446472, "aux_1.acc_seg": 76.6336669921875, "aux_2.loss_ce": 0.4060286432504654, "aux_2.acc_seg": 83.84761047363281, "aux_3.loss_ce": 0.35106093883514405, "aux_3.acc_seg": 83.93399810791016, "time": 0.4202131271362305, "iter": 400, "memory": 2889, "step": 400}
{"aAcc": 71.7, "mIoU": 42.17, "mAcc": 53.14, "avg_val_loss": 5.685969499587284, "data_time": 0.003976296955624599, "time": 0.08957868351904621, "step": 400}
{"lr": 0.003978874422200742, "data_time": 0.05268282890319824, "loss": 2.2940293073654177, "decode.loss_ce": 0.29569257944822314, "decode.acc_seg": 89.29666900634766, "aux_0.loss_ce": 0.7867816686630249, "aux_0.acc_seg": 72.96500396728516, "aux_1.loss_ce": 0.49007602632045744, "aux_1.acc_seg": 82.91472625732422, "aux_2.loss_ce": 0.3775707483291626, "aux_2.acc_seg": 85.62821960449219, "aux_3.loss_ce": 0.3439082816243172, "aux_3.acc_seg": 86.3740005493164, "time": 0.39981129169464114, "iter": 500, "memory": 2889, "step": 500}
{"aAcc": 70.0, "mIoU": 40.95, "mAcc": 51.99, "avg_val_loss": 5.123541201132291, "data_time": 0.004280173857830581, "time": 0.08874798614011371, "step": 500}
{"lr": 0.004572658891684879, "data_time": 0.2557407855987549, "loss": 1.941313874721527, "decode.loss_ce": 0.30745596140623094, "decode.acc_seg": 88.4647216796875, "aux_0.loss_ce": 0.640584135055542, "aux_0.acc_seg": 72.95205688476562, "aux_1.loss_ce": 0.3925055742263794, "aux_1.acc_seg": 84.30433654785156, "aux_2.loss_ce": 0.30228574573993683, "aux_2.acc_seg": 88.75883483886719, "aux_3.loss_ce": 0.2984824553132057, "aux_3.acc_seg": 87.3796157836914, "time": 0.45638089179992675, "iter": 600, "memory": 2889, "step": 600}
{"aAcc": 43.32, "mIoU": 19.05, "mAcc": 34.52, "avg_val_loss": 6.306442107898928, "data_time": 0.003838995872209976, "time": 0.08862782264760223, "step": 600}
{"lr": 0.005165373185965325, "data_time": 0.2645428657531738, "loss": 1.9113171339035033, "decode.loss_ce": 0.26236228793859484, "decode.acc_seg": 86.401611328125, "aux_0.loss_ce": 0.6507474839687347, "aux_0.acc_seg": 56.849666595458984, "aux_1.loss_ce": 0.4192485123872757, "aux_1.acc_seg": 78.52716827392578, "aux_2.loss_ce": 0.29860723316669463, "aux_2.acc_seg": 85.99894714355469, "aux_3.loss_ce": 0.2803516149520874, "aux_3.acc_seg": 86.48394775390625, "time": 0.46748387813568115, "iter": 700, "memory": 2889, "step": 700}
