{"lr": 0.0050220502205022026, "data_time": 0.03736791610717773, "loss": 9.630763816833497, "decode.loss_ce": 1.7332728505134583, "decode.acc_seg": 61.974666595458984, "aux_0.loss_ce": 2.336326837539673, "aux_0.acc_seg": 52.56911087036133, "aux_1.loss_ce": 1.9269337773323059, "aux_1.acc_seg": 49.755332946777344, "aux_2.loss_ce": 1.8135038256645202, "aux_2.acc_seg": 38.61155700683594, "aux_3.loss_ce": 1.8207264065742492, "aux_3.acc_seg": 45.33466720581055, "time": 0.12590179443359376, "iter": 50, "memory": 17408, "step": 50}
{"aAcc": 39.86, "mIoU": 5.74, "mAcc": 10.07, "val_loss": 45.91312632912114, "data_time": 0.005722925320739003, "time": 0.349659787477368, "step": 50}
{"lr": 0.00504455044550445, "data_time": 0.06248636245727539, "loss": 8.272843503952027, "decode.loss_ce": 1.55271372795105, "decode.acc_seg": 42.42510986328125, "aux_0.loss_ce": 1.931676173210144, "aux_0.acc_seg": 32.14066696166992, "aux_1.loss_ce": 1.6812010526657104, "aux_1.acc_seg": 38.36022186279297, "aux_2.loss_ce": 1.558890986442566, "aux_2.acc_seg": 49.84644317626953, "aux_3.loss_ce": 1.548361587524414, "aux_3.acc_seg": 52.01133346557617, "time": 0.14245085716247557, "iter": 100, "memory": 901, "step": 100}
