{"lr": 0.005201541801877408, "data_time": 0.004454493522644043, "loss": 7.274339771270752, "decode.loss_ce": 1.010117095708847, "decode.acc_seg": 67.38533782958984, "aux_0.loss_ce": 1.6602157354354858, "aux_0.acc_seg": 44.839332580566406, "aux_1.loss_ce": 1.5447104275226593, "aux_1.acc_seg": 43.479331970214844, "aux_2.loss_ce": 1.5218822717666627, "aux_2.acc_seg": 47.31488800048828, "aux_3.loss_ce": 1.5374143481254579, "aux_3.acc_seg": 52.73222351074219, "time": 0.17902274131774903, "iter": 500, "memory": 17409, "step": 500}
