{"lr": 0.0015943962641761188, "data_time": 0.33533802032470705, "loss": 1.4137768268585205, "decode.loss_ce": 0.711401742696762, "decode.acc_seg": 68.17211151123047, "aux_0.loss_ce": 0.7023750901222229, "aux_0.acc_seg": 64.89522552490234, "time": 0.6081068277359009, "iter": 100, "memory": 40144, "step": 100}
{"aAcc": 51.17, "mIoU": 35.41, "mAcc": 55.76, "avg_val_loss": 2.549690679848543, "data_time": 0.013451917226924452, "time": 0.2439458730608918, "step": 100}
{"lr": 0.002194796531020685, "data_time": 0.29328558444976804, "loss": 1.2488115787506104, "decode.loss_ce": 0.6332744538784028, "decode.acc_seg": 69.7687759399414, "aux_0.loss_ce": 0.6155371248722077, "aux_0.acc_seg": 70.60227966308594, "time": 0.5336713790893555, "iter": 200, "memory": 8602, "step": 200}
{"aAcc": 52.65, "mIoU": 32.26, "mAcc": 50.0, "avg_val_loss": 2.4061299527597706, "data_time": 0.008179461819001999, "time": 0.23845720839226384, "step": 200}
{"lr": 0.0027951967978652476, "data_time": 0.4264167547225952, "loss": 1.1340011417865754, "decode.loss_ce": 0.5735972106456757, "decode.acc_seg": 77.5633316040039, "aux_0.loss_ce": 0.5604039400815963, "aux_0.acc_seg": 79.31938934326172, "time": 0.6631337165832519, "iter": 300, "memory": 6440, "step": 300}
{"aAcc": 66.26, "mIoU": 47.66, "mAcc": 62.95, "avg_val_loss": 2.1124304612012867, "data_time": 0.009591861702929968, "time": 0.24211488098933778, "step": 300}
{"lr": 0.0033955970647098093, "data_time": 0.14448153972625732, "loss": 1.0223896503448486, "decode.loss_ce": 0.5228191882371902, "decode.acc_seg": 70.6481704711914, "aux_0.loss_ce": 0.4995704621076584, "aux_0.acc_seg": 68.60211181640625, "time": 0.5862414836883545, "iter": 400, "memory": 6440, "step": 400}
{"aAcc": 62.43, "mIoU": 46.73, "mAcc": 65.64, "avg_val_loss": 2.1020978036941145, "data_time": 0.008411111502811826, "time": 0.2396734034878084, "step": 400}
{"lr": 0.003995997331554373, "data_time": 0.3193968296051025, "loss": 0.9402673244476318, "decode.loss_ce": 0.47688950002193453, "decode.acc_seg": 72.74250030517578, "aux_0.loss_ce": 0.4633778244256973, "aux_0.acc_seg": 75.68883514404297, "time": 0.5779215097427368, "iter": 500, "memory": 6440, "step": 500}
{"aAcc": 66.34, "mIoU": 43.54, "mAcc": 58.69, "avg_val_loss": 1.9610279575077414, "data_time": 0.008615288241156217, "time": 0.23843254440132228, "step": 500}
{"lr": 0.0045963975983989375, "data_time": 0.445540189743042, "loss": 1.0270701110363007, "decode.loss_ce": 0.518449890613556, "decode.acc_seg": 74.813720703125, "aux_0.loss_ce": 0.5086202204227448, "aux_0.acc_seg": 75.63955688476562, "time": 0.6835293531417846, "iter": 600, "memory": 6440, "step": 600}
{"aAcc": 57.08, "mIoU": 41.91, "mAcc": 61.99, "avg_val_loss": 2.4006793741536185, "data_time": 0.00851507296507386, "time": 0.2355371014825229, "step": 600}
{"lr": 0.005196797865243495, "data_time": 0.285659646987915, "loss": 1.019880509376526, "decode.loss_ce": 0.5238974779844284, "decode.acc_seg": 68.80816650390625, "aux_0.loss_ce": 0.4959830462932587, "aux_0.acc_seg": 72.44194793701172, "time": 0.5264581680297852, "iter": 700, "memory": 6440, "step": 700}
{"aAcc": 57.53, "mIoU": 35.89, "mAcc": 53.18, "avg_val_loss": 2.4978577086053098, "data_time": 0.008412711921779588, "time": 0.2390562199998176, "step": 700}
{"lr": 0.005797198132088056, "data_time": 0.3152580738067627, "loss": 0.840053254365921, "decode.loss_ce": 0.42643214762210846, "decode.acc_seg": 79.25677490234375, "aux_0.loss_ce": 0.41362111270427704, "aux_0.acc_seg": 80.32067108154297, "time": 0.5495681524276733, "iter": 800, "memory": 6440, "step": 800}
{"aAcc": 50.54, "mIoU": 29.53, "mAcc": 48.52, "avg_val_loss": 2.6980825605099663, "data_time": 0.008323987325032553, "time": 0.236871015066388, "step": 800}
