{"lr": 0.005201541801877408, "data_time": 0.00395512580871582, "loss": 7.558151006698608, "decode.loss_ce": 1.0841343104839325, "decode.acc_seg": 65.7848892211914, "aux_0.loss_ce": 1.7525189638137817, "aux_0.acc_seg": 55.218666076660156, "aux_1.loss_ce": 1.6099716901779175, "aux_1.acc_seg": 57.767333984375, "aux_2.loss_ce": 1.5036411881446838, "aux_2.acc_seg": 63.19044494628906, "aux_3.loss_ce": 1.6078848361968994, "aux_3.acc_seg": 56.5357780456543, "time": 0.15143887996673583, "iter": 500, "memory": 17409, "step": 500}
