{"lr": 0.005201541801877408, "data_time": 0.003999829292297363, "loss": 6.733287334442139, "decode.loss_ce": 0.8985935330390931, "decode.acc_seg": 44.78844451904297, "aux_0.loss_ce": 1.6223583579063416, "aux_0.acc_seg": 21.01822280883789, "aux_1.loss_ce": 1.4965557694435119, "aux_1.acc_seg": 21.290889739990234, "aux_2.loss_ce": 1.3688096582889557, "aux_2.acc_seg": 24.19466781616211, "aux_3.loss_ce": 1.3469700515270233, "aux_3.acc_seg": 20.931777954101562, "time": 0.13887016773223876, "iter": 500, "memory": 17409, "step": 500}
