{"lr": 0.005201541801877408, "data_time": 0.06918652057647705, "loss": 7.0128899097442625, "decode.loss_ce": 0.9522491455078125, "decode.acc_seg": 62.052223205566406, "aux_0.loss_ce": 1.5913452506065369, "aux_0.acc_seg": 46.89155578613281, "aux_1.loss_ce": 1.5647092580795288, "aux_1.acc_seg": 45.61777877807617, "aux_2.loss_ce": 1.4804066181182862, "aux_2.acc_seg": 51.134666442871094, "aux_3.loss_ce": 1.424179631471634, "aux_3.acc_seg": 56.94466781616211, "time": 0.17568626403808593, "iter": 500, "memory": 17409, "step": 500}
{"data_time": 0.010990514987852515, "time": 0.08929365669808736, "step": 500}
{"lr": 0.005401471167152687, "data_time": 0.02286067008972168, "loss": 7.071827411651611, "decode.loss_ce": 1.0213480651378632, "decode.acc_seg": 59.174888610839844, "aux_0.loss_ce": 1.6311015725135802, "aux_0.acc_seg": 54.15622329711914, "aux_1.loss_ce": 1.5057698249816895, "aux_1.acc_seg": 54.908668518066406, "aux_2.loss_ce": 1.4321022629737854, "aux_2.acc_seg": 52.8848876953125, "aux_3.loss_ce": 1.481505572795868, "aux_3.acc_seg": 49.249332427978516, "time": 0.12047796249389649, "iter": 1000, "memory": 33494, "step": 1000}
{"data_time": 0.010246165747781403, "time": 0.08017822376732688, "step": 1000}
{"lr": 0.005599379706405267, "data_time": 0.06288318634033203, "loss": 7.743729448318481, "decode.loss_ce": 0.9417788833379745, "decode.acc_seg": 82.3759994506836, "aux_0.loss_ce": 1.7936172008514404, "aux_0.acc_seg": 64.2042236328125, "aux_1.loss_ce": 1.6800876259803772, "aux_1.acc_seg": 64.08177947998047, "aux_2.loss_ce": 1.625788402557373, "aux_2.acc_seg": 66.37821960449219, "aux_3.loss_ce": 1.7024574756622315, "aux_3.acc_seg": 70.15111541748047, "time": 0.1451638698577881, "iter": 1500, "memory": 899, "step": 1500}
{"data_time": 0.010826379350088174, "time": 0.08196722535253728, "step": 1500}
{"lr": 0.0057952649886820196, "data_time": 0.053632259368896484, "loss": 7.116876220703125, "decode.loss_ce": 0.8130839467048645, "decode.acc_seg": 73.74533081054688, "aux_0.loss_ce": 1.6894410610198975, "aux_0.acc_seg": 56.424888610839844, "aux_1.loss_ce": 1.6195735454559326, "aux_1.acc_seg": 57.69977951049805, "aux_2.loss_ce": 1.5029590845108032, "aux_2.acc_seg": 65.20310974121094, "aux_3.loss_ce": 1.4918184876441956, "aux_3.acc_seg": 62.78155517578125, "time": 0.12516894340515136, "iter": 2000, "memory": 899, "step": 2000}
{"data_time": 0.011089267082584715, "time": 0.08200545218384382, "step": 2000}
{"lr": 0.005989124626295371, "data_time": 0.06140110492706299, "loss": 6.8413474559783936, "decode.loss_ce": 0.8192523956298828, "decode.acc_seg": 74.05821990966797, "aux_0.loss_ce": 1.6406652450561523, "aux_0.acc_seg": 43.37022399902344, "aux_1.loss_ce": 1.5017655968666077, "aux_1.acc_seg": 44.130001068115234, "aux_2.loss_ce": 1.424725639820099, "aux_2.acc_seg": 49.52288818359375, "aux_3.loss_ce": 1.454938530921936, "aux_3.acc_seg": 48.51177978515625, "time": 0.13098533153533937, "iter": 2500, "memory": 899, "step": 2500}
{"data_time": 0.012816007854869065, "time": 0.0831823175393262, "step": 2500}
{"lr": 0.00618095626868123, "data_time": 0.023139023780822755, "loss": 5.684744787216187, "decode.loss_ce": 0.5776962399482727, "decode.acc_seg": 64.87933349609375, "aux_0.loss_ce": 1.42741357088089, "aux_0.acc_seg": 29.905555725097656, "aux_1.loss_ce": 1.291730958223343, "aux_1.acc_seg": 31.545555114746094, "aux_2.loss_ce": 1.1811287820339202, "aux_2.acc_seg": 34.67599868774414, "aux_3.loss_ce": 1.2067752122879027, "aux_3.acc_seg": 31.973556518554688, "time": 0.16042091846466064, "iter": 3000, "memory": 899, "step": 3000}
{"data_time": 0.01063654029253617, "time": 0.08166389210710248, "step": 3000}
{"lr": 0.006370757597088137, "data_time": 0.003355741500854492, "loss": 5.784111022949219, "decode.loss_ce": 0.6159940302371979, "decode.acc_seg": 78.30755615234375, "aux_0.loss_ce": 1.431994479894638, "aux_0.acc_seg": 46.69289016723633, "aux_1.loss_ce": 1.320603507757187, "aux_1.acc_seg": 54.5880012512207, "aux_2.loss_ce": 1.2056698143482207, "aux_2.acc_seg": 60.94155502319336, "aux_3.loss_ce": 1.2098491072654725, "aux_3.acc_seg": 56.35244369506836, "time": 0.14353222846984864, "iter": 3500, "memory": 899, "step": 3500}
{"data_time": 0.008161514708139365, "time": 0.07846396061980608, "step": 3500}
{"lr": 0.006558526319956188, "data_time": 0.10693676471710205, "loss": 6.417335557937622, "decode.loss_ce": 0.701606172323227, "decode.acc_seg": 76.17911529541016, "aux_0.loss_ce": 1.6065584421157837, "aux_0.acc_seg": 34.34288787841797, "aux_1.loss_ce": 1.45157133936882, "aux_1.acc_seg": 38.57666778564453, "aux_2.loss_ce": 1.3173460423946382, "aux_2.acc_seg": 45.22977828979492, "aux_3.loss_ce": 1.3402536034584045, "aux_3.acc_seg": 45.09266662597656, "time": 0.1907097339630127, "iter": 4000, "memory": 899, "step": 4000}
{"data_time": 0.009110878972173895, "time": 0.07999753952026367, "step": 4000}
{"lr": 0.006744260168871878, "data_time": 0.08726911544799805, "loss": 6.433211708068848, "decode.loss_ce": 0.641015636920929, "decode.acc_seg": 73.42688751220703, "aux_0.loss_ce": 1.5906101942062378, "aux_0.acc_seg": 19.988445281982422, "aux_1.loss_ce": 1.474798321723938, "aux_1.acc_seg": 23.08066749572754, "aux_2.loss_ce": 1.387786591053009, "aux_2.acc_seg": 23.343111038208008, "aux_3.loss_ce": 1.3390009164810182, "aux_3.acc_seg": 26.15999984741211, "time": 0.16277406215667725, "iter": 4500, "memory": 899, "step": 4500}
{"data_time": 0.007335739228331927, "time": 0.07876095031071635, "step": 4500}
{"lr": 0.006927956895006671, "data_time": 0.004176020622253418, "loss": 5.73107271194458, "decode.loss_ce": 0.5836064517498016, "decode.acc_seg": 75.52155303955078, "aux_0.loss_ce": 1.472655314207077, "aux_0.acc_seg": 49.79022216796875, "aux_1.loss_ce": 1.3110596716403962, "aux_1.acc_seg": 52.4022216796875, "aux_2.loss_ce": 1.18623885512352, "aux_2.acc_seg": 55.05355453491211, "aux_3.loss_ce": 1.1775124192237854, "aux_3.acc_seg": 58.778221130371094, "time": 0.1063122272491455, "iter": 5000, "memory": 899, "step": 5000}
{"data_time": 0.014394566850754822, "time": 0.08546859199560962, "step": 5000}
{"lr": 0.007109614265964269, "data_time": 0.01908752918243408, "loss": 6.050858855247498, "decode.loss_ce": 0.6488779485225677, "decode.acc_seg": 91.44955444335938, "aux_0.loss_ce": 1.5271883726119995, "aux_0.acc_seg": 76.54244232177734, "aux_1.loss_ce": 1.379902571439743, "aux_1.acc_seg": 78.17488861083984, "aux_2.loss_ce": 1.256026566028595, "aux_2.acc_seg": 78.94377899169922, "aux_3.loss_ce": 1.2388633847236634, "aux_3.acc_seg": 79.96355438232422, "time": 0.15935609340667725, "iter": 5500, "memory": 899, "step": 5500}
{"data_time": 0.009574141317200892, "time": 0.08043480035170768, "step": 5500}
{"lr": 0.007289230062975398, "data_time": 0.10172226428985595, "loss": 6.733916187286377, "decode.loss_ce": 0.695673006772995, "decode.acc_seg": 72.54489135742188, "aux_0.loss_ce": 1.5586672663688659, "aux_0.acc_seg": 29.495332717895508, "aux_1.loss_ce": 1.5343919038772582, "aux_1.acc_seg": 31.672666549682617, "aux_2.loss_ce": 1.4799796342849731, "aux_2.acc_seg": 36.779335021972656, "aux_3.loss_ce": 1.4652043461799622, "aux_3.acc_seg": 46.03200149536133, "time": 0.17311642169952393, "iter": 6000, "memory": 899, "step": 6000}
{"data_time": 0.0072979626146335045, "time": 0.0778622847158932, "step": 6000}
{"lr": 0.007466802078388701, "data_time": 0.12345149517059326, "loss": 6.437000370025634, "decode.loss_ce": 0.6610316514968873, "decode.acc_seg": 66.5546646118164, "aux_0.loss_ce": 1.5820302486419677, "aux_0.acc_seg": 35.790000915527344, "aux_1.loss_ce": 1.469368326663971, "aux_1.acc_seg": 39.0359992980957, "aux_2.loss_ce": 1.3723936140537263, "aux_2.acc_seg": 41.10133361816406, "aux_3.loss_ce": 1.3521765053272248, "aux_3.acc_seg": 41.73777770996094, "time": 0.2144519567489624, "iter": 6500, "memory": 899, "step": 6500}
{"data_time": 0.008980283459413398, "time": 0.07957580251601136, "step": 6500}
{"lr": 0.007642328113415835, "data_time": 0.02872645854949951, "loss": 5.604643702507019,