{"lr": 0.0015943962641761188, "data_time": 0.17157633304595948, "loss": 4.4415172100067135, "decode.loss_ce": 0.6215499520301819, "decode.acc_seg": 75.98577880859375, "aux_0.loss_ce": 1.6202977180480957, "aux_0.acc_seg": 65.64067077636719, "aux_1.loss_ce": 0.92806077003479, "aux_1.acc_seg": 62.0074462890625, "aux_2.loss_ce": 0.6860140860080719, "aux_2.acc_seg": 66.12555694580078, "aux_3.loss_ce": 0.5855947315692902, "aux_3.acc_seg": 78.21627807617188, "time": 0.48454153537750244, "iter": 100, "memory": 19198, "step": 100}
{"aAcc": 13.15, "mIoU": 13.59, "mAcc": 21.53, "avg_val_loss": 14.809963513536063, "data_time": 0.010919143987256427, "time": 0.10181861977244533, "step": 100}
{"lr": 0.002194796531020685, "data_time": 0.25175540447235106, "loss": 3.5149397611618043, "decode.loss_ce": 0.5639645546674729, "decode.acc_seg": 74.99671936035156, "aux_0.loss_ce": 1.0053429543972014, "aux_0.acc_seg": 70.452392578125, "aux_1.loss_ce": 0.7494463443756103, "aux_1.acc_seg": 64.87528228759766, "aux_2.loss_ce": 0.6326573133468628, "aux_2.acc_seg": 70.59944152832031, "aux_3.loss_ce": 0.5635286033153534, "aux_3.acc_seg": 75.70549774169922, "time": 0.4548101663589478, "iter": 200, "memory": 10746, "step": 200}
{"aAcc": 47.15, "mIoU": 30.75, "mAcc": 46.22, "avg_val_loss": 14.917113391279477, "data_time": 0.007872049835906631, "time": 0.09435684105445599, "step": 200}
{"lr": 0.0027951967978652476, "data_time": 0.008542919158935547, "loss": 3.1725865602493286, "decode.loss_ce": 0.5329305052757263, "decode.acc_seg": 82.27105712890625, "aux_0.loss_ce": 0.8378082573413849, "aux_0.acc_seg": 63.13677978515625, "aux_1.loss_ce": 0.711770623922348, "aux_1.acc_seg": 67.4199447631836, "aux_2.loss_ce": 0.5813925415277481, "aux_2.acc_seg": 78.40689086914062, "aux_3.loss_ce": 0.5086845278739929, "aux_3.acc_seg": 80.7588882446289, "time": 0.46276192665100097, "iter": 300, "memory": 2889, "step": 300}
{"aAcc": 46.37, "mIoU": 27.51, "mAcc": 39.71, "avg_val_loss": 15.189611905673791, "data_time": 0.006706755736778523, "time": 0.09292143788830988, "step": 300}
{"lr": 0.0033955970647098093, "data_time": 0.14789242744445802, "loss": 3.373473644256592, "decode.loss_ce": 0.6085470795631409, "decode.acc_seg": 78.78400421142578, "aux_0.loss_ce": 0.8304495513439178, "aux_0.acc_seg": 59.77433395385742, "aux_1.loss_ce": 0.7126801192760468, "aux_1.acc_seg": 80.42400360107422, "aux_2.loss_ce": 0.6301720798015594, "aux_2.acc_seg": 78.99339294433594, "aux_3.loss_ce": 0.5916248351335526, "aux_3.acc_seg": 81.33338928222656, "time": 0.4977940559387207, "iter": 400, "memory": 2889, "step": 400}
{"aAcc": 24.51, "mIoU": 20.0, "mAcc": 30.2, "avg_val_loss": 16.014039450526585, "data_time": 0.006297451326216774, "time": 0.09276295804429328, "step": 400}
