{"lr": 0.0050220502205022026, "data_time": 0.022640371322631837, "loss": 10.089465522766114, "decode.loss_ce": 1.8482054233551026, "decode.acc_seg": 31.946889877319336, "aux_0.loss_ce": 2.411898875236511, "aux_0.acc_seg": 56.8033332824707, "aux_1.loss_ce": 1.9967339038848877, "aux_1.acc_seg": 51.71066665649414, "aux_2.loss_ce": 1.852933394908905, "aux_2.acc_seg": 47.89777755737305, "aux_3.loss_ce": 1.9796937823295593, "aux_3.acc_seg": 41.5877799987793, "time": 0.11227881908416748, "iter": 50, "memory": 17408, "step": 50}
{"val_loss": 11.51969489447972, "data_time": 0.006110870055038563, "time": 0.08878130634335706, "step": 50}
{"lr": 0.00504455044550445, "data_time": 0.08583362102508545, "loss": 9.411795520782471, "decode.loss_ce": 1.8442538380622864, "decode.acc_seg": 31.54022216796875, "aux_0.loss_ce": 2.0517117738723756, "aux_0.acc_seg": 51.54689025878906, "aux_1.loss_ce": 1.800382626056671, "aux_1.acc_seg": 38.79399871826172, "aux_2.loss_ce": 1.7346269011497497, "aux_2.acc_seg": 40.48222351074219, "aux_3.loss_ce": 1.9808203816413879, "aux_3.acc_seg": 47.024444580078125, "time": 0.16732871532440186, "iter": 100, "memory": 901, "step": 100}
{"val_loss": 12.349681696317493, "data_time": 0.005442880311058563, "time": 0.08193184102623208, "step": 100}
{"lr": 0.005067050670506697, "data_time": 0.0694453239440918, "loss": 8.164931201934815, "decode.loss_ce": 1.457220858335495, "decode.acc_seg": 51.84288787841797, "aux_0.loss_ce": 1.8392848730087281, "aux_0.acc_seg": 47.35066604614258, "aux_1.loss_ce": 1.6484076619148254, "aux_1.acc_seg": 49.89755630493164, "aux_2.loss_ce": 1.5792215704917907, "aux_2.acc_seg": 54.349334716796875, "aux_3.loss_ce": 1.6407963037490845, "aux_3.acc_seg": 52.189109802246094, "time": 0.15137262344360353, "iter": 150, "memory": 901, "step": 150}
