{"lr": 0.0015930867963809803, "data_time": 0.7530329465866089, "loss": 7.6466772079467775, "decode.loss_ce": 1.2264510631561278, "decode.acc_seg": 68.02178192138672, "aux_0.loss_ce": 2.1579049825668335, "aux_0.acc_seg": 64.56216430664062, "aux_1.loss_ce": 1.6066791534423828, "aux_1.acc_seg": 66.99671936035156, "aux_2.loss_ce": 1.3633086800575256, "aux_2.acc_seg": 65.55699920654297, "aux_3.loss_ce": 1.2923333287239074, "aux_3.acc_seg": 62.381221771240234, "time": 0.9668560028076172, "iter": 100, "memory": 19198, "step": 100}
