{"lr": 0.0015943962641761188, "data_time": 0.3903846502304077, "loss": 4.406494855880737, "decode.loss_seg": 1.4902167081832887, "aux_0.loss_seg": 0.7218504786491394, "aux_1.loss_seg": 0.6483254432678223, "aux_2.loss_seg": 0.7710821866989136, "aux_3.loss_seg": 0.7750200569629669, "time": 0.7133370876312256, "iter": 100, "memory": 40345, "step": 100}
{"aAcc": 45.76, "mIoU": 31.81, "mAcc": 53.13, "avg_val_loss": 0.0, "data_time": 0.011494647624880769, "time": 0.1262990541236345, "step": 100}
{"lr": 0.002194796531020685, "data_time": 0.17645821571350098, "loss": 3.2355679512023925, "decode.loss_seg": 1.1071408689022064, "aux_0.loss_seg": 0.5765342473983764, "aux_1.loss_seg": 0.481070750951767, "aux_2.loss_seg": 0.4963184207677841, "aux_3.loss_seg": 0.5745036631822587, "time": 0.6550654172897339, "iter": 200, "memory": 9068, "step": 200}
{"aAcc": 53.98, "mIoU": 39.56, "mAcc": 59.46, "avg_val_loss": 0.0, "data_time": 0.007077310277127671, "time": 0.11790732405651574, "step": 200}
{"lr": 0.0027951967978652476, "data_time": 0.26035523414611816, "loss": 3.155161714553833, "decode.loss_seg": 1.11993008852005, "aux_0.loss_seg": 0.48915050029754636, "aux_1.loss_seg": 0.5350081026554108, "aux_2.loss_seg": 0.4674373984336853, "aux_3.loss_seg": 0.5436356276273727, "time": 0.5991840362548828, "iter": 300, "memory": 7982, "step": 300}
{"aAcc": 63.09, "mIoU": 46.19, "mAcc": 63.56, "avg_val_loss": 0.0, "data_time": 0.007130639306430159, "time": 0.11808494041705954, "step": 300}
{"lr": 0.0033955970647098093, "data_time": 0.010971665382385254, "loss": 2.5707333087921143, "decode.loss_seg": 0.8566052138805389, "aux_0.loss_seg": 0.42194671332836153, "aux_1.loss_seg": 0.3942242920398712, "aux_2.loss_seg": 0.43944071531295775, "aux_3.loss_seg": 0.4585164338350296, "time": 0.7482376337051392, "iter": 400, "memory": 7982, "step": 400}
{"aAcc": 58.08, "mIoU": 42.48, "mAcc": 61.47, "avg_val_loss": 0.0, "data_time": 0.0071265971523591844, "time": 0.11790846956187281, "step": 400}
{"lr": 0.003995997331554373, "data_time": 0.3528544187545776, "loss": 2.4872691869735717, "decode.loss_seg": 0.9045560300350189, "aux_0.loss_seg": 0.38038430362939835, "aux_1.loss_seg": 0.3843040570616722, "aux_2.loss_seg": 0.38895566016435623, "aux_3.loss_seg": 0.4290690734982491, "time": 0.6631958246231079, "iter": 500, "memory": 7983, "step": 500}
{"aAcc": 68.0, "mIoU": 49.97, "mAcc": 65.78, "avg_val_loss": 0.0, "data_time": 0.007620652516682942, "time": 0.1186094558101961, "step": 500}
{"lr": 0.0045963975983989375, "data_time": 0.10352184772491455, "loss": 2.369248104095459, "decode.loss_seg": 0.7642139494419098, "aux_0.loss_seg": 0.39875231981277465, "aux_1.loss_seg": 0.40691406428813937, "aux_2.loss_seg": 0.35690743923187257, "aux_3.loss_seg": 0.4424603313207626, "time": 0.5531682014465332, "iter": 600, "memory": 7982, "step": 600}
{"aAcc": 56.64, "mIoU": 40.09, "mAcc": 58.73, "avg_val_loss": 0.0, "data_time": 0.007787068684895833, "time": 0.11991571831977231, "step": 600}
{"lr": 0.005196797865243495, "data_time": 0.009656214714050293, "loss": 2.1526129484176635, "decode.loss_seg": 0.7540820389986038, "aux_0.loss_seg": 0.3423845529556274, "aux_1.loss_seg": 0.3318583622574806, "aux_2.loss_seg": 0.3373377397656441, "aux_3.loss_seg": 0.38695024102926256, "time": 0.6079865455627441, "iter": 700, "memory": 7982, "step": 700}
{"aAcc": 73.91, "mIoU": 59.0, "mAcc": 74.46, "avg_val_loss": 0.0, "data_time": 0.006830188049667183, "time": 0.11783579848278528, "step": 700}
{"lr": 0.005797198132088056, "data_time": 0.07127647399902344, "loss": 1.7015151262283326, "decode.loss_seg": 0.5943014711141587, "aux_0.loss_seg": 0.2798373594880104, "aux_1.loss_seg": 0.2752132385969162, "aux_2.loss_seg": 0.25463618487119677, "aux_3.loss_seg": 0.2975268751382828, "time": 0.7309911489486695, "iter": 800, "memory": 7983, "step": 800}
{"aAcc": 62.56, "mIoU": 47.67, "mAcc": 65.81, "avg_val_loss": 0.0, "data_time": 0.007197352661483589, "time": 0.1180370456870945, "step": 800}
{"lr": 0.006397598398932616, "data_time": 0.011502790451049804, "loss": 2.124955117702484, "decode.loss_seg": 0.7219729721546173, "aux_0.loss_seg": 0.3718373984098434, "aux_1.loss_seg": 0.3683787137269974, "aux_2.loss_seg": 0.31758471578359604, "aux_3.loss_seg": 0.3451813131570816, "time": 0.5175861358642578, "iter": 900, "memory": 7982, "step": 900}
{"aAcc": 70.23, "mIoU": 54.69, "mAcc": 71.04, "avg_val_loss": 0.0, "data_time": 0.0073585126591824935, "time": 0.11910685177507072, "step": 900}
{"lr": 0.0069979986657771765, "data_time": 0.2616370916366577, "loss": 1.6883316218852997, "decode.loss_seg": 0.5919664978981019, "aux_0.loss_seg": 0.27179542779922483, "aux_1.loss_seg": 0.2686316087841988, "aux_2.loss_seg": 0.27030920088291166, "aux_3.loss_seg": 0.28562887012958527, "time": 0.6523514509201049, "iter": 1000, "memory": 7982, "step": 1000}
{"aAcc": 72.64, "mIoU": 56.93, "mAcc": 72.32, "avg_val_loss": 0.0, "data_time": 0.006248548113066575, "time": 0.11819753975703798, "step": 1000}
{"lr": 0.0075983989326217465, "data_time": 0.2962062358856201, "loss": 1.661640226840973, "decode.loss_seg": 0.5588656783103942, "aux_0.loss_seg": 0.2704216703772545, "aux_1.loss_seg": 0.28959756195545194, "aux_2.loss_seg": 0.2549698889255524, "aux_3.loss_seg": 0.2877854138612747, "time": 0.6029875755310059, "iter": 1100, "memory": 7984, "step": 1100}
{"aAcc": 71.66, "mIoU": 55.77, "mAcc": 71.26, "avg_val_loss": 0.0, "data_time": 0.00778120687638206, "time": 0.11902333128041234, "step": 1100}
{"lr": 0.008198799199466306, "data_time": 0.3302407741546631, "loss": 1.5322755575180054, "decode.loss_seg": 0.521946233510971, "aux_0.loss_seg": 0.25005611032247543, "aux_1.loss_seg": 0.25640186965465545, "aux_2.loss_seg": 0.2457662418484688, "aux_3.loss_seg": 0.2581050738692284, "time": 0.6375528335571289, "iter": 1200, "memory": 7982, "step": 1200}
{"aAcc": 63.49, "mIoU": 48.24, "mAcc": 66.06, "avg_val_loss": 0.0, "data_time": 0.007503608177448141, "time": 0.11975992685076835, "step": 1200}
{"lr": 0.008799199466310867, "data_time": 0.21108157634735109, "loss": 1.3974696040153503, "decode.loss_seg": 0.4697065562009811, "aux_0.loss_seg": 0.22547053694725036, "aux_1.loss_seg": 0.2205647274851799, "aux_2.loss_seg": 0.24340208172798156, "aux_3.loss_seg": 0.23832569867372513, "time": 0.6176343441009522, "iter": 1300, "memory": 7982, "step": 1300}
{"aAcc": 76.48, "mIoU": 60.52, "mAcc": 74.51, "avg_val_loss": 0.0, "data_time": 0.00679803168636629, "time": 0.11826170449969413, "step": 1300}
{"lr": 0.009399599733155411, "data_time": 0.3355274200439453, "loss": 1.6188702702522277, "decode.loss_seg": 0.5593214929103851, "aux_0.loss_seg": 0.2804433673620224, "aux_1.loss_seg": 0.2466085746884346, "aux_2.loss_seg": 0.24998968541622163, "aux_3.loss_seg": 0.28250719159841536, "time": 0.6408692836761475, "iter": 1400, "memory": 7982, "step": 1400}
{"aAcc": 78.98, "mIoU": 64.92, "mAcc": 78.47, "avg_val_loss": 0.0, "data_time": 0.008202029370713508, "time": 0.12119617681393678, "step": 1400}
{"lr": 0.009999999999999966, "data_time": 0.04837446212768555, "loss": 1.6418949842453003, "decode.loss_seg": 0.5885431796312333, "aux_0.loss_seg": 0.2501433253288269, "aux_1.loss_seg": 0.28261030167341233, "aux_2.loss_seg": 0.26475277692079546, "aux_3.loss_seg": 0.25584541708230973, "time": 0.7199313640594482, "iter": 1500, "memory": 7982, "step": 1500}
{"aAcc": 61.11, "mIoU": 46.14, "mAcc": 64.52, "avg_val_loss": 0.0, "data_time": 0.0072257984643695, "time": 0.11917269366911087, "step": 1500}
{"lr": 0.009884680550653002, "data_time": 0.28208131790161134, "loss": 1.6770054399967194, "decode.loss_seg": 0.5753701627254486, "aux_0.loss_seg": 0.2773929789662361, "aux_1.loss_seg": 0.2681239441037178, "aux_2.loss_seg": 0.2784374728798866, "aux_3.loss_seg": 0.27768087536096575, "time": 0.620294165611267, "iter": 1600, "memory": 7982, "step": 1600}
{"aAcc": 78.65, "mIoU": 63.76, "mAcc": 77.05, "avg_val_loss": 0.0, "data_time": 0.006773480053605704, "time": 0.11902839561988568, "step": 1600}
{"lr": 0.009768196258383342,