{"lr": 0.0015943962641761188, "data_time": 0.25505058765411376, "loss": 4.504389524459839, "decode.loss_ce": 0.6103779137134552, "decode.acc_seg": 73.4558334350586, "aux_0.loss_ce": 1.6414158582687377, "aux_0.acc_seg": 65.10911560058594, "aux_1.loss_ce": 0.9556051552295685, "aux_1.acc_seg": 65.34505462646484, "aux_2.loss_ce": 0.698973399400711, "aux_2.acc_seg": 69.38700103759766, "aux_3.loss_ce": 0.5980172395706177, "aux_3.acc_seg": 76.84561157226562, "time": 0.5611945867538453, "iter": 100, "memory": 19642, "step": 100}
{"aAcc": 47.38, "mIoU": 32.28, "mAcc": 52.77, "avg_val_loss": 6.10939729780133, "data_time": 0.012317854304646337, "time": 0.13784384173016215, "step": 100}
