{"lr": 0.005040144980500798, "data_time": 0.06098377704620361, "loss": 8.554338788986206, "decode.loss_ce": 1.5838234305381775, "decode.acc_seg": 46.171112060546875, "aux_0.loss_ce": 1.9052411794662476, "aux_0.acc_seg": 31.429555892944336, "aux_1.loss_ce": 1.7139791011810304, "aux_1.acc_seg": 36.38533401489258, "aux_2.loss_ce": 1.6503652215003968, "aux_2.acc_seg": 33.60333251953125, "aux_3.loss_ce": 1.700929844379425, "aux_3.acc_seg": 37.366668701171875, "time": 0.18153693675994872, "iter": 100, "memory": 17403, "step": 100}
{"lr": 0.005080615216132712, "data_time": 0.1170684814453125, "loss": 7.738355398178101, "decode.loss_ce": 1.3930671155452727, "decode.acc_seg": 36.3291130065918, "aux_0.loss_ce": 1.5735257387161254, "aux_0.acc_seg": 39.74822235107422, "aux_1.loss_ce": 1.5159603357315063, "aux_1.acc_seg": 39.636444091796875, "aux_2.loss_ce": 1.5167601525783538, "aux_2.acc_seg": 31.940889358520508, "aux_3.loss_ce": 1.7390419840812683, "aux_3.acc_seg": 32.283111572265625, "time": 0.1847524642944336, "iter": 200, "memory": 896, "step": 200}
