{"lr": 0.005201541801877408, "data_time": 0.04019453525543213, "loss": 7.104996585845948, "decode.loss_ce": 1.0062597632408141, "decode.acc_seg": 77.54666900634766, "aux_0.loss_ce": 1.6480778694152831, "aux_0.acc_seg": 69.9433364868164, "aux_1.loss_ce": 1.5297613501548768, "aux_1.acc_seg": 72.537109375, "aux_2.loss_ce": 1.4558906137943268, "aux_2.acc_seg": 74.4973373413086, "aux_3.loss_ce": 1.465006983280182, "aux_3.acc_seg": 75.8277816772461, "time": 0.14274353981018068, "iter": 500, "memory": 17409, "step": 500}
{"val_loss": 0.0, "data_time": 0.00847592004915563, "time": 0.08819364222084604, "step": 500}
