{"lr": 0.0050220502205022026, "data_time": 0.09159023761749267, "loss": 9.687705707550048, "decode.loss_ce": 1.8094075083732606, "decode.acc_seg": 46.64111328125, "aux_0.loss_ce": 2.257950747013092, "aux_0.acc_seg": 45.884666442871094, "aux_1.loss_ce": 1.9172052502632142, "aux_1.acc_seg": 53.43288803100586, "aux_2.loss_ce": 1.8371100425720215, "aux_2.acc_seg": 50.89289093017578, "aux_3.loss_ce": 1.8660319328308106, "aux_3.acc_seg": 41.38222122192383, "time": 0.17959489822387695, "iter": 50, "memory": 17408, "step": 50}
