{"lr": 0.0015943962641761188, "data_time": 0.009424614906311034, "loss": 2.1472856402397156, "decode.loss_ce": 0.4492652416229248, "decode.acc_seg": 44.19300079345703, "aux_0.loss_ce": 0.5164657533168793, "aux_0.acc_seg": 47.30466842651367, "aux_1.loss_ce": 0.4087246686220169, "aux_1.acc_seg": 47.21861267089844, "aux_2.loss_ce": 0.3859491467475891, "aux_2.acc_seg": 48.00611114501953, "aux_3.loss_ce": 0.3868808299303055, "aux_3.acc_seg": 46.63661193847656, "time": 0.47952268123626707, "iter": 100, "memory": 19631, "step": 100}
{"aAcc": 77.79, "mIoU": 36.79, "mAcc": 63.75, "avg_val_loss": 0.7217433337092928, "data_time": 0.011582637942114542, "time": 0.10614027810651203, "step": 100}
