{"lr": 0.0050220502205022026, "data_time": 0.017331647872924804, "loss": 10.423074626922608, "decode.loss_ce": 1.8469079256057739, "decode.acc_seg": 56.582000732421875, "aux_0.loss_ce": 2.4148494482040403, "aux_0.acc_seg": 64.0324478149414, "aux_1.loss_ce": 2.1925002098083497, "aux_1.acc_seg": 56.9382209777832, "aux_2.loss_ce": 1.9784365057945252, "aux_2.acc_seg": 42.04222106933594, "aux_3.loss_ce": 1.990380311012268, "aux_3.acc_seg": 36.37066650390625, "time": 0.1293642997741699, "iter": 50, "memory": 17408, "step": 50}
{"val_loss": 18.55753409340434, "data_time": 0.008081011528516337, "time": 0.09025194407089493, "step": 50}
{"lr": 0.00504455044550445, "data_time": 0.020668435096740722, "loss": 8.779758548736572, "decode.loss_ce": 1.62049161195755, "decode.acc_seg": 62.10155487060547, "aux_0.loss_ce": 1.9612342715263367, "aux_0.acc_seg": 77.00910949707031, "aux_1.loss_ce": 1.7960323929786681, "aux_1.acc_seg": 66.4106674194336, "aux_2.loss_ce": 1.6346007466316224, "aux_2.acc_seg": 68.11866760253906, "aux_3.loss_ce": 1.7673996090888977, "aux_3.acc_seg": 62.624000549316406, "time": 0.12902140617370605, "iter": 100, "memory": 901, "step": 100}
