{"lr": 0.0015930867963809803, "data_time": 0.7239033937454223, "loss": 6.168881368637085, "decode.loss_ce": 0.9025964558124542, "decode.acc_seg": 74.70722198486328, "aux_0.loss_ce": 1.948030912876129, "aux_0.acc_seg": 62.53466796875, "aux_1.loss_ce": 1.2856491804122925, "aux_1.acc_seg": 70.45266723632812, "aux_2.loss_ce": 1.0465961396694183, "aux_2.acc_seg": 70.0610580444336, "aux_3.loss_ce": 0.9860087037086487, "aux_3.acc_seg": 68.910888671875, "time": 0.9197687864303589, "iter": 100, "memory": 19212, "step": 100}
{"aAcc": 59.62, "mIoU": 28.13, "mAcc": 42.42, "avg_val_loss": 6.573223163335644, "data_time": 0.1221652114114096, "time": 0.21009895967882733, "step": 100}
{"lr": 0.002191123271301943, "data_time": 0.6293453693389892, "loss": 4.462521982192993, "decode.loss_ce": 0.7231563448905944, "decode.acc_seg": 77.17594909667969, "aux_0.loss_ce": 1.2648392200469971, "aux_0.acc_seg": 71.2570571899414, "aux_1.loss_ce": 0.9086843729019165, "aux_1.acc_seg": 75.55911254882812, "aux_2.loss_ce": 0.7873449921607971, "aux_2.acc_seg": 75.13805389404297, "aux_3.loss_ce": 0.7784970104694366, "aux_3.acc_seg": 72.78160858154297, "time": 0.9493539571762085, "iter": 200, "memory": 10746, "step": 200}
{"aAcc": 62.12, "mIoU": 34.51, "mAcc": 47.85, "avg_val_loss": 6.2972277857755365, "data_time": 0.12796907589353365, "time": 0.2102314357099862, "step": 200}
{"lr": 0.0027881034698292294, "data_time": 0.47832388877868653, "loss": 3.8630642890930176, "decode.loss_ce": 0.6142098903656006, "decode.acc_seg": 80.9372787475586, "aux_0.loss_ce": 1.0636127471923829, "aux_0.acc_seg": 74.4566650390625, "aux_1.loss_ce": 0.7928562700748444, "aux_1.acc_seg": 77.93822479248047, "aux_2.loss_ce": 0.7055742919445038, "aux_2.acc_seg": 78.72122192382812, "aux_3.loss_ce": 0.6868111670017243, "aux_3.acc_seg": 76.96405792236328, "time": 1.0076069831848145, "iter": 300, "memory": 2904, "step": 300}
{"aAcc": 65.08, "mIoU": 33.17, "mAcc": 46.99, "avg_val_loss": 5.9950409831359375, "data_time": 0.12861020537628526, "time": 0.21227421979794556, "step": 300}
{"lr": 0.0033840217450599877, "data_time": 0.5785734176635742, "loss": 4.160525679588318, "decode.loss_ce": 0.6804919898509979, "decode.acc_seg": 78.55294799804688, "aux_0.loss_ce": 1.0805997788906097, "aux_0.acc_seg": 66.01383209228516, "aux_1.loss_ce": 0.8896769940853119, "aux_1.acc_seg": 69.43161010742188, "aux_2.loss_ce": 0.7783524334430695, "aux_2.acc_seg": 77.40733337402344, "aux_3.loss_ce": 0.7314045488834381, "aux_3.acc_seg": 77.98977661132812, "time": 1.1251057624816894, "iter": 400, "memory": 2904, "step": 400}
{"aAcc": 45.86, "mIoU": 28.1, "mAcc": 46.79, "avg_val_loss": 6.237104231459007, "data_time": 0.11249400555402383, "time": 0.1967039026063064, "step": 400}
{"lr": 0.003978874422200742, "data_time": 0.008177566528320312, "loss": 3.490877938270569, "decode.loss_ce": 0.595303064584732, "decode.acc_seg": 76.46739196777344, "aux_0.loss_ce": 0.8955251932144165, "aux_0.acc_seg": 68.29150390625, "aux_1.loss_ce": 0.7169513404369354, "aux_1.acc_seg": 75.03500366210938, "aux_2.loss_ce": 0.6440751492977143, "aux_2.acc_seg": 74.07927703857422, "aux_3.loss_ce": 0.6390231847763062, "aux_3.acc_seg": 75.23600006103516, "time": 1.2730311632156373, "iter": 500, "memory": 2904, "step": 500}
{"aAcc": 62.29, "mIoU": 38.22, "mAcc": 56.06, "avg_val_loss": 6.132884287363605, "data_time": 0.07062659866508396, "time": 0.15590045369904618, "step": 500}
{"lr": 0.004572658891684879, "data_time": 0.557138991355896, "loss": 3.094438409805298, "decode.loss_ce": 0.5094319730997086, "decode.acc_seg": 84.95772552490234, "aux_0.loss_ce": 0.836124587059021, "aux_0.acc_seg": 79.0250015258789, "aux_1.loss_ce": 0.6322599828243256, "aux_1.acc_seg": 83.05860900878906, "aux_2.loss_ce": 0.5544831693172455, "aux_2.acc_seg": 81.2435531616211, "aux_3.loss_ce": 0.5621387034654617, "aux_3.acc_seg": 80.9693374633789, "time": 0.9735765218734741, "iter": 600, "memory": 2904, "step": 600}
{"aAcc": 64.34, "mIoU": 38.04, "mAcc": 54.28, "avg_val_loss": 5.988118957764456, "data_time": 0.119818569599897, "time": 0.20397632697532916, "step": 600}
{"lr": 0.005165373185965325, "data_time": 0.8122193813323975, "loss": 3.369873523712158, "decode.loss_ce": 0.5853155344724655, "decode.acc_seg": 86.96011352539062, "aux_0.loss_ce": 0.8418222427368164, "aux_0.acc_seg": 76.27861022949219, "aux_1.loss_ce": 0.6794526755809784, "aux_1.acc_seg": 81.15672302246094, "aux_2.loss_ce": 0.6229308098554611, "aux_2.acc_seg": 85.43800354003906, "aux_3.loss_ce": 0.6403522312641143, "aux_3.acc_seg": 85.6578369140625, "time": 1.1208198308944701, "iter": 700, "memory": 2904, "step": 700}
{"aAcc": 54.43, "mIoU": 29.31, "mAcc": 41.97, "avg_val_loss": 6.11559005697867, "data_time": 0.11309746764172082, "time": 0.19880912221711258, "step": 700}
{"lr": 0.005757015754784225, "data_time": 0.4061000108718872, "loss": 3.268841528892517, "decode.loss_ce": 0.5578891485929489, "decode.acc_seg": 82.12589263916016, "aux_0.loss_ce": 0.8436417400836944, "aux_0.acc_seg": 72.677001953125, "aux_1.loss_ce": 0.6746926546096802, "aux_1.acc_seg": 77.5101089477539, "aux_2.loss_ce": 0.5990868091583252, "aux_2.acc_seg": 81.98899841308594, "aux_3.loss_ce": 0.5935311198234559, "aux_3.acc_seg": 79.99583435058594, "time": 0.9689502477645874, "iter": 800, "memory": 2904, "step": 800}
{"aAcc": 66.78, "mIoU": 41.83, "mAcc": 59.45, "avg_val_loss": 5.9928303397429445, "data_time": 0.1306462507138307, "time": 0.2148412150898199, "step": 800}
{"lr": 0.006347585334568276, "data_time": 0.5643616199493409, "loss": 3.0369351625442507, "decode.loss_ce": 0.4840905338525772, "decode.acc_seg": 79.74200439453125, "aux_0.loss_ce": 0.7857707917690278, "aux_0.acc_seg": 70.46900177001953, "aux_1.loss_ce": 0.6365993559360504, "aux_1.acc_seg": 75.19022369384766, "aux_2.loss_ce": 0.5754941821098327, "aux_2.acc_seg": 77.79144287109375, "aux_3.loss_ce": 0.5549803614616394, "aux_3.acc_seg": 78.04661560058594, "time": 1.0223050594329834, "iter": 900, "memory": 2904, "step": 900}
{"aAcc": 63.38, "mIoU": 39.42, "mAcc": 55.82, "avg_val_loss": 6.055638636558609, "data_time": 0.12412906241142886, "time": 0.2085308864198882, "step": 900}
{"lr": 0.0069370808672639134, "data_time": 0.43020379543304443, "loss": 2.7310473680496217, "decode.loss_ce": 0.4403233528137207, "decode.acc_seg": 78.35377502441406, "aux_0.loss_ce": 0.7005490720272064, "aux_0.acc_seg": 75.04061126708984, "aux_1.loss_ce": 0.5756925076246262, "aux_1.acc_seg": 79.12767028808594, "aux_2.loss_ce": 0.5091905534267426, "aux_2.acc_seg": 78.22088623046875, "aux_3.loss_ce": 0.5052918761968612, "aux_3.acc_seg": 73.46466827392578, "time": 0.9982898473739624, "iter": 1000, "memory": 2904, "step": 1000}
{"aAcc": 62.8, "mIoU": 39.46, "mAcc": 57.6, "avg_val_loss": 5.99830455813143, "data_time": 0.11948186775733685, "time": 0.20327657118610953, "step": 1000}
{"lr": 0.007525501447207789, "data_time": 0.71372971534729, "loss": 2.5338027477264404, "decode.loss_ce": 0.39648131728172303, "decode.acc_seg": 85.09294891357422, "aux_0.loss_ce": 0.6715241253376008, "aux_0.acc_seg": 80.48838806152344, "aux_1.loss_ce": 0.5381270617246627, "aux_1.acc_seg": 81.90188598632812, "aux_2.loss_ce": 0.4775550067424774, "aux_2.acc_seg": 81.42894744873047, "aux_3.loss_ce": 0.4501152038574219, "aux_3.acc_seg": 84.02388763427734, "time": 1.0190099954605103, "iter": 1100, "memory": 2904, "step": 1100}
{"aAcc": 66.74, "mIoU": 40.02, "mAcc": 56.55, "avg_val_loss": 5.973472241146697, "data_time": 0.12580763060471106, "time": 0.20959670790310564, "step": 1100}
{"lr": 0.008112846284874206, "data_time": 0.8125941514968872, "loss": 2.741337609291077, "decode.loss_ce": 0.44826353192329405, "decode.acc_seg": 85.07350158691406, "aux_0.loss_ce": 0.7110688924789429, "aux_0.acc_seg": 82.24894714355469, "aux_1.loss_ce": 0.558886569738388, "aux_1.acc_seg": 83.90560913085938, "aux_2.loss_ce": 0.518116495013237, "aux_2.acc_seg": 80.60094451904297, "aux_3.loss_ce": 0.5050021559000015, "aux_3.acc_seg": 82.84200286865234, "time": 1.062128758430481, "iter": 1200,