{"lr": 0.005201541801877408, "data_time": 0.0697474479675293, "loss": 7.8810036182403564, "decode.loss_ce": 0.9643917322158814, "decode.acc_seg": 59.072444915771484, "aux_0.loss_ce": 1.806868278980255, "aux_0.acc_seg": 36.246665954589844, "aux_1.loss_ce": 1.6835352182388306, "aux_1.acc_seg": 36.854888916015625, "aux_2.loss_ce": 1.6579986810684204, "aux_2.acc_seg": 30.171112060546875, "aux_3.loss_ce": 1.7682098388671874, "aux_3.acc_seg": 31.027555465698242, "time": 0.13930199146270753, "iter": 500, "memory": 17409, "step": 500}
