{"lr": 0.0015930867963809803, "data_time": 0.8020962476730347, "loss": 7.826407384872437, "decode.loss_ce": 1.187351107597351, "decode.acc_seg": 64.2423324584961, "aux_0.loss_ce": 2.444569396972656, "aux_0.acc_seg": 50.9368896484375, "aux_1.loss_ce": 1.5439180731773376, "aux_1.acc_seg": 58.80877685546875, "aux_2.loss_ce": 1.3528103351593017, "aux_2.acc_seg": 60.35316848754883, "aux_3.loss_ce": 1.2977582931518554, "aux_3.acc_seg": 60.852333068847656, "time": 0.9955284357070923, "iter": 100, "memory": 19198, "step": 100}
