{"lr": 0.0015943962641761188, "data_time": 0.015080618858337402, "loss": 4.242504119873047, "decode.loss_seg": 1.5028913736343383, "aux_0.loss_seg": 0.9681293964385986, "aux_1.loss_seg": 0.7569036364555359, "aux_2.loss_seg": 0.559502050280571, "aux_3.loss_seg": 0.4550777107477188, "time": 0.7532717704772949, "iter": 100, "memory": 20773, "step": 100}
{"aAcc": 40.1, "mIoU": 23.1, "mAcc": 45.96, "avg_val_loss": 0.0, "data_time": 0.01156469833019168, "time": 0.09423848640087039, "step": 100}
{"lr": 0.002194796531020685, "data_time": 0.09393999576568604, "loss": 2.8957493543624877, "decode.loss_seg": 1.0314657628536223, "aux_0.loss_seg": 0.65582475066185, "aux_1.loss_seg": 0.45665850341320036, "aux_2.loss_seg": 0.4345719516277313, "aux_3.loss_seg": 0.3172283753752708, "time": 0.5515331268310547, "iter": 200, "memory": 34227, "step": 200}
{"aAcc": 53.42, "mIoU": 37.28, "mAcc": 56.65, "avg_val_loss": 0.0, "data_time": 0.009959588105651155, "time": 0.06640110892811041, "step": 200}
{"lr": 0.0027951967978652476, "data_time": 0.565164589881897, "loss": 2.7827653169631956, "decode.loss_seg": 0.9355029404163361, "aux_0.loss_seg": 0.6088659346103669, "aux_1.loss_seg": 0.4754143714904785, "aux_2.loss_seg": 0.4208354949951172, "aux_3.loss_seg": 0.34214647859334946, "time": 0.7895512819290161, "iter": 300, "memory": 4382, "step": 300}
{"aAcc": 68.21, "mIoU": 50.45, "mAcc": 66.66, "avg_val_loss": 0.0, "data_time": 0.008823060441291195, "time": 0.06515525401323691, "step": 300}
{"lr": 0.0033955970647098093, "data_time": 0.29641668796539306, "loss": 2.5917579531669617, "decode.loss_seg": 0.9297913789749146, "aux_0.loss_seg": 0.5256691217422486, "aux_1.loss_seg": 0.40778133273124695, "aux_2.loss_seg": 0.4072965860366821, "aux_3.loss_seg": 0.3212195783853531, "time": 0.552685809135437, "iter": 400, "memory": 4382, "step": 400}
{"aAcc": 59.76, "mIoU": 40.03, "mAcc": 57.38, "avg_val_loss": 0.0, "data_time": 0.011392826321481288, "time": 0.06796816847790246, "step": 400}
{"lr": 0.003995997331554373, "data_time": 0.30937392711639405, "loss": 1.9357386827468872, "decode.loss_seg": 0.6764345347881318, "aux_0.loss_seg": 0.3851049095392227, "aux_1.loss_seg": 0.29446894526481626, "aux_2.loss_seg": 0.3169057995080948, "aux_3.loss_seg": 0.26282452046871185, "time": 0.6585527896881104, "iter": 500, "memory": 4382, "step": 500}
{"aAcc": 77.87, "mIoU": 60.15, "mAcc": 73.07, "avg_val_loss": 0.0, "data_time": 0.010112685718755612, "time": 0.06669738648951738, "step": 500}
{"lr": 0.0045963975983989375, "data_time": 0.34072375297546387, "loss": 1.9275649428367614, "decode.loss_seg": 0.6026058316230773, "aux_0.loss_seg": 0.4164769440889359, "aux_1.loss_seg": 0.2889855355024338, "aux_2.loss_seg": 0.34501350224018096, "aux_3.loss_seg": 0.2744831174612045, "time": 0.5294305801391601, "iter": 600, "memory": 4382, "step": 600}
{"aAcc": 75.63, "mIoU": 58.13, "mAcc": 71.9, "avg_val_loss": 0.0, "data_time": 0.009554945189377358, "time": 0.06624377732989432, "step": 600}
{"lr": 0.005196797865243495, "data_time": 0.31621580123901366, "loss": 2.0089397549629213, "decode.loss_seg": 0.626508703827858, "aux_0.loss_seg": 0.44263885021209715, "aux_1.loss_seg": 0.31904237568378446, "aux_2.loss_seg": 0.3505275517702103, "aux_3.loss_seg": 0.27022234052419664, "time": 0.5719775438308716, "iter": 700, "memory": 4382, "step": 700}
{"aAcc": 67.54, "mIoU": 49.96, "mAcc": 66.1, "avg_val_loss": 0.0, "data_time": 0.010815017524806932, "time": 0.06754822840635803, "step": 700}
{"lr": 0.005797198132088056, "data_time": 0.011740851402282714, "loss": 1.6488148093223571, "decode.loss_seg": 0.5456611454486847, "aux_0.loss_seg": 0.35404951572418214, "aux_1.loss_seg": 0.25607565194368365, "aux_2.loss_seg": 0.2822321817278862, "aux_3.loss_seg": 0.21079629957675933, "time": 0.5684475660324096, "iter": 800, "memory": 4382, "step": 800}
{"aAcc": 68.66, "mIoU": 51.08, "mAcc": 66.92, "avg_val_loss": 0.0, "data_time": 0.007462046612268207, "time": 0.06379963611734324, "step": 800}
{"lr": 0.006397598398932616, "data_time": 0.457651162147522, "loss": 1.596410834789276, "decode.loss_seg": 0.5212017595767975, "aux_0.loss_seg": 0.36229400187730787, "aux_1.loss_seg": 0.2699927568435669, "aux_2.loss_seg": 0.25541127622127535, "aux_3.loss_seg": 0.18751106262207032, "time": 0.6421349048614502, "iter": 900, "memory": 4382, "step": 900}
{"aAcc": 72.77, "mIoU": 55.13, "mAcc": 69.82, "avg_val_loss": 0.0, "data_time": 0.009373171576138201, "time": 0.06586445337054374, "step": 900}
{"lr": 0.0069979986657771765, "data_time": 0.44139602184295657, "loss": 1.743120539188385, "decode.loss_seg": 0.5734016060829162, "aux_0.loss_seg": 0.3673703521490097, "aux_1.loss_seg": 0.26820904612541197, "aux_2.loss_seg": 0.2901865988969803, "aux_3.loss_seg": 0.24395292848348618, "time": 0.6480341196060181, "iter": 1000, "memory": 4382, "step": 1000}
{"aAcc": 76.7, "mIoU": 59.26, "mAcc": 72.71, "avg_val_loss": 0.0, "data_time": 0.008959811309288288, "time": 0.06536714784030256, "step": 1000}
{"lr": 0.0075983989326217465, "data_time": 0.009804511070251464, "loss": 1.5940010309219361, "decode.loss_seg": 0.5146787583827972, "aux_0.loss_seg": 0.3569193631410599, "aux_1.loss_seg": 0.22543973475694656, "aux_2.loss_seg": 0.2915026471018791, "aux_3.loss_seg": 0.2054605558514595, "time": 0.7143683195114136, "iter": 1100, "memory": 4381, "step": 1100}
{"aAcc": 78.18, "mIoU": 60.45, "mAcc": 73.17, "avg_val_loss": 0.0, "data_time": 0.008332411448160807, "time": 0.06493149406608494, "step": 1100}
{"lr": 0.008198799199466306, "data_time": 0.41114671230316163, "loss": 1.632950222492218, "decode.loss_seg": 0.5825923472642899, "aux_0.loss_seg": 0.34764999002218244, "aux_1.loss_seg": 0.25073036551475525, "aux_2.loss_seg": 0.2600089505314827, "aux_3.loss_seg": 0.19196858406066894, "time": 0.6377293348312378, "iter": 1200, "memory": 4382, "step": 1200}
{"aAcc": 67.54, "mIoU": 50.0, "mAcc": 66.23, "avg_val_loss": 0.0, "data_time": 0.011934759973109454, "time": 0.06856250762939453, "step": 1200}
{"lr": 0.008799199466310867, "data_time": 0.10581037998199463, "loss": 1.5814772844314575, "decode.loss_seg": 0.535253444314003, "aux_0.loss_seg": 0.3315182954072952, "aux_1.loss_seg": 0.2543397888541222, "aux_2.loss_seg": 0.2484068363904953, "aux_3.loss_seg": 0.21195889562368392, "time": 0.5884429693222046, "iter": 1300, "memory": 4381, "step": 1300}
{"aAcc": 77.33, "mIoU": 59.88, "mAcc": 73.12, "avg_val_loss": 0.0, "data_time": 0.010047926299873439, "time": 0.06643907777194319, "step": 1300}
{"lr": 0.009399599733155411, "data_time": 0.033195781707763675, "loss": 1.3844091296195984, "decode.loss_seg": 0.4845751106739044, "aux_0.loss_seg": 0.2973433881998062, "aux_1.loss_seg": 0.20312298387289046, "aux_2.loss_seg": 0.2330253466963768, "aux_3.loss_seg": 0.1663423113524914, "time": 0.5991881608963012, "iter": 1400, "memory": 4382, "step": 1400}
{"aAcc": 73.15, "mIoU": 55.25, "mAcc": 69.73, "avg_val_loss": 0.0, "data_time": 0.00957219079993237, "time": 0.06600792106540723, "step": 1400}
