{"lr": 0.0015943962641761188, "data_time": 0.015106129646301269, "loss": 3.4640592098236085, "decode.loss_ce": 1.9791359305381775, "decode.acc_seg": 78.77088928222656, "aux_0.loss_ce": 0.4368824392557144, "aux_0.acc_seg": 76.55377960205078, "aux_1.loss_ce": 0.6401951670646667, "aux_1.acc_seg": 72.41572570800781, "aux_2.loss_ce": 0.40784568190574644, "aux_2.acc_seg": 78.03227996826172, "time": 0.6523638486862182, "iter": 100, "memory": 35234, "step": 100}
