{"lr": 0.0015930867963809803, "data_time": 0.3862938404083252, "loss": 8.592758750915527, "decode.loss_ce": 1.3674920916557312, "decode.acc_seg": 61.839332580566406, "aux_0.loss_ce": 2.295707654953003, "aux_0.acc_seg": 53.60466766357422, "aux_1.loss_ce": 1.7971707344055177, "aux_1.acc_seg": 59.53844451904297, "aux_2.loss_ce": 1.5934638023376464, "aux_2.acc_seg": 58.512332916259766, "aux_3.loss_ce": 1.5389246225357056, "aux_3.acc_seg": 57.327110290527344, "time": 0.9467421054840088, "iter": 100, "memory": 19198, "step": 100}
{"aAcc": 54.97, "mIoU": 10.84, "mAcc": 16.91, "avg_val_loss": 9.167288850274002, "data_time": 0.11396731332291005, "time": 0.19966604266055796, "step": 100}
{"lr": 0.002191123271301943, "data_time": 0.27108030319213866, "loss": 6.799112606048584, "decode.loss_ce": 1.1071123361587525, "decode.acc_seg": 60.16877746582031, "aux_0.loss_ce": 1.7170314550399781, "aux_0.acc_seg": 59.357112884521484, "aux_1.loss_ce": 1.46351877450943, "aux_1.acc_seg": 59.49272155761719, "aux_2.loss_ce": 1.2902090191841125, "aux_2.acc_seg": 63.115943908691406, "aux_3.loss_ce": 1.221241146326065, "aux_3.acc_seg": 60.335777282714844, "time": 0.9043305397033692, "iter": 200, "memory": 10746, "step": 200}
{"aAcc": 47.23, "mIoU": 14.04, "mAcc": 23.37, "avg_val_loss": 8.914185930849516, "data_time": 0.13395913167931567, "time": 0.21361085190170112, "step": 200}
{"lr": 0.0027881034698292294, "data_time": 0.3887487888336182, "loss": 6.133597087860108, "decode.loss_ce": 0.9828827559947968, "decode.acc_seg": 60.66255569458008, "aux_0.loss_ce": 1.5373234748840332, "aux_0.acc_seg": 48.44850158691406, "aux_1.loss_ce": 1.3228245735168458, "aux_1.acc_seg": 54.92089080810547, "aux_2.loss_ce": 1.1791741251945496, "aux_2.acc_seg": 57.71488952636719, "aux_3.loss_ce": 1.111391967535019, "aux_3.acc_seg": 55.66727828979492, "time": 0.9564124822616578, "iter": 300, "memory": 2889, "step": 300}
{"aAcc": 41.66, "mIoU": 12.21, "mAcc": 24.13, "avg_val_loss": 8.589890098827391, "data_time": 0.11905639747093463, "time": 0.19989586698597875, "step": 300}
{"lr": 0.0033840217450599877, "data_time": 0.49445056915283203, "loss": 5.383641099929809, "decode.loss_ce": 0.8791333317756653, "decode.acc_seg": 66.71544647216797, "aux_0.loss_ce": 1.3201321005821227, "aux_0.acc_seg": 63.18888854980469, "aux_1.loss_ce": 1.1278282225131988, "aux_1.acc_seg": 62.214168548583984, "aux_2.loss_ce": 1.0404266178607942, "aux_2.acc_seg": 58.83716583251953, "aux_3.loss_ce": 1.0161208510398865, "aux_3.acc_seg": 59.29800033569336, "time": 0.9686896324157714, "iter": 400, "memory": 2889, "step": 400}
{"aAcc": 53.75, "mIoU": 16.23, "mAcc": 26.77, "avg_val_loss": 8.55248252825256, "data_time": 0.12622973836701493, "time": 0.20866070670643072, "step": 400}
{"lr": 0.003978874422200742, "data_time": 0.8972659111022949, "loss": 5.551199197769165, "decode.loss_ce": 0.9041157186031341, "decode.acc_seg": 70.30555725097656, "aux_0.loss_ce": 1.4019719362258911, "aux_0.acc_seg": 63.204444885253906, "aux_1.loss_ce": 1.1859566390514373, "aux_1.acc_seg": 63.800724029541016, "aux_2.loss_ce": 1.0551695108413697, "aux_2.acc_seg": 65.66300201416016, "aux_3.loss_ce": 1.0039854943752289, "aux_3.acc_seg": 68.0590591430664, "time": 1.0971706867218018, "iter": 500, "memory": 2889, "step": 500}
{"aAcc": 52.29, "mIoU": 19.19, "mAcc": 30.7, "avg_val_loss": 8.327250098763852, "data_time": 0.111978136259934, "time": 0.19610409078926877, "step": 500}
{"lr": 0.004572658891684879, "data_time": 0.7563682079315186, "loss": 5.170949792861938, "decode.loss_ce": 0.8634895265102387, "decode.acc_seg": 71.48210906982422, "aux_0.loss_ce": 1.2642601251602172, "aux_0.acc_seg": 56.440834045410156, "aux_1.loss_ce": 1.078725552558899, "aux_1.acc_seg": 61.292057037353516, "aux_2.loss_ce": 1.0100895941257477, "aux_2.acc_seg": 66.41217041015625, "aux_3.loss_ce": 0.9543850481510162, "aux_3.acc_seg": 67.76544189453125, "time": 0.9558350563049316, "iter": 600, "memory": 2889, "step": 600}
{"aAcc": 55.82, "mIoU": 19.35, "mAcc": 28.78, "avg_val_loss": 8.20438736865976, "data_time": 0.11996000936661644, "time": 0.20370014234520922, "step": 600}
{"lr": 0.005165373185965325, "data_time": 0.36208999156951904, "loss": 4.749437713623047, "decode.loss_ce": 0.7577995479106903, "decode.acc_seg": 65.66305541992188, "aux_0.loss_ce": 1.2177564740180968, "aux_0.acc_seg": 57.71305465698242, "aux_1.loss_ce": 1.0171659111976623, "aux_1.acc_seg": 60.0886116027832, "aux_2.loss_ce": 0.8998683631420136, "aux_2.acc_seg": 61.77272415161133, "aux_3.loss_ce": 0.856847482919693, "aux_3.acc_seg": 60.51411056518555, "time": 0.9023021697998047, "iter": 700, "memory": 2889, "step": 700}
{"aAcc": 54.26, "mIoU": 21.42, "mAcc": 32.79, "avg_val_loss": 8.019643461868577, "data_time": 0.13134988149007162, "time": 0.21575253585289264, "step": 700}
{"lr": 0.005757015754784225, "data_time": 0.5781659603118896, "loss": 5.242442989349366, "decode.loss_ce": 0.8290100038051605, "decode.acc_seg": 71.88455963134766, "aux_0.loss_ce": 1.3069056928157807, "aux_0.acc_seg": 58.15744400024414, "aux_1.loss_ce": 1.1261237978935241, "aux_1.acc_seg": 61.96649932861328, "aux_2.loss_ce": 1.0117704808712005, "aux_2.acc_seg": 64.18377685546875, "aux_3.loss_ce": 0.9686330020427704, "aux_3.acc_seg": 68.13955688476562, "time": 0.969906497001648, "iter": 800, "memory": 2889, "step": 800}
{"aAcc": 45.74, "mIoU": 22.42, "mAcc": 36.1, "avg_val_loss": 7.846459162198226, "data_time": 0.13027480004847736, "time": 0.21481627431409112, "step": 800}
{"lr": 0.006347585334568276, "data_time": 0.6489731550216675, "loss": 4.604579377174377, "decode.loss_ce": 0.7097902417182922, "decode.acc_seg": 81.20488739013672, "aux_0.loss_ce": 1.197008627653122, "aux_0.acc_seg": 59.76961135864258, "aux_1.loss_ce": 1.0065866470336915, "aux_1.acc_seg": 65.9118881225586, "aux_2.loss_ce": 0.8715852618217468, "aux_2.acc_seg": 71.75688934326172, "aux_3.loss_ce": 0.8196086406707763, "aux_3.acc_seg": 73.96683502197266, "time": 0.9693031549453736, "iter": 900, "memory": 2889, "step": 900}
{"aAcc": 53.65, "mIoU": 21.19, "mAcc": 34.58, "avg_val_loss": 7.7882509874766965, "data_time": 0.12448103126438184, "time": 0.20917791333691826, "step": 900}
{"lr": 0.0069370808672639134, "data_time": 0.6299932956695556, "loss": 4.589483737945557, "decode.loss_ce": 0.7213689029216767, "decode.acc_seg": 74.93228149414062, "aux_0.loss_ce": 1.1602408230304717, "aux_0.acc_seg": 57.421165466308594, "aux_1.loss_ce": 0.9899546384811402, "aux_1.acc_seg": 62.42905807495117, "aux_2.loss_ce": 0.8778420507907867, "aux_2.acc_seg": 69.39678192138672, "aux_3.loss_ce": 0.8400773286819458, "aux_3.acc_seg": 71.27144622802734, "time": 1.0132527112960816, "iter": 1000, "memory": 2889, "step": 1000}
{"aAcc": 61.43, "mIoU": 24.93, "mAcc": 35.92, "avg_val_loss": 7.6328287375775, "data_time": 0.12555481099534307, "time": 0.21013324836204791, "step": 1000}
{"lr": 0.007525501447207789, "data_time": 0.19384300708770752, "loss": 4.419115018844605, "decode.loss_ce": 0.6998134553432465, "decode.acc_seg": 74.03966522216797, "aux_0.loss_ce": 1.115703171491623, "aux_0.acc_seg": 66.02322387695312, "aux_1.loss_ce": 0.9314502656459809, "aux_1.acc_seg": 69.29155731201172, "aux_2.loss_ce": 0.8535123527050018, "aux_2.acc_seg": 70.05928039550781, "aux_3.loss_ce": 0.8186357200145722, "aux_3.acc_seg": 69.13677978515625, "time": 1.048022747039795, "iter": 1100, "memory": 2889, "step": 1100}
{"aAcc": 58.47, "mIoU": 27.2, "mAcc": 39.95, "avg_val_loss": 7.441263873648575, "data_time": 0.11829755498074937, "time": 0.20361596414412575, "step": 1100}
{"lr": 0.008112846284874206, "data_time": 0.7106328964233398, "loss": 4.6639009475708, "decode.loss_ce": 0.70679212808609, "decode.acc_seg": 73.65266418457031, "aux_0.loss_ce": 1.237476372718811, "aux_0.acc_seg": 56.05555725097656, "aux_1.loss_ce": 1.005736780166626, "aux_1.acc_seg": 64.0195541381836, "aux_2.loss_ce": 0.8848068416118622, "aux_2.acc_seg": 66.56861114501953, "aux_3.loss_ce": 0.8290888011455536, "aux_3.acc_seg": 68.19950103759766, "time": 0.9109691858291626,