{"lr": 0.0015943962641761188, "data_time": 0.22820374965667725, "loss": 0.38035943657159804, "decode.loss_seg": 0.15263745561242104, "aux_0.loss_seg": 0.06898403093218804, "aux_1.loss_seg": 0.05902725234627724, "aux_2.loss_seg": 0.05101036000996828, "aux_3.loss_seg": 0.04870033320039511, "time": 0.5625761270523071, "iter": 100, "memory": 19977, "step": 100}
{"aAcc": 49.65, "mIoU": 32.48, "mAcc": 55.55, "avg_val_loss": 0.0, "data_time": 0.01147081685620685, "time": 0.08961319646169973, "step": 100}
{"lr": 0.002194796531020685, "data_time": 0.30017006397247314, "loss": 0.24883996546268464, "decode.loss_seg": 0.10471594780683517, "aux_0.loss_seg": 0.04111072719097138, "aux_1.loss_seg": 0.037301253713667396, "aux_2.loss_seg": 0.03210719227790833, "aux_3.loss_seg": 0.033604846149682996, "time": 0.596295976638794, "iter": 200, "memory": 34270, "step": 200}
{"aAcc": 50.57, "mIoU": 32.85, "mAcc": 56.67, "avg_val_loss": 0.0, "data_time": 0.014035836033437443, "time": 0.06507436434427898, "step": 200}
{"lr": 0.0027951967978652476, "data_time": 0.009572720527648926, "loss": 0.1777510851621628, "decode.loss_seg": 0.07547744400799275, "aux_0.loss_seg": 0.02679819203913212, "aux_1.loss_seg": 0.025627388153225183, "aux_2.loss_seg": 0.024283658247441053, "aux_3.loss_seg": 0.02556439945474267, "time": 0.5266849756240845, "iter": 300, "memory": 3093, "step": 300}
{"aAcc": 52.61, "mIoU": 34.43, "mAcc": 57.35, "avg_val_loss": 0.0, "data_time": 0.012839180299605447, "time": 0.06393345471086173, "step": 300}
{"lr": 0.0033955970647098093, "data_time": 0.3021369218826294, "loss": 0.2627893701195717, "decode.loss_seg": 0.10925371795892716, "aux_0.loss_seg": 0.04007247406989336, "aux_1.loss_seg": 0.03731632195413113, "aux_2.loss_seg": 0.037491883616894484, "aux_3.loss_seg": 0.038654972426593305, "time": 0.5596949577331543, "iter": 400, "memory": 3093, "step": 400}
{"aAcc": 52.21, "mIoU": 33.96, "mAcc": 56.47, "avg_val_loss": 0.0, "data_time": 0.01270270073550871, "time": 0.0638503343209453, "step": 400}
{"lr": 0.003995997331554373, "data_time": 0.5656049966812133, "loss": 0.22098064422607422, "decode.loss_seg": 0.09349246323108673, "aux_0.loss_seg": 0.033456113375723365, "aux_1.loss_seg": 0.03087671659886837, "aux_2.loss_seg": 0.030709258466959, "aux_3.loss_seg": 0.032446094695478676, "time": 0.6994630575180054, "iter": 500, "memory": 3093, "step": 500}
{"aAcc": 48.45, "mIoU": 29.47, "mAcc": 48.18, "avg_val_loss": 0.0, "data_time": 0.02346946453226024, "time": 0.07458606807664893, "step": 500}
{"lr": 0.0045963975983989375, "data_time": 0.5689111709594726, "loss": 0.22890689373016357, "decode.loss_seg": 0.10276987552642822, "aux_0.loss_seg": 0.03161387424916029, "aux_1.loss_seg": 0.03014581874012947, "aux_2.loss_seg": 0.03141303136944771, "aux_3.loss_seg": 0.03296429663896561, "time": 0.6997709751129151, "iter": 600, "memory": 3093, "step": 600}
{"aAcc": 50.29, "mIoU": 31.21, "mAcc": 49.92, "avg_val_loss": 0.0, "data_time": 0.011784860457497081, "time": 0.06295135925556052, "step": 600}
{"lr": 0.005196797865243495, "data_time": 0.2731871366500854, "loss": 0.19695107862353325, "decode.loss_seg": 0.08860836364328861, "aux_0.loss_seg": 0.026316541153937577, "aux_1.loss_seg": 0.02543716914951801, "aux_2.loss_seg": 0.027607237733900548, "aux_3.loss_seg": 0.028981767222285272, "time": 0.4487802743911743, "iter": 700, "memory": 3093, "step": 700}
{"aAcc": 53.82, "mIoU": 35.13, "mAcc": 56.25, "avg_val_loss": 0.0, "data_time": 0.013584334274818158, "time": 0.06471610891407933, "step": 700}
{"lr": 0.005797198132088056, "data_time": 0.008924770355224609, "loss": 0.19896419122815132, "decode.loss_seg": 0.09106113277375698, "aux_0.loss_seg": 0.02676659058779478, "aux_1.loss_seg": 0.025941424164921047, "aux_2.loss_seg": 0.02695394940674305, "aux_3.loss_seg": 0.02824109364300966, "time": 0.5269006729125977, "iter": 800, "memory": 3093, "step": 800}
{"aAcc": 56.19, "mIoU": 37.47, "mAcc": 57.9, "avg_val_loss": 0.0, "data_time": 0.014649889935022113, "time": 0.06574917935776985, "step": 800}
{"lr": 0.006397598398932616, "data_time": 0.011391568183898925, "loss": 0.22011633068323136, "decode.loss_seg": 0.10007489547133445, "aux_0.loss_seg": 0.0282744896132499, "aux_1.loss_seg": 0.028094124514609575, "aux_2.loss_seg": 0.031398705951869485, "aux_3.loss_seg": 0.03227411890402436, "time": 0.5805129289627076, "iter": 900, "memory": 3093, "step": 900}
{"aAcc": 56.18, "mIoU": 37.59, "mAcc": 58.25, "avg_val_loss": 0.0, "data_time": 0.03249904205059183, "time": 0.09449659270801763, "step": 900}
{"lr": 0.0069979986657771765, "data_time": 0.370772123336792, "loss": 0.2002847522497177, "decode.loss_seg": 0.09339555576443673, "aux_0.loss_seg": 0.025682863779366016, "aux_1.loss_seg": 0.025146657414734364, "aux_2.loss_seg": 0.027176511380821465, "aux_3.loss_seg": 0.02888316586613655, "time": 0.6001429319381714, "iter": 1000, "memory": 3093, "step": 1000}
{"aAcc": 58.62, "mIoU": 39.88, "mAcc": 59.84, "avg_val_loss": 0.0, "data_time": 0.008452525084046111, "time": 0.07017672747031026, "step": 1000}
{"lr": 0.0075983989326217465, "data_time": 0.12026016712188721, "loss": 0.18160058781504632, "decode.loss_seg": 0.08528899028897285, "aux_0.loss_seg": 0.021244248002767564, "aux_1.loss_seg": 0.02239841129630804, "aux_2.loss_seg": 0.02546511245891452, "aux_3.loss_seg": 0.027203826047480107, "time": 0.5320612668991089, "iter": 1100, "memory": 3093, "step": 1100}
{"aAcc": 57.91, "mIoU": 39.08, "mAcc": 58.69, "avg_val_loss": 0.0, "data_time": 0.011402894710672313, "time": 0.07343227835907333, "step": 1100}
{"lr": 0.008198799199466306, "data_time": 0.6811329841613769, "loss": 0.15946565046906472, "decode.loss_seg": 0.07631260491907596, "aux_0.loss_seg": 0.019042834267020227, "aux_1.loss_seg": 0.019322138093411923, "aux_2.loss_seg": 0.0218078076839447, "aux_3.loss_seg": 0.022980264201760293, "time": 0.8393346071243286, "iter": 1200, "memory": 3093, "step": 1200}
{"aAcc": 55.25, "mIoU": 36.65, "mAcc": 57.1, "avg_val_loss": 0.0, "data_time": 0.01146403948465983, "time": 0.0739324586144809, "step": 1200}
{"lr": 0.008799199466310867, "data_time": 0.4746910572052002, "loss": 0.1628730043768883, "decode.loss_seg": 0.0781916193664074, "aux_0.loss_seg": 0.01950247948989272, "aux_1.loss_seg": 0.020360814407467842, "aux_2.loss_seg": 0.021647199988365173, "aux_3.loss_seg": 0.02317089242860675, "time": 0.6299882650375366, "iter": 1300, "memory": 3093, "step": 1300}
{"aAcc": 55.17, "mIoU": 36.86, "mAcc": 57.05, "avg_val_loss": 0.0, "data_time": 0.012742897559856546, "time": 0.07413232189485397, "step": 1300}
{"lr": 0.009399599733155411, "data_time": 0.1117110013961792, "loss": 0.15325974449515342, "decode.loss_seg": 0.07232149578630924, "aux_0.loss_seg": 0.017763287667185067, "aux_1.loss_seg": 0.018645087070763112, "aux_2.loss_seg": 0.021514017786830663, "aux_3.loss_seg": 0.023015857581049202, "time": 0.5657940626144409, "iter": 1400, "memory": 3093, "step": 1400}
{"aAcc": 58.18, "mIoU": 39.38, "mAcc": 59.23, "avg_val_loss": 0.0, "data_time": 0.009951350332676679, "time": 0.0616442225445276, "step": 1400}
{"lr": 0.009999999999999966, "data_time": 0.11640348434448242, "loss": 0.1837167926132679, "decode.loss_seg": 0.08823950998485089, "aux_0.loss_seg": 0.021310504525899887, "aux_1.loss_seg": 0.022288049571216106, "aux_2.loss_seg": 0.025516631081700325, "aux_3.loss_seg": 0.026362098939716815, "time": 0.5749456882476807, "iter": 1500, "memory": 3093, "step": 1500}
{"aAcc": 58.19, "mIoU": 39.37, "mAcc": 59.11, "avg_val_loss": 0.0, "data_time": 0.010891229256816294, "time": 0.06197289488781458, "step": 1500}
{"lr": 0.009884680550653002, "data_time": 0.013158059120178223, "loss": 0.1839530397206545, "decode.loss_seg": 0.08799404501914979, "aux_0.loss_seg": 0.02178308619186282, "aux_1.loss_seg": 0.02280287011526525, "aux_2.loss_seg": 0.024884330620989204, "aux_3.loss_seg": 0.026488706190139055, "time": 0.6459041118621827, "iter": 1600, "memory": 3093, "step": 1600}
{"aAcc": 57.81, "mIoU": 39.11, "mAcc": 59.17, "avg_val_loss": 0.0,