{"lr": 0.006406583235954008, "data_time": 0.7152075052261353, "loss": 3.007282519340515, "decode.loss_ce": 0.47882032096385957, "decode.acc_seg": 82.5534439086914, "aux_0.loss_ce": 0.8078927814960479, "aux_0.acc_seg": 71.40583038330078, "aux_1.loss_ce": 0.6278996586799621, "aux_1.acc_seg": 79.28827667236328, "aux_2.loss_ce": 0.5599119871854782, "aux_2.acc_seg": 80.62672424316406, "aux_3.loss_ce": 0.5327577799558639, "aux_3.acc_seg": 82.40516662597656, "time": 0.9309584379196167, "iter": 910, "memory": 19198, "step": 910}
{"lr": 0.009106373674004149, "data_time": 0.6998347043991089, "loss": 1.6013763308525086, "decode.loss_ce": 0.22440938800573348, "decode.acc_seg": 90.6842269897461, "aux_0.loss_ce": 0.4786016017198563, "aux_0.acc_seg": 82.17839050292969, "aux_1.loss_ce": 0.3186326831579208, "aux_1.acc_seg": 88.1848373413086, "aux_2.loss_ce": 0.2831100821495056, "aux_2.acc_seg": 88.56989288330078, "aux_3.loss_ce": 0.296622571349144, "aux_3.acc_seg": 87.14555358886719, "time": 0.9021777629852294, "iter": 10000, "memory": 2889, "step": 10000}
{"aAcc": 73.66, "mIoU": 49.83, "mAcc": 65.56, "avg_val_loss": 5.571799703595931, "data_time": 0.0842674360718838, "time": 0.1759273700935896, "step": 10000}
{"lr": 0.008200516139713258, "data_time": 0.007499241828918457, "loss": 1.5608798146247864, "decode.loss_ce": 0.20982458293437958, "decode.acc_seg": 90.36044311523438, "aux_0.loss_ce": 0.48400082886219026, "aux_0.acc_seg": 81.44705963134766, "aux_1.loss_ce": 0.3128377541899681, "aux_1.acc_seg": 88.14305877685547, "aux_2.loss_ce": 0.27491072863340377, "aux_2.acc_seg": 88.10800170898438, "aux_3.loss_ce": 0.27930591255426407, "aux_3.acc_seg": 87.01005554199219, "time": 0.9667058944702148, "iter": 20000, "memory": 10746, "step": 20000}
{"aAcc": 74.52, "mIoU": 54.34, "mAcc": 72.34, "avg_val_loss": 5.590576491683548, "data_time": 0.1031837874445422, "time": 0.18568542085844894, "step": 20000}
{"lr": 0.007283232762750171, "data_time": 0.5685090303421021, "loss": 1.5377628087997437, "decode.loss_ce": 0.2086675077676773, "decode.acc_seg": 87.37388610839844, "aux_0.loss_ce": 0.45235768258571624, "aux_0.acc_seg": 77.05266571044922, "aux_1.loss_ce": 0.3143636241555214, "aux_1.acc_seg": 83.44828033447266, "aux_2.loss_ce": 0.27906021326780317, "aux_2.acc_seg": 84.62744903564453, "aux_3.loss_ce": 0.2833137735724449, "aux_3.acc_seg": 83.89772033691406, "time": 0.9093508243560791, "iter": 30000, "memory": 2889, "step": 30000}
{"aAcc": 75.98, "mIoU": 54.11, "mAcc": 68.01, "avg_val_loss": 5.410625412159728, "data_time": 0.09959287204961667, "time": 0.1812663708610096, "step": 30000}
{"lr": 0.006352703407289149, "data_time": 0.6962260723114013, "loss": 1.424746835231781, "decode.loss_ce": 0.19884273409843445, "decode.acc_seg": 90.42166900634766, "aux_0.loss_ce": 0.43321011364459994, "aux_0.acc_seg": 78.19383239746094, "aux_1.loss_ce": 0.2779819443821907, "aux_1.acc_seg": 88.59627532958984, "aux_2.loss_ce": 0.2563024520874023, "aux_2.acc_seg": 88.77000427246094, "aux_3.loss_ce": 0.2584096282720566, "aux_3.acc_seg": 87.48583221435547, "time": 0.9138248682022094, "iter": 40000, "memory": 2889, "step": 40000}
{"aAcc": 75.0, "mIoU": 52.79, "mAcc": 66.05, "avg_val_loss": 5.375634591274879, "data_time": 0.10317072923156037, "time": 0.18488405490743703, "step": 40000}
{"lr": 0.0054064577076796795, "data_time": 0.6660682678222656, "loss": 1.7387560486793519, "decode.loss_ce": 0.28359440714120865, "decode.acc_seg": 90.5497817993164, "aux_0.loss_ce": 0.4936965435743332, "aux_0.acc_seg": 85.41838836669922, "aux_1.loss_ce": 0.3396921753883362, "aux_1.acc_seg": 89.43472290039062, "aux_2.loss_ce": 0.3010253235697746, "aux_2.acc_seg": 88.9727783203125, "aux_3.loss_ce": 0.320747609436512, "aux_3.acc_seg": 87.8211669921875, "time": 0.8862665891647339, "iter": 50000, "memory": 2889, "step": 50000}
{"aAcc": 75.06, "mIoU": 49.5, "mAcc": 64.72, "avg_val_loss": 5.445991000036399, "data_time": 0.09290173409999102, "time": 0.17507450059912671, "step": 50000}
