{"lr": 0.0015943962641761188, "data_time": 0.34329330921173096, "loss": 3.669432210922241, "decode.loss_ce": 0.488308322429657, "decode.acc_seg": 82.9544448852539, "aux_0.loss_ce": 1.0484445452690125, "aux_0.acc_seg": 63.322166442871094, "aux_1.loss_ce": 0.8620805442333221, "aux_1.acc_seg": 72.13766479492188, "aux_2.loss_ce": 0.6776499092578888, "aux_2.acc_seg": 79.23333740234375, "aux_3.loss_ce": 0.5929488956928253, "aux_3.acc_seg": 78.6834487915039, "time": 0.49766380786895753, "iter": 100, "memory": 19941, "step": 100}
{"aAcc": 68.1, "mIoU": 47.6, "mAcc": 62.58, "avg_val_loss": 3.8331945005216097, "data_time": 0.011251538298850837, "time": 0.12035658747650856, "step": 100}
{"lr": 0.002194796531020685, "data_time": 0.2095170497894287, "loss": 3.319407916069031, "decode.loss_ce": 0.401442289352417, "decode.acc_seg": 85.3226089477539, "aux_0.loss_ce": 0.9317704558372497, "aux_0.acc_seg": 66.07099914550781, "aux_1.loss_ce": 0.754260802268982, "aux_1.acc_seg": 71.06233215332031, "aux_2.loss_ce": 0.6379463851451874, "aux_2.acc_seg": 74.5770034790039, "aux_3.loss_ce": 0.593988037109375, "aux_3.acc_seg": 76.22228240966797, "time": 0.5833589553833007, "iter": 200, "memory": 34211, "step": 200}
{"aAcc": 59.3, "mIoU": 39.46, "mAcc": 56.63, "avg_val_loss": 3.934031426470879, "data_time": 0.008293815042780733, "time": 0.09301806044304507, "step": 200}
{"lr": 0.0027951967978652476, "data_time": 0.16447756290435792, "loss": 3.1427428007125853, "decode.loss_ce": 0.3883999437093735, "decode.acc_seg": 88.18677520751953, "aux_0.loss_ce": 0.867835283279419, "aux_0.acc_seg": 71.05122375488281, "aux_1.loss_ce": 0.696029794216156, "aux_1.acc_seg": 78.29499816894531, "aux_2.loss_ce": 0.6183117896318435, "aux_2.acc_seg": 80.18878173828125, "aux_3.loss_ce": 0.5721659719944, "aux_3.acc_seg": 81.1074447631836, "time": 0.5215360641479492, "iter": 300, "memory": 3016, "step": 300}
{"aAcc": 58.49, "mIoU": 40.17, "mAcc": 57.43, "avg_val_loss": 3.8859041040984743, "data_time": 0.007486463963300332, "time": 0.09013191584883065, "step": 300}
{"lr": 0.0033955970647098093, "data_time": 0.26779606342315676, "loss": 3.0578076601028443, "decode.loss_ce": 0.35807426571846007, "decode.acc_seg": 84.05511474609375, "aux_0.loss_ce": 0.8518354177474976, "aux_0.acc_seg": 61.46677780151367, "aux_1.loss_ce": 0.6909933984279633, "aux_1.acc_seg": 64.52388763427734, "aux_2.loss_ce": 0.6065429747104645, "aux_2.acc_seg": 67.7068862915039, "aux_3.loss_ce": 0.5503615736961365, "aux_3.acc_seg": 68.35449981689453, "time": 0.6224901437759399, "iter": 400, "memory": 3016, "step": 400}
{"aAcc": 50.35, "mIoU": 29.09, "mAcc": 48.3, "avg_val_loss": 4.084807448481259, "data_time": 0.0072103533251532195, "time": 0.08992304199043362, "step": 400}
{"lr": 0.003995997331554373, "data_time": 0.16623914241790771, "loss": 3.0451213121414185, "decode.loss_ce": 0.3384179830551147, "decode.acc_seg": 86.05110931396484, "aux_0.loss_ce": 0.8357836365699768, "aux_0.acc_seg": 61.43661117553711, "aux_1.loss_ce": 0.6806437611579895, "aux_1.acc_seg": 66.51399993896484, "aux_2.loss_ce": 0.6137511372566223, "aux_2.acc_seg": 68.41867065429688, "aux_3.loss_ce": 0.5765247017145156, "aux_3.acc_seg": 70.829833984375, "time": 0.6069107294082642, "iter": 500, "memory": 3016, "step": 500}
{"aAcc": 65.95, "mIoU": 46.1, "mAcc": 61.85, "avg_val_loss": 4.025376664834065, "data_time": 0.007534865675301388, "time": 0.09296488213813169, "step": 500}
{"lr": 0.0045963975983989375, "data_time": 0.00884711742401123, "loss": 2.8216827630996706, "decode.loss_ce": 0.31620427370071413, "decode.acc_seg": 85.21044158935547, "aux_0.loss_ce": 0.7770565569400787, "aux_0.acc_seg": 69.27133178710938, "aux_1.loss_ce": 0.6407396495342255, "aux_1.acc_seg": 72.21333312988281, "aux_2.loss_ce": 0.5641897171735764, "aux_2.acc_seg": 73.22660827636719, "aux_3.loss_ce": 0.5234925299882889, "aux_3.acc_seg": 74.03622436523438, "time": 0.5159364700317383, "iter": 600, "memory": 3016, "step": 600}
{"aAcc": 57.81, "mIoU": 38.93, "mAcc": 56.82, "avg_val_loss": 4.013893438775463, "data_time": 0.007823867359380612, "time": 0.09321571492600715, "step": 600}
{"lr": 0.005196797865243495, "data_time": 0.19310007095336915, "loss": 2.9948241472244264, "decode.loss_ce": 0.33365221321582794, "decode.acc_seg": 80.44544219970703, "aux_0.loss_ce": 0.8123577654361724, "aux_0.acc_seg": 53.472835540771484, "aux_1.loss_ce": 0.6837655007839203, "aux_1.acc_seg": 58.58211135864258, "aux_2.loss_ce": 0.6040273278951644, "aux_2.acc_seg": 62.086891174316406, "aux_3.loss_ce": 0.5610213071107865, "aux_3.acc_seg": 66.09483337402344, "time": 0.4727078199386597, "iter": 700, "memory": 3016, "step": 700}
{"aAcc": 59.05, "mIoU": 39.74, "mAcc": 57.23, "avg_val_loss": 4.037608711897032, "data_time": 0.007322538858172537, "time": 0.09055641053736894, "step": 700}
{"lr": 0.005797198132088056, "data_time": 0.34487502574920653, "loss": 2.715004539489746, "decode.loss_ce": 0.2700106918811798, "decode.acc_seg": 87.34522247314453, "aux_0.loss_ce": 0.7536518096923828, "aux_0.acc_seg": 67.35283660888672, "aux_1.loss_ce": 0.6296662151813507, "aux_1.acc_seg": 73.24239349365234, "aux_2.loss_ce": 0.5525731593370438, "aux_2.acc_seg": 74.3364486694336, "aux_3.loss_ce": 0.5091025739908218, "aux_3.acc_seg": 77.32661437988281, "time": 0.5436311006546021, "iter": 800, "memory": 3016, "step": 800}
{"aAcc": 49.71, "mIoU": 31.47, "mAcc": 50.86, "avg_val_loss": 4.1137348208304125, "data_time": 0.007871342801499641, "time": 0.09544805000568259, "step": 800}
{"lr": 0.006397598398932616, "data_time": 0.011507821083068848, "loss": 2.7890485286712647, "decode.loss_ce": 0.29153934866189957, "decode.acc_seg": 87.52960968017578, "aux_0.loss_ce": 0.766777229309082, "aux_0.acc_seg": 70.42366790771484, "aux_1.loss_ce": 0.6279973924160004, "aux_1.acc_seg": 76.91860961914062, "aux_2.loss_ce": 0.5635358244180679, "aux_2.acc_seg": 79.85671997070312, "aux_3.loss_ce": 0.5391986310482025, "aux_3.acc_seg": 81.28800201416016, "time": 0.45114612579345703, "iter": 900, "memory": 3016, "step": 900}
{"aAcc": 58.28, "mIoU": 38.57, "mAcc": 56.16, "avg_val_loss": 4.171157804676625, "data_time": 0.00681024310232579, "time": 0.09241372141344793, "step": 900}
{"lr": 0.0069979986657771765, "data_time": 0.4625622034072876, "loss": 2.959471869468689, "decode.loss_ce": 0.32398062348365786, "decode.acc_seg": 88.0201644897461, "aux_0.loss_ce": 0.789070862531662, "aux_0.acc_seg": 64.76866912841797, "aux_1.loss_ce": 0.6731949985027313, "aux_1.acc_seg": 70.38105773925781, "aux_2.loss_ce": 0.6084385842084885, "aux_2.acc_seg": 73.36683654785156, "aux_3.loss_ce": 0.5647868126630783, "aux_3.acc_seg": 74.14122009277344, "time": 0.6176542282104492, "iter": 1000, "memory": 3016, "step": 1000}
{"aAcc": 51.03, "mIoU": 32.52, "mAcc": 51.65, "avg_val_loss": 4.169918898440767, "data_time": 0.00627848471718273, "time": 0.09161079615011983, "step": 1000}
{"lr": 0.0075983989326217465, "data_time": 0.009644126892089844, "loss": 2.679390215873718, "decode.loss_ce": 0.28097681403160096, "decode.acc_seg": 85.74578094482422, "aux_0.loss_ce": 0.7431970000267029, "aux_0.acc_seg": 68.15316772460938, "aux_1.loss_ce": 0.6065501987934112, "aux_1.acc_seg": 72.49683380126953, "aux_2.loss_ce": 0.5363292753696441, "aux_2.acc_seg": 75.32705688476562, "aux_3.loss_ce": 0.5123369991779327, "aux_3.acc_seg": 74.18672180175781, "time": 0.4875840425491333, "iter": 1100, "memory": 3016, "step": 1100}
{"aAcc": 47.66, "mIoU": 29.63, "mAcc": 49.48, "avg_val_loss": 4.192328175706299, "data_time": 0.006996656286305395, "time": 0.09441254330777574, "step": 1100}
{"lr": 0.008198799199466306, "data_time": 0.23699839115142823, "loss": 2.570212411880493, "decode.loss_ce": 0.26503078639507294, "decode.acc_seg": 87.2242202758789, "aux_0.loss_ce": 0.72292400598526, "aux_0.acc_seg": 70.0142822265625, "aux_1.loss_ce": 0.5789434641599656, "aux_1.acc_seg": 72.14099884033203, "aux_2.loss_ce": 0.5123309522867203, "aux_2.acc_seg": 74.0068359375, "aux_3.loss_ce": 0.49098322093486785, "aux_3.acc_seg": 74.41755676269531,