{"lr": 0.0072072072072071995, "data_time": 0.29131906032562255, "loss": 5.764479112625122, "decode.loss_ce": 0.9763136684894562, "decode.acc_seg": 65.7297134399414, "aux_0.loss_ce": 1.438870370388031, "aux_0.acc_seg": 60.644676208496094, "aux_1.loss_ce": 1.2326402962207794, "aux_1.acc_seg": 61.36922836303711, "aux_2.loss_ce": 1.0967462241649628, "aux_2.acc_seg": 59.01103210449219, "aux_3.loss_ce": 1.0199086129665376, "aux_3.acc_seg": 56.316162109375, "time": 0.760857343673706, "iter": 50, "memory": 39315, "step": 50}
