{"lr": 0.0015930867963809803, "data_time": 0.7501085042953491, "loss": 5.790658092498779, "decode.loss_ce": 0.7944184422492981, "decode.acc_seg": 68.2110595703125, "aux_0.loss_ce": 1.9380548357963563, "aux_0.acc_seg": 56.344444274902344, "aux_1.loss_ce": 1.242522168159485, "aux_1.acc_seg": 63.707611083984375, "aux_2.loss_ce": 0.9573311686515809, "aux_2.acc_seg": 65.13033294677734, "aux_3.loss_ce": 0.8583313465118408, "aux_3.acc_seg": 63.91694641113281, "time": 0.9488714933395386, "iter": 100, "memory": 19198, "step": 100}
{"aAcc": 5.95, "mIoU": 0.85, "mAcc": 8.22, "avg_val_loss": 21.19243870422854, "data_time": 0.12426529651464419, "time": 0.21192802107611367, "step": 100}
{"lr": 0.002191123271301943, "data_time": 0.4160712480545044, "loss": 4.698721981048584, "decode.loss_ce": 0.7432481646537781, "decode.acc_seg": 73.44133758544922, "aux_0.loss_ce": 1.3426769256591797, "aux_0.acc_seg": 66.77894592285156, "aux_1.loss_ce": 0.9621830940246582, "aux_1.acc_seg": 71.61166381835938, "aux_2.loss_ce": 0.8308387637138367, "aux_2.acc_seg": 68.9465560913086, "aux_3.loss_ce": 0.8197750151157379, "aux_3.acc_seg": 68.60411071777344, "time": 0.9415051221847535, "iter": 200, "memory": 10746, "step": 200}
{"aAcc": 5.13, "mIoU": 0.93, "mAcc": 8.26, "avg_val_loss": 21.926069148102698, "data_time": 0.1377682631043182, "time": 0.21887621660342163, "step": 200}
{"lr": 0.0027881034698292294, "data_time": 0.7328322887420654, "loss": 4.059325075149536, "decode.loss_ce": 0.6738193392753601, "decode.acc_seg": 76.87733459472656, "aux_0.loss_ce": 1.084029918909073, "aux_0.acc_seg": 66.95822143554688, "aux_1.loss_ce": 0.837426769733429, "aux_1.acc_seg": 68.41439056396484, "aux_2.loss_ce": 0.7438964247703552, "aux_2.acc_seg": 70.48316955566406, "aux_3.loss_ce": 0.7201525866985321, "aux_3.acc_seg": 77.08027648925781, "time": 0.932766604423523, "iter": 300, "memory": 2889, "step": 300}
{"aAcc": 6.11, "mIoU": 0.94, "mAcc": 10.23, "avg_val_loss": 23.725053557178427, "data_time": 0.12887551044595652, "time": 0.21189465193912901, "step": 300}
{"lr": 0.0033840217450599877, "data_time": 0.6831632375717163, "loss": 3.6270721197128295, "decode.loss_ce": 0.5930641978979111, "decode.acc_seg": 77.48650360107422, "aux_0.loss_ce": 0.94430593252182, "aux_0.acc_seg": 68.26055908203125, "aux_1.loss_ce": 0.7674170315265656, "aux_1.acc_seg": 72.36022186279297, "aux_2.loss_ce": 0.6710371792316436, "aux_2.acc_seg": 77.56517028808594, "aux_3.loss_ce": 0.6512477815151214, "aux_3.acc_seg": 77.22228240966797, "time": 1.0394864559173584, "iter": 400, "memory": 2889, "step": 400}
{"aAcc": 5.76, "mIoU": 0.95, "mAcc": 7.78, "avg_val_loss": 24.540515499853946, "data_time": 0.12176684401501184, "time": 0.20671388746678143, "step": 400}
{"lr": 0.003978874422200742, "data_time": 0.43194754123687745, "loss": 3.4992195844650267, "decode.loss_ce": 0.5678464472293854, "decode.acc_seg": 79.65572357177734, "aux_0.loss_ce": 0.8803644359111786, "aux_0.acc_seg": 77.93433380126953, "aux_1.loss_ce": 0.7358742356300354, "aux_1.acc_seg": 76.08599853515625, "aux_2.loss_ce": 0.6680890917778015, "aux_2.acc_seg": 76.36077880859375, "aux_3.loss_ce": 0.6470453619956971, "aux_3.acc_seg": 74.21717071533203, "time": 0.9213906526565552, "iter": 500, "memory": 2889, "step": 500}
{"aAcc": 5.7, "mIoU": 0.81, "mAcc": 7.56, "avg_val_loss": 25.546659677628185, "data_time": 0.120615361750811, "time": 0.2043405757553276, "step": 500}
{"lr": 0.004572658891684879, "data_time": 0.5607799291610718, "loss": 3.407719302177429, "decode.loss_ce": 0.5552434712648392, "decode.acc_seg": 81.78755950927734, "aux_0.loss_ce": 0.8919066429138184, "aux_0.acc_seg": 70.38322448730469, "aux_1.loss_ce": 0.7222862362861633, "aux_1.acc_seg": 72.84477996826172, "aux_2.loss_ce": 0.629452008008957, "aux_2.acc_seg": 78.14639282226562, "aux_3.loss_ce": 0.6088309198617935, "aux_3.acc_seg": 78.4094467163086, "time": 0.9761234521865845, "iter": 600, "memory": 2889, "step": 600}
{"aAcc": 4.35, "mIoU": 0.99, "mAcc": 6.5, "avg_val_loss": 26.225936484383325, "data_time": 0.13051455048308974, "time": 0.2146911895138094, "step": 600}
