{"lr": 0.0015930867963809803, "data_time": 0.12526490688323974, "loss": 8.016245794296264, "decode.loss_ce": 1.3861805737018584, "decode.acc_seg": 39.022335052490234, "aux_0.loss_ce": 2.1695858001708985, "aux_0.acc_seg": 30.268333435058594, "aux_1.loss_ce": 1.6935640692710876, "aux_1.acc_seg": 34.34794616699219, "aux_2.loss_ce": 1.4566647052764892, "aux_2.acc_seg": 38.812278747558594, "aux_3.loss_ce": 1.3102508068084717, "aux_3.acc_seg": 40.08294677734375, "time": 0.3213256120681763, "iter": 100, "memory": 19198, "step": 100}
{"aAcc": 34.56, "mIoU": 7.5, "mAcc": 14.06, "avg_val_loss": 10.327931196368926, "data_time": 0.010939384615698527, "time": 0.09531168605006018, "step": 100}
