{"lr": 0.0015943962641761188, "data_time": 0.012871789932250976, "loss": 4.096655058860779, "decode.loss_ce": 1.2763351321220398, "decode.acc_seg": 66.00494384765625, "aux_0.loss_ce": 0.724600327014923, "aux_0.acc_seg": 64.27716827392578, "aux_1.loss_ce": 0.6370276808738708, "aux_1.acc_seg": 68.63227844238281, "aux_2.loss_seg": 0.7659940004348755, "aux_3.loss_seg": 0.692697936296463, "time": 0.9043633699417114, "iter": 100, "memory": 19648, "step": 100}
{"aAcc": 53.37, "mIoU": 30.48, "mAcc": 45.63, "avg_val_loss": 4.941028804458373, "data_time": 0.016516843507456226, "time": 0.11001873570819233, "step": 100}
{"lr": 0.002194796531020685, "data_time": 0.4929780960083008, "loss": 4.015988087654113, "decode.loss_ce": 1.2751563966274262, "decode.acc_seg": 77.98094177246094, "aux_0.loss_ce": 0.6879194736480713, "aux_0.acc_seg": 77.4346694946289, "aux_1.loss_ce": 0.6332517802715302, "aux_1.acc_seg": 77.43978118896484, "aux_2.loss_seg": 0.7521523296833038, "aux_3.loss_seg": 0.6675081491470337, "time": 0.7061430931091308, "iter": 200, "memory": 34243, "step": 200}
{"aAcc": 62.13, "mIoU": 37.37, "mAcc": 51.79, "avg_val_loss": 4.6340264752942915, "data_time": 0.03166778060211532, "time": 0.09657744429577356, "step": 200}
{"lr": 0.0027951967978652476, "data_time": 0.6067205667495728, "loss": 3.442563056945801, "decode.loss_ce": 1.0546798229217529, "decode.acc_seg": 76.05611419677734, "aux_0.loss_ce": 0.5913384109735489, "aux_0.acc_seg": 77.6576156616211, "aux_1.loss_ce": 0.5368099421262741, "aux_1.acc_seg": 77.70677947998047, "aux_2.loss_seg": 0.6609648823738098, "aux_3.loss_seg": 0.5987700253725052, "time": 0.7580982208251953, "iter": 300, "memory": 2683, "step": 300}
{"aAcc": 46.39, "mIoU": 24.42, "mAcc": 39.91, "avg_val_loss": 5.269509990196711, "data_time": 0.026749835617240817, "time": 0.09240389966416633, "step": 300}
{"lr": 0.0033955970647098093, "data_time": 0.5324945688247681, "loss": 3.372115445137024, "decode.loss_ce": 0.9848426222801209, "decode.acc_seg": 83.3271713256836, "aux_0.loss_ce": 0.5715578019618988, "aux_0.acc_seg": 79.55272674560547, "aux_1.loss_ce": 0.5307084351778031, "aux_1.acc_seg": 81.54116821289062, "aux_2.loss_seg": 0.6847268283367157, "aux_3.loss_seg": 0.6002797693014145, "time": 0.6783207178115844, "iter": 400, "memory": 2683, "step": 400}
{"aAcc": 62.32, "mIoU": 36.52, "mAcc": 50.67, "avg_val_loss": 4.980518557784849, "data_time": 0.026451425990839113, "time": 0.09247758196688247, "step": 400}
{"lr": 0.003995997331554373, "data_time": 0.1963411331176758, "loss": 3.2481404542922974, "decode.loss_ce": 0.9542019605636597, "decode.acc_seg": 75.88294219970703, "aux_0.loss_ce": 0.5473725825548172, "aux_0.acc_seg": 69.70578002929688, "aux_1.loss_ce": 0.5052862673997879, "aux_1.acc_seg": 70.17021942138672, "aux_2.loss_seg": 0.6564636051654815, "aux_3.loss_seg": 0.5848160743713379, "time": 0.7327691793441773, "iter": 500, "memory": 2683, "step": 500}
{"aAcc": 59.17, "mIoU": 34.88, "mAcc": 49.35, "avg_val_loss": 4.894171562738586, "data_time": 0.03265876057504238, "time": 0.09870872552367463, "step": 500}
{"lr": 0.0045963975983989375, "data_time": 0.3454644203186035, "loss": 3.007512855529785, "decode.loss_ce": 0.8302731812000275, "decode.acc_seg": 78.93494415283203, "aux_0.loss_ce": 0.5317527651786804, "aux_0.acc_seg": 69.57389068603516, "aux_1.loss_ce": 0.47106307148933413, "aux_1.acc_seg": 72.11383056640625, "aux_2.loss_seg": 0.6361223071813583, "aux_3.loss_seg": 0.5383015364408493, "time": 0.7026053428649902, "iter": 600, "memory": 2683, "step": 600}
{"aAcc": 70.01, "mIoU": 46.05, "mAcc": 59.33, "avg_val_loss": 4.7040951119528875, "data_time": 0.04041935657632762, "time": 0.10701513016360929, "step": 600}
{"lr": 0.005196797865243495, "data_time": 0.30273187160491943, "loss": 2.954147219657898, "decode.loss_ce": 0.823706716299057, "decode.acc_seg": 82.0009994506836, "aux_0.loss_ce": 0.5215657323598861, "aux_0.acc_seg": 73.4929428100586, "aux_1.loss_ce": 0.46316765546798705, "aux_1.acc_seg": 78.05655670166016, "aux_2.loss_seg": 0.6139443039894104, "aux_3.loss_seg": 0.5317628145217895, "time": 0.662796926498413, "iter": 700, "memory": 2683, "step": 700}
{"aAcc": 66.67, "mIoU": 44.12, "mAcc": 57.63, "avg_val_loss": 4.6954546246114335, "data_time": 0.03534895798255657, "time": 0.10221277982339091, "step": 700}
