{"lr": 0.005201541801877408, "data_time": 0.05530624389648438, "loss": 8.505557489395141, "decode.loss_ce": 1.3040246427059174, "decode.acc_seg": 70.76000213623047, "aux_0.loss_ce": 1.8543933868408202, "aux_0.acc_seg": 44.239112854003906, "aux_1.loss_ce": 1.7914926886558533, "aux_1.acc_seg": 44.2944450378418, "aux_2.loss_ce": 1.7331585168838501, "aux_2.acc_seg": 44.723777770996094, "aux_3.loss_ce": 1.822488272190094, "aux_3.acc_seg": 46.45600128173828, "time": 0.14118773937225343, "iter": 500, "memory": 17409, "step": 500}
