{"lr": 0.005040144980500798, "data_time": 0.041022086143493654, "loss": 8.104429960250854, "decode.loss_ce": 1.4623551726341248, "decode.acc_seg": 60.172000885009766, "aux_0.loss_ce": 1.8724908709526062, "aux_0.acc_seg": 45.11377716064453, "aux_1.loss_ce": 1.6654518961906433, "aux_1.acc_seg": 57.256446838378906, "aux_2.loss_ce": 1.5589532852172852, "aux_2.acc_seg": 57.14022445678711, "aux_3.loss_ce": 1.5451787531375885, "aux_3.acc_seg": 59.827110290527344, "time": 0.1213139533996582, "iter": 100, "memory": 17408, "step": 100}
{"aAcc": 55.71, "mIoU": 14.43, "mAcc": 21.33, "val_loss": 7.776491242334991, "data_time": 0.006718884999444595, "time": 0.09575903908759718, "step": 100}
{"lr": 0.005080615216132712, "data_time": 0.1406989574432373, "loss": 8.49346375465393, "decode.loss_ce": 1.535580003261566, "decode.acc_seg": 71.9828872680664, "aux_0.loss_ce": 1.9002551913261414, "aux_0.acc_seg": 55.958221435546875, "aux_1.loss_ce": 1.739340114593506, "aux_1.acc_seg": 65.28666687011719, "aux_2.loss_ce": 1.64960720539093, "aux_2.acc_seg": 67.24333190917969, "aux_3.loss_ce": 1.668681275844574, "aux_3.acc_seg": 72.99400329589844, "time": 0.22140185832977294, "iter": 200, "memory": 901, "step": 200}
{"aAcc": 52.27, "mIoU": 13.56, "mAcc": 19.93, "val_loss": 8.726669684832917, "data_time": 0.0050631940943523515, "time": 0.09056521214327766, "step": 200}
{"lr": 0.005121004778430786, "data_time": 0.0700075387954712, "loss": 7.179681205749512, "decode.loss_ce": 1.169304996728897, "decode.acc_seg": 64.88533782958984, "aux_0.loss_ce": 1.7566967010498047, "aux_0.acc_seg": 43.27777862548828, "aux_1.loss_ce": 1.5166877508163452, "aux_1.acc_seg": 46.648223876953125, "aux_2.loss_ce": 1.3666547417640686, "aux_2.acc_seg": 51.123111724853516, "aux_3.loss_ce": 1.3703369677066803, "aux_3.acc_seg": 56.8575553894043, "time": 0.15232012271881104, "iter": 300, "memory": 901, "step": 300}
{"aAcc": 67.11, "mIoU": 20.3, "mAcc": 27.77, "val_loss": 7.681147901667262, "data_time": 0.0055122005129323425, "time": 0.09150567795466451, "step": 300}
{"lr": 0.00516131364708311, "data_time": 0.033580565452575685, "loss": 8.135779619216919, "decode.loss_ce": 1.421274572610855, "decode.acc_seg": 60.86044692993164, "aux_0.loss_ce": 1.8305456042289734, "aux_0.acc_seg": 55.826446533203125, "aux_1.loss_ce": 1.6294656991958618, "aux_1.acc_seg": 60.84133529663086, "aux_2.loss_ce": 1.5255209922790527, "aux_2.acc_seg": 60.29511260986328, "aux_3.loss_ce": 1.7289727687835694, "aux_3.acc_seg": 47.40533447265625, "time": 0.16729609966278075, "iter": 400, "memory": 901, "step": 400}
{"aAcc": 54.66, "mIoU": 16.41, "mAcc": 23.51, "val_loss": 7.202578385023628, "data_time": 0.005342223690551462, "time": 0.09178613401153712, "step": 400}
{"lr": 0.005201541801877408, "data_time": 0.05392866134643555, "loss": 6.878772258758545, "decode.loss_ce": 1.1277487993240356, "decode.acc_seg": 58.784446716308594, "aux_0.loss_ce": 1.5521017909049988, "aux_0.acc_seg": 48.11155700683594, "aux_1.loss_ce": 1.3911174952983856, "aux_1.acc_seg": 55.8997802734375, "aux_2.loss_ce": 1.339276134967804, "aux_2.acc_seg": 57.35000228881836, "aux_3.loss_ce": 1.468528163433075, "aux_3.acc_seg": 60.7573356628418, "time": 0.1358633279800415, "iter": 500, "memory": 901, "step": 500}
{"aAcc": 70.86, "mIoU": 21.35, "mAcc": 27.21, "val_loss": 6.897365775925813, "data_time": 0.005273538885764705, "time": 0.09201202982837714, "step": 500}
{"lr": 0.005241689222698065, "data_time": 0.003282761573791504, "loss": 7.973207616806031, "decode.loss_ce": 1.3003653049468995, "decode.acc_seg": 64.3106689453125, "aux_0.loss_ce": 1.7390205264091492, "aux_0.acc_seg": 40.59177780151367, "aux_1.loss_ce": 1.5755096554756165, "aux_1.acc_seg": 45.806888580322266, "aux_2.loss_ce": 1.5754695773124694, "aux_2.acc_seg": 50.40577697753906, "aux_3.loss_ce": 1.7828424513339995, "aux_3.acc_seg": 54.65444564819336, "time": 0.1700202465057373, "iter": 600, "memory": 901, "step": 600}
{"aAcc": 57.73, "mIoU": 17.39, "mAcc": 27.48, "val_loss": 6.684163665516174, "data_time": 0.005038863246880689, "time": 0.0922278692421404, "step": 600}
{"lr": 0.005281755889523201, "data_time": 0.0039577484130859375, "loss": 7.497994375228882, "decode.loss_ce": 1.2213620126247406, "decode.acc_seg": 51.10688781738281, "aux_0.loss_ce": 1.62814901471138, "aux_0.acc_seg": 48.83333206176758, "aux_1.loss_ce": 1.5311727643013, "aux_1.acc_seg": 52.909332275390625, "aux_2.loss_ce": 1.48678817152977, "aux_2.acc_seg": 54.16688919067383, "aux_3.loss_ce": 1.6305224537849425, "aux_3.acc_seg": 53.768890380859375, "time": 0.13730220794677733, "iter": 700, "memory": 901, "step": 700}
{"aAcc": 55.99, "mIoU": 18.97, "mAcc": 26.5, "val_loss": 6.528665915315662, "data_time": 0.005630053362800079, "time": 0.09292077265896843, "step": 700}
{"lr": 0.005321741782421746, "data_time": 0.09323818683624267, "loss": 6.828815698623657, "decode.loss_ce": 1.1067470878362655, "decode.acc_seg": 91.15689086914062, "aux_0.loss_ce": 1.5610527992248535, "aux_0.acc_seg": 84.85377502441406, "aux_1.loss_ce": 1.409043163061142, "aux_1.acc_seg": 82.9391098022461, "aux_2.loss_ce": 1.3323233783245088, "aux_2.acc_seg": 85.47022247314453, "aux_3.loss_ce": 1.419649165868759, "aux_3.acc_seg": 77.68800354003906, "time": 0.1739856243133545, "iter": 800, "memory": 901, "step": 800}
{"aAcc": 51.97, "mIoU": 16.76, "mAcc": 25.49, "val_loss": 6.615857431712707, "data_time": 0.004858877473664515, "time": 0.0932476236982253, "step": 800}
{"lr": 0.005361646881550746, "data_time": 0.003573894500732422, "loss": 7.572442197799683, "decode.loss_ce": 1.3123195886611938, "decode.acc_seg": 66.6086654663086, "aux_0.loss_ce": 1.7453544020652771, "aux_0.acc_seg": 57.01333236694336, "aux_1.loss_ce": 1.5735602974891663, "aux_1.acc_seg": 63.76822280883789, "aux_2.loss_ce": 1.4535672068595886, "aux_2.acc_seg": 60.02177810668945, "aux_3.loss_ce": 1.4876405477523804, "aux_3.acc_seg": 59.74089050292969, "time": 0.16874189376831056, "iter": 900, "memory": 901, "step": 900}
{"aAcc": 61.29, "mIoU": 21.4, "mAcc": 32.16, "val_loss": 6.510877777221222, "data_time": 0.004974287111782333, "time": 0.09280753656498437, "step": 900}
{"lr": 0.005401471167152687, "data_time": 0.004451203346252442, "loss": 6.924917125701905, "decode.loss_ce": 1.1603965282440185, "decode.acc_seg": 60.312889099121094, "aux_0.loss_ce": 1.6208664774894714, "aux_0.acc_seg": 45.31977844238281, "aux_1.loss_ce": 1.4735710263252257, "aux_1.acc_seg": 48.43422317504883, "aux_2.loss_ce": 1.3173127174377441, "aux_2.acc_seg": 53.46088790893555, "aux_3.loss_ce": 1.3527703821659087, "aux_3.acc_seg": 48.69200134277344, "time": 0.15084638595581054, "iter": 1000, "memory": 901, "step": 1000}
{"aAcc": 75.9, "mIoU": 28.68, "mAcc": 37.08, "val_loss": 6.351778475353982, "data_time": 0.005245933833631497, "time": 0.09193206759332453, "step": 1000}
{"lr": 0.0054412146195529035, "data_time": 0.04211933612823486, "loss": 6.180918216705322, "decode.loss_ce": 0.9008773386478424, "decode.acc_seg": 71.6495590209961, "aux_0.loss_ce": 1.4504741787910462, "aux_0.acc_seg": 66.7522201538086, "aux_1.loss_ce": 1.3269071102142334, "aux_1.acc_seg": 57.66577911376953, "aux_2.loss_ce": 1.2120088696479798, "aux_2.acc_seg": 68.48555755615234, "aux_3.loss_ce": 1.290650737285614, "aux_3.acc_seg": 49.332889556884766, "time": 0.12630271911621094, "iter": 1100, "memory": 901, "step": 1100}
{"aAcc": 62.63, "mIoU": 21.0, "mAcc": 28.88, "val_loss": 6.345894131823085, "data_time": 0.005198497795364232, "time": 0.09272510449863175, "step": 1100}
{"lr": 0.005480877219157078, "data_time": 0.0306729793548584, "loss": 6.389247941970825, "decode.loss_ce": 0.9399254798889161, "decode.acc_seg": 65.51555633544922, "aux_0.loss_ce": 1.4795959711074829, "aux_0.acc_seg": 48.4988899230957, "aux_1.loss_ce": 1.3276822686195373, "aux_1.acc_seg": 49.89400100708008, "aux_2.loss_ce": 1.2829689502716064, "aux_2.acc_seg": 48.84422302246094, "aux_3.loss_ce": 1.3590752601623535, "aux_3.acc_seg": 47.66577911376953, "time": 0.11263976097106934, "iter": 1200, "memory": 901,