{"lr": 0.0015943962641761188, "data_time": 0.008769750595092773, "loss": 3.207683968544006, "decode.loss_ce": 0.6514831483364105, "decode.acc_seg": 60.0444450378418, "aux_0.loss_ce": 0.5950909912586212, "aux_0.acc_seg": 65.35700225830078, "aux_1.loss_ce": 0.5500994890928268, "aux_1.acc_seg": 73.48372650146484, "aux_2.loss_ce": 0.7337472319602967, "aux_2.acc_seg": 57.62016677856445, "aux_3.loss_ce": 0.6772631824016571, "aux_3.acc_seg": 61.17672348022461, "time": 0.9579640626907349, "iter": 100, "memory": 19749, "step": 100}
{"aAcc": 47.74, "mIoU": 33.67, "mAcc": 53.23, "avg_val_loss": 3.9732857393591026, "data_time": 0.013775212820186171, "time": 0.12282924873884334, "step": 100}
{"lr": 0.002194796531020685, "data_time": 0.055860066413879396, "loss": 2.609913539886475, "decode.loss_ce": 0.5276203781366349, "decode.acc_seg": 77.26516723632812, "aux_0.loss_ce": 0.47241443395614624, "aux_0.acc_seg": 80.49571990966797, "aux_1.loss_ce": 0.4619816094636917, "aux_1.acc_seg": 81.50772094726562, "aux_2.loss_ce": 0.5925484836101532, "aux_2.acc_seg": 75.02572631835938, "aux_3.loss_ce": 0.5553486198186874, "aux_3.acc_seg": 77.24566650390625, "time": 0.6401631116867066, "iter": 200, "memory": 34381, "step": 200}
