{"lr": 0.0015943962641761188, "data_time": 0.01623861789703369, "loss": 3.825565004348755, "decode.loss_ce": 1.760594779253006, "decode.acc_seg": 87.5820541381836, "aux_0.loss_ce": 0.3621796414256096, "aux_0.acc_seg": 87.36705780029297, "aux_1.loss_seg": 0.5447322100400924, "aux_2.loss_ce": 0.5385519444942475, "aux_2.acc_seg": 75.2933349609375, "aux_3.loss_ce": 0.6195064008235931, "aux_3.acc_seg": 69.47389221191406, "time": 0.8493244647979736, "iter": 100, "memory": 4877, "step": 100}
{"aAcc": 69.23, "mIoU": 51.35, "mAcc": 66.58, "avg_val_loss": 6.3892641119789655, "data_time": 0.08741414546966553, "time": 0.13891276370647343, "step": 100}
{"lr": 0.002194796531020685, "data_time": 0.013550734519958496, "loss": 2.772678554058075, "decode.loss_ce": 1.3131412267684937, "decode.acc_seg": 96.13044738769531, "aux_0.loss_ce": 0.27062502652406695, "aux_0.acc_seg": 95.92778015136719, "aux_1.loss_seg": 0.4138366848230362, "aux_2.loss_ce": 0.3494700938463211, "aux_2.acc_seg": 84.35277557373047, "aux_3.loss_ce": 0.425605508685112, "aux_3.acc_seg": 79.5374984741211, "time": 0.5521114826202392, "iter": 200, "memory": 9040, "step": 200}
{"aAcc": 66.63, "mIoU": 43.72, "mAcc": 58.89, "avg_val_loss": 6.363273902202558, "data_time": 0.04115854460617591, "time": 0.09038659073840613, "step": 200}
{"lr": 0.0027951967978652476, "data_time": 0.4706078767776489, "loss": 2.585067117214203, "decode.loss_ce": 1.259141755104065, "decode.acc_seg": 88.91427612304688, "aux_0.loss_ce": 0.25363731384277344, "aux_0.acc_seg": 89.25611114501953, "aux_1.loss_seg": 0.34339883625507356, "aux_2.loss_ce": 0.3363067626953125, "aux_2.acc_seg": 90.99605560302734, "aux_3.loss_ce": 0.39258240163326263, "aux_3.acc_seg": 90.1320571899414, "time": 0.6311815261840821, "iter": 300, "memory": 925, "step": 300}
{"aAcc": 61.09, "mIoU": 46.12, "mAcc": 63.57, "avg_val_loss": 7.249468446678352, "data_time": 0.044828982188783846, "time": 0.0941037474007442, "step": 300}
{"lr": 0.0033955970647098093, "data_time": 0.4523799896240234, "loss": 2.5388705015182493, "decode.loss_ce": 1.2700181424617767, "decode.acc_seg": 87.25316619873047, "aux_0.loss_ce": 0.2407176226377487, "aux_0.acc_seg": 87.64588928222656, "aux_1.loss_seg": 0.3115020483732224, "aux_2.loss_ce": 0.3215834230184555, "aux_2.acc_seg": 84.23322296142578, "aux_3.loss_ce": 0.3950492709875107, "aux_3.acc_seg": 79.57633209228516, "time": 0.7779030084609986, "iter": 400, "memory": 925, "step": 400}
{"aAcc": 77.08, "mIoU": 60.45, "mAcc": 73.59, "avg_val_loss": 6.943807682665119, "data_time": 0.038154876095125044, "time": 0.08767973691567607, "step": 400}
{"lr": 0.003995997331554373, "data_time": 0.4900243282318115, "loss": 2.2100099086761475, "decode.loss_ce": 1.113980782032013, "decode.acc_seg": 93.13866424560547, "aux_0.loss_ce": 0.21629381626844407, "aux_0.acc_seg": 94.43694305419922, "aux_1.loss_seg": 0.26472757905721667, "aux_2.loss_ce": 0.27717787474393846, "aux_2.acc_seg": 93.66605377197266, "aux_3.loss_ce": 0.33782983273267747, "aux_3.acc_seg": 90.22872161865234, "time": 0.6359488487243652, "iter": 500, "memory": 925, "step": 500}
{"aAcc": 69.2, "mIoU": 52.94, "mAcc": 68.3, "avg_val_loss": 7.225185638003879, "data_time": 0.046703404393689384, "time": 0.0937178792624638, "step": 500}
{"lr": 0.0045963975983989375, "data_time": 0.36791746616363524, "loss": 2.2213854074478148, "decode.loss_ce": 1.0830122590065003, "decode.acc_seg": 93.35517120361328, "aux_0.loss_ce": 0.21291475147008895, "aux_0.acc_seg": 93.55355834960938, "aux_1.loss_seg": 0.2794354736804962, "aux_2.loss_ce": 0.2927409246563911, "aux_2.acc_seg": 91.76777648925781, "aux_3.loss_ce": 0.3532819986343384, "aux_3.acc_seg": 89.76861572265625, "time": 0.6200519323348999, "iter": 600, "memory": 925, "step": 600}
{"aAcc": 66.25, "mIoU": 50.55, "mAcc": 66.13, "avg_val_loss": 7.095326909748202, "data_time": 0.04994368553161621, "time": 0.09893443666655442, "step": 600}
