{"lr": 0.0015943962641761188, "data_time": 0.39120845794677733, "loss": 5.603150272369385, "decode.loss_seg": 1.4882467985153198, "aux_0.loss_seg": 1.2839998483657837, "aux_1.loss_seg": 1.0624749481678009, "aux_2.loss_seg": 0.9098182678222656, "aux_3.loss_seg": 0.8586105644702912, "time": 0.527935791015625, "iter": 100, "memory": 19250, "step": 100}
{"aAcc": 50.42, "mIoU": 30.8, "mAcc": 45.47, "avg_val_loss": 0.0, "data_time": 0.015277380167051803, "time": 0.08491041493970294, "step": 100}
{"lr": 0.002194796531020685, "data_time": 0.18782081604003906, "loss": 4.756909370422363, "decode.loss_seg": 1.2097582340240478, "aux_0.loss_seg": 1.0787728548049926, "aux_1.loss_seg": 0.9125245749950409, "aux_2.loss_seg": 0.8040258407592773, "aux_3.loss_seg": 0.7518279463052749, "time": 0.5785924434661865, "iter": 200, "memory": 17083, "step": 200}
{"aAcc": 77.98, "mIoU": 61.39, "mAcc": 74.66, "avg_val_loss": 0.0, "data_time": 0.010176620264162963, "time": 0.0693748243923845, "step": 200}
{"lr": 0.0027951967978652476, "data_time": 0.014029240608215332, "loss": 5.373557591438294, "decode.loss_seg": 1.4666102528572083, "aux_0.loss_seg": 1.139793998003006, "aux_1.loss_seg": 1.0157117605209351, "aux_2.loss_seg": 0.9106929779052735, "aux_3.loss_seg": 0.8407485246658325, "time": 0.49695210456848143, "iter": 300, "memory": 2389, "step": 300}
{"aAcc": 46.72, "mIoU": 27.1, "mAcc": 42.69, "avg_val_loss": 0.0, "data_time": 0.011316403575327205, "time": 0.06990724870528298, "step": 300}
{"lr": 0.0033955970647098093, "data_time": 0.20421695709228516, "loss": 4.631587839126587, "decode.loss_seg": 1.0960556864738464, "aux_0.loss_seg": 1.0741612434387207, "aux_1.loss_seg": 0.889093679189682, "aux_2.loss_seg": 0.8176837205886841, "aux_3.loss_seg": 0.7545935690402985, "time": 0.7634263753890991, "iter": 400, "memory": 2389, "step": 400}
{"aAcc": 78.02, "mIoU": 61.36, "mAcc": 74.48, "avg_val_loss": 0.0, "data_time": 0.011327239288680855, "time": 0.07011104452198949, "step": 400}
{"lr": 0.003995997331554373, "data_time": 0.19225239753723145, "loss": 4.4453829526901245, "decode.loss_seg": 0.9832902073860168, "aux_0.loss_seg": 1.064189624786377, "aux_1.loss_seg": 0.9052088141441346, "aux_2.loss_seg": 0.7803139805793762, "aux_3.loss_seg": 0.7123802572488784, "time": 0.4669946670532227, "iter": 500, "memory": 2389, "step": 500}
{"aAcc": 57.38, "mIoU": 41.39, "mAcc": 55.96, "avg_val_loss": 0.0, "data_time": 0.011658279375098217, "time": 0.07017080811248429, "step": 500}
{"lr": 0.0045963975983989375, "data_time": 0.44476933479309083, "loss": 4.714624977111816, "decode.loss_seg": 1.14871826171875, "aux_0.loss_seg": 1.042919397354126, "aux_1.loss_seg": 0.9237018883228302, "aux_2.loss_seg": 0.8362905085086823, "aux_3.loss_seg": 0.7629949271678924, "time": 0.5817283153533935, "iter": 600, "memory": 2389, "step": 600}
{"aAcc": 75.92, "mIoU": 59.37, "mAcc": 73.39, "avg_val_loss": 0.0, "data_time": 0.011751720275001964, "time": 0.07082159765835466, "step": 600}
{"lr": 0.005196797865243495, "data_time": 0.3836756467819214, "loss": 4.147008991241455, "decode.loss_seg": 0.8782356917858124, "aux_0.loss_seg": 1.0196717858314515, "aux_1.loss_seg": 0.8524794399738311, "aux_2.loss_seg": 0.7380958080291748, "aux_3.loss_seg": 0.6585263043642045, "time": 0.523544192314148, "iter": 700, "memory": 2389, "step": 700}
{"aAcc": 70.96, "mIoU": 53.6, "mAcc": 68.76, "avg_val_loss": 0.0, "data_time": 0.009939454067712543, "time": 0.06913583580104785, "step": 700}
{"lr": 0.005797198132088056, "data_time": 0.4625709056854248, "loss": 4.47658109664917, "decode.loss_seg": 0.8310116052627563, "aux_0.loss_seg": 1.1166493058204652, "aux_1.loss_seg": 0.95865797996521, "aux_2.loss_seg": 0.839371633529663, "aux_3.loss_seg": 0.7308906018733978, "time": 0.7788196325302124, "iter": 800, "memory": 2389, "step": 800}
{"aAcc": 69.99, "mIoU": 49.07, "mAcc": 64.72, "avg_val_loss": 0.0, "data_time": 0.01237538765216696, "time": 0.07149942990007072, "step": 800}
{"lr": 0.006397598398932616, "data_time": 0.018612599372863768, "loss": 4.020267462730407, "decode.loss_seg": 0.8817517340183259, "aux_0.loss_seg": 0.9865441977977752, "aux_1.loss_seg": 0.8185661792755127, "aux_2.loss_seg": 0.7016716361045837, "aux_3.loss_seg": 0.6317336857318878, "time": 0.5601095914840698, "iter": 900, "memory": 2389, "step": 900}
{"aAcc": 66.31, "mIoU": 44.97, "mAcc": 61.44, "avg_val_loss": 0.0, "data_time": 0.01733355686582368, "time": 0.0659691465312037, "step": 900}
{"lr": 0.0069979986657771765, "data_time": 0.008400344848632812, "loss": 4.20472285747528, "decode.loss_seg": 0.8931003153324127, "aux_0.loss_seg": 0.9951171875, "aux_1.loss_seg": 0.8716126203536987, "aux_2.loss_seg": 0.757070779800415, "aux_3.loss_seg": 0.6878219455480575, "time": 0.752423357963562, "iter": 1000, "memory": 2389, "step": 1000}
{"aAcc": 74.48, "mIoU": 57.39, "mAcc": 71.44, "avg_val_loss": 0.0, "data_time": 0.0068632487593026, "time": 0.05440128534689717, "step": 1000}
