{"lr": 0.005496825147513394, "data_time": 0.7132095575332642, "loss": 5.260599136352539, "decode.loss_ce": 0.8708102405071259, "decode.acc_seg": 75.6229476928711, "aux_0.loss_ce": 1.2735872864723206, "aux_0.acc_seg": 73.07505798339844, "aux_1.loss_ce": 1.1081144094467164, "aux_1.acc_seg": 74.00444793701172, "aux_2.loss_ce": 1.0168392598628997, "aux_2.acc_seg": 72.22283172607422, "aux_3.loss_ce": 0.9912478923797607, "aux_3.acc_seg": 69.88983154296875, "time": 0.9148305654525757, "iter": 756, "memory": 19198, "step": 756}
{"lr": 0.009106373674004149, "data_time": 0.008034658432006837, "loss": 2.6354198455810547, "decode.loss_ce": 0.3913473606109619, "decode.acc_seg": 84.80255889892578, "aux_0.loss_ce": 0.7203499615192414, "aux_0.acc_seg": 80.08272552490234, "aux_1.loss_ce": 0.5418594896793365, "aux_1.acc_seg": 82.00505828857422, "aux_2.loss_ce": 0.4933380663394928, "aux_2.acc_seg": 81.74922180175781, "aux_3.loss_ce": 0.4885249972343445, "aux_3.acc_seg": 80.70960998535156, "time": 1.0088368654251099, "iter": 10000, "memory": 2889, "step": 10000}
{"aAcc": 60.99, "mIoU": 24.1, "mAcc": 36.83, "avg_val_loss": 9.241770994375672, "data_time": 0.08950397580168969, "time": 0.1814856640128202, "step": 10000}
{"lr": 0.008200516139713258, "data_time": 0.008834147453308105, "loss": 2.4970474004745484, "decode.loss_ce": 0.37349248826503756, "decode.acc_seg": 87.76872253417969, "aux_0.loss_ce": 0.7243533968925476, "aux_0.acc_seg": 78.86944580078125, "aux_1.loss_ce": 0.5115081548690796, "aux_1.acc_seg": 85.2242202758789, "aux_2.loss_ce": 0.44570362865924834, "aux_2.acc_seg": 85.56610870361328, "aux_3.loss_ce": 0.44198972880840304, "aux_3.acc_seg": 84.90483093261719, "time": 0.919304633140564, "iter": 20000, "memory": 10746, "step": 20000}
{"aAcc": 65.73, "mIoU": 27.27, "mAcc": 38.88, "avg_val_loss": 8.601472135350022, "data_time": 0.08047208292730923, "time": 0.16425366237245756, "step": 20000}
{"lr": 0.007283232762750171, "data_time": 0.6501630783081055, "loss": 2.5432639002799986, "decode.loss_ce": 0.3510641992092133, "decode.acc_seg": 87.84527587890625, "aux_0.loss_ce": 0.7623070478439331, "aux_0.acc_seg": 77.5526123046875, "aux_1.loss_ce": 0.5085791975259781, "aux_1.acc_seg": 83.94366455078125, "aux_2.loss_ce": 0.4561810314655304, "aux_2.acc_seg": 84.55550384521484, "aux_3.loss_ce": 0.46513248085975645, "aux_3.acc_seg": 83.21427917480469, "time": 0.8530109882354736, "iter": 30000, "memory": 2889, "step": 30000}
{"aAcc": 63.17, "mIoU": 27.12, "mAcc": 39.37, "avg_val_loss": 8.487080909703907, "data_time": 0.09466472165337925, "time": 0.17790066510781474, "step": 30000}
{"lr": 0.006352703407289149, "data_time": 0.10289516448974609, "loss": 2.3437519788742067, "decode.loss_ce": 0.3344715103507042, "decode.acc_seg": 87.36116790771484, "aux_0.loss_ce": 0.6691655844449997, "aux_0.acc_seg": 81.07177734375, "aux_1.loss_ce": 0.4645725697278976, "aux_1.acc_seg": 85.07311248779297, "aux_2.loss_ce": 0.43298938274383547, "aux_2.acc_seg": 83.9727783203125, "aux_3.loss_ce": 0.4425529420375824, "aux_3.acc_seg": 82.47611236572266, "time": 0.8924431562423706, "iter": 40000, "memory": 2889, "step": 40000}
{"aAcc": 66.32, "mIoU": 28.98, "mAcc": 40.48, "avg_val_loss": 8.30884792448746, "data_time": 0.10306636492411296, "time": 0.18599887551932498, "step": 40000}
{"lr": 0.0054064577076796795, "data_time": 0.1705801248550415, "loss": 2.57425696849823, "decode.loss_ce": 0.3657847851514816, "decode.acc_seg": 87.46522521972656, "aux_0.loss_ce": 0.7455060541629791, "aux_0.acc_seg": 74.88016510009766, "aux_1.loss_ce": 0.5042857170104981, "aux_1.acc_seg": 83.85316467285156, "aux_2.loss_ce": 0.4737758547067642, "aux_2.acc_seg": 83.13044738769531, "aux_3.loss_ce": 0.4849045962095261, "aux_3.acc_seg": 81.6165542602539, "time": 0.8929650545120239, "iter": 50000, "memory": 2889, "step": 50000}
{"aAcc": 65.62, "mIoU": 29.42, "mAcc": 41.52, "avg_val_loss": 8.139377125008414, "data_time": 0.10292392763598211, "time": 0.18558221027768892, "step": 50000}
