{"lr": 0.0015943962641761188, "data_time": 0.5154518842697143, "loss": 2.8758992671966555, "decode.loss_seg": 0.5464370995759964, "aux_0.loss_seg": 0.6358685612678527, "aux_1.loss_seg": 0.5549524813890457, "aux_2.loss_seg": 0.6037090361118317, "aux_3.loss_seg": 0.5349320292472839, "time": 0.6483317613601685, "iter": 100, "memory": 19977, "step": 100}
{"aAcc": 51.62, "mIoU": 36.09, "mAcc": 54.14, "avg_val_loss": 0.0, "data_time": 0.011616069217060888, "time": 0.09224032246789267, "step": 100}
{"lr": 0.002194796531020685, "data_time": 0.3456818342208862, "loss": 2.4557921409606935, "decode.loss_seg": 0.500208267569542, "aux_0.loss_seg": 0.45821798741817477, "aux_1.loss_seg": 0.4145620048046112, "aux_2.loss_seg": 0.5528767853975296, "aux_3.loss_seg": 0.529927009344101, "time": 0.48148398399353026, "iter": 200, "memory": 34271, "step": 200}
{"aAcc": 58.7, "mIoU": 43.43, "mAcc": 61.98, "avg_val_loss": 0.0, "data_time": 0.011017429417577284, "time": 0.06547901000099621, "step": 200}
{"lr": 0.0027951967978652476, "data_time": 0.38245434761047364, "loss": 2.3143839836120605, "decode.loss_seg": 0.4516956627368927, "aux_0.loss_seg": 0.44522435069084165, "aux_1.loss_seg": 0.3960314720869064, "aux_2.loss_seg": 0.5338616013526917, "aux_3.loss_seg": 0.48757089376449586, "time": 0.5589585781097413, "iter": 300, "memory": 3132, "step": 300}
{"aAcc": 60.07, "mIoU": 44.95, "mAcc": 62.96, "avg_val_loss": 0.0, "data_time": 0.011272825043776939, "time": 0.06582637216852999, "step": 300}
