{"lr": 0.0050220502205022026, "data_time": 0.06190323829650879, "loss": 9.981882762908935, "decode.loss_ce": 1.8261319518089294, "decode.acc_seg": 42.573333740234375, "aux_0.loss_ce": 2.285361278057098, "aux_0.acc_seg": 30.484445571899414, "aux_1.loss_ce": 2.0760254979133608, "aux_1.acc_seg": 38.209556579589844, "aux_2.loss_ce": 1.8669989109039307, "aux_2.acc_seg": 29.955554962158203, "aux_3.loss_ce": 1.9273653864860534, "aux_3.acc_seg": 31.82111167907715, "time": 0.14129467010498048, "iter": 50, "memory": 17408, "step": 50}
