{"lr": 0.0015930867963809803, "data_time": 0.17754659652709961, "loss": 4.960354900360107, "decode.loss_ce": 0.7351742327213288, "decode.acc_seg": 60.935054779052734, "aux_0.loss_ce": 1.610462772846222, "aux_0.acc_seg": 35.27705764770508, "aux_1.loss_ce": 1.1088784039020538, "aux_1.acc_seg": 58.85750198364258, "aux_2.loss_ce": 0.7946133971214294, "aux_2.acc_seg": 57.05183410644531, "aux_3.loss_ce": 0.7112259566783905, "aux_3.acc_seg": 63.9622802734375, "time": 0.42076013088226316, "iter": 100, "memory": 19198, "step": 100}
{"aAcc": 64.62, "mIoU": 37.76, "mAcc": 50.0, "avg_val_loss": 5.863938911406694, "data_time": 0.005680285559760199, "time": 0.1013539367251926, "step": 100}
{"lr": 0.002191123271301943, "data_time": 0.20565445423126222, "loss": 3.6734923124313354, "decode.loss_ce": 0.6012916922569275, "decode.acc_seg": 64.65977478027344, "aux_0.loss_ce": 1.0332962334156037, "aux_0.acc_seg": 51.7684440612793, "aux_1.loss_ce": 0.7892291605472564, "aux_1.acc_seg": 66.42566680908203, "aux_2.loss_ce": 0.6581305742263794, "aux_2.acc_seg": 65.73110961914062, "aux_3.loss_ce": 0.591544571518898, "aux_3.acc_seg": 66.4927749633789, "time": 0.42818639278411863, "iter": 200, "memory": 2889, "step": 200}
{"aAcc": 76.63, "mIoU": 46.77, "mAcc": 57.24, "avg_val_loss": 6.498936048504773, "data_time": 0.005102144905310248, "time": 0.10113966755750703, "step": 200}
{"lr": 0.0027881034698292294, "data_time": 0.13188905715942384, "loss": 3.5101789236068726, "decode.loss_ce": 0.6196515142917634, "decode.acc_seg": 70.06005859375, "aux_0.loss_ce": 0.9246257960796356, "aux_0.acc_seg": 49.41661071777344, "aux_1.loss_ce": 0.7458475172519684, "aux_1.acc_seg": 61.766666412353516, "aux_2.loss_ce": 0.6260783255100251, "aux_2.acc_seg": 71.07228088378906, "aux_3.loss_ce": 0.5939757496118545, "aux_3.acc_seg": 71.06950378417969, "time": 0.5121856927871704, "iter": 300, "memory": 2889, "step": 300}
{"aAcc": 56.51, "mIoU": 28.64, "mAcc": 43.51, "avg_val_loss": 6.16287596443648, "data_time": 0.005043500278582858, "time": 0.10043933227691312, "step": 300}
{"lr": 0.0033840217450599877, "data_time": 0.29453842639923095, "loss": 3.39134259223938, "decode.loss_ce": 0.610024493932724, "decode.acc_seg": 79.22850036621094, "aux_0.loss_ce": 0.88230801820755, "aux_0.acc_seg": 60.23411178588867, "aux_1.loss_ce": 0.707145357131958, "aux_1.acc_seg": 75.1983871459961, "aux_2.loss_ce": 0.603762474656105, "aux_2.acc_seg": 82.04205322265625, "aux_3.loss_ce": 0.5881022334098815, "aux_3.acc_seg": 81.9365005493164, "time": 0.5227319002151489, "iter": 400, "memory": 2889, "step": 400}
{"aAcc": 60.04, "mIoU": 31.52, "mAcc": 45.75, "avg_val_loss": 5.486280488896622, "data_time": 0.004952701919623331, "time": 0.0999316117187297, "step": 400}
{"lr": 0.003978874422200742, "data_time": 0.2451953887939453, "loss": 3.376732420921326, "decode.loss_ce": 0.5880349338054657, "decode.acc_seg": 75.92194366455078, "aux_0.loss_ce": 0.8746213555335999, "aux_0.acc_seg": 49.63077926635742, "aux_1.loss_ce": 0.7101917266845703, "aux_1.acc_seg": 66.73616790771484, "aux_2.loss_ce": 0.6217585265636444, "aux_2.acc_seg": 74.76461029052734, "aux_3.loss_ce": 0.5821258336305618, "aux_3.acc_seg": 77.99305725097656, "time": 0.46785173416137693, "iter": 500, "memory": 2889, "step": 500}
{"aAcc": 75.86, "mIoU": 45.84, "mAcc": 56.49, "avg_val_loss": 6.17959468583509, "data_time": 0.0048322894356467505, "time": 0.09979611225508797, "step": 500}
{"lr": 0.004572658891684879, "data_time": 0.1450519561767578, "loss": 3.317428398132324, "decode.loss_ce": 0.5725274026393891, "decode.acc_seg": 71.57099914550781, "aux_0.loss_ce": 0.8398517608642578, "aux_0.acc_seg": 51.73283386230469, "aux_1.loss_ce": 0.703685188293457, "aux_1.acc_seg": 59.676387786865234, "aux_2.loss_ce": 0.6136315762996674, "aux_2.acc_seg": 67.79572296142578, "aux_3.loss_ce": 0.5877325356006622, "aux_3.acc_seg": 73.13533782958984, "time": 0.4825360059738159, "iter": 600, "memory": 2889, "step": 600}
{"aAcc": 67.52, "mIoU": 36.55, "mAcc": 50.73, "avg_val_loss": 6.633324253070694, "data_time": 0.00515395046073423, "time": 0.10020100251005389, "step": 600}
