{"lr": 0.0015930867963809803, "data_time": 0.009041476249694824, "loss": 5.642391204833984, "decode.loss_ce": 0.8546645760536193, "decode.acc_seg": 59.03289031982422, "aux_0.loss_ce": 1.7309025168418883, "aux_0.acc_seg": 61.233055114746094, "aux_1.loss_ce": 1.2451510310173035, "aux_1.acc_seg": 59.58244323730469, "aux_2.loss_ce": 0.9592813074588775, "aux_2.acc_seg": 60.47261047363281, "aux_3.loss_ce": 0.8523918807506561, "aux_3.acc_seg": 57.33761215209961, "time": 0.6353504896163941, "iter": 100, "memory": 19651, "step": 100}
{"aAcc": 63.68, "mIoU": 39.09, "mAcc": 54.85, "avg_val_loss": 5.991198665391632, "data_time": 0.015795228093169456, "time": 0.14569718338722407, "step": 100}
{"lr": 0.002191123271301943, "data_time": 0.009826898574829102, "loss": 4.332794332504273, "decode.loss_ce": 0.7061624467372895, "decode.acc_seg": 62.4450569152832, "aux_0.loss_ce": 1.1955180525779725, "aux_0.acc_seg": 56.82088851928711, "aux_1.loss_ce": 0.9430907428264618, "aux_1.acc_seg": 57.314334869384766, "aux_2.loss_ce": 0.7754011154174805, "aux_2.acc_seg": 60.2672233581543, "aux_3.loss_ce": 0.7126219809055329, "aux_3.acc_seg": 61.588722229003906, "time": 0.6397735357284546, "iter": 200, "memory": 34221, "step": 200}
{"aAcc": 64.97, "mIoU": 40.06, "mAcc": 55.23, "avg_val_loss": 5.533160054718541, "data_time": 0.008842882068677881, "time": 0.1029169066198941, "step": 200}
{"lr": 0.0027881034698292294, "data_time": 0.05365965366363525, "loss": 3.8792608261108397, "decode.loss_ce": 0.6365578770637512, "decode.acc_seg": 68.83316802978516, "aux_0.loss_ce": 1.0250154852867126, "aux_0.acc_seg": 62.24711227416992, "aux_1.loss_ce": 0.8213113486766815, "aux_1.acc_seg": 64.95733642578125, "aux_2.loss_ce": 0.7322090268135071, "aux_2.acc_seg": 67.94650268554688, "aux_3.loss_ce": 0.6641669750213623, "aux_3.acc_seg": 67.41072082519531, "time": 0.670294189453125, "iter": 300, "memory": 3353, "step": 300}
{"aAcc": 52.81, "mIoU": 31.47, "mAcc": 47.14, "avg_val_loss": 5.524710120978178, "data_time": 0.008253155083491885, "time": 0.10392382501185625, "step": 300}
