{"lr": 0.0015943962641761188, "data_time": 0.23923635482788086, "loss": 2.7754710912704468, "decode.loss_seg": 1.5511046051979065, "aux_0.loss_seg": 0.14296209290623665, "aux_1.loss_seg": 0.20600599199533462, "aux_2.loss_seg": 0.24431468844413756, "aux_3.loss_seg": 0.6310836851596833, "time": 0.6828804969787597, "iter": 100, "memory": 23317, "step": 100}
{"aAcc": 40.58, "mIoU": 22.47, "mAcc": 42.53, "avg_val_loss": 0.0, "data_time": 0.011758355207221453, "time": 0.14741128821705662, "step": 100}
{"lr": 0.002194796531020685, "data_time": 0.22757983207702637, "loss": 2.504587459564209, "decode.loss_seg": 1.3745028614997863, "aux_0.loss_seg": 0.1421803779900074, "aux_1.loss_seg": 0.19584598690271376, "aux_2.loss_seg": 0.24003165066242219, "aux_3.loss_seg": 0.5520266056060791, "time": 0.6696676254272461, "iter": 200, "memory": 23315, "step": 200}
{"aAcc": 63.89, "mIoU": 46.3, "mAcc": 63.7, "avg_val_loss": 0.0, "data_time": 0.007213713108808145, "time": 0.13491857462915882, "step": 200}
{"lr": 0.0027951967978652476, "data_time": 0.010963368415832519, "loss": 1.9455739498138427, "decode.loss_seg": 1.034013819694519, "aux_0.loss_seg": 0.1231186680495739, "aux_1.loss_seg": 0.15781008116900921, "aux_2.loss_seg": 0.19317308515310289, "aux_3.loss_seg": 0.43745831549167635, "time": 0.6715142250061035, "iter": 300, "memory": 23315, "step": 300}
{"aAcc": 68.13, "mIoU": 48.49, "mAcc": 62.66, "avg_val_loss": 0.0, "data_time": 0.007424798505059604, "time": 0.1351768559422986, "step": 300}
{"lr": 0.0033955970647098093, "data_time": 0.11841697692871093, "loss": 1.820545482635498, "decode.loss_seg": 1.0195311248302459, "aux_0.loss_seg": 0.08898027688264847, "aux_1.loss_seg": 0.13112545907497405, "aux_2.loss_seg": 0.13903675228357315, "aux_3.loss_seg": 0.4418718576431274, "time": 0.6217588663101197, "iter": 400, "memory": 23315, "step": 400}
{"aAcc": 69.48, "mIoU": 51.37, "mAcc": 67.19, "avg_val_loss": 0.0, "data_time": 0.0073315658788571415, "time": 0.13498718711151475, "step": 400}
{"lr": 0.003995997331554373, "data_time": 0.18904626369476318, "loss": 1.6764336109161377, "decode.loss_seg": 0.8954061150550843, "aux_0.loss_seg": 0.09310748130083084, "aux_1.loss_seg": 0.16050322279334067, "aux_2.loss_seg": 0.16217663735151291, "aux_3.loss_seg": 0.36524014472961425, "time": 0.6338298797607422, "iter": 500, "memory": 23315, "step": 500}
{"aAcc": 65.88, "mIoU": 47.61, "mAcc": 64.17, "avg_val_loss": 0.0, "data_time": 0.0064808692055187, "time": 0.1342814160489488, "step": 500}
{"lr": 0.0045963975983989375, "data_time": 0.00987708568572998, "loss": 1.2985378861427308, "decode.loss_seg": 0.7253425300121308, "aux_0.loss_seg": 0.0670142874121666, "aux_1.loss_seg": 0.09971753172576428, "aux_2.loss_seg": 0.10972831957042217, "aux_3.loss_seg": 0.29673519879579546, "time": 0.6822361946105957, "iter": 600, "memory": 23315, "step": 600}
{"aAcc": 54.64, "mIoU": 38.75, "mAcc": 53.23, "avg_val_loss": 0.0, "data_time": 0.007442123588474317, "time": 0.1350361149886559, "step": 600}
{"lr": 0.005196797865243495, "data_time": 0.03074479103088379, "loss": 1.4804410696029664, "decode.loss_seg": 0.8450273215770722, "aux_0.loss_seg": 0.060826361365616324, "aux_1.loss_seg": 0.11094153560698032, "aux_2.loss_seg": 0.10752601847052574, "aux_3.loss_seg": 0.3561198741197586, "time": 0.6616746187210083, "iter": 700, "memory": 23315, "step": 700}
{"aAcc": 54.31, "mIoU": 33.73, "mAcc": 52.62, "avg_val_loss": 0.0, "data_time": 0.007595448658384126, "time": 0.13521282152197828, "step": 700}
{"lr": 0.005797198132088056, "data_time": 0.047371935844421384, "loss": 1.2149615585803986, "decode.loss_seg": 0.6616572380065918, "aux_0.loss_seg": 0.07137754894793033, "aux_1.loss_seg": 0.10691836029291153, "aux_2.loss_seg": 0.10676268413662911, "aux_3.loss_seg": 0.26824573129415513, "time": 0.6996059894561768, "iter": 800, "memory": 23315, "step": 800}
{"aAcc": 75.29, "mIoU": 56.67, "mAcc": 70.54, "avg_val_loss": 0.0, "data_time": 0.007162551770265075, "time": 0.1347296840843113, "step": 800}
{"lr": 0.006397598398932616, "data_time": 0.22922887802124023, "loss": 1.2723175048828126, "decode.loss_seg": 0.742707496881485, "aux_0.loss_seg": 0.056045145727694035, "aux_1.loss_seg": 0.08517344444990158, "aux_2.loss_seg": 0.09254466444253921, "aux_3.loss_seg": 0.2958467468619347, "time": 0.6730093002319336, "iter": 900, "memory": 23315, "step": 900}
{"aAcc": 74.12, "mIoU": 56.55, "mAcc": 71.19, "avg_val_loss": 0.0, "data_time": 0.00709445449127548, "time": 0.1355473337502315, "step": 900}
{"lr": 0.0069979986657771765, "data_time": 0.14828028678894042, "loss": 0.9811040759086609, "decode.loss_seg": 0.541875210404396, "aux_0.loss_seg": 0.059540218021720645, "aux_1.loss_seg": 0.08151967376470566, "aux_2.loss_seg": 0.07835240624845027, "aux_3.loss_seg": 0.21981657296419144, "time": 0.5924479484558105, "iter": 1000, "memory": 23315, "step": 1000}
{"aAcc": 69.49, "mIoU": 51.56, "mAcc": 67.34, "avg_val_loss": 0.0, "data_time": 0.005963081601022303, "time": 0.13395038966474862, "step": 1000}
{"lr": 0.0075983989326217465, "data_time": 0.2057955026626587, "loss": 1.4946666002273559, "decode.loss_seg": 0.8374832749366761, "aux_0.loss_seg": 0.1185735359787941, "aux_1.loss_seg": 0.11007056497037411, "aux_2.loss_seg": 0.11852489206939935, "aux_3.loss_seg": 0.3100143611431122, "time": 0.651025938987732, "iter": 1100, "memory": 23315, "step": 1100}
{"aAcc": 57.46, "mIoU": 40.3, "mAcc": 58.05, "avg_val_loss": 0.0, "data_time": 0.0070595878294144555, "time": 0.13555581542267198, "step": 1100}
{"lr": 0.008198799199466306, "data_time": 0.23416540622711182, "loss": 1.139330303668976, "decode.loss_seg": 0.631130039691925, "aux_0.loss_seg": 0.05962599255144596, "aux_1.loss_seg": 0.0905393522232771, "aux_2.loss_seg": 0.09115059673786163, "aux_3.loss_seg": 0.2668843284249306, "time": 0.6789271593093872, "iter": 1200, "memory": 23315, "step": 1200}
{"aAcc": 65.79, "mIoU": 47.85, "mAcc": 62.41, "avg_val_loss": 0.0, "data_time": 0.007068762834044708, "time": 0.1347154365188774, "step": 1200}
