{"lr": 0.0015943962641761188, "data_time": 0.384431791305542, "loss": 2.163489854335785, "decode.loss_ce": 0.46448164284229276, "decode.acc_seg": 61.14339065551758, "aux_0.loss_ce": 0.5044140696525574, "aux_0.acc_seg": 67.11605834960938, "aux_1.loss_ce": 0.41505493223667145, "aux_1.acc_seg": 67.01777648925781, "aux_2.loss_ce": 0.38761967718601226, "aux_2.acc_seg": 67.94489288330078, "aux_3.loss_ce": 0.39191955924034116, "aux_3.acc_seg": 65.97200012207031, "time": 0.6576472520828247, "iter": 100, "memory": 19630, "step": 100}
