{"lr": 0.0015930867963809803, "data_time": 0.3653088092803955, "loss": 4.850574207305908, "decode.loss_ce": 0.6860961675643921, "decode.acc_seg": 74.64466857910156, "aux_0.loss_ce": 1.7171542644500732, "aux_0.acc_seg": 63.53811264038086, "aux_1.loss_ce": 1.0453637540340424, "aux_1.acc_seg": 68.98966979980469, "aux_2.loss_ce": 0.7408466696739197, "aux_2.acc_seg": 74.21722412109375, "aux_3.loss_ce": 0.6611133396625519, "aux_3.acc_seg": 74.83883666992188, "time": 0.5849392890930176, "iter": 100, "memory": 19653, "step": 100}
