{"lr": 0.0015943962641761188, "data_time": 0.18984744548797608, "loss": 4.20982928276062, "decode.loss_ce": 0.6523122191429138, "decode.acc_seg": 75.65116882324219, "aux_0.loss_ce": 1.6193888187408447, "aux_0.acc_seg": 72.05388641357422, "aux_1.loss_ce": 0.8337217390537262, "aux_1.acc_seg": 77.41627502441406, "aux_2.loss_ce": 0.5683179795742035, "aux_2.acc_seg": 79.5179443359375, "aux_3.loss_ce": 0.5360886096954346, "aux_3.acc_seg": 78.0195541381836, "time": 0.6251811265945435, "iter": 100, "memory": 19653, "step": 100}
{"aAcc": 61.74, "mIoU": 41.45, "mAcc": 57.48, "avg_val_loss": 4.557446774618144, "data_time": 0.01342039052830186, "time": 0.14261255707851675, "step": 100}
{"lr": 0.002194796531020685, "data_time": 0.3526399850845337, "loss": 2.7851105690002442, "decode.loss_ce": 0.5350800663232803, "decode.acc_seg": 81.57933044433594, "aux_0.loss_ce": 0.8041947782039642, "aux_0.acc_seg": 78.12411499023438, "aux_1.loss_ce": 0.5364944279193878, "aux_1.acc_seg": 82.02889251708984, "aux_2.loss_ce": 0.4522632837295532, "aux_2.acc_seg": 81.72650146484375, "aux_3.loss_ce": 0.45707798600196836, "aux_3.acc_seg": 78.63733673095703, "time": 0.5691604137420654, "iter": 200, "memory": 34222, "step": 200}
{"aAcc": 70.12, "mIoU": 53.19, "mAcc": 67.48, "avg_val_loss": 4.116275732966455, "data_time": 0.0068353620068780305, "time": 0.098716017843663, "step": 200}
{"lr": 0.0027951967978652476, "data_time": 0.009309840202331544, "loss": 2.2188427567481996, "decode.loss_ce": 0.42953461706638335, "decode.acc_seg": 84.80594635009766, "aux_0.loss_ce": 0.5867719650268555, "aux_0.acc_seg": 81.4521713256836, "aux_1.loss_ce": 0.4457646429538727, "aux_1.acc_seg": 87.41877746582031, "aux_2.loss_ce": 0.3828854411840439, "aux_2.acc_seg": 87.88356018066406, "aux_3.loss_ce": 0.37388612926006315, "aux_3.acc_seg": 87.4012222290039, "time": 0.6800331115722656, "iter": 300, "memory": 3357, "step": 300}
{"aAcc": 79.86, "mIoU": 62.72, "mAcc": 74.84, "avg_val_loss": 3.81546031219656, "data_time": 0.007763840686315778, "time": 0.10146333157331094, "step": 300}
{"lr": 0.0033955970647098093, "data_time": 0.14342994689941407, "loss": 2.248679351806641, "decode.loss_ce": 0.4344802588224411, "decode.acc_seg": 77.07611083984375, "aux_0.loss_ce": 0.560729393362999, "aux_0.acc_seg": 76.26760864257812, "aux_1.loss_ce": 0.4547737181186676, "aux_1.acc_seg": 79.16139221191406, "aux_2.loss_ce": 0.4052918016910553, "aux_2.acc_seg": 80.1800537109375, "aux_3.loss_ce": 0.3934041768312454, "aux_3.acc_seg": 80.17244720458984, "time": 0.5072387218475342, "iter": 400, "memory": 3357, "step": 400}
{"aAcc": 67.99, "mIoU": 52.03, "mAcc": 67.58, "avg_val_loss": 3.736330862255081, "data_time": 0.0068388725149220436, "time": 0.10105922578395098, "step": 400}
{"lr": 0.003995997331554373, "data_time": 0.12019915580749511, "loss": 2.0556276559829714, "decode.loss_ce": 0.41185143291950227, "decode.acc_seg": 85.06122589111328, "aux_0.loss_ce": 0.48913405537605287, "aux_0.acc_seg": 86.15594482421875, "aux_1.loss_ce": 0.4052501738071442, "aux_1.acc_seg": 88.41799926757812, "aux_2.loss_ce": 0.37564614713191985, "aux_2.acc_seg": 87.31138610839844, "aux_3.loss_ce": 0.37374584674835204, "aux_3.acc_seg": 87.46722412109375, "time": 0.6130764961242676, "iter": 500, "memory": 3357, "step": 500}
{"aAcc": 76.05, "mIoU": 56.74, "mAcc": 69.87, "avg_val_loss": 3.6395502720180657, "data_time": 0.007496206239722241, "time": 0.10130084246054463, "step": 500}
{"lr": 0.0045963975983989375, "data_time": 0.2459036111831665, "loss": 2.011518669128418, "decode.loss_ce": 0.39516228437423706, "decode.acc_seg": 82.3816146850586, "aux_0.loss_ce": 0.4931029140949249, "aux_0.acc_seg": 78.43705749511719, "aux_1.loss_ce": 0.38877191245555875, "aux_1.acc_seg": 83.37144470214844, "aux_2.loss_ce": 0.36618014276027677, "aux_2.acc_seg": 84.56539154052734, "aux_3.loss_ce": 0.36830138564109804, "aux_3.acc_seg": 84.87127685546875, "time": 0.6286591529846192, "iter": 600, "memory": 3357, "step": 600}
{"aAcc": 81.52, "mIoU": 64.74, "mAcc": 76.14, "avg_val_loss": 3.555817003403636, "data_time": 0.007144481286235239, "time": 0.09982350776935446, "step": 600}
{"lr": 0.005196797865243495, "data_time": 0.10504641532897949, "loss": 1.7628817081451416, "decode.loss_ce": 0.3354698807001114, "decode.acc_seg": 86.46705627441406, "aux_0.loss_ce": 0.42650453448295594, "aux_0.acc_seg": 82.89138793945312, "aux_1.loss_ce": 0.35352716147899627, "aux_1.acc_seg": 86.82422637939453, "aux_2.loss_ce": 0.32538034915924074, "aux_2.acc_seg": 87.77989196777344, "aux_3.loss_ce": 0.3219997942447662, "aux_3.acc_seg": 87.31644439697266, "time": 0.5418251991271973, "iter": 700, "memory": 3357, "step": 700}
{"aAcc": 81.19, "mIoU": 64.96, "mAcc": 76.73, "avg_val_loss": 3.4714609684956352, "data_time": 0.008069290511909572, "time": 0.10148181038341303, "step": 700}
{"lr": 0.005797198132088056, "data_time": 0.009883975982666016, "loss": 1.7512863278388977, "decode.loss_ce": 0.3306109130382538, "decode.acc_seg": 87.26866912841797, "aux_0.loss_ce": 0.4397458702325821, "aux_0.acc_seg": 82.84049987792969, "aux_1.loss_ce": 0.3512688934803009, "aux_1.acc_seg": 85.12733459472656, "aux_2.loss_ce": 0.31805476993322374, "aux_2.acc_seg": 86.66533660888672, "aux_3.loss_ce": 0.31160585433244703, "aux_3.acc_seg": 88.52288818359375, "time": 0.6339622497558594, "iter": 800, "memory": 3357, "step": 800}
{"aAcc": 80.96, "mIoU": 64.77, "mAcc": 76.57, "avg_val_loss": 3.448361070344649, "data_time": 0.007171428066560592, "time": 0.10011060758568775, "step": 800}
{"lr": 0.006397598398932616, "data_time": 0.07487671375274658, "loss": 1.6997546792030334, "decode.loss_ce": 0.317566505074501, "decode.acc_seg": 90.51177978515625, "aux_0.loss_ce": 0.4258459657430649, "aux_0.acc_seg": 88.38622283935547, "aux_1.loss_ce": 0.3310758650302887, "aux_1.acc_seg": 90.32810974121094, "aux_2.loss_ce": 0.3114471584558487, "aux_2.acc_seg": 90.74417114257812, "aux_3.loss_ce": 0.3138192147016525, "aux_3.acc_seg": 90.14060974121094, "time": 0.5397662878036499, "iter": 900, "memory": 3357, "step": 900}
{"aAcc": 81.75, "mIoU": 65.21, "mAcc": 76.53, "avg_val_loss": 3.488517540353916, "data_time": 0.007970179634532708, "time": 0.1009085096161941, "step": 900}
{"lr": 0.0069979986657771765, "data_time": 0.009823346138000488, "loss": 1.8082829594612122, "decode.loss_ce": 0.3346400886774063, "decode.acc_seg": 88.26777648925781, "aux_0.loss_ce": 0.46202497482299804, "aux_0.acc_seg": 83.6346664428711, "aux_1.loss_ce": 0.3626604020595551, "aux_1.acc_seg": 86.10466766357422, "aux_2.loss_ce": 0.329104408621788, "aux_2.acc_seg": 87.78128051757812, "aux_3.loss_ce": 0.3198530554771423, "aux_3.acc_seg": 88.7935562133789, "time": 0.7615552186965943, "iter": 1000, "memory": 3357, "step": 1000}
{"aAcc": 81.08, "mIoU": 63.95, "mAcc": 75.44, "avg_val_loss": 3.452180706117063, "data_time": 0.007062744820254973, "time": 0.10100077486586297, "step": 1000}
{"lr": 0.0075983989326217465, "data_time": 0.010151290893554687, "loss": 1.645542049407959, "decode.loss_ce": 0.3112076297402382, "decode.acc_seg": 89.80977630615234, "aux_0.loss_ce": 0.40963371098041534, "aux_0.acc_seg": 86.75505828857422, "aux_1.loss_ce": 0.32534261494874955, "aux_1.acc_seg": 89.68260955810547, "aux_2.loss_ce": 0.29908725172281264, "aux_2.acc_seg": 90.86338806152344, "aux_3.loss_ce": 0.300270776450634, "aux_3.acc_seg": 90.01721954345703, "time": 0.7026259422302246, "iter": 1100, "memory": 3357, "step": 1100}
{"aAcc": 71.63, "mIoU": 54.44, "mAcc": 68.57, "avg_val_loss": 3.5329999525230704, "data_time": 0.00694985773371554, "time": 0.1002949873606364, "step": 1100}
{"lr": 0.008198799199466306, "data_time": 0.011879730224609374, "loss": 1.7082713842391968, "decode.loss_ce": 0.32488522231578826, "decode.acc_seg": 90.5002212524414, "aux_0.loss_ce": 0.40420074462890626, "aux_0.acc_seg": 85.78338623046875, "aux_1.loss_ce": 0.33696658313274386, "aux_1.acc_seg": 88.46871948242188, "aux_2.loss_ce": 0.3198894366621971, "aux_2.acc_seg": 89.8566665649414, "aux_3.loss_ce": 0.32232945561409,