{"lr": 0.0050220502205022026, "data_time": 0.0056045293807983395, "loss": 9.68338394165039, "decode.loss_ce": 1.7055204868316651, "decode.acc_seg": 51.88888931274414, "aux_0.loss_ce": 2.273156833648682, "aux_0.acc_seg": 53.37755584716797, "aux_1.loss_ce": 2.06186785697937, "aux_1.acc_seg": 52.0073356628418, "aux_2.loss_ce": 1.7808079481124879, "aux_2.acc_seg": 43.06355667114258, "aux_3.loss_ce": 1.8620307683944701, "aux_3.acc_seg": 32.42089080810547, "time": 0.15211575031280516, "iter": 50, "memory": 17408, "step": 50}
