{"lr": 0.005201541801877408, "data_time": 0.08497817516326904, "loss": 7.207043313980103, "decode.loss_ce": 0.9765590012073517, "decode.acc_seg": 74.74510955810547, "aux_0.loss_ce": 1.6488929390907288, "aux_0.acc_seg": 48.59400177001953, "aux_1.loss_ce": 1.5390416979789734, "aux_1.acc_seg": 49.19111251831055, "aux_2.loss_ce": 1.4656498312950135, "aux_2.acc_seg": 43.552001953125, "aux_3.loss_ce": 1.5768998980522155, "aux_3.acc_seg": 36.895111083984375, "time": 0.1537917137145996, "iter": 500, "memory": 17409, "step": 500}
{"data_time": 0.011406456551900724, "time": 0.08998476237785526, "step": 500}
{"lr": 0.005401471167152687, "data_time": 0.004055690765380859, "loss": 6.70711498260498, "decode.loss_ce": 0.8844843804836273, "decode.acc_seg": 54.06711196899414, "aux_0.loss_ce": 1.604627001285553, "aux_0.acc_seg": 26.73488998413086, "aux_1.loss_ce": 1.48375346660614, "aux_1.acc_seg": 26.738666534423828, "aux_2.loss_ce": 1.360323691368103, "aux_2.acc_seg": 31.59577751159668, "aux_3.loss_ce": 1.3739265143871306, "aux_3.acc_seg": 30.974000930786133, "time": 0.16143536567687988, "iter": 1000, "memory": 33494, "step": 1000}
{"data_time": 0.01591049467475669, "time": 0.08692567209595616, "step": 1000}
{"lr": 0.005599379706405267, "data_time": 0.1265038013458252, "loss": 6.651135969161987, "decode.loss_ce": 0.7728673964738846, "decode.acc_seg": 83.9824447631836, "aux_0.loss_ce": 1.5945775985717774, "aux_0.acc_seg": 64.41488647460938, "aux_1.loss_ce": 1.4671498775482177, "aux_1.acc_seg": 65.52488708496094, "aux_2.loss_ce": 1.3686532378196716, "aux_2.acc_seg": 66.33777618408203, "aux_3.loss_ce": 1.4478878855705262, "aux_3.acc_seg": 61.86422348022461, "time": 0.19928195476531982, "iter": 1500, "memory": 899, "step": 1500}
{"data_time": 0.008925214554499654, "time": 0.07942348545037427, "step": 1500}
{"lr": 0.0057952649886820196, "data_time": 0.026499557495117187, "loss": 6.316361570358277, "decode.loss_ce": 0.7993325769901276, "decode.acc_seg": 81.15022277832031, "aux_0.loss_ce": 1.5254517078399659, "aux_0.acc_seg": 59.279109954833984, "aux_1.loss_ce": 1.375779891014099, "aux_1.acc_seg": 65.7735595703125, "aux_2.loss_ce": 1.3009217917919158, "aux_2.acc_seg": 66.57577514648438, "aux_3.loss_ce": 1.3148756742477417, "aux_3.acc_seg": 63.920223236083984, "time": 0.13720347881317138, "iter": 2000, "memory": 899, "step": 2000}
{"data_time": 0.009588669804693426, "time": 0.08148008179896087, "step": 2000}
