{"lr": 0.0015943962641761188, "data_time": 0.051757431030273436, "loss": 3.799991512298584, "decode.loss_ce": 2.2430634260177613, "decode.acc_seg": 79.6773910522461, "aux_0.loss_ce": 0.4776221752166748, "aux_0.acc_seg": 76.80327606201172, "aux_1.loss_ce": 0.6340289235115051, "aux_1.acc_seg": 68.30577850341797, "aux_2.loss_ce": 0.4452769637107849, "aux_2.acc_seg": 80.55789184570312, "time": 0.5008574008941651, "iter": 100, "memory": 35279, "step": 100}
{"aAcc": 48.04, "mIoU": 31.74, "mAcc": 51.12, "avg_val_loss": 13.571383512333819, "data_time": 0.013017854025197584, "time": 0.07445140494856724, "step": 100}
{"lr": 0.002194796531020685, "data_time": 0.21284658908843995, "loss": 3.3677757501602175, "decode.loss_ce": 1.9918681979179382, "decode.acc_seg": 73.6983871459961, "aux_0.loss_ce": 0.37337544858455657, "aux_0.acc_seg": 80.8685531616211, "aux_1.loss_ce": 0.6319378912448883, "aux_1.acc_seg": 59.97383499145508, "aux_2.loss_ce": 0.37059425711631777, "aux_2.acc_seg": 81.45378112792969, "time": 0.5185865640640259, "iter": 200, "memory": 8910, "step": 200}
{"aAcc": 45.05, "mIoU": 29.44, "mAcc": 50.01, "avg_val_loss": 14.056464753304308, "data_time": 0.010435583947718829, "time": 0.06628863290808666, "step": 200}
{"lr": 0.0027951967978652476, "data_time": 0.3076793909072876, "loss": 3.1004169940948487, "decode.loss_ce": 1.7798777103424073, "decode.acc_seg": 85.99872589111328, "aux_0.loss_ce": 0.3529759019613266, "aux_0.acc_seg": 85.93594360351562, "aux_1.loss_ce": 0.6242800831794739, "aux_1.acc_seg": 75.07466888427734, "aux_2.loss_ce": 0.3432833582162857, "aux_2.acc_seg": 85.84310913085938, "time": 0.6348853349685669, "iter": 300, "memory": 1742, "step": 300}
{"aAcc": 69.66, "mIoU": 52.38, "mAcc": 67.87, "avg_val_loss": 11.562282101162227, "data_time": 0.010199812636978325, "time": 0.06738145872094166, "step": 300}
{"lr": 0.0033955970647098093, "data_time": 0.25002307891845704, "loss": 2.903114175796509, "decode.loss_ce": 1.6279502868652345, "decode.acc_seg": 85.5003890991211, "aux_0.loss_ce": 0.3454379290342331, "aux_0.acc_seg": 82.66405487060547, "aux_1.loss_ce": 0.6056478679180145, "aux_1.acc_seg": 72.96077728271484, "aux_2.loss_ce": 0.3240781307220459, "aux_2.acc_seg": 84.8292236328125, "time": 0.5498559713363648, "iter": 400, "memory": 1742, "step": 400}
{"aAcc": 72.38, "mIoU": 55.1, "mAcc": 69.83, "avg_val_loss": 10.250062795475735, "data_time": 0.009706642435885024, "time": 0.06762439903171583, "step": 400}
{"lr": 0.003995997331554373, "data_time": 0.22836995124816895, "loss": 2.787054944038391, "decode.loss_ce": 1.5623151063919067, "decode.acc_seg": 87.4540023803711, "aux_0.loss_ce": 0.32689647376537323, "aux_0.acc_seg": 86.19672393798828, "aux_1.loss_ce": 0.5840949654579163, "aux_1.acc_seg": 74.42716979980469, "aux_2.loss_ce": 0.31374838650226594, "aux_2.acc_seg": 86.6723861694336, "time": 0.5030720710754395, "iter": 500, "memory": 1742, "step": 500}
{"aAcc": 70.18, "mIoU": 52.7, "mAcc": 68.03, "avg_val_loss": 9.589450221574097, "data_time": 0.009388205648838788, "time": 0.06670008034541688, "step": 500}
{"lr": 0.0045963975983989375, "data_time": 0.08846969604492187, "loss": 2.8477051734924315, "decode.loss_ce": 1.6598381757736207, "decode.acc_seg": 88.51061248779297, "aux_0.loss_ce": 0.3259552657604218, "aux_0.acc_seg": 87.86566925048828, "aux_1.loss_ce": 0.5498648673295975, "aux_1.acc_seg": 75.50450134277344, "aux_2.loss_ce": 0.31204681396484374, "aux_2.acc_seg": 88.41738891601562, "time": 0.4904060363769531, "iter": 600, "memory": 1742, "step": 600}
{"aAcc": 60.18, "mIoU": 43.05, "mAcc": 61.0, "avg_val_loss": 9.630826875117206, "data_time": 0.010275635226019498, "time": 0.0675255293133615, "step": 600}
{"lr": 0.005196797865243495, "data_time": 0.05153093338012695, "loss": 2.6869662046432494, "decode.loss_ce": 1.4699899792671203, "decode.acc_seg": 86.4610595703125, "aux_0.loss_ce": 0.3075451359152794, "aux_0.acc_seg": 88.5810546875, "aux_1.loss_ce": 0.6139774233102798, "aux_1.acc_seg": 71.20999908447266, "aux_2.loss_ce": 0.29545366317033767, "aux_2.acc_seg": 87.94950103759766, "time": 0.6911786794662476, "iter": 700, "memory": 1742, "step": 700}
{"aAcc": 74.68, "mIoU": 57.5, "mAcc": 71.8, "avg_val_loss": 9.133381273438756, "data_time": 0.008996889509003738, "time": 0.06657792781961375, "step": 700}
{"lr": 0.005797198132088056, "data_time": 0.381613564491272, "loss": 2.3596553206443787, "decode.loss_ce": 1.2980096817016602, "decode.acc_seg": 88.20466613769531, "aux_0.loss_ce": 0.27350995093584063, "aux_0.acc_seg": 87.099609375, "aux_1.loss_ce": 0.533770352602005, "aux_1.acc_seg": 78.88027954101562, "aux_2.loss_ce": 0.2543653011322021, "aux_2.acc_seg": 88.23899841308594, "time": 0.5194133758544922, "iter": 800, "memory": 1742, "step": 800}
{"aAcc": 70.5, "mIoU": 53.03, "mAcc": 68.43, "avg_val_loss": 8.893671531339137, "data_time": 0.009364544660195538, "time": 0.06686328745436394, "step": 800}
{"lr": 0.006397598398932616, "data_time": 0.008257150650024414, "loss": 2.787306618690491, "decode.loss_ce": 1.6019750952720642, "decode.acc_seg": 85.4181137084961, "aux_0.loss_ce": 0.3196772769093513, "aux_0.acc_seg": 85.65311431884766, "aux_1.loss_ce": 0.5634464651346207, "aux_1.acc_seg": 72.97855377197266, "aux_2.loss_ce": 0.30220773816108704, "aux_2.acc_seg": 86.04283142089844, "time": 0.5126109838485717, "iter": 900, "memory": 1742, "step": 900}
{"aAcc": 68.96, "mIoU": 51.52, "mAcc": 67.34, "avg_val_loss": 8.736417257230029, "data_time": 0.008677973144355861, "time": 0.06668908020545697, "step": 900}
{"lr": 0.0069979986657771765, "data_time": 0.3766361713409424, "loss": 2.3124350786209105, "decode.loss_ce": 1.2917577505111695, "decode.acc_seg": 90.09210968017578, "aux_0.loss_ce": 0.26220768839120867, "aux_0.acc_seg": 88.6617202758789, "aux_1.loss_ce": 0.5121842801570893, "aux_1.acc_seg": 81.626220703125, "aux_2.loss_ce": 0.24628533869981767, "aux_2.acc_seg": 89.75839233398438, "time": 0.5103508710861206, "iter": 1000, "memory": 1742, "step": 1000}
{"aAcc": 75.55, "mIoU": 57.91, "mAcc": 71.79, "avg_val_loss": 8.457428483717274, "data_time": 0.007527932353403376, "time": 0.06490911012408378, "step": 1000}
{"lr": 0.0075983989326217465, "data_time": 0.03719964027404785, "loss": 2.2957419037818907, "decode.loss_ce": 1.2398832380771636, "decode.acc_seg": 92.91867065429688, "aux_0.loss_ce": 0.2682261422276497, "aux_0.acc_seg": 91.68199920654297, "aux_1.loss_ce": 0.5344818592071533, "aux_1.acc_seg": 83.88594818115234, "aux_2.loss_ce": 0.25315070152282715, "aux_2.acc_seg": 92.41000366210938, "time": 0.5271687030792236, "iter": 1100, "memory": 1742, "step": 1100}
{"aAcc": 61.19, "mIoU": 43.5, "mAcc": 61.21, "avg_val_loss": 8.158747583592845, "data_time": 0.010877433864549658, "time": 0.06823364893595378, "step": 1100}
{"lr": 0.008198799199466306, "data_time": 0.008535408973693847, "loss": 2.4411832094192505, "decode.loss_ce": 1.3791636109352112, "decode.acc_seg": 90.05989074707031, "aux_0.loss_ce": 0.26641744673252105, "aux_0.acc_seg": 89.4703369140625, "aux_1.loss_ce": 0.5393546402454377, "aux_1.acc_seg": 74.25189208984375, "aux_2.loss_ce": 0.2562475249171257, "aux_2.acc_seg": 89.7502212524414, "time": 0.5027329921722412, "iter": 1200, "memory": 1742, "step": 1200}
{"aAcc": 74.16, "mIoU": 56.96, "mAcc": 71.3, "avg_val_loss": 7.438466523596418, "data_time": 0.011056283424640524, "time": 0.06860189328248474, "step": 1200}
{"lr": 0.008799199466310867, "data_time": 0.37298026084899905, "loss": 2.3690123915672303, "decode.loss_ce": 1.2821710586547852, "decode.acc_seg": 92.7782211303711, "aux_0.loss_ce": 0.2818475976586342, "aux_0.acc_seg": 90.61455535888672, "aux_1.loss_ce": 0.5543959647417068, "aux_1.acc_seg": 81.7044448852539, "aux_2.loss_ce": 0.25059777349233625, "aux_2.acc_seg": 92.82949829101562, "time": 0.6323874950408935, "iter": 1300, "memory": 1742, "step": 1300}
{"aAcc": 70.48, "mIoU": 53.05, "mAcc": 68.52, "avg_val_loss": 7.67365409541897, "data_time": 0.009503882506798053, "time": 0.06709872169056158, "step": 1300}
{"lr": 0.009399599733155411,