{"lr": 0.0015943962641761188, "data_time": 0.48927395343780516, "loss": 3.0113422155380247, "decode.loss_ce": 0.48753986060619353, "decode.acc_seg": 79.23271942138672, "aux_0.loss_ce": 0.7077041983604431, "aux_0.acc_seg": 70.02983093261719, "aux_1.loss_ce": 0.6065955102443695, "aux_1.acc_seg": 73.61800384521484, "aux_2.loss_ce": 0.6249833524227142, "aux_2.acc_seg": 74.68338775634766, "aux_3.loss_ce": 0.5845192402601243, "aux_3.acc_seg": 76.41921997070312, "time": 0.6991268873214722, "iter": 100, "memory": 19641, "step": 100}
{"aAcc": 83.82, "mIoU": 67.74, "mAcc": 78.75, "avg_val_loss": 2.4604924302867612, "data_time": 0.004294208457642362, "time": 0.0835132396726537, "step": 100}
{"lr": 0.002194796531020685, "data_time": 0.5087158679962158, "loss": 2.5088154077529907, "decode.loss_ce": 0.41770656406879425, "decode.acc_seg": 87.336669921875, "aux_0.loss_ce": 0.5440162777900696, "aux_0.acc_seg": 80.12794494628906, "aux_1.loss_ce": 0.48156130909919737, "aux_1.acc_seg": 85.43177795410156, "aux_2.loss_ce": 0.5478554368019104, "aux_2.acc_seg": 77.8826675415039, "aux_3.loss_ce": 0.5176758140325546, "aux_3.acc_seg": 84.17388916015625, "time": 0.6647072315216065, "iter": 200, "memory": 2757, "step": 200}
{"aAcc": 88.43, "mIoU": 73.25, "mAcc": 81.55, "avg_val_loss": 2.215040432970528, "data_time": 0.003928958144143363, "time": 0.08295137057794588, "step": 200}
{"lr": 0.0027951967978652476, "data_time": 0.009546899795532226, "loss": 2.195116913318634, "decode.loss_ce": 0.3553661942481995, "decode.acc_seg": 88.5361099243164, "aux_0.loss_ce": 0.46964381337165834, "aux_0.acc_seg": 82.07550048828125, "aux_1.loss_ce": 0.4094817489385605, "aux_1.acc_seg": 82.99427795410156, "aux_2.loss_ce": 0.5017156392335892, "aux_2.acc_seg": 82.75655364990234, "aux_3.loss_ce": 0.45890952050685885, "aux_3.acc_seg": 84.55811309814453, "time": 0.4698078155517578, "iter": 300, "memory": 2757, "step": 300}
