{"lr": 0.0015930867963809803, "data_time": 0.45969715118408205, "loss": 8.10322585105896, "decode.loss_ce": 1.2960131645202637, "decode.acc_seg": 54.708499908447266, "aux_0.loss_ce": 2.1851500272750854, "aux_0.acc_seg": 49.54811096191406, "aux_1.loss_ce": 1.7650818824768066, "aux_1.acc_seg": 52.430389404296875, "aux_2.loss_ce": 1.4632453322410583, "aux_2.acc_seg": 54.20888900756836, "aux_3.loss_ce": 1.3937355160713196, "aux_3.acc_seg": 55.03377914428711, "time": 0.9367065668106079, "iter": 100, "memory": 19198, "step": 100}
{"aAcc": 55.27, "mIoU": 10.24, "mAcc": 16.3, "avg_val_loss": 9.483322044213613, "data_time": 0.1287584665209748, "time": 0.21401145014651987, "step": 100}
{"lr": 0.002191123271301943, "data_time": 0.2838349580764771, "loss": 6.6166013240814205, "decode.loss_ce": 1.1006922245025634, "decode.acc_seg": 66.13994598388672, "aux_0.loss_ce": 1.6965218782424927, "aux_0.acc_seg": 50.47366714477539, "aux_1.loss_ce": 1.4030675411224365, "aux_1.acc_seg": 55.50688934326172, "aux_2.loss_ce": 1.2251308143138886, "aux_2.acc_seg": 60.290443420410156, "aux_3.loss_ce": 1.1911889493465424, "aux_3.acc_seg": 57.998779296875, "time": 1.0559714794158936, "iter": 200, "memory": 10746, "step": 200}
{"aAcc": 48.53, "mIoU": 11.21, "mAcc": 19.96, "avg_val_loss": 9.348852110013627, "data_time": 0.12463276961754108, "time": 0.20503582077464838, "step": 200}
{"lr": 0.0027881034698292294, "data_time": 0.4659539461135864, "loss": 6.073618364334107, "decode.loss_ce": 1.0241712927818298, "decode.acc_seg": 62.2679443359375, "aux_0.loss_ce": 1.5232637405395508, "aux_0.acc_seg": 49.94194412231445, "aux_1.loss_ce": 1.285358989238739, "aux_1.acc_seg": 51.74394607543945, "aux_2.loss_ce": 1.1460452437400819, "aux_2.acc_seg": 61.91699981689453, "aux_3.loss_ce": 1.094779109954834, "aux_3.acc_seg": 64.80883026123047, "time": 0.9885349750518799, "iter": 300, "memory": 2889, "step": 300}
{"aAcc": 46.99, "mIoU": 14.5, "mAcc": 25.04, "avg_val_loss": 9.325572035001267, "data_time": 0.1268007399021894, "time": 0.20809004498624253, "step": 300}
{"lr": 0.0033840217450599877, "data_time": 0.6861036777496338, "loss": 5.82434196472168, "decode.loss_ce": 0.953833955526352, "decode.acc_seg": 58.926055908203125, "aux_0.loss_ce": 1.4832584261894226, "aux_0.acc_seg": 51.192501068115234, "aux_1.loss_ce": 1.2359750986099243, "aux_1.acc_seg": 52.96755599975586, "aux_2.loss_ce": 1.0908180117607116, "aux_2.acc_seg": 54.59644317626953, "aux_3.loss_ce": 1.0604564130306244, "aux_3.acc_seg": 55.629669189453125, "time": 0.9832236766815186, "iter": 400, "memory": 2889, "step": 400}
{"aAcc": 42.95, "mIoU": 14.89, "mAcc": 28.43, "avg_val_loss": 9.476345149310012, "data_time": 0.12460177246181445, "time": 0.20809215238724632, "step": 400}
{"lr": 0.003978874422200742, "data_time": 0.6864784479141235, "loss": 5.643221426010132, "decode.loss_ce": 0.9095172822475434, "decode.acc_seg": 73.95960998535156, "aux_0.loss_ce": 1.4024121522903443, "aux_0.acc_seg": 63.80905532836914, "aux_1.loss_ce": 1.1985378682613372, "aux_1.acc_seg": 69.59172058105469, "aux_2.loss_ce": 1.0870737314224244, "aux_2.acc_seg": 69.68099975585938, "aux_3.loss_ce": 1.0456805050373077, "aux_3.acc_seg": 69.0647201538086, "time": 1.0462990045547484, "iter": 500, "memory": 2889, "step": 500}
{"aAcc": 58.88, "mIoU": 20.96, "mAcc": 29.67, "avg_val_loss": 9.118033280986094, "data_time": 0.12581026965174183, "time": 0.2096830017265232, "step": 500}
{"lr": 0.004572658891684879, "data_time": 0.519320011138916, "loss": 4.944892811775207, "decode.loss_ce": 0.8013271212577819, "decode.acc_seg": 71.93555450439453, "aux_0.loss_ce": 1.2881297767162323, "aux_0.acc_seg": 57.452667236328125, "aux_1.loss_ce": 1.0381341338157655, "aux_1.acc_seg": 66.58961486816406, "aux_2.loss_ce": 0.9256546974182129, "aux_2.acc_seg": 69.87166595458984, "aux_3.loss_ce": 0.8916469752788544, "aux_3.acc_seg": 69.061279296875, "time": 0.9757322311401367, "iter": 600, "memory": 2889, "step": 600}
{"aAcc": 56.7, "mIoU": 18.47, "mAcc": 26.29, "avg_val_loss": 9.060589269065021, "data_time": 0.12400691810695605, "time": 0.20824669421404257, "step": 600}
{"lr": 0.005165373185965325, "data_time": 0.787108039855957, "loss": 5.165381193161011, "decode.loss_ce": 0.8628903150558471, "decode.acc_seg": 73.18399810791016, "aux_0.loss_ce": 1.2627458333969117, "aux_0.acc_seg": 62.4636116027832, "aux_1.loss_ce": 1.10415381193161, "aux_1.acc_seg": 65.7957763671875, "aux_2.loss_ce": 0.9912748336791992, "aux_2.acc_seg": 66.57483673095703, "aux_3.loss_ce": 0.9443162381649017, "aux_3.acc_seg": 68.79788970947266, "time": 0.9867166757583619, "iter": 700, "memory": 2889, "step": 700}
{"aAcc": 52.81, "mIoU": 18.94, "mAcc": 31.53, "avg_val_loss": 8.893504329803793, "data_time": 0.1225562753348515, "time": 0.20705699098521266, "step": 700}
{"lr": 0.005757015754784225, "data_time": 0.7600515842437744, "loss": 4.508364176750183, "decode.loss_ce": 0.7216690480709076, "decode.acc_seg": 70.0953369140625, "aux_0.loss_ce": 1.1478433907032013, "aux_0.acc_seg": 69.239501953125, "aux_1.loss_ce": 0.9574070274829865, "aux_1.acc_seg": 66.50389099121094, "aux_2.loss_ce": 0.8631611704826355, "aux_2.acc_seg": 66.06422424316406, "aux_3.loss_ce": 0.818283635377884, "aux_3.acc_seg": 64.2731704711914, "time": 0.9613438844680786, "iter": 800, "memory": 2889, "step": 800}
{"aAcc": 51.77, "mIoU": 21.83, "mAcc": 31.5, "avg_val_loss": 8.661261040510404, "data_time": 0.12867418376878761, "time": 0.21374266175017959, "step": 800}
{"lr": 0.006347585334568276, "data_time": 0.13849852085113526, "loss": 4.730139064788818, "decode.loss_ce": 0.7611654877662659, "decode.acc_seg": 74.9913330078125, "aux_0.loss_ce": 1.181665825843811, "aux_0.acc_seg": 73.6006088256836, "aux_1.loss_ce": 0.9909987270832061, "aux_1.acc_seg": 67.86255645751953, "aux_2.loss_ce": 0.907278573513031, "aux_2.acc_seg": 69.06300354003906, "aux_3.loss_ce": 0.8890304923057556, "aux_3.acc_seg": 67.06838989257812, "time": 0.9363088130950927, "iter": 900, "memory": 2889, "step": 900}
{"aAcc": 45.1, "mIoU": 15.75, "mAcc": 25.34, "avg_val_loss": 8.576139055032712, "data_time": 0.12038015497141871, "time": 0.20534423576004204, "step": 900}
{"lr": 0.0069370808672639134, "data_time": 0.36686077117919924, "loss": 4.371652269363404, "decode.loss_ce": 0.6848407030105591, "decode.acc_seg": 70.535888671875, "aux_0.loss_ce": 1.1221197843551636, "aux_0.acc_seg": 61.309722900390625, "aux_1.loss_ce": 0.9396280765533447, "aux_1.acc_seg": 66.36250305175781, "aux_2.loss_ce": 0.8420940697193146, "aux_2.acc_seg": 66.14844512939453, "aux_3.loss_ce": 0.78296959400177, "aux_3.acc_seg": 65.25577545166016, "time": 0.9020658969879151, "iter": 1000, "memory": 2889, "step": 1000}
{"aAcc": 57.29, "mIoU": 22.74, "mAcc": 34.91, "avg_val_loss": 8.3830645997099, "data_time": 0.12583723835561467, "time": 0.210290536113169, "step": 1000}
