{"lr": 0.0015930867963809803, "data_time": 0.5654882669448853, "loss": 8.063557720184326, "decode.loss_ce": 1.2909559667110444, "decode.acc_seg": 55.66633224487305, "aux_0.loss_ce": 2.1093647599220278, "aux_0.acc_seg": 50.81516647338867, "aux_1.loss_ce": 1.7440333366394043, "aux_1.acc_seg": 53.14144515991211, "aux_2.loss_ce": 1.5048123836517333, "aux_2.acc_seg": 53.05766677856445, "aux_3.loss_ce": 1.4143912076950074, "aux_3.acc_seg": 51.94850158691406, "time": 0.9017783641815186, "iter": 100, "memory": 19198, "step": 100}
{"aAcc": 56.54, "mIoU": 12.04, "mAcc": 17.48, "avg_val_loss": 8.89025827991335, "data_time": 0.017746302956028987, "time": 0.37496812971014726, "step": 100}
