{"lr": 0.0015943962641761188, "data_time": 0.5794736385345459, "loss": 5.37384147644043, "decode.loss_ce": 2.208561825752258, "decode.acc_seg": 73.443115234375, "aux_0.loss_ce": 0.45032694935798645, "aux_0.acc_seg": 80.71072387695312, "aux_1.loss_seg": 2.7149526357650755, "time": 0.7599328517913818, "iter": 100, "memory": 9289, "step": 100}
