{"lr": 0.0015943962641761188, "data_time": 0.009553194046020508, "loss": 4.649710607528687, "decode.loss_ce": 0.655588585138321, "decode.acc_seg": 72.679443359375, "aux_0.loss_ce": 1.6397864103317261, "aux_0.acc_seg": 63.01128005981445, "aux_1.loss_ce": 0.9653701603412628, "aux_1.acc_seg": 63.74966812133789, "aux_2.loss_ce": 0.7341501533985137, "aux_2.acc_seg": 63.66416549682617, "aux_3.loss_ce": 0.6548152387142181, "aux_3.acc_seg": 71.12850189208984, "time": 0.6863435745239258, "iter": 100, "memory": 19652, "step": 100}
{"aAcc": 43.14, "mIoU": 29.15, "mAcc": 50.79, "avg_val_loss": 6.485834304265111, "data_time": 0.010885149933571038, "time": 0.1361859121987986, "step": 100}
{"lr": 0.002194796531020685, "data_time": 0.3888315439224243, "loss": 3.6418243408203126, "decode.loss_ce": 0.5935400247573852, "decode.acc_seg": 72.41577911376953, "aux_0.loss_ce": 0.9884076654911041, "aux_0.acc_seg": 71.55110931396484, "aux_1.loss_ce": 0.7874158918857574, "aux_1.acc_seg": 66.86583709716797, "aux_2.loss_ce": 0.6737252533435821, "aux_2.acc_seg": 70.98999786376953, "aux_3.loss_ce": 0.5987355202436447, "aux_3.acc_seg": 73.18616485595703, "time": 0.610179090499878, "iter": 200, "memory": 34222, "step": 200}
{"aAcc": 47.65, "mIoU": 29.8, "mAcc": 49.59, "avg_val_loss": 5.433730875495931, "data_time": 0.006696161182447411, "time": 0.10264179076271496, "step": 200}
{"lr": 0.0027951967978652476, "data_time": 0.022194314002990722, "loss": 3.2464641332626343, "decode.loss_ce": 0.5533161222934723, "decode.acc_seg": 74.48455810546875, "aux_0.loss_ce": 0.8049405634403228, "aux_0.acc_seg": 63.70916748046875, "aux_1.loss_ce": 0.7039945662021637, "aux_1.acc_seg": 68.39566802978516, "aux_2.loss_ce": 0.5971489727497101, "aux_2.acc_seg": 74.20889282226562, "aux_3.loss_ce": 0.5870639145374298, "aux_3.acc_seg": 75.1602783203125, "time": 0.5630298137664795, "iter": 300, "memory": 3353, "step": 300}
{"aAcc": 79.05, "mIoU": 62.6, "mAcc": 75.58, "avg_val_loss": 4.715819970557565, "data_time": 0.006965645428361564, "time": 0.10202575552052465, "step": 300}
{"lr": 0.0033955970647098093, "data_time": 0.3364617347717285, "loss": 2.9703654050827026, "decode.loss_ce": 0.49110220968723295, "decode.acc_seg": 79.88566589355469, "aux_0.loss_ce": 0.7753883957862854, "aux_0.acc_seg": 68.892333984375, "aux_1.loss_ce": 0.6638092994689941, "aux_1.acc_seg": 65.72905731201172, "aux_2.loss_ce": 0.5446841150522232, "aux_2.acc_seg": 75.66339111328125, "aux_3.loss_ce": 0.4953813850879669, "aux_3.acc_seg": 79.74905395507812, "time": 0.5586225032806397, "iter": 400, "memory": 3353, "step": 400}
{"aAcc": 79.25, "mIoU": 63.87, "mAcc": 77.23, "avg_val_loss": 4.3858129807383, "data_time": 0.006733244863049737, "time": 0.10252244993187916, "step": 400}
{"lr": 0.003995997331554373, "data_time": 0.25903687477111814, "loss": 2.899614095687866, "decode.loss_ce": 0.46027075946331025, "decode.acc_seg": 76.7431640625, "aux_0.loss_ce": 0.768601393699646, "aux_0.acc_seg": 50.95438766479492, "aux_1.loss_ce": 0.6558241188526154, "aux_1.acc_seg": 62.5620002746582, "aux_2.loss_ce": 0.5445889711380005, "aux_2.acc_seg": 72.87777709960938, "aux_3.loss_ce": 0.47032893896102906, "aux_3.acc_seg": 77.03372192382812, "time": 0.4833603620529175, "iter": 500, "memory": 3353, "step": 500}
{"aAcc": 64.97, "mIoU": 49.05, "mAcc": 65.83, "avg_val_loss": 4.228628666306797, "data_time": 0.007338003180492884, "time": 0.10355029434993349, "step": 500}
{"lr": 0.0045963975983989375, "data_time": 0.2360853910446167, "loss": 2.6688915967941282, "decode.loss_ce": 0.42155476212501525, "decode.acc_seg": 81.5818862915039, "aux_0.loss_ce": 0.7206791996955871, "aux_0.acc_seg": 74.32783508300781, "aux_1.loss_ce": 0.6120044589042664, "aux_1.acc_seg": 63.78316879272461, "aux_2.loss_ce": 0.4916744828224182, "aux_2.acc_seg": 76.51377868652344, "aux_3.loss_ce": 0.4229786217212677, "aux_3.acc_seg": 82.58133697509766, "time": 0.5702351093292236, "iter": 600, "memory": 3353, "step": 600}
{"aAcc": 54.46, "mIoU": 40.01, "mAcc": 60.21, "avg_val_loss": 4.297645322419339, "data_time": 0.007026831309000651, "time": 0.10262444375575273, "step": 600}
{"lr": 0.005196797865243495, "data_time": 0.010708093643188477, "loss": 2.6947224617004393, "decode.loss_ce": 0.4476365804672241, "decode.acc_seg": 82.06427764892578, "aux_0.loss_ce": 0.6975256562232971, "aux_0.acc_seg": 70.06205749511719, "aux_1.loss_ce": 0.5934629440307617, "aux_1.acc_seg": 75.76933288574219, "aux_2.loss_ce": 0.501654651761055, "aux_2.acc_seg": 81.33444213867188, "aux_3.loss_ce": 0.4544425755739212, "aux_3.acc_seg": 82.25260925292969, "time": 0.5135852098464966, "iter": 700, "memory": 3353, "step": 700}
{"aAcc": 62.87, "mIoU": 47.5, "mAcc": 65.37, "avg_val_loss": 4.212835942637004, "data_time": 0.00622900601091056, "time": 0.10186881580572019, "step": 700}
{"lr": 0.005797198132088056, "data_time": 0.30278401374816893, "loss": 3.0698522329330444, "decode.loss_ce": 0.5176973909139633, "decode.acc_seg": 82.26844787597656, "aux_0.loss_ce": 0.7452200710773468, "aux_0.acc_seg": 67.9469985961914, "aux_1.loss_ce": 0.6712582886219025, "aux_1.acc_seg": 71.99483489990234, "aux_2.loss_ce": 0.5905982375144958, "aux_2.acc_seg": 80.58200073242188, "aux_3.loss_ce": 0.5450782775878906, "aux_3.acc_seg": 82.03516387939453, "time": 0.5262504577636719, "iter": 800, "memory": 3353, "step": 800}
{"aAcc": 72.89, "mIoU": 57.85, "mAcc": 74.0, "avg_val_loss": 4.221145513521954, "data_time": 0.007119233580841415, "time": 0.10276235657176752, "step": 800}
{"lr": 0.006397598398932616, "data_time": 0.10726010799407959, "loss": 2.6902392387390135, "decode.loss_ce": 0.40920522809028625, "decode.acc_seg": 77.08844757080078, "aux_0.loss_ce": 0.7022763788700104, "aux_0.acc_seg": 58.981224060058594, "aux_1.loss_ce": 0.6167313754558563, "aux_1.acc_seg": 66.25516510009766, "aux_2.loss_ce": 0.5190537363290787, "aux_2.acc_seg": 72.33372497558594, "aux_3.loss_ce": 0.4429724305868149, "aux_3.acc_seg": 76.43722534179688, "time": 0.7015320062637329, "iter": 900, "memory": 3353, "step": 900}
{"aAcc": 82.13, "mIoU": 67.68, "mAcc": 80.33, "avg_val_loss": 4.119224287036992, "data_time": 0.007084654665541375, "time": 0.10165664245342386, "step": 900}
{"lr": 0.0069979986657771765, "data_time": 0.11491544246673584, "loss": 2.493141746520996, "decode.loss_ce": 0.3702737033367157, "decode.acc_seg": 88.05450439453125, "aux_0.loss_ce": 0.6835561394691467, "aux_0.acc_seg": 60.07416915893555, "aux_1.loss_ce": 0.5702691912651062, "aux_1.acc_seg": 78.26294708251953, "aux_2.loss_ce": 0.47530314028263093, "aux_2.acc_seg": 84.39189147949219, "aux_3.loss_ce": 0.39373956620693207, "aux_3.acc_seg": 87.2518310546875, "time": 0.6589790105819702, "iter": 1000, "memory": 3353, "step": 1000}
{"aAcc": 77.21, "mIoU": 60.47, "mAcc": 73.64, "avg_val_loss": 4.0156191889871975, "data_time": 0.0072090954616152005, "time": 0.10197254433028999, "step": 1000}
{"lr": 0.0075983989326217465, "data_time": 0.2721977233886719, "loss": 2.8063657760620115, "decode.loss_ce": 0.41072477102279664, "decode.acc_seg": 76.43033599853516, "aux_0.loss_ce": 0.7450911700725555, "aux_0.acc_seg": 66.23466491699219, "aux_1.loss_ce": 0.6351701498031617, "aux_1.acc_seg": 71.89744567871094, "aux_2.loss_ce": 0.5355311334133148, "aux_2.acc_seg": 72.17066955566406, "aux_3.loss_ce": 0.47984853982925413, "aux_3.acc_seg": 73.3861083984375, "time": 0.49446322917938235, "iter": 1100, "memory": 3353, "step": 1100}
{"aAcc": 73.18, "mIoU": 55.55, "mAcc": 69.77, "avg_val_loss": 3.7552210025750754, "data_time": 0.006773343031433807, "time": 0.1017601709256227, "step": 1100}
{"lr": 0.008198799199466306, "data_time": 0.3598959922790527, "loss": 2.606493043899536, "decode.loss_ce": 0.36898409724235537, "decode.acc_seg": 82.45005798339844, "aux_0.loss_ce": 0.7144994497299194, "aux_0.acc_seg": 63.9732780456543, "aux_1.loss_ce": 0.5893588095903397, "aux_1.acc_seg": 60.85283279418945, "aux_2.loss_ce": 0.49003504812717436, "aux_2.acc_seg": 74.43228149414062, "aux_3.loss_ce": 0.4436156690120697, "aux_3.acc_seg": 77.62694549560547,