{"lr": 0.0015943962641761188, "data_time": 0.490457820892334, "loss": 0.26355331018567085, "decode.loss_seg": 0.0426498344168067, "aux_0.loss_seg": 0.0662470443174243, "aux_1.loss_seg": 0.05553494021296501, "aux_2.loss_seg": 0.052536594495177266, "aux_3.loss_seg": 0.04658489841967821, "time": 0.6214337825775147, "iter": 100, "memory": 19977, "step": 100}
{"aAcc": 24.49, "mIoU": 12.02, "mAcc": 36.29, "avg_val_loss": 0.0, "data_time": 0.012107291886972826, "time": 0.08962960575902185, "step": 100}
{"lr": 0.002194796531020685, "data_time": 0.3675363063812256, "loss": 0.19955435693264006, "decode.loss_seg": 0.03446485549211502, "aux_0.loss_seg": 0.04605241920799017, "aux_1.loss_seg": 0.04094827175140381, "aux_2.loss_seg": 0.03960386533290148, "aux_3.loss_seg": 0.03848494589328766, "time": 0.501420259475708, "iter": 200, "memory": 34270, "step": 200}
{"aAcc": 42.01, "mIoU": 24.54, "mAcc": 48.74, "avg_val_loss": 0.0, "data_time": 0.011020674102607814, "time": 0.0616301476270303, "step": 200}
{"lr": 0.0027951967978652476, "data_time": 0.3864623785018921, "loss": 0.2022674173116684, "decode.loss_seg": 0.034555619955062865, "aux_0.loss_seg": 0.04568710681051016, "aux_1.loss_seg": 0.04001105185598135, "aux_2.loss_seg": 0.04100740253925324, "aux_3.loss_seg": 0.04100623279809952, "time": 0.5159474372863769, "iter": 300, "memory": 3093, "step": 300}
{"aAcc": 43.4, "mIoU": 27.54, "mAcc": 49.6, "avg_val_loss": 0.0, "data_time": 0.014631279583635002, "time": 0.0653317878986227, "step": 300}
{"lr": 0.0033955970647098093, "data_time": 0.24921886920928954, "loss": 0.18775116726756097, "decode.loss_seg": 0.030345920659601688, "aux_0.loss_seg": 0.04153082612901926, "aux_1.loss_seg": 0.035968998447060585, "aux_2.loss_seg": 0.039764420688152315, "aux_3.loss_seg": 0.040141002647578715, "time": 0.7636517763137818, "iter": 400, "memory": 3093, "step": 400}
{"aAcc": 47.41, "mIoU": 30.75, "mAcc": 51.11, "avg_val_loss": 0.0, "data_time": 0.014764961154981592, "time": 0.06573320531297004, "step": 400}
{"lr": 0.003995997331554373, "data_time": 0.49129951000213623, "loss": 0.16525442972779275, "decode.loss_seg": 0.026411735638976096, "aux_0.loss_seg": 0.03514026887714863, "aux_1.loss_seg": 0.03193914648145437, "aux_2.loss_seg": 0.0361535063944757, "aux_3.loss_seg": 0.03560976963490248, "time": 0.6209450483322143, "iter": 500, "memory": 3093, "step": 500}
{"aAcc": 52.5, "mIoU": 35.84, "mAcc": 55.22, "avg_val_loss": 0.0, "data_time": 0.012978551031529218, "time": 0.06379738621328068, "step": 500}
