{"lr": 0.0015943962641761188, "data_time": 0.010239529609680175, "loss": 2.4904909491539002, "decode.loss_seg": 1.7201393246650696, "aux_0.loss_seg": 0.2568610817193985, "aux_1.loss_seg": 0.2335038185119629, "aux_2.loss_seg": 0.14969174265861512, "aux_3.loss_seg": 0.13029500246047973, "time": 0.5389179229736328, "iter": 100, "memory": 20098, "step": 100}
{"aAcc": 41.82, "mIoU": 18.45, "mAcc": 38.98, "avg_val_loss": 0.0, "data_time": 0.012965717981028002, "time": 0.08138869806777599, "step": 100}
{"lr": 0.002194796531020685, "data_time": 0.18425204753875732, "loss": 1.829633927345276, "decode.loss_seg": 1.2162351846694945, "aux_0.loss_seg": 0.22872957736253738, "aux_1.loss_seg": 0.1669769898056984, "aux_2.loss_seg": 0.11922142654657364, "aux_3.loss_seg": 0.0984707809984684, "time": 0.6429013013839722, "iter": 200, "memory": 17085, "step": 200}
{"aAcc": 54.08, "mIoU": 33.66, "mAcc": 51.81, "avg_val_loss": 0.0, "data_time": 0.01863458786887684, "time": 0.0665129820505778, "step": 200}
{"lr": 0.0027951967978652476, "data_time": 0.1281435012817383, "loss": 1.9114614009857178, "decode.loss_seg": 1.4057089030742644, "aux_0.loss_seg": 0.184122534096241, "aux_1.loss_seg": 0.1325436644256115, "aux_2.loss_seg": 0.10472333356738091, "aux_3.loss_seg": 0.08436294198036194, "time": 0.5276556253433228, "iter": 300, "memory": 3681, "step": 300}
{"aAcc": 50.24, "mIoU": 26.32, "mAcc": 45.66, "avg_val_loss": 0.0, "data_time": 0.01812001480453316, "time": 0.065929826648756, "step": 300}
{"lr": 0.0033955970647098093, "data_time": 0.11640915870666504, "loss": 1.3006694734096527, "decode.loss_seg": 0.87701256275177, "aux_0.loss_seg": 0.16186245083808898, "aux_1.loss_seg": 0.11711429581046104, "aux_2.loss_seg": 0.08350843861699105, "aux_3.loss_seg": 0.061171722039580344, "time": 0.5986181735992432, "iter": 400, "memory": 3681, "step": 400}
{"aAcc": 62.79, "mIoU": 40.51, "mAcc": 56.5, "avg_val_loss": 0.0, "data_time": 0.015768084032782192, "time": 0.06349635946339574, "step": 400}
{"lr": 0.003995997331554373, "data_time": 0.010587501525878906, "loss": 1.3937099039554597, "decode.loss_seg": 0.9552815854549408, "aux_0.loss_seg": 0.15721177011728288, "aux_1.loss_seg": 0.11889144256711007, "aux_2.loss_seg": 0.09156641587615014, "aux_3.loss_seg": 0.07075869999825954, "time": 0.7441881895065308, "iter": 500, "memory": 3680, "step": 500}
{"aAcc": 53.84, "mIoU": 30.34, "mAcc": 49.05, "avg_val_loss": 0.0, "data_time": 0.013113030071916252, "time": 0.06103027277979357, "step": 500}
{"lr": 0.0045963975983989375, "data_time": 0.5145548343658447, "loss": 1.1279512107372285, "decode.loss_seg": 0.7569817006587982, "aux_0.loss_seg": 0.14013127535581588, "aux_1.loss_seg": 0.10206716731190682, "aux_2.loss_seg": 0.07302449941635132, "aux_3.loss_seg": 0.05574654676020145, "time": 0.6722011804580689, "iter": 600, "memory": 3681, "step": 600}
{"aAcc": 51.79, "mIoU": 31.69, "mAcc": 50.66, "avg_val_loss": 0.0, "data_time": 0.011628340030538625, "time": 0.05956739940862546, "step": 600}
{"lr": 0.005196797865243495, "data_time": 0.011899423599243165, "loss": 1.20557781457901, "decode.loss_seg": 0.8339437901973724, "aux_0.loss_seg": 0.13161759376525878, "aux_1.loss_seg": 0.10025731772184372, "aux_2.loss_seg": 0.07625028826296329, "aux_3.loss_seg": 0.06350884549319744, "time": 0.6988672494888306, "iter": 700, "memory": 3679, "step": 700}
{"aAcc": 55.21, "mIoU": 35.12, "mAcc": 53.04, "avg_val_loss": 0.0, "data_time": 0.012745013182190642, "time": 0.060518316838933134, "step": 700}
{"lr": 0.005797198132088056, "data_time": 0.03533329963684082, "loss": 1.055777621269226, "decode.loss_seg": 0.7391603291034698, "aux_0.loss_seg": 0.12588044181466101, "aux_1.loss_seg": 0.08712635189294815, "aux_2.loss_seg": 0.05989905744791031, "aux_3.loss_seg": 0.0437114417552948, "time": 0.5027466535568237, "iter": 800, "memory": 3680, "step": 800}
{"aAcc": 53.87, "mIoU": 29.34, "mAcc": 47.99, "avg_val_loss": 0.0, "data_time": 0.015583876905770138, "time": 0.06340155930354677, "step": 800}
