{"lr": 0.006406583235954008, "data_time": 0.7611027002334595, "loss": 4.362619256973266, "decode.loss_ce": 0.719011414051056, "decode.acc_seg": 75.74517059326172, "aux_0.loss_ce": 1.050653237104416, "aux_0.acc_seg": 68.232666015625, "aux_1.loss_ce": 0.9251999914646148, "aux_1.acc_seg": 67.50833129882812, "aux_2.loss_ce": 0.8381727874279022, "aux_2.acc_seg": 70.33694458007812, "aux_3.loss_ce": 0.8295818150043488, "aux_3.acc_seg": 70.89094543457031, "time": 0.9958361148834228, "iter": 910, "memory": 19198, "step": 910}
{"lr": 0.009106373674004149, "data_time": 0.5460541725158692, "loss": 2.673775339126587, "decode.loss_ce": 0.3608817636966705, "decode.acc_seg": 82.99517059326172, "aux_0.loss_ce": 0.8299867033958435, "aux_0.acc_seg": 64.59022521972656, "aux_1.loss_ce": 0.5533191144466401, "aux_1.acc_seg": 76.8401107788086, "aux_2.loss_ce": 0.47289895713329316, "aux_2.acc_seg": 78.81766510009766, "aux_3.loss_ce": 0.4566888242959976, "aux_3.acc_seg": 77.56455993652344, "time": 1.0800249576568604, "iter": 10000, "memory": 2889, "step": 10000}
{"aAcc": 66.3, "mIoU": 35.54, "mAcc": 48.4, "avg_val_loss": 5.431264366013439, "data_time": 0.018134807285509612, "time": 0.3767964839935303, "step": 10000}
{"lr": 0.008200516139713258, "data_time": 0.00930325984954834, "loss": 2.9285926818847656, "decode.loss_ce": 0.4074327975511551, "decode.acc_seg": 88.86155700683594, "aux_0.loss_ce": 0.8702156841754913, "aux_0.acc_seg": 70.0088882446289, "aux_1.loss_ce": 0.5993630945682525, "aux_1.acc_seg": 82.18878173828125, "aux_2.loss_ce": 0.5378421366214752, "aux_2.acc_seg": 84.32844543457031, "aux_3.loss_ce": 0.5137389123439788, "aux_3.acc_seg": 84.62577819824219, "time": 0.9444731950759888, "iter": 20000, "memory": 10746, "step": 20000}
{"aAcc": 67.89, "mIoU": 41.81, "mAcc": 55.19, "avg_val_loss": 5.519675875675717, "data_time": 0.014031146963437399, "time": 0.35325529674688977, "step": 20000}
{"lr": 0.007283232762750171, "data_time": 0.7333806753158569, "loss": 2.5101043701171877, "decode.loss_ce": 0.3359299272298813, "decode.acc_seg": 84.83599853515625, "aux_0.loss_ce": 0.7885965347290039, "aux_0.acc_seg": 75.69094848632812, "aux_1.loss_ce": 0.5099281370639801, "aux_1.acc_seg": 80.70950317382812, "aux_2.loss_ce": 0.4389245629310608, "aux_2.acc_seg": 80.84127807617188, "aux_3.loss_ce": 0.4367252290248871, "aux_3.acc_seg": 78.9447250366211, "time": 0.9374463558197021, "iter": 30000, "memory": 2889, "step": 30000}
{"aAcc": 72.85, "mIoU": 45.69, "mAcc": 56.44, "avg_val_loss": 5.452780391017726, "data_time": 0.01241132120291392, "time": 0.3521215443809827, "step": 30000}
{"lr": 0.006352703407289149, "data_time": 0.6847628831863404, "loss": 2.403008508682251, "decode.loss_ce": 0.30826968401670457, "decode.acc_seg": 87.07511138916016, "aux_0.loss_ce": 0.7589392483234405, "aux_0.acc_seg": 76.91738891601562, "aux_1.loss_ce": 0.48668710291385653, "aux_1.acc_seg": 82.37210845947266, "aux_2.loss_ce": 0.42478344440460203, "aux_2.acc_seg": 83.7227783203125, "aux_3.loss_ce": 0.4243290305137634, "aux_3.acc_seg": 82.03494262695312, "time": 0.8904550790786743, "iter": 40000, "memory": 2889, "step": 40000}
{"aAcc": 70.5, "mIoU": 42.92, "mAcc": 56.93, "avg_val_loss": 5.391400657425096, "data_time": 0.013100380698839823, "time": 0.36238032082716626, "step": 40000}
{"lr": 0.0054064577076796795, "data_time": 0.6871649742126464, "loss": 2.1596003770828247, "decode.loss_ce": 0.29477830827236173, "decode.acc_seg": 87.98860931396484, "aux_0.loss_ce": 0.6477071672677994, "aux_0.acc_seg": 78.31544494628906, "aux_1.loss_ce": 0.42971047163009646, "aux_1.acc_seg": 84.21500396728516, "aux_2.loss_ce": 0.39087437093257904, "aux_2.acc_seg": 84.8915023803711, "aux_3.loss_ce": 0.3965300381183624, "aux_3.acc_seg": 83.65233612060547, "time": 0.9046411752700806, "iter": 50000, "memory": 2889, "step": 50000}
{"aAcc": 72.38, "mIoU": 45.52, "mAcc": 56.1, "avg_val_loss": 5.291304175765498, "data_time": 0.013516065975030264, "time": 0.350852370262146, "step": 50000}
{"lr": 0.004440959115695473, "data_time": 0.6554959774017334, "loss": 2.219440388679504, "decode.loss_ce": 0.30845576524734497, "decode.acc_seg": 88.38877868652344, "aux_0.loss_ce": 0.6660631537437439, "aux_0.acc_seg": 80.42644500732422, "aux_1.loss_ce": 0.4259247422218323, "aux_1.acc_seg": 86.30461120605469, "aux_2.loss_ce": 0.40000581443309785, "aux_2.acc_seg": 85.09188842773438, "aux_3.loss_ce": 0.4189909040927887, "aux_3.acc_seg": 83.1179428100586, "time": 0.8600584268569946, "iter": 60000, "memory": 2889, "step": 60000}
{"aAcc": 74.08, "mIoU": 47.75, "mAcc": 57.71, "avg_val_loss": 5.193773643817884, "data_time": 0.013186449805895487, "time": 0.36392625917991, "step": 60000}
{"lr": 0.0034507407905215665, "data_time": 0.11009747982025146, "loss": 2.3023182153701782, "decode.loss_ce": 0.2952068194746971, "decode.acc_seg": 86.21600341796875, "aux_0.loss_ce": 0.7334327220916748, "aux_0.acc_seg": 72.3826675415039, "aux_1.loss_ce": 0.46589129269123075, "aux_1.acc_seg": 79.04405975341797, "aux_2.loss_ce": 0.4034757614135742, "aux_2.acc_seg": 81.3985595703125, "aux_3.loss_ce": 0.40431160628795626, "aux_3.acc_seg": 81.4935531616211, "time": 1.2114408016204834, "iter": 70000, "memory": 2889, "step": 70000}
{"aAcc": 73.19, "mIoU": 46.01, "mAcc": 55.55, "avg_val_loss": 5.193536841963187, "data_time": 0.012545714775721232, "time": 0.3623006691535314, "step": 70000}
{"lr": 0.002426262391078836, "data_time": 0.009519410133361817, "loss": 2.108808159828186, "decode.loss_ce": 0.29134958386421206, "decode.acc_seg": 88.93367004394531, "aux_0.loss_ce": 0.6180976867675781, "aux_0.acc_seg": 78.14260864257812, "aux_1.loss_ce": 0.41318394541740416, "aux_1.acc_seg": 84.8467788696289, "aux_2.loss_ce": 0.38212317526340484, "aux_2.acc_seg": 86.08833312988281, "aux_3.loss_ce": 0.404053795337677, "aux_3.acc_seg": 85.43016815185547, "time": 0.8950772523880005, "iter": 80000, "memory": 2889, "step": 80000}
{"aAcc": 75.73, "mIoU": 47.17, "mAcc": 56.01, "avg_val_loss": 5.134021219857478, "data_time": 0.012608721852302551, "time": 0.3620730961362521, "step": 80000}
{"lr": 0.0013466131488271919, "data_time": 0.934665298461914, "loss": 2.1729923844337464, "decode.loss_ce": 0.27925730794668197, "decode.acc_seg": 87.90794372558594, "aux_0.loss_ce": 0.6967063188552857, "aux_0.acc_seg": 76.51611328125, "aux_1.loss_ce": 0.4259795695543289, "aux_1.acc_seg": 84.49622344970703, "aux_2.loss_ce": 0.38292692303657533, "aux_2.acc_seg": 85.17644500732422, "aux_3.loss_ce": 0.38812224566936493, "aux_3.acc_seg": 83.84805297851562, "time": 1.1356187343597413, "iter": 90000, "memory": 2889, "step": 90000}
{"aAcc": 76.01, "mIoU": 49.9, "mAcc": 59.46, "avg_val_loss": 5.081441810846938, "data_time": 0.013263056675593058, "time": 0.3610116069515546, "step": 90000}
{"lr": 0.0001, "data_time": 0.00916121006011963, "loss": 2.2813531875610353, "decode.loss_ce": 0.3144368723034859, "decode.acc_seg": 88.05661010742188, "aux_0.loss_ce": 0.6868953049182892, "aux_0.acc_seg": 75.00994873046875, "aux_1.loss_ce": 0.4453426331281662, "aux_1.acc_seg": 82.8630599975586, "aux_2.loss_ce": 0.4102161079645157, "aux_2.acc_seg": 84.5009994506836, "aux_3.loss_ce": 0.4244622617959976, "aux_3.acc_seg": 83.73960876464844, "time": 1.163877248764038, "iter": 100000, "memory": 2889, "step": 100000}
{"aAcc": 76.2, "mIoU": 49.19, "mAcc": 58.22, "avg_val_loss": 5.045346485392043, "data_time": 0.012190078695615133, "time": 0.35832391927639645, "step": 100000}
