{"lr": 0.0015943962641761188, "data_time": 0.010783720016479491, "loss": 1.8747988104820252, "decode.loss_seg": 0.4742751121520996, "aux_0.loss_seg": 0.3422711655497551, "aux_1.loss_seg": 0.3054757386445999, "aux_2.loss_seg": 0.36563011556863784, "aux_3.loss_seg": 0.3871466815471649, "time": 0.6434789180755616, "iter": 100, "memory": 19977, "step": 100}
{"aAcc": 50.53, "mIoU": 31.87, "mAcc": 47.91, "avg_val_loss": 0.0, "data_time": 0.013088664343190748, "time": 0.09070724387501561, "step": 100}
{"lr": 0.002194796531020685, "data_time": 0.5323823928833008, "loss": 1.4484261274337769, "decode.loss_seg": 0.4016151398420334, "aux_0.loss_seg": 0.2512358993291855, "aux_1.loss_seg": 0.24674958512187004, "aux_2.loss_seg": 0.2741162903606892, "aux_3.loss_seg": 0.27470921277999877, "time": 0.6625864267349243, "iter": 200, "memory": 34270, "step": 200}
{"aAcc": 55.26, "mIoU": 37.72, "mAcc": 59.42, "avg_val_loss": 0.0, "data_time": 0.017579643205664623, "time": 0.06850470893684475, "step": 200}
{"lr": 0.0027951967978652476, "data_time": 0.010253834724426269, "loss": 1.4646543622016908, "decode.loss_seg": 0.41488736867904663, "aux_0.loss_seg": 0.2463945284485817, "aux_1.loss_seg": 0.24695871621370316, "aux_2.loss_seg": 0.2718761369585991, "aux_3.loss_seg": 0.2845376119017601, "time": 0.5133248090744018, "iter": 300, "memory": 3093, "step": 300}
{"aAcc": 64.42, "mIoU": 47.98, "mAcc": 66.26, "avg_val_loss": 0.0, "data_time": 0.022509648882109542, "time": 0.07361606893868282, "step": 300}
{"lr": 0.0033955970647098093, "data_time": 0.4000384330749512, "loss": 1.5392543613910674, "decode.loss_seg": 0.4364855200052261, "aux_0.loss_seg": 0.24473558217287064, "aux_1.loss_seg": 0.24308379739522934, "aux_2.loss_seg": 0.29803323447704316, "aux_3.loss_seg": 0.31691621989011765, "time": 0.5321992635726929, "iter": 400, "memory": 3093, "step": 400}
{"aAcc": 49.91, "mIoU": 31.44, "mAcc": 48.04, "avg_val_loss": 0.0, "data_time": 0.05309592718365549, "time": 0.10408197052177341, "step": 400}
{"lr": 0.003995997331554373, "data_time": 0.3383102178573608, "loss": 1.2768494427204131, "decode.loss_seg": 0.3726300746202469, "aux_0.loss_seg": 0.1988288328051567, "aux_1.loss_seg": 0.21069618612527846, "aux_2.loss_seg": 0.23606731444597245, "aux_3.loss_seg": 0.25862703919410707, "time": 0.47070457935333254, "iter": 500, "memory": 3093, "step": 500}
{"aAcc": 60.97, "mIoU": 42.33, "mAcc": 60.94, "avg_val_loss": 0.0, "data_time": 0.03601544752888296, "time": 0.0868911633546325, "step": 500}
{"lr": 0.0045963975983989375, "data_time": 0.2611872434616089, "loss": 1.1829647481441499, "decode.loss_seg": 0.34058348536491395, "aux_0.loss_seg": 0.18292364105582237, "aux_1.loss_seg": 0.19225168749690055, "aux_2.loss_seg": 0.22870765775442123, "aux_3.loss_seg": 0.23849830776453018, "time": 0.6036671876907349, "iter": 600, "memory": 3093, "step": 600}
{"aAcc": 62.67, "mIoU": 44.05, "mAcc": 61.42, "avg_val_loss": 0.0, "data_time": 0.046147831555070545, "time": 0.09747694552629843, "step": 600}
