{"lr": 0.0015943962641761188, "data_time": 0.18957173824310303, "loss": 4.640307068824768, "decode.loss_ce": 2.2064205408096313, "decode.acc_seg": 73.71822357177734, "aux_0.loss_ce": 0.45752358734607695, "aux_0.acc_seg": 76.48094177246094, "aux_1.loss_seg": 0.6625691592693329, "aux_2.loss_ce": 0.6070963501930237, "aux_2.acc_seg": 68.24072265625, "aux_3.loss_ce": 0.7066973924636841, "aux_3.acc_seg": 75.63644409179688, "time": 0.5673387289047241, "iter": 100, "memory": 4877, "step": 100}
