{"lr": 0.0015943962641761188, "data_time": 0.2955928325653076, "loss": 4.70353136062622, "decode.loss_ce": 2.947778582572937, "decode.acc_seg": 71.90411376953125, "aux_0.loss_ce": 0.5314235329627991, "aux_0.acc_seg": 73.7423324584961, "aux_1.loss_ce": 0.6536051511764527, "aux_1.acc_seg": 57.29194641113281, "aux_2.loss_ce": 0.5707241415977478, "aux_2.acc_seg": 72.48661041259766, "time": 0.6101309537887574, "iter": 100, "memory": 36495, "step": 100}
{"aAcc": 58.96, "mIoU": 40.34, "mAcc": 57.55, "avg_val_loss": 8.526119696815112, "data_time": 0.013990050138429154, "time": 0.13345322220824485, "step": 100}
{"lr": 0.002194796531020685, "data_time": 0.016073083877563475, "loss": 4.399975848197937, "decode.loss_ce": 2.686926174163818, "decode.acc_seg": 71.8409423828125, "aux_0.loss_ce": 0.5253985911607743, "aux_0.acc_seg": 75.54105377197266, "aux_1.loss_ce": 0.6515487372875214, "aux_1.acc_seg": 65.87505340576172, "aux_2.loss_ce": 0.5361023992300034, "aux_2.acc_seg": 76.39616394042969, "time": 0.5133740901947021, "iter": 200, "memory": 8911, "step": 200}
{"aAcc": 42.05, "mIoU": 26.22, "mAcc": 47.59, "avg_val_loss": 11.212381863977477, "data_time": 0.01038136153385557, "time": 0.12397557291491278, "step": 200}
{"lr": 0.0027951967978652476, "data_time": 0.31364974975585935, "loss": 3.8480872631073, "decode.loss_ce": 2.2840408086776733, "decode.acc_seg": 80.20822143554688, "aux_0.loss_ce": 0.4878957659006119, "aux_0.acc_seg": 80.26166534423828, "aux_1.loss_ce": 0.6257367014884949, "aux_1.acc_seg": 68.55305480957031, "aux_2.loss_ce": 0.45041401088237765, "aux_2.acc_seg": 80.69955444335938, "time": 0.5039890527725219, "iter": 300, "memory": 2952, "step": 300}
{"aAcc": 74.02, "mIoU": 55.68, "mAcc": 69.96, "avg_val_loss": 9.313978749931904, "data_time": 0.008272195684498754, "time": 0.12540416881955904, "step": 300}
{"lr": 0.0033955970647098093, "data_time": 0.3746936321258545, "loss": 3.3677154064178465, "decode.loss_ce": 2.064269208908081, "decode.acc_seg": 84.71827697753906, "aux_0.loss_ce": 0.3891079843044281, "aux_0.acc_seg": 82.79922485351562, "aux_1.loss_ce": 0.5434644669294357, "aux_1.acc_seg": 72.60016632080078, "aux_2.loss_ce": 0.3708737432956696, "aux_2.acc_seg": 83.46211242675781, "time": 0.6147485256195069, "iter": 400, "memory": 2952, "step": 400}
{"aAcc": 59.99, "mIoU": 42.58, "mAcc": 60.89, "avg_val_loss": 8.899086867115999, "data_time": 0.008650941410283932, "time": 0.11222336484097886, "step": 400}
