{"lr": 0.0015943962641761188, "data_time": 0.06890313625335694, "loss": 4.385693168640136, "decode.loss_ce": 0.6865513980388641, "decode.acc_seg": 70.4483871459961, "aux_0.loss_ce": 1.6241191744804382, "aux_0.acc_seg": 70.55272674560547, "aux_1.loss_ce": 0.869144183397293, "aux_1.acc_seg": 75.07666778564453, "aux_2.loss_ce": 0.6054709553718567, "aux_2.acc_seg": 76.77111053466797, "aux_3.loss_ce": 0.6004074692726136, "aux_3.acc_seg": 75.9749984741211, "time": 0.7248940229415893, "iter": 100, "memory": 19654, "step": 100}
{"aAcc": 51.05, "mIoU": 36.16, "mAcc": 55.85, "avg_val_loss": 4.878846115187595, "data_time": 0.014240780542063158, "time": 0.14033469765685325, "step": 100}
{"lr": 0.002194796531020685, "data_time": 0.641347336769104, "loss": 3.0477771759033203, "decode.loss_ce": 0.5892198801040649, "decode.acc_seg": 70.6215591430664, "aux_0.loss_ce": 0.8298012971878052, "aux_0.acc_seg": 72.96121978759766, "aux_1.loss_ce": 0.6097317934036255, "aux_1.acc_seg": 74.54222106933594, "aux_2.loss_ce": 0.5201851844787597, "aux_2.acc_seg": 75.32727813720703, "aux_3.loss_ce": 0.49883902072906494, "aux_3.acc_seg": 74.9092788696289, "time": 0.861988115310669, "iter": 200, "memory": 34222, "step": 200}
{"aAcc": 59.95, "mIoU": 45.12, "mAcc": 62.21, "avg_val_loss": 4.164607333858111, "data_time": 0.016104890012193, "time": 0.10950243336030807, "step": 200}
{"lr": 0.0027951967978652476, "data_time": 0.27644507884979247, "loss": 2.4246093392372132, "decode.loss_ce": 0.48667356073856355, "decode.acc_seg": 78.22450256347656, "aux_0.loss_ce": 0.6309800177812577, "aux_0.acc_seg": 82.22344207763672, "aux_1.loss_ce": 0.4923265099525452, "aux_1.acc_seg": 85.00794219970703, "aux_2.loss_ce": 0.4093748778104782, "aux_2.acc_seg": 84.62017059326172, "aux_3.loss_ce": 0.40525447130203246, "aux_3.acc_seg": 84.00544738769531, "time": 0.4990438461303711, "iter": 300, "memory": 3357, "step": 300}
{"aAcc": 75.38, "mIoU": 57.83, "mAcc": 71.05, "avg_val_loss": 4.125369906744994, "data_time": 0.007910681867051399, "time": 0.1020312035220793, "step": 300}
{"lr": 0.0033955970647098093, "data_time": 0.00909721851348877, "loss": 2.3311120867729187, "decode.loss_ce": 0.48674885630607606, "decode.acc_seg": 80.68438720703125, "aux_0.loss_ce": 0.5711847752332687, "aux_0.acc_seg": 79.94438934326172, "aux_1.loss_ce": 0.45615089535713194, "aux_1.acc_seg": 81.95677947998047, "aux_2.loss_ce": 0.4075649827718735, "aux_2.acc_seg": 81.18305969238281, "aux_3.loss_ce": 0.4094625860452652, "aux_3.acc_seg": 82.5326156616211, "time": 0.5562793970108032, "iter": 400, "memory": 3357, "step": 400}
{"aAcc": 78.3, "mIoU": 59.13, "mAcc": 71.53, "avg_val_loss": 3.878993960805455, "data_time": 0.013085277601220142, "time": 0.10638383887279992, "step": 400}
{"lr": 0.003995997331554373, "data_time": 0.026206088066101075, "loss": 2.103627920150757, "decode.loss_ce": 0.43907955586910247, "decode.acc_seg": 77.51577758789062, "aux_0.loss_ce": 0.5012096196413041, "aux_0.acc_seg": 70.04622650146484, "aux_1.loss_ce": 0.41296164095401766, "aux_1.acc_seg": 74.93988800048828, "aux_2.loss_ce": 0.37746904492378236, "aux_2.acc_seg": 75.41183471679688, "aux_3.loss_ce": 0.37290804982185366, "aux_3.acc_seg": 77.8209457397461, "time": 0.6682599544525146, "iter": 500, "memory": 3357, "step": 500}
{"aAcc": 61.88, "mIoU": 44.94, "mAcc": 61.63, "avg_val_loss": 3.777664522138255, "data_time": 0.007754731452328035, "time": 0.10092169937046094, "step": 500}
{"lr": 0.0045963975983989375, "data_time": 0.290104603767395, "loss": 1.930899441242218, "decode.loss_ce": 0.3998246729373932, "decode.acc_seg": 88.65467071533203, "aux_0.loss_ce": 0.47034085988998414, "aux_0.acc_seg": 88.60955810546875, "aux_1.loss_ce": 0.3672842293977737, "aux_1.acc_seg": 89.29166412353516, "aux_2.loss_ce": 0.34054312109947205, "aux_2.acc_seg": 90.14722442626953, "aux_3.loss_ce": 0.3529065728187561, "aux_3.acc_seg": 89.47994232177734, "time": 0.5116989612579346, "iter": 600, "memory": 3357, "step": 600}
{"aAcc": 64.59, "mIoU": 45.83, "mAcc": 64.47, "avg_val_loss": 3.7094337363776404, "data_time": 0.008972576294822255, "time": 0.10243089445706072, "step": 600}
{"lr": 0.005196797865243495, "data_time": 0.3479808568954468, "loss": 1.9260541319847106, "decode.loss_ce": 0.3870862782001495, "decode.acc_seg": 83.08922576904297, "aux_0.loss_ce": 0.452558645606041, "aux_0.acc_seg": 82.82427978515625, "aux_1.loss_ce": 0.3868288427591324, "aux_1.acc_seg": 83.9437255859375, "aux_2.loss_ce": 0.3546600371599197, "aux_2.acc_seg": 82.5683364868164, "aux_3.loss_ce": 0.34492034614086153, "aux_3.acc_seg": 83.7757797241211, "time": 0.5693914651870727, "iter": 700, "memory": 3357, "step": 700}
{"aAcc": 81.78, "mIoU": 65.37, "mAcc": 76.62, "avg_val_loss": 3.589232728156006, "data_time": 0.04348764200320189, "time": 0.13604597935731383, "step": 700}
{"lr": 0.005797198132088056, "data_time": 0.3020320415496826, "loss": 1.9170189380645752, "decode.loss_ce": 0.37027805149555204, "decode.acc_seg": 85.58372497558594, "aux_0.loss_ce": 0.49209403395652773, "aux_0.acc_seg": 84.64500427246094, "aux_1.loss_ce": 0.379848450422287, "aux_1.acc_seg": 87.75978088378906, "aux_2.loss_ce": 0.33674207627773284, "aux_2.acc_seg": 88.46050262451172, "aux_3.loss_ce": 0.3380563884973526, "aux_3.acc_seg": 88.03411102294922, "time": 0.7053573608398438, "iter": 800, "memory": 3357, "step": 800}
{"aAcc": 82.24, "mIoU": 66.66, "mAcc": 78.16, "avg_val_loss": 3.5400595628242524, "data_time": 0.023602343153679508, "time": 0.1166714087299917, "step": 800}
{"lr": 0.006397598398932616, "data_time": 0.4319462776184082, "loss": 2.0531139373779297, "decode.loss_ce": 0.3926074206829071, "decode.acc_seg": 83.65605926513672, "aux_0.loss_ce": 0.48653191328048706, "aux_0.acc_seg": 82.37171936035156, "aux_1.loss_ce": 0.4050034314393997, "aux_1.acc_seg": 82.84805297851562, "aux_2.loss_ce": 0.3830860435962677, "aux_2.acc_seg": 82.84833526611328, "aux_3.loss_ce": 0.3858851492404938, "aux_3.acc_seg": 85.07694244384766, "time": 0.6592648744583129, "iter": 900, "memory": 3357, "step": 900}
{"aAcc": 80.18, "mIoU": 63.67, "mAcc": 75.59, "avg_val_loss": 3.480371956465992, "data_time": 0.03985594332903281, "time": 0.13227373704142953, "step": 900}
{"lr": 0.0069979986657771765, "data_time": 0.30390002727508547, "loss": 1.7910569310188293, "decode.loss_ce": 0.3360466569662094, "decode.acc_seg": 83.51438903808594, "aux_0.loss_ce": 0.4318905174732208, "aux_0.acc_seg": 82.9568862915039, "aux_1.loss_ce": 0.355514794588089, "aux_1.acc_seg": 85.53694915771484, "aux_2.loss_ce": 0.3332152158021927, "aux_2.acc_seg": 86.30522155761719, "aux_3.loss_ce": 0.33438971936702727, "aux_3.acc_seg": 85.22444915771484, "time": 0.5244992494583129, "iter": 1000, "memory": 3357, "step": 1000}
{"aAcc": 76.15, "mIoU": 57.59, "mAcc": 70.56, "avg_val_loss": 3.46145384963384, "data_time": 0.006503601183836487, "time": 0.09923004007887566, "step": 1000}
{"lr": 0.0075983989326217465, "data_time": 0.3886532783508301, "loss": 1.629996418952942, "decode.loss_ce": 0.31647429466247556, "decode.acc_seg": 88.37694549560547, "aux_0.loss_ce": 0.3910634547472, "aux_0.acc_seg": 85.27300262451172, "aux_1.loss_ce": 0.32505315244197847, "aux_1.acc_seg": 88.54127502441406, "aux_2.loss_ce": 0.29511408805847167, "aux_2.acc_seg": 89.41283416748047, "aux_3.loss_ce": 0.3022914409637451, "aux_3.acc_seg": 88.71761322021484, "time": 0.6415956497192383, "iter": 1100, "memory": 3357, "step": 1100}
{"aAcc": 81.77, "mIoU": 65.11, "mAcc": 76.43, "avg_val_loss": 3.2868877988602767, "data_time": 0.022810615342238855, "time": 0.11531508379969103, "step": 1100}
{"lr": 0.008198799199466306, "data_time": 0.009268236160278321, "loss": 1.6069124817848206, "decode.loss_ce": 0.29900729954242705, "decode.acc_seg": 89.7106704711914, "aux_0.loss_ce": 0.39095729887485503, "aux_0.acc_seg": 82.20488739013672, "aux_1.loss_ce": 0.32797625064849856, "aux_1.acc_seg": 85.98844909667969, "aux_2.loss_ce": 0.2979411095380783, "aux_2.acc_seg": 89.00927734375, "aux_3.loss_ce": 0.2910304948687553,