{"lr": 0.0015943962641761188, "data_time": 0.011521148681640624, "loss": 4.052351379394532, "decode.loss_seg": 1.3705867171287536, "aux_0.loss_seg": 0.647092753648758, "aux_1.loss_seg": 0.6920974135398865, "aux_2.loss_seg": 0.6169303297996521, "aux_3.loss_seg": 0.7256442368030548, "time": 0.7114568233489991, "iter": 100, "memory": 37487, "step": 100}
{"aAcc": 54.68, "mIoU": 39.67, "mAcc": 60.28, "avg_val_loss": 0.0, "data_time": 0.007881333661633868, "time": 0.2507727645164312, "step": 100}
{"lr": 0.002194796531020685, "data_time": 0.011217260360717773, "loss": 3.1395649671554566, "decode.loss_seg": 0.984092515707016, "aux_0.loss_seg": 0.48352830708026884, "aux_1.loss_seg": 0.5668700963258744, "aux_2.loss_seg": 0.5248603343963623, "aux_3.loss_seg": 0.580213725566864, "time": 0.7140373706817627, "iter": 200, "memory": 26420, "step": 200}
{"aAcc": 60.45, "mIoU": 44.42, "mAcc": 62.34, "avg_val_loss": 0.0, "data_time": 0.006170286529365627, "time": 0.23124129196693158, "step": 200}
{"lr": 0.0027951967978652476, "data_time": 0.010919690132141113, "loss": 2.7996816396713258, "decode.loss_seg": 0.9065207302570343, "aux_0.loss_seg": 0.494806370139122, "aux_1.loss_seg": 0.4770548492670059, "aux_2.loss_seg": 0.4299622029066086, "aux_3.loss_seg": 0.49133741557598115, "time": 0.7147930145263672, "iter": 300, "memory": 26420, "step": 300}
{"aAcc": 71.46, "mIoU": 55.53, "mAcc": 71.18, "avg_val_loss": 0.0, "data_time": 0.0056494981393046765, "time": 0.2310169318626667, "step": 300}
{"lr": 0.0033955970647098093, "data_time": 0.012137818336486816, "loss": 2.253894591331482, "decode.loss_seg": 0.7330944895744324, "aux_0.loss_seg": 0.3536055415868759, "aux_1.loss_seg": 0.3813570559024811, "aux_2.loss_seg": 0.3708688884973526, "aux_3.loss_seg": 0.4149686247110367, "time": 0.7160318613052368, "iter": 400, "memory": 26420, "step": 400}
{"aAcc": 61.15, "mIoU": 45.0, "mAcc": 63.01, "avg_val_loss": 0.0, "data_time": 0.005968162383156261, "time": 0.231066161188586, "step": 400}
{"lr": 0.003995997331554373, "data_time": 0.010844945907592773, "loss": 2.9548093676567078, "decode.loss_seg": 1.0449827313423157, "aux_0.loss_seg": 0.48126334249973296, "aux_1.loss_seg": 0.4932898938655853, "aux_2.loss_seg": 0.4837174966931343, "aux_3.loss_seg": 0.45155591070652007, "time": 0.7146591901779175, "iter": 500, "memory": 26421, "step": 500}
{"aAcc": 73.2, "mIoU": 57.8, "mAcc": 73.24, "avg_val_loss": 0.0, "data_time": 0.005519894347793755, "time": 0.23080647128751908, "step": 500}
{"lr": 0.0045963975983989375, "data_time": 0.011464738845825195, "loss": 1.9861706137657165, "decode.loss_seg": 0.6671570897102356, "aux_0.loss_seg": 0.3163870707154274, "aux_1.loss_seg": 0.31801698803901673, "aux_2.loss_seg": 0.3299595534801483, "aux_3.loss_seg": 0.3546499252319336, "time": 0.7147487878799439, "iter": 600, "memory": 26420, "step": 600}
{"aAcc": 77.93, "mIoU": 63.17, "mAcc": 77.14, "avg_val_loss": 0.0, "data_time": 0.006171056593971691, "time": 0.23121993843166308, "step": 600}
{"lr": 0.005196797865243495, "data_time": 0.012188935279846191, "loss": 1.9535016536712646, "decode.loss_seg": 0.6431292444467545, "aux_0.loss_seg": 0.3106364443898201, "aux_1.loss_seg": 0.34503246545791627, "aux_2.loss_seg": 0.3045555055141449, "aux_3.loss_seg": 0.350148019194603, "time": 0.7150771856307984, "iter": 700, "memory": 26421, "step": 700}
{"aAcc": 74.11, "mIoU": 58.62, "mAcc": 73.61, "avg_val_loss": 0.0, "data_time": 0.006252982150549176, "time": 0.23168090020103016, "step": 700}
