{"lr": 0.0015943962641761188, "data_time": 0.4007114410400391, "loss": 4.3524129629135135, "decode.loss_ce": 0.5992797315120697, "decode.acc_seg": 76.57050323486328, "aux_0.loss_ce": 1.4820802807807922, "aux_0.acc_seg": 69.36016845703125, "aux_1.loss_ce": 0.9581959128379822, "aux_1.acc_seg": 68.77777862548828, "aux_2.loss_ce": 0.6902608335018158, "aux_2.acc_seg": 71.46316528320312, "aux_3.loss_ce": 0.6225961923599244, "aux_3.acc_seg": 75.36505889892578, "time": 0.620564341545105, "iter": 100, "memory": 19652, "step": 100}
{"aAcc": 56.68, "mIoU": 36.07, "mAcc": 53.39, "avg_val_loss": 4.9938642987382345, "data_time": 0.012326753416726755, "time": 0.13565344034239304, "step": 100}
{"lr": 0.002194796531020685, "data_time": 0.009380912780761719, "loss": 3.4938979625701903, "decode.loss_ce": 0.5225191503763199, "decode.acc_seg": 77.74544525146484, "aux_0.loss_ce": 0.9634221494197845, "aux_0.acc_seg": 55.665443420410156, "aux_1.loss_ce": 0.790175873041153, "aux_1.acc_seg": 58.79905700683594, "aux_2.loss_ce": 0.646279227733612, "aux_2.acc_seg": 77.47505950927734, "aux_3.loss_ce": 0.5715014815330506, "aux_3.acc_seg": 77.31133270263672, "time": 0.6989734411239624, "iter": 200, "memory": 34222, "step": 200}
{"aAcc": 52.78, "mIoU": 36.32, "mAcc": 55.47, "avg_val_loss": 5.018248686142135, "data_time": 0.007389452265596938, "time": 0.10246545692970013, "step": 200}
{"lr": 0.0027951967978652476, "data_time": 0.30726070404052735, "loss": 3.1514902353286742, "decode.loss_ce": 0.4281903117895126, "decode.acc_seg": 81.5721664428711, "aux_0.loss_ce": 0.8533254027366638, "aux_0.acc_seg": 63.94122314453125, "aux_1.loss_ce": 0.7341760218143463, "aux_1.acc_seg": 66.83988952636719, "aux_2.loss_ce": 0.5915797412395477, "aux_2.acc_seg": 73.82477569580078, "aux_3.loss_ce": 0.5442187756299972, "aux_3.acc_seg": 72.25922393798828, "time": 0.5242995262145996, "iter": 300, "memory": 3353, "step": 300}
{"aAcc": 55.72, "mIoU": 39.36, "mAcc": 57.98, "avg_val_loss": 4.744682740107847, "data_time": 0.007956274624528557, "time": 0.10328573742132077, "step": 300}
{"lr": 0.0033955970647098093, "data_time": 0.032431602478027344, "loss": 2.9337091207504273, "decode.loss_ce": 0.3710238993167877, "decode.acc_seg": 83.11577606201172, "aux_0.loss_ce": 0.7911327302455902, "aux_0.acc_seg": 70.96150207519531, "aux_1.loss_ce": 0.7023204028606415, "aux_1.acc_seg": 70.26805877685547, "aux_2.loss_ce": 0.5654454886913299, "aux_2.acc_seg": 73.63727569580078, "aux_3.loss_ce": 0.5037865519523621, "aux_3.acc_seg": 79.72683715820312, "time": 0.6599672079086304, "iter": 400, "memory": 3353, "step": 400}
{"aAcc": 46.58, "mIoU": 29.13, "mAcc": 49.14, "avg_val_loss": 4.914170200146778, "data_time": 0.007210399912691665, "time": 0.10305634586290381, "step": 400}
{"lr": 0.003995997331554373, "data_time": 0.4120987892150879, "loss": 2.782137942314148, "decode.loss_ce": 0.3563397884368896, "decode.acc_seg": 86.03600311279297, "aux_0.loss_ce": 0.7299983620643615, "aux_0.acc_seg": 62.03850173950195, "aux_1.loss_ce": 0.6379190623760224, "aux_1.acc_seg": 70.28116607666016, "aux_2.loss_ce": 0.5495289921760559, "aux_2.acc_seg": 77.55577850341797, "aux_3.loss_ce": 0.5083517462015152, "aux_3.acc_seg": 81.26361083984375, "time": 0.6506907939910889, "iter": 500, "memory": 3353, "step": 500}
{"aAcc": 46.76, "mIoU": 30.5, "mAcc": 50.78, "avg_val_loss": 5.186735442211056, "data_time": 0.007294523304906385, "time": 0.10172224044799805, "step": 500}
{"lr": 0.0045963975983989375, "data_time": 0.3464461088180542, "loss": 2.895543837547302, "decode.loss_ce": 0.3618530064821243, "decode.acc_seg": 82.97372436523438, "aux_0.loss_ce": 0.7792545616626739, "aux_0.acc_seg": 68.33483123779297, "aux_1.loss_ce": 0.6689381122589111, "aux_1.acc_seg": 66.48088836669922, "aux_2.loss_ce": 0.5747662723064423, "aux_2.acc_seg": 75.29166412353516, "aux_3.loss_ce": 0.5107318222522735, "aux_3.acc_seg": 77.71833038330078, "time": 0.5738464593887329, "iter": 600, "memory": 3353, "step": 600}
{"aAcc": 54.77, "mIoU": 37.94, "mAcc": 56.78, "avg_val_loss": 5.069900219101771, "data_time": 0.007642647315715921, "time": 0.10222846612162974, "step": 600}
{"lr": 0.005196797865243495, "data_time": 0.32031095027923584, "loss": 2.965585803985596, "decode.loss_ce": 0.3550273388624191, "decode.acc_seg": 83.33499908447266, "aux_0.loss_ce": 0.7897358179092407, "aux_0.acc_seg": 62.89788818359375, "aux_1.loss_ce": 0.6888519763946533, "aux_1.acc_seg": 67.697998046875, "aux_2.loss_ce": 0.5913682699203491, "aux_2.acc_seg": 74.62210845947266, "aux_3.loss_ce": 0.5406023979187011, "aux_3.acc_seg": 76.85455322265625, "time": 0.5426577806472779, "iter": 700, "memory": 3353, "step": 700}
{"aAcc": 50.07, "mIoU": 33.56, "mAcc": 52.93, "avg_val_loss": 5.229456351427307, "data_time": 0.006115831177810143, "time": 0.10094257058768437, "step": 700}
{"lr": 0.005797198132088056, "data_time": 0.4564749479293823, "loss": 2.6387850046157837, "decode.loss_ce": 0.3005932465195656, "decode.acc_seg": 85.81678009033203, "aux_0.loss_ce": 0.7282394349575043, "aux_0.acc_seg": 65.5639419555664, "aux_1.loss_ce": 0.6164621829986572, "aux_1.acc_seg": 71.69066619873047, "aux_2.loss_ce": 0.5295059621334076, "aux_2.acc_seg": 74.47838592529297, "aux_3.loss_ce": 0.46398423314094545, "aux_3.acc_seg": 83.82250213623047, "time": 0.6744760513305664, "iter": 800, "memory": 3353, "step": 800}
{"aAcc": 57.11, "mIoU": 40.02, "mAcc": 58.46, "avg_val_loss": 5.389551332318469, "data_time": 0.007271007559765345, "time": 0.10111652571579506, "step": 800}
{"lr": 0.006397598398932616, "data_time": 0.2848842144012451, "loss": 2.5695639848709106, "decode.loss_ce": 0.3087345600128174, "decode.acc_seg": 85.31500244140625, "aux_0.loss_ce": 0.7006773531436921, "aux_0.acc_seg": 63.994110107421875, "aux_1.loss_ce": 0.5899533092975616, "aux_1.acc_seg": 71.2794418334961, "aux_2.loss_ce": 0.4963232219219208, "aux_2.acc_seg": 74.17005920410156, "aux_3.loss_ce": 0.4738755226135254, "aux_3.acc_seg": 73.81510925292969, "time": 0.5052371501922608, "iter": 900, "memory": 3353, "step": 900}
{"aAcc": 69.03, "mIoU": 51.55, "mAcc": 66.96, "avg_val_loss": 5.188026574620029, "data_time": 0.007627246023594648, "time": 0.1034458012416445, "step": 900}
{"lr": 0.0069979986657771765, "data_time": 0.011608576774597168, "loss": 2.4704784870147707, "decode.loss_ce": 0.3006077840924263, "decode.acc_seg": 84.70244598388672, "aux_0.loss_ce": 0.6802212297916412, "aux_0.acc_seg": 68.78216552734375, "aux_1.loss_ce": 0.5582349956035614, "aux_1.acc_seg": 76.3746109008789, "aux_2.loss_ce": 0.4809981226921082, "aux_2.acc_seg": 77.82627868652344, "aux_3.loss_ce": 0.4504163533449173, "aux_3.acc_seg": 79.07144165039062, "time": 0.5596166133880616, "iter": 1000, "memory": 3353, "step": 1000}
{"aAcc": 62.24, "mIoU": 45.03, "mAcc": 62.36, "avg_val_loss": 5.401091041176291, "data_time": 0.006117390490126336, "time": 0.09911431389293451, "step": 1000}
{"lr": 0.0075983989326217465, "data_time": 0.010916328430175782, "loss": 2.267261815071106, "decode.loss_ce": 0.2553381577134132, "decode.acc_seg": 89.9068374633789, "aux_0.loss_ce": 0.6814385056495667, "aux_0.acc_seg": 66.19144439697266, "aux_1.loss_ce": 0.5323482811450958, "aux_1.acc_seg": 75.70344543457031, "aux_2.loss_ce": 0.42633841633796693, "aux_2.acc_seg": 82.13317108154297, "aux_3.loss_ce": 0.3717984765768051, "aux_3.acc_seg": 83.0719985961914, "time": 0.5766589403152466, "iter": 1100, "memory": 3353, "step": 1100}
{"aAcc": 45.06, "mIoU": 29.05, "mAcc": 49.7, "avg_val_loss": 5.844919443897337, "data_time": 0.007241235382255466, "time": 0.10084239641825359, "step": 1100}
{"lr": 0.008198799199466306, "data_time": 0.011047959327697754, "loss": 2.3846583366394043, "decode.loss_ce": 0.26503962725400926, "decode.acc_seg": 91.25205993652344, "aux_0.loss_ce": 0.6886317193508148, "aux_0.acc_seg": 68.61922454833984, "aux_1.loss_ce": 0.5521939069032669, "aux_1.acc_seg": 79.83272552490234, "aux_2.loss_ce": 0.45821520388126374, "aux_2.acc_seg": 86.50072479248047, "aux_3.loss_ce": 0.42057793140411376,