{"lr": 0.0015943962641761188, "data_time": 0.46341962814331056, "loss": 12.077520561218261, "decode.loss_ce": 2.5273067235946653, "decode.acc_seg": 79.23483276367188, "aux_0.loss_seg": 2.007197856903076, "aux_1.loss_seg": 2.2848749995231628, "aux_2.loss_seg": 2.6783154010772705, "aux_3.loss_ce": 2.5798257112503054, "aux_3.acc_seg": 78.93055725097656, "time": 0.6576587915420532, "iter": 100, "memory": 35754, "step": 100}
{"aAcc": 44.04, "mIoU": 27.13, "mAcc": 49.33, "avg_val_loss": 22.996641969123083, "data_time": 0.01414424874061762, "time": 0.07312149779741155, "step": 100}
{"lr": 0.002194796531020685, "data_time": 0.031297039985656736, "loss": 11.205629825592041, "decode.loss_ce": 2.3399254322052, "decode.acc_seg": 81.76083374023438, "aux_0.loss_seg": 1.8464216828346252, "aux_1.loss_seg": 2.163509738445282, "aux_2.loss_seg": 2.588584613800049, "aux_3.loss_ce": 2.267188477516174, "aux_3.acc_seg": 81.18622589111328, "time": 0.5246433734893798, "iter": 200, "memory": 8629, "step": 200}
{"aAcc": 61.15, "mIoU": 43.87, "mAcc": 61.44, "avg_val_loss": 17.754719435820107, "data_time": 0.013103890693050691, "time": 0.07557148494939694, "step": 200}
{"lr": 0.0027951967978652476, "data_time": 0.07221944332122802, "loss": 11.70325927734375, "decode.loss_ce": 2.5065638422966003, "decode.acc_seg": 70.33538818359375, "aux_0.loss_seg": 1.8883272886276246, "aux_1.loss_seg": 2.1282933235168455, "aux_2.loss_seg": 2.563002824783325, "aux_3.loss_ce": 2.6170722007751466, "aux_3.acc_seg": 72.24583435058594, "time": 0.6289072751998901, "iter": 300, "memory": 2057, "step": 300}
{"aAcc": 61.59, "mIoU": 43.49, "mAcc": 60.98, "avg_val_loss": 17.536492798760623, "data_time": 0.015014122272359914, "time": 0.07647503107443623, "step": 300}
{"lr": 0.0033955970647098093, "data_time": 0.3761296272277832, "loss": 9.570423221588134, "decode.loss_ce": 2.083816397190094, "decode.acc_seg": 84.50555419921875, "aux_0.loss_seg": 1.63284912109375, "aux_1.loss_seg": 1.8174696803092956, "aux_2.loss_seg": 2.0232688784599304, "aux_3.loss_ce": 2.0130192160606386, "aux_3.acc_seg": 82.81838989257812, "time": 0.4989842414855957, "iter": 400, "memory": 2057, "step": 400}
{"aAcc": 58.84, "mIoU": 41.77, "mAcc": 60.02, "avg_val_loss": 17.019185303073183, "data_time": 0.019670765975425983, "time": 0.08139004652527557, "step": 400}
{"lr": 0.003995997331554373, "data_time": 0.36223974227905276, "loss": 9.055682134628295, "decode.loss_ce": 1.7359890937805176, "decode.acc_seg": 85.69489288330078, "aux_0.loss_seg": 1.8204846620559691, "aux_1.loss_seg": 1.8303580284118652, "aux_2.loss_seg": 1.9612675309181213, "aux_3.loss_ce": 1.707582914829254, "aux_3.acc_seg": 85.39722442626953, "time": 0.5185373306274415, "iter": 500, "memory": 2057, "step": 500}
