{"lr": 0.0015930867963809803, "data_time": 0.7277543783187866, "loss": 7.632416725158691, "decode.loss_ce": 1.252224338054657, "decode.acc_seg": 72.92749786376953, "aux_0.loss_ce": 2.0789473176002504, "aux_0.acc_seg": 63.539554595947266, "aux_1.loss_ce": 1.6210553050041199, "aux_1.acc_seg": 67.47650146484375, "aux_2.loss_ce": 1.385951578617096, "aux_2.acc_seg": 70.4901123046875, "aux_3.loss_ce": 1.2942380964756013, "aux_3.acc_seg": 70.53233337402344, "time": 0.9259142875671387, "iter": 100, "memory": 19198, "step": 100}
