{"lr": 0.0015943962641761188, "data_time": 0.19495172500610353, "loss": 3.4379106521606446, "decode.loss_ce": 0.8720853269100189, "decode.acc_seg": 82.15789031982422, "aux_0.loss_ce": 0.6912628173828125, "aux_0.acc_seg": 74.06672668457031, "aux_1.loss_ce": 0.5829413831233978, "aux_1.acc_seg": 78.64588928222656, "aux_2.loss_seg": 0.6769191861152649, "aux_3.loss_seg": 0.614701896905899, "time": 0.7183574199676513, "iter": 100, "memory": 19659, "step": 100}
{"aAcc": 45.96, "mIoU": 31.97, "mAcc": 53.11, "avg_val_loss": 5.286356210185771, "data_time": 0.015102638754733774, "time": 0.19934342905532482, "step": 100}
{"lr": 0.002194796531020685, "data_time": 0.2810636520385742, "loss": 3.042133903503418, "decode.loss_ce": 0.7734759151935577, "decode.acc_seg": 78.2145004272461, "aux_0.loss_ce": 0.5943514406681061, "aux_0.acc_seg": 64.5606689453125, "aux_1.loss_ce": 0.5150189459323883, "aux_1.acc_seg": 73.32067108154297, "aux_2.loss_seg": 0.5999789476394654, "aux_3.loss_seg": 0.5593086779117584, "time": 0.6749157667160034, "iter": 200, "memory": 17139, "step": 200}
{"aAcc": 70.5, "mIoU": 54.51, "mAcc": 69.9, "avg_val_loss": 4.926461895916894, "data_time": 0.011371700243018139, "time": 0.16159516641463356, "step": 200}
{"lr": 0.0027951967978652476, "data_time": 0.16508958339691163, "loss": 3.0691097497940065, "decode.loss_ce": 0.8085186570882797, "decode.acc_seg": 79.0709457397461, "aux_0.loss_ce": 0.5318477898836136, "aux_0.acc_seg": 73.18122100830078, "aux_1.loss_ce": 0.4770571529865265, "aux_1.acc_seg": 83.18228149414062, "aux_2.loss_seg": 0.6492564499378204, "aux_3.loss_seg": 0.6024297386407852, "time": 0.6578206539154052, "iter": 300, "memory": 2691, "step": 300}
{"aAcc": 78.4, "mIoU": 62.89, "mAcc": 76.22, "avg_val_loss": 4.348849880474585, "data_time": 0.012277351028617772, "time": 0.16564029660718194, "step": 300}
{"lr": 0.0033955970647098093, "data_time": 0.015430116653442382, "loss": 2.661872959136963, "decode.loss_ce": 0.6524812281131744, "decode.acc_seg": 82.748779296875, "aux_0.loss_ce": 0.49673702120780944, "aux_0.acc_seg": 73.98149871826172, "aux_1.loss_ce": 0.42965822517871854, "aux_1.acc_seg": 80.6332778930664, "aux_2.loss_seg": 0.5599032580852509, "aux_3.loss_seg": 0.5230932593345642, "time": 0.6395113468170166, "iter": 400, "memory": 2691, "step": 400}
{"aAcc": 70.19, "mIoU": 54.47, "mAcc": 70.43, "avg_val_loss": 4.1178599806034075, "data_time": 0.010634797742997092, "time": 0.16558628246701998, "step": 400}
{"lr": 0.003995997331554373, "data_time": 0.37382192611694337, "loss": 2.3830413103103636, "decode.loss_ce": 0.5430855810642242, "decode.acc_seg": 89.9752197265625, "aux_0.loss_ce": 0.45581915974617004, "aux_0.acc_seg": 82.05928039550781, "aux_1.loss_ce": 0.3692742705345154, "aux_1.acc_seg": 86.83733367919922, "aux_2.loss_seg": 0.537761178612709, "aux_3.loss_seg": 0.47710115611553194, "time": 0.6998709440231323, "iter": 500, "memory": 2691, "step": 500}
{"aAcc": 67.94, "mIoU": 52.26, "mAcc": 68.94, "avg_val_loss": 4.189935339089723, "data_time": 0.011705132736556831, "time": 0.16640892796132756, "step": 500}
{"lr": 0.0045963975983989375, "data_time": 0.44404187202453616, "loss": 2.313697898387909, "decode.loss_ce": 0.5139943152666092, "decode.acc_seg": 86.49922180175781, "aux_0.loss_ce": 0.4544819802045822, "aux_0.acc_seg": 78.33027648925781, "aux_1.loss_ce": 0.3781101733446121, "aux_1.acc_seg": 81.5018310546875, "aux_2.loss_seg": 0.5240955591201782, "aux_3.loss_seg": 0.4430158793926239, "time": 0.7737839937210083, "iter": 600, "memory": 2691, "step": 600}
{"aAcc": 62.85, "mIoU": 45.82, "mAcc": 62.81, "avg_val_loss": 4.266622848736147, "data_time": 0.009921334255700824, "time": 0.16350911403524465, "step": 600}
{"lr": 0.005196797865243495, "data_time": 0.3656555414199829, "loss": 2.275493657588959, "decode.loss_ce": 0.49908034801483153, "decode.acc_seg": 89.72850036621094, "aux_0.loss_ce": 0.44750178754329684, "aux_0.acc_seg": 81.7997817993164, "aux_1.loss_ce": 0.375546994805336, "aux_1.acc_seg": 85.02066802978516, "aux_2.loss_seg": 0.5151856273412705, "aux_3.loss_seg": 0.4381788581609726, "time": 0.6980313301086426, "iter": 700, "memory": 2691, "step": 700}
{"aAcc": 63.43, "mIoU": 48.01, "mAcc": 65.55, "avg_val_loss": 4.302857289039401, "data_time": 0.011107485869835163, "time": 0.1660593213706181, "step": 700}
{"lr": 0.005797198132088056, "data_time": 0.013286876678466796, "loss": 2.0378424167633056, "decode.loss_ce": 0.47724382281303407, "decode.acc_seg": 93.55794525146484, "aux_0.loss_ce": 0.3912607282400131, "aux_0.acc_seg": 77.79421997070312, "aux_1.loss_ce": 0.29695598781108856, "aux_1.acc_seg": 86.9209976196289, "aux_2.loss_seg": 0.4571410298347473, "aux_3.loss_seg": 0.41524087488651273, "time": 0.7166357040405273, "iter": 800, "memory": 2691, "step": 800}
{"aAcc": 66.41, "mIoU": 50.83, "mAcc": 67.46, "avg_val_loss": 4.387989269253628, "data_time": 0.011842779729558134, "time": 0.16645658975360036, "step": 800}
{"lr": 0.006397598398932616, "data_time": 0.018534040451049803, "loss": 2.186333990097046, "decode.loss_ce": 0.47321200370788574, "decode.acc_seg": 86.13861083984375, "aux_0.loss_ce": 0.4014783054590225, "aux_0.acc_seg": 81.54833221435547, "aux_1.loss_ce": 0.3350107342004776, "aux_1.acc_seg": 83.91594696044922, "aux_2.loss_seg": 0.5155484676361084, "aux_3.loss_seg": 0.46108452379703524, "time": 0.6636218786239624, "iter": 900, "memory": 2691, "step": 900}
{"aAcc": 67.89, "mIoU": 52.45, "mAcc": 68.96, "avg_val_loss": 4.379985131821979, "data_time": 0.010605894286057045, "time": 0.16690383286311708, "step": 900}
{"lr": 0.0069979986657771765, "data_time": 0.03864219188690186, "loss": 2.1671977758407595, "decode.loss_ce": 0.5284404903650284, "decode.acc_seg": 83.84344482421875, "aux_0.loss_ce": 0.3988251149654388, "aux_0.acc_seg": 81.28250122070312, "aux_1.loss_ce": 0.32271563708782197, "aux_1.acc_seg": 84.58927917480469, "aux_2.loss_seg": 0.48237047493457796, "aux_3.loss_seg": 0.43484610617160796, "time": 0.7929749488830566, "iter": 1000, "memory": 2691, "step": 1000}
{"aAcc": 64.81, "mIoU": 49.42, "mAcc": 66.96, "avg_val_loss": 4.424207536754204, "data_time": 0.011347417173714474, "time": 0.16828273630690302, "step": 1000}
{"lr": 0.0075983989326217465, "data_time": 0.3268249988555908, "loss": 1.8546138763427735, "decode.loss_ce": 0.3754839688539505, "decode.acc_seg": 91.73355865478516, "aux_0.loss_ce": 0.3353579923510551, "aux_0.acc_seg": 87.35160827636719, "aux_1.loss_ce": 0.26992511600255964, "aux_1.acc_seg": 89.6881103515625, "aux_2.loss_seg": 0.47185547053813937, "aux_3.loss_seg": 0.40199131071567534, "time": 0.765330719947815, "iter": 1100, "memory": 2691, "step": 1100}
{"aAcc": 71.55, "mIoU": 52.6, "mAcc": 67.04, "avg_val_loss": 4.300810353065791, "data_time": 0.01129162448576127, "time": 0.16726081398711806, "step": 1100}
{"lr": 0.008198799199466306, "data_time": 0.31725358963012695, "loss": 1.9251248240470886, "decode.loss_ce": 0.4049873471260071, "decode.acc_seg": 86.31383514404297, "aux_0.loss_ce": 0.3638584703207016, "aux_0.acc_seg": 78.2169418334961, "aux_1.loss_ce": 0.2816105201840401, "aux_1.acc_seg": 81.4266128540039, "aux_2.loss_seg": 0.45850406885147094, "aux_3.loss_seg": 0.416164430975914, "time": 0.643629503250122, "iter": 1200, "memory": 2691, "step": 1200}
{"aAcc": 80.28, "mIoU": 64.62, "mAcc": 77.12, "avg_val_loss": 4.178883690321654, "data_time": 0.010783422952410818, "time": 0.16741084778445892, "step": 1200}
{"lr": 0.008799199466310867, "data_time": 0.1510397672653198, "loss": 2.0105205297470095, "decode.loss_ce": 0.4266574501991272, "decode.acc_seg": 89.91227722167969, "aux_0.loss_ce": 0.39762213826179504, "aux_0.acc_seg": 76.23522186279297, "aux_1.loss_ce": 0.32301357537508013, "aux_1.acc_seg": 79.41627502441406, "aux_2.loss_seg": 0.4634219229221344, "aux_3.loss_seg": 0.39980548620224, "time": 0.6890583753585815, "iter": 1300, "memory": 2691, "step": 1300}
{"aAcc": 72.89, "mIoU": 56.29, "mAcc": 70.98, "avg_val_loss": 4.329800964630485, "data_time": 0.01090788293158871, "time": 0.16613169648181433,