{"lr": 0.0015943962641761188, "data_time": 0.5629459619522095, "loss": 3.071753811836243, "decode.loss_ce": 0.6428180932998657, "decode.acc_seg": 68.85517120361328, "aux_0.loss_ce": 0.6632696330547333, "aux_0.acc_seg": 69.52244567871094, "aux_1.loss_ce": 0.6036328792572021, "aux_1.acc_seg": 70.38211059570312, "aux_2.loss_ce": 0.6014329493045807, "aux_2.acc_seg": 71.91616821289062, "aux_3.loss_ce": 0.5606002658605576, "aux_3.acc_seg": 71.84500122070312, "time": 0.7459733486175537, "iter": 100, "memory": 19749, "step": 100}
{"aAcc": 55.99, "mIoU": 39.53, "mAcc": 57.29, "avg_val_loss": 4.84907567291929, "data_time": 0.011407921480578046, "time": 0.11002121969710948, "step": 100}
{"lr": 0.002194796531020685, "data_time": 0.2494534969329834, "loss": 2.581445050239563, "decode.loss_ce": 0.5140229254961014, "decode.acc_seg": 78.35800170898438, "aux_0.loss_ce": 0.5764447301626205, "aux_0.acc_seg": 72.61705780029297, "aux_1.loss_ce": 0.5412640392780304, "aux_1.acc_seg": 74.22250366210938, "aux_2.loss_ce": 0.47968103885650637, "aux_2.acc_seg": 79.216552734375, "aux_3.loss_ce": 0.4700322598218918, "aux_3.acc_seg": 80.33460998535156, "time": 0.4418326854705811, "iter": 200, "memory": 34381, "step": 200}
{"aAcc": 69.7, "mIoU": 51.18, "mAcc": 65.67, "avg_val_loss": 4.348885975647391, "data_time": 0.008428499616425613, "time": 0.0888317590472342, "step": 200}
{"lr": 0.0027951967978652476, "data_time": 0.010158944129943847, "loss": 2.537555527687073, "decode.loss_ce": 0.49006582498550416, "decode.acc_seg": 83.82322692871094, "aux_0.loss_ce": 0.5894936174154282, "aux_0.acc_seg": 79.10688781738281, "aux_1.loss_ce": 0.572220379114151, "aux_1.acc_seg": 76.11011505126953, "aux_2.loss_ce": 0.4489827811717987, "aux_2.acc_seg": 85.97572326660156, "aux_3.loss_ce": 0.43679298758506774, "aux_3.acc_seg": 84.42200469970703, "time": 0.5505048036575317, "iter": 300, "memory": 2886, "step": 300}
{"aAcc": 71.27, "mIoU": 54.29, "mAcc": 68.75, "avg_val_loss": 3.9850594763431637, "data_time": 0.007478587928859667, "time": 0.08842520330144071, "step": 300}
{"lr": 0.0033955970647098093, "data_time": 0.009707331657409668, "loss": 2.188338375091553, "decode.loss_ce": 0.40257667303085326, "decode.acc_seg": 85.58599853515625, "aux_0.loss_ce": 0.5290062844753265, "aux_0.acc_seg": 77.14555358886719, "aux_1.loss_ce": 0.498259636759758, "aux_1.acc_seg": 78.6510009765625, "aux_2.loss_ce": 0.38376207947731017, "aux_2.acc_seg": 84.05994415283203, "aux_3.loss_ce": 0.3747337400913239, "aux_3.acc_seg": 86.35883331298828, "time": 0.720141077041626, "iter": 400, "memory": 2886, "step": 400}
{"aAcc": 69.98, "mIoU": 51.48, "mAcc": 66.19, "avg_val_loss": 3.904738659758056, "data_time": 0.006605723808551657, "time": 0.08664014695704668, "step": 400}
{"lr": 0.003995997331554373, "data_time": 0.013019132614135741, "loss": 2.3740654945373536, "decode.loss_ce": 0.4379292786121368, "decode.acc_seg": 79.13088989257812, "aux_0.loss_ce": 0.559962022304535, "aux_0.acc_seg": 74.71833038330078, "aux_1.loss_ce": 0.5439846187829971, "aux_1.acc_seg": 73.75133514404297, "aux_2.loss_ce": 0.4209615647792816, "aux_2.acc_seg": 80.070556640625, "aux_3.loss_ce": 0.41122801005840304, "aux_3.acc_seg": 80.39311218261719, "time": 0.685826587677002, "iter": 500, "memory": 2886, "step": 500}
{"aAcc": 62.51, "mIoU": 42.76, "mAcc": 59.49, "avg_val_loss": 3.929626194714454, "data_time": 0.007706765470833614, "time": 0.08946361486939178, "step": 500}
{"lr": 0.0045963975983989375, "data_time": 0.3349773406982422, "loss": 2.0788469910621643, "decode.loss_ce": 0.37734407782554624, "decode.acc_seg": 86.74122619628906, "aux_0.loss_ce": 0.5040175527334213, "aux_0.acc_seg": 81.67222595214844, "aux_1.loss_ce": 0.47954360842704774, "aux_1.acc_seg": 83.30316925048828, "aux_2.loss_ce": 0.364321693778038, "aux_2.acc_seg": 86.08544158935547, "aux_3.loss_ce": 0.3536200374364853, "aux_3.acc_seg": 87.67872619628906, "time": 0.5198186874389649, "iter": 600, "memory": 2886, "step": 600}
{"aAcc": 70.32, "mIoU": 51.97, "mAcc": 66.52, "avg_val_loss": 3.896716836883485, "data_time": 0.008578429276915803, "time": 0.09065397306420338, "step": 600}
{"lr": 0.005196797865243495, "data_time": 0.33121337890625, "loss": 2.0814777255058288, "decode.loss_ce": 0.3700478821992874, "decode.acc_seg": 85.84488677978516, "aux_0.loss_ce": 0.502437511086464, "aux_0.acc_seg": 77.58955383300781, "aux_1.loss_ce": 0.48436781764030457, "aux_1.acc_seg": 79.09427642822266, "aux_2.loss_ce": 0.3629927754402161, "aux_2.acc_seg": 86.58927917480469, "aux_3.loss_ce": 0.3616317391395569, "aux_3.acc_seg": 85.9267807006836, "time": 0.5140817880630493, "iter": 700, "memory": 2886, "step": 700}
{"aAcc": 69.25, "mIoU": 50.99, "mAcc": 65.96, "avg_val_loss": 4.187262028088496, "data_time": 0.008249132112524975, "time": 0.08807155729710371, "step": 700}
{"lr": 0.005797198132088056, "data_time": 0.3442161321640015, "loss": 2.1226388216018677, "decode.loss_ce": 0.3797222852706909, "decode.acc_seg": 89.64461517333984, "aux_0.loss_ce": 0.5109610557556152, "aux_0.acc_seg": 85.99461364746094, "aux_1.loss_ce": 0.49596547782421113, "aux_1.acc_seg": 85.96666717529297, "aux_2.loss_ce": 0.36853652000427245, "aux_2.acc_seg": 89.1241683959961, "aux_3.loss_ce": 0.36745349764823915, "aux_3.acc_seg": 88.4459457397461, "time": 0.5270179510116577, "iter": 800, "memory": 2886, "step": 800}
{"aAcc": 70.79, "mIoU": 54.26, "mAcc": 69.19, "avg_val_loss": 4.112549006715635, "data_time": 0.008775212298864606, "time": 0.09226767222086589, "step": 800}
{"lr": 0.006397598398932616, "data_time": 0.127167272567749, "loss": 2.015842688083649, "decode.loss_ce": 0.3564440906047821, "decode.acc_seg": 83.71505737304688, "aux_0.loss_ce": 0.48771045804023744, "aux_0.acc_seg": 76.17916870117188, "aux_1.loss_ce": 0.4712280213832855, "aux_1.acc_seg": 78.42033386230469, "aux_2.loss_ce": 0.3561179727315903, "aux_2.acc_seg": 81.71549987792969, "aux_3.loss_ce": 0.34434216022491454, "aux_3.acc_seg": 84.87283325195312, "time": 0.6573065996170044, "iter": 900, "memory": 2886, "step": 900}
{"aAcc": 71.07, "mIoU": 53.57, "mAcc": 68.44, "avg_val_loss": 4.050148723752294, "data_time": 0.008146729962579135, "time": 0.09098811533259249, "step": 900}
{"lr": 0.0069979986657771765, "data_time": 0.2695516586303711, "loss": 2.0020039200782778, "decode.loss_ce": 0.34684654176235197, "decode.acc_seg": 84.46344757080078, "aux_0.loss_ce": 0.4955854743719101, "aux_0.acc_seg": 67.06111145019531, "aux_1.loss_ce": 0.47183177769184115, "aux_1.acc_seg": 71.41661071777344, "aux_2.loss_ce": 0.3468149363994598, "aux_2.acc_seg": 83.0967788696289, "aux_3.loss_ce": 0.3409251868724823, "aux_3.acc_seg": 83.86438751220703, "time": 0.4518550157546997, "iter": 1000, "memory": 2886, "step": 1000}
{"aAcc": 71.79, "mIoU": 56.3, "mAcc": 71.46, "avg_val_loss": 4.038865917598644, "data_time": 0.007166615847883554, "time": 0.09030572025255225, "step": 1000}
