{"lr": 0.0015943962641761188, "data_time": 0.4214740037918091, "loss": 4.514391231536865, "decode.loss_ce": 0.6334732472896576, "decode.acc_seg": 64.95027923583984, "aux_0.loss_ce": 1.580635130405426, "aux_0.acc_seg": 72.93538665771484, "aux_1.loss_ce": 0.947562825679779, "aux_1.acc_seg": 78.37555694580078, "aux_2.loss_ce": 0.7089840710163117, "aux_2.acc_seg": 72.81355285644531, "aux_3.loss_ce": 0.6437359988689423, "aux_3.acc_seg": 72.36917114257812, "time": 0.6372732162475586, "iter": 100, "memory": 19642, "step": 100}
{"aAcc": 45.86, "mIoU": 31.98, "mAcc": 53.5, "avg_val_loss": 5.463866645306871, "data_time": 0.011631937914116437, "time": 0.1365341530289761, "step": 100}
{"lr": 0.002194796531020685, "data_time": 0.29506802558898926, "loss": 3.361904191970825, "decode.loss_ce": 0.5063008397817612, "decode.acc_seg": 76.76811218261719, "aux_0.loss_ce": 0.9648732423782349, "aux_0.acc_seg": 73.48722076416016, "aux_1.loss_ce": 0.7374563038349151, "aux_1.acc_seg": 73.56983184814453, "aux_2.loss_ce": 0.6116059362888336, "aux_2.acc_seg": 73.11827850341797, "aux_3.loss_ce": 0.5416678488254547, "aux_3.acc_seg": 73.58772277832031, "time": 0.5140009880065918, "iter": 200, "memory": 34218, "step": 200}
{"aAcc": 44.46, "mIoU": 30.88, "mAcc": 53.03, "avg_val_loss": 5.637080720032168, "data_time": 0.008323663952706874, "time": 0.10419365181320014, "step": 200}
{"lr": 0.0027951967978652476, "data_time": 0.014711523056030273, "loss": 3.3996235370635985, "decode.loss_ce": 0.5255007684230805, "decode.acc_seg": 80.30210876464844, "aux_0.loss_ce": 0.9008184790611267, "aux_0.acc_seg": 49.30010986328125, "aux_1.loss_ce": 0.7224013566970825, "aux_1.acc_seg": 67.73661041259766, "aux_2.loss_ce": 0.6488624095916748, "aux_2.acc_seg": 74.44283294677734, "aux_3.loss_ce": 0.6020404905080795, "aux_3.acc_seg": 74.87322235107422, "time": 0.6044668674468994, "iter": 300, "memory": 3342, "step": 300}
{"aAcc": 75.96, "mIoU": 58.01, "mAcc": 71.66, "avg_val_loss": 4.883248980805191, "data_time": 0.008551153643377897, "time": 0.103855160461075, "step": 300}
{"lr": 0.0033955970647098093, "data_time": 0.19880025386810302, "loss": 2.99187593460083, "decode.loss_ce": 0.4379533976316452, "decode.acc_seg": 80.04716491699219, "aux_0.loss_ce": 0.8069644570350647, "aux_0.acc_seg": 76.68600463867188, "aux_1.loss_ce": 0.6516319274902344, "aux_1.acc_seg": 74.45905303955078, "aux_2.loss_ce": 0.558492973446846, "aux_2.acc_seg": 76.69110870361328, "aux_3.loss_ce": 0.5368331938982009, "aux_3.acc_seg": 76.99555969238281, "time": 0.5213827610015869, "iter": 400, "memory": 3342, "step": 400}
{"aAcc": 41.97, "mIoU": 26.34, "mAcc": 47.38, "avg_val_loss": 5.970517440802522, "data_time": 0.008120312087837306, "time": 0.10360111039260338, "step": 400}
{"lr": 0.003995997331554373, "data_time": 0.04429347515106201, "loss": 3.0019726276397707, "decode.loss_ce": 0.4074417680501938, "decode.acc_seg": 81.30561065673828, "aux_0.loss_ce": 0.7913802862167358, "aux_0.acc_seg": 61.586334228515625, "aux_1.loss_ce": 0.6804343879222869, "aux_1.acc_seg": 69.21077728271484, "aux_2.loss_ce": 0.5876606702804565, "aux_2.acc_seg": 71.14572143554688, "aux_3.loss_ce": 0.5350555539131164, "aux_3.acc_seg": 76.6572265625, "time": 0.534127163887024, "iter": 500, "memory": 3342, "step": 500}
{"aAcc": 76.69, "mIoU": 59.67, "mAcc": 73.27, "avg_val_loss": 5.425892356560942, "data_time": 0.007558428007980873, "time": 0.10346720136445144, "step": 500}
{"lr": 0.0045963975983989375, "data_time": 0.04624419212341309, "loss": 2.7145923137664796, "decode.loss_ce": 0.39921574890613554, "decode.acc_seg": 76.86189270019531, "aux_0.loss_ce": 0.7511107325553894, "aux_0.acc_seg": 61.62516784667969, "aux_1.loss_ce": 0.5804449141025543, "aux_1.acc_seg": 74.79827880859375, "aux_2.loss_ce": 0.5066945880651474, "aux_2.acc_seg": 75.88994598388672, "aux_3.loss_ce": 0.47712635397911074, "aux_3.acc_seg": 73.56316375732422, "time": 0.5373125791549682, "iter": 600, "memory": 3342, "step": 600}
{"aAcc": 74.08, "mIoU": 57.14, "mAcc": 71.63, "avg_val_loss": 5.0811281304290885, "data_time": 0.0071886901197762325, "time": 0.10259891104424136, "step": 600}
{"lr": 0.005196797865243495, "data_time": 0.09108116626739501, "loss": 2.9121446132659914, "decode.loss_ce": 0.41880103647708894, "decode.acc_seg": 80.47994232177734, "aux_0.loss_ce": 0.7392893552780151, "aux_0.acc_seg": 62.69139099121094, "aux_1.loss_ce": 0.6436561465263366, "aux_1.acc_seg": 65.8197250366211, "aux_2.loss_ce": 0.5702173292636872, "aux_2.acc_seg": 70.37472534179688, "aux_3.loss_ce": 0.5401807695627212, "aux_3.acc_seg": 73.15083312988281, "time": 0.7257389783859253, "iter": 700, "memory": 3342, "step": 700}
{"aAcc": 67.21, "mIoU": 49.44, "mAcc": 65.86, "avg_val_loss": 5.024506510436884, "data_time": 0.007871203038884306, "time": 0.10359255746863354, "step": 700}
{"lr": 0.005797198132088056, "data_time": 0.19467883110046386, "loss": 2.7555832386016847, "decode.loss_ce": 0.366193388402462, "decode.acc_seg": 83.73672485351562, "aux_0.loss_ce": 0.7451627194881439, "aux_0.acc_seg": 73.84078216552734, "aux_1.loss_ce": 0.6220188409090042, "aux_1.acc_seg": 71.59488677978516, "aux_2.loss_ce": 0.5465533912181855, "aux_2.acc_seg": 75.40472412109375, "aux_3.loss_ce": 0.47565491795539855, "aux_3.acc_seg": 75.32477569580078, "time": 0.6270720958709717, "iter": 800, "memory": 3342, "step": 800}
{"aAcc": 58.02, "mIoU": 41.3, "mAcc": 59.98, "avg_val_loss": 5.274066601253567, "data_time": 0.007152012024802723, "time": 0.10298984900288198, "step": 800}
{"lr": 0.006397598398932616, "data_time": 0.4067619800567627, "loss": 2.698221945762634, "decode.loss_ce": 0.3362105369567871, "decode.acc_seg": 84.18321990966797, "aux_0.loss_ce": 0.7355769395828247, "aux_0.acc_seg": 55.45794677734375, "aux_1.loss_ce": 0.6177903920412063, "aux_1.acc_seg": 70.9532241821289, "aux_2.loss_ce": 0.5301061421632767, "aux_2.acc_seg": 72.8282241821289, "aux_3.loss_ce": 0.47853791117668154, "aux_3.acc_seg": 74.25072479248047, "time": 0.6529834508895874, "iter": 900, "memory": 3342, "step": 900}
{"aAcc": 61.15, "mIoU": 43.77, "mAcc": 61.06, "avg_val_loss": 5.492673713454882, "data_time": 0.00838010886619831, "time": 0.1030446386885369, "step": 900}
{"lr": 0.0069979986657771765, "data_time": 0.00948801040649414, "loss": 2.6614402532577515, "decode.loss_ce": 0.30428792387247083, "decode.acc_seg": 88.58977508544922, "aux_0.loss_ce": 0.734711879491806, "aux_0.acc_seg": 63.84955596923828, "aux_1.loss_ce": 0.6483917474746704, "aux_1.acc_seg": 71.91783142089844, "aux_2.loss_ce": 0.535345795750618, "aux_2.acc_seg": 79.7316665649414, "aux_3.loss_ce": 0.4387029379606247, "aux_3.acc_seg": 80.41911315917969, "time": 0.501463770866394, "iter": 1000, "memory": 3342, "step": 1000}
{"aAcc": 47.78, "mIoU": 32.53, "mAcc": 53.39, "avg_val_loss": 6.6296913676007465, "data_time": 0.006276577368549917, "time": 0.1024674766365139, "step": 1000}
{"lr": 0.0075983989326217465, "data_time": 0.25143210887908934, "loss": 2.7308836460113524, "decode.loss_ce": 0.34367829114198684, "decode.acc_seg": 90.20116424560547, "aux_0.loss_ce": 0.734618628025055, "aux_0.acc_seg": 62.94722366333008, "aux_1.loss_ce": 0.6164958894252777, "aux_1.acc_seg": 76.92294311523438, "aux_2.loss_ce": 0.541851806640625, "aux_2.acc_seg": 82.68399810791016, "aux_3.loss_ce": 0.4942390382289886, "aux_3.acc_seg": 82.58861541748047, "time": 0.5997424125671387, "iter": 1100, "memory": 3342, "step": 1100}
{"aAcc": 71.93, "mIoU": 55.6, "mAcc": 70.75, "avg_val_loss": 6.427757474917331, "data_time": 0.007291804785015939, "time": 0.10281076376465545, "step": 1100}
{"lr": 0.008198799199466306, "data_time": 0.3060258388519287, "loss": 2.5759638786315917, "decode.loss_ce": 0.3105303719639778, "decode.acc_seg": 88.03105926513672, "aux_0.loss_ce": 0.7234593629837036, "aux_0.acc_seg": 64.90567016601562, "aux_1.loss_ce": 0.5796812891960144, "aux_1.acc_seg": 74.26966857910156, "aux_2.loss_ce": 0.5014449447393418, "aux_2.acc_seg": 80.42466735839844, "aux_3.loss_ce": 0.4608478844165802, "aux_3.acc_seg": 82.23577880859375,