{"lr": 0.009977946193619735, "data_time": 0.35134320259094237, "loss": 1.246028685569763, "decode.loss_context": 0.8328797519207001, "decode.loss_spatial": 0.41314893364906313, "decode.acc_seg": 72.84907531738281, "time": 0.5654352188110352, "iter": 50, "memory": 6807, "step": 50}
{"lr": 0.009955436725093325, "data_time": 0.31233108043670654, "loss": 1.174011665582657, "decode.loss_context": 0.8028669357299805, "decode.loss_spatial": 0.3711447298526764, "decode.acc_seg": 88.1359634399414, "time": 0.5862315177917481, "iter": 100, "memory": 5279, "step": 100}
{"lr": 0.009932921600204743, "data_time": 0.02059938907623291, "loss": 1.09337557554245, "decode.loss_context": 0.7099976181983948, "decode.loss_spatial": 0.3833779752254486, "decode.acc_seg": 90.00975036621094, "time": 0.5441045999526978, "iter": 150, "memory": 5279, "step": 150}
{"lr": 0.009910400803279436, "data_time": 0.010979056358337402, "loss": 1.0600546956062318, "decode.loss_context": 0.7253508329391479, "decode.loss_spatial": 0.33470386266708374, "decode.acc_seg": 88.78778839111328, "time": 0.6175998210906982, "iter": 200, "memory": 5279, "step": 200}
{"lr": 0.009887874318559725, "data_time": 0.11199324131011963, "loss": 0.9896128594875335, "decode.loss_context": 0.6643753826618195, "decode.loss_spatial": 0.325237475335598, "decode.acc_seg": 92.29931640625, "time": 0.4747079610824585, "iter": 250, "memory": 5279, "step": 250}
{"lr": 0.009865342130204138, "data_time": 0.45161406993865966, "loss": 1.0439026951789856, "decode.loss_context": 0.7150037229061127, "decode.loss_spatial": 0.32889898419380187, "decode.acc_seg": 90.79065704345703, "time": 0.6704757690429688, "iter": 300, "memory": 5279, "step": 300}
{"lr": 0.00984280422228677, "data_time": 0.30889508724212644, "loss": 0.9483464777469635, "decode.loss_context": 0.6653270900249482, "decode.loss_spatial": 0.2830194056034088, "decode.acc_seg": 86.79963684082031, "time": 0.5299952983856201, "iter": 350, "memory": 5279, "step": 350}
{"lr": 0.009820260578796598, "data_time": 0.3521317958831787, "loss": 0.9281978011131287, "decode.loss_context": 0.6477061808109283, "decode.loss_spatial": 0.2804916173219681, "decode.acc_seg": 87.47869873046875, "time": 0.570097804069519, "iter": 400, "memory": 5279, "step": 400}
{"lr": 0.009797711183636806, "data_time": 0.30469000339508057, "loss": 0.9503076791763305, "decode.loss_context": 0.6418058037757873, "decode.loss_spatial": 0.3085018754005432, "decode.acc_seg": 92.65970611572266, "time": 0.5232818841934204, "iter": 450, "memory": 5279, "step": 450}
{"lr": 0.00977515602062414, "data_time": 0.34685616493225097, "loss": 0.9033039927482605, "decode.loss_context": 0.6227788269519806, "decode.loss_spatial": 0.2805251657962799, "decode.acc_seg": 91.36751556396484, "time": 0.5863249063491821, "iter": 500, "memory": 5279, "step": 500}
{"lr": 0.00975259507348816, "data_time": 0.25250864028930664, "loss": 0.9454942524433136, "decode.loss_context": 0.6298208504915237, "decode.loss_spatial": 0.3156733900308609, "decode.acc_seg": 93.89413452148438, "time": 0.5398029327392578, "iter": 550, "memory": 5279, "step": 550}
{"lr": 0.009730028325870601, "data_time": 0.06793169975280762, "loss": 0.8868954300880432, "decode.loss_context": 0.6204831838607788, "decode.loss_spatial": 0.266412253677845, "decode.acc_seg": 94.3642807006836, "time": 0.5048011064529419, "iter": 600, "memory": 5279, "step": 600}
{"lr": 0.009707455761324642, "data_time": 0.011824655532836913, "loss": 0.940898311138153, "decode.loss_context": 0.6700051903724671, "decode.loss_spatial": 0.27089313715696334, "decode.acc_seg": 90.80242156982422, "time": 0.6065183877944946, "iter": 650, "memory": 5279, "step": 650}
{"lr": 0.009684877363314207, "data_time": 0.012063860893249512, "loss": 0.8430722296237946, "decode.loss_context": 0.5813251882791519, "decode.loss_spatial": 0.26174705773591994, "decode.acc_seg": 92.82528686523438, "time": 0.5284389972686767, "iter": 700, "memory": 5279, "step": 700}
{"lr": 0.009662293115213242, "data_time": 0.011458206176757812, "loss": 0.8681670844554901, "decode.loss_context": 0.5860762298107147, "decode.loss_spatial": 0.28209085762500763, "decode.acc_seg": 91.0032958984375, "time": 0.6490020036697388, "iter": 750, "memory": 5277, "step": 750}
{"lr": 0.009639703000304992, "data_time": 0.011188912391662597, "loss": 0.8216015994548798, "decode.loss_context": 0.5617493093013763, "decode.loss_spatial": 0.25985228568315505, "decode.acc_seg": 91.43598937988281, "time": 0.5100538730621338, "iter": 800, "memory": 5279, "step": 800}
{"lr": 0.009617107001781271, "data_time": 0.017777609825134277, "loss": 0.8766254246234894, "decode.loss_context": 0.597852548956871, "decode.loss_spatial": 0.2787728786468506, "decode.acc_seg": 88.89347076416016, "time": 0.614451003074646, "iter": 850, "memory": 5279, "step": 850}
{"lr": 0.00959450510274172, "data_time": 0.011568355560302734, "loss": 0.8189552187919616, "decode.loss_context": 0.563915666937828, "decode.loss_spatial": 0.2550395503640175, "decode.acc_seg": 92.9457015991211, "time": 0.5263224840164185, "iter": 900, "memory": 5279, "step": 900}
{"lr": 0.00957189728619307, "data_time": 0.013082432746887206, "loss": 0.8886615395545959, "decode.loss_context": 0.6203553199768066, "decode.loss_spatial": 0.26830622255802156, "decode.acc_seg": 82.19566345214844, "time": 0.6090998172760009, "iter": 950, "memory": 5279, "step": 950}
{"lr": 0.009549283535048369, "data_time": 0.011393189430236816, "loss": 0.8150768518447876, "decode.loss_context": 0.5511526376008987, "decode.loss_spatial": 0.2639242187142372, "decode.acc_seg": 90.76819610595703, "time": 0.5012973070144653, "iter": 1000, "memory": 5279, "step": 1000}
{"lr": 0.009526663832126216, "data_time": 0.015091967582702637, "loss": 0.8702509045600891, "decode.loss_context": 0.6067298233509064, "decode.loss_spatial": 0.2635210767388344, "decode.acc_seg": 93.88483428955078, "time": 0.4871864318847656, "iter": 1050, "memory": 5279, "step": 1050}
{"lr": 0.009504038160149995, "data_time": 0.01552753448486328, "loss": 0.850486022233963, "decode.loss_context": 0.5870923638343811, "decode.loss_spatial": 0.2633936583995819, "decode.acc_seg": 92.69474792480469, "time": 0.6160285711288452, "iter": 1100, "memory": 5279, "step": 1100}
{"lr": 0.009481406501747119, "data_time": 0.012737536430358886, "loss": 0.886735486984253, "decode.loss_context": 0.6300264894962311, "decode.loss_spatial": 0.25670900046825407, "decode.acc_seg": 93.44886016845703, "time": 0.46460208892822263, "iter": 1150, "memory": 5279, "step": 1150}
{"lr": 0.009458768839448203, "data_time": 0.01120445728302002, "loss": 0.8803386628627777, "decode.loss_context": 0.625103548169136, "decode.loss_spatial": 0.2552351087331772, "decode.acc_seg": 93.8071517944336, "time": 0.5902070522308349, "iter": 1200, "memory": 5279, "step": 1200}
{"lr": 0.009436125155686266, "data_time": 0.012086892127990722, "loss": 0.8678957283496856, "decode.loss_context": 0.6100209712982178, "decode.loss_spatial": 0.25787476301193235, "decode.acc_seg": 94.9381103515625, "time": 0.43155086040496826, "iter": 1250, "memory": 5279, "step": 1250}
{"lr": 0.009413475432795967, "data_time": 0.011400771141052247, "loss": 0.8542812943458558, "decode.loss_context": 0.5861503422260285, "decode.loss_spatial": 0.2681309521198273, "decode.acc_seg": 92.36653137207031, "time": 0.6249118089675904, "iter": 1300, "memory": 5279, "step": 1300}
{"lr": 0.009390819653012748, "data_time": 0.010795259475708007, "loss": 0.869969266653061, "decode.loss_context": 0.6187978565692902, "decode.loss_spatial": 0.2511714160442352, "decode.acc_seg": 91.77497863769531, "time": 0.5576037406921387, "iter": 1350, "memory": 5279, "step": 1350}
{"lr": 0.009368157798472007, "data_time": 0.018514585494995118, "loss": 0.873866981267929, "decode.loss_context": 0.6150309145450592, "decode.loss_spatial": 0.25883606523275376, "decode.acc_seg": 89.11235809326172, "time": 0.5749268293380737, "iter": 1400, "memory": 5279, "step": 1400}
{"lr": 0.00934548985120831,