{"lr": 0.0050220502205022026, "data_time": 0.0034376859664916994, "loss": 9.389812564849853, "decode.loss_ce": 1.6787311911582947, "decode.acc_seg": 39.437557220458984, "aux_0.loss_ce": 2.275081825256348, "aux_0.acc_seg": 38.72244644165039, "aux_1.loss_ce": 1.8658326625823975, "aux_1.acc_seg": 58.961334228515625, "aux_2.loss_ce": 1.7699200868606568, "aux_2.acc_seg": 39.31888961791992, "aux_3.loss_ce": 1.8002468585968017, "aux_3.acc_seg": 49.73488998413086, "time": 0.1780552625656128, "iter": 50, "memory": 17408, "step": 50}
{"val_loss": 8.65968668584266, "data_time": 0.007947015646310328, "time": 0.09096665858062225, "step": 50}
{"lr": 0.00504455044550445, "data_time": 0.003480386734008789, "loss": 8.575624227523804, "decode.loss_ce": 1.614643943309784, "decode.acc_seg": 55.764888763427734, "aux_0.loss_ce": 1.9713350653648376, "aux_0.acc_seg": 46.72022247314453, "aux_1.loss_ce": 1.7239421129226684, "aux_1.acc_seg": 50.85599899291992, "aux_2.loss_ce": 1.5677956938743591, "aux_2.acc_seg": 57.05377960205078, "aux_3.loss_ce": 1.6979074120521545, "aux_3.acc_seg": 53.81133270263672, "time": 0.14080312252044677, "iter": 100, "memory": 901, "step": 100}
{"val_loss": 12.610308985653514, "data_time": 0.006879636384908436, "time": 0.08175849046521974, "step": 100}
