{"lr": 0.0015943962641761188, "data_time": 0.2320417881011963, "loss": 3.6595738172531127, "decode.loss_ce": 0.6981937289237976, "decode.acc_seg": 63.23699951171875, "aux_0.loss_ce": 1.2626813530921936, "aux_0.acc_seg": 71.01416778564453, "aux_1.loss_ce": 0.7377959191799164, "aux_1.acc_seg": 76.58305358886719, "aux_2.loss_ce": 0.48942638635635377, "aux_2.acc_seg": 75.51611328125, "aux_3.loss_ce": 0.47147640883922576, "aux_3.acc_seg": 76.89710998535156, "time": 0.6953071594238281, "iter": 100, "memory": 19631, "step": 100}
{"aAcc": 47.89, "mIoU": 33.29, "mAcc": 53.39, "avg_val_loss": 5.035901441832471, "data_time": 0.010947504708933275, "time": 0.1276792703672897, "step": 100}
{"lr": 0.002194796531020685, "data_time": 0.07264716625213623, "loss": 2.107645559310913, "decode.loss_ce": 0.49368384182453157, "decode.acc_seg": 76.78894805908203, "aux_0.loss_ce": 0.5637450724840164, "aux_0.acc_seg": 84.61866760253906, "aux_1.loss_ce": 0.38402206897735597, "aux_1.acc_seg": 85.61872100830078, "aux_2.loss_ce": 0.3326359361410141, "aux_2.acc_seg": 86.54611206054688, "aux_3.loss_ce": 0.33355860114097596, "aux_3.acc_seg": 86.11194610595703, "time": 0.5787795305252075, "iter": 200, "memory": 34225, "step": 200}
{"aAcc": 50.36, "mIoU": 36.31, "mAcc": 56.44, "avg_val_loss": 4.796598269876464, "data_time": 0.007735534646045202, "time": 0.10045897001507638, "step": 200}
