{"lr": 0.005201541801877408, "data_time": 0.004134082794189453, "loss": 6.870839643478393, "decode.loss_ce": 1.0149525254964828, "decode.acc_seg": 63.68311309814453, "aux_0.loss_ce": 1.573308265209198, "aux_0.acc_seg": 43.68555450439453, "aux_1.loss_ce": 1.46044779419899, "aux_1.acc_seg": 43.832889556884766, "aux_2.loss_ce": 1.3999120473861695, "aux_2.acc_seg": 42.41755676269531, "aux_3.loss_ce": 1.4222189784049988, "aux_3.acc_seg": 46.897335052490234, "time": 0.1591628074645996, "iter": 500, "memory": 17409, "step": 500}
{"val_loss/val_loss": 0.0, "data_time": 0.008518948206087439, "time": 0.08786466412427948, "step": 500}
{"lr": 0.005401471167152687, "data_time": 0.04884281158447266, "loss": 7.055331182479859, "decode.loss_ce": 0.9125061929225922, "decode.acc_seg": 72.43866729736328, "aux_0.loss_ce": 1.6739666938781739, "aux_0.acc_seg": 38.138221740722656, "aux_1.loss_ce": 1.551974320411682, "aux_1.acc_seg": 46.11000061035156, "aux_2.loss_ce": 1.429028367996216, "aux_2.acc_seg": 47.12022399902344, "aux_3.loss_ce": 1.4878555595874787, "aux_3.acc_seg": 46.65444564819336, "time": 0.12002899646759033, "iter": 1000, "memory": 33494, "step": 1000}
{"val_loss/val_loss": 0.0, "data_time": 0.008207298019557323, "time": 0.07930527728738136, "step": 1000}
