{"lr": 0.0015930867963809803, "data_time": 0.28635473251342775, "loss": 3.4533488512039185, "decode.loss_ce": 0.3876562714576721, "decode.acc_seg": 87.21500396728516, "aux_0.loss_ce": 1.505232000350952, "aux_0.acc_seg": 73.56205749511719, "aux_1.loss_ce": 0.6808048754930496, "aux_1.acc_seg": 76.92839050292969, "aux_2.loss_ce": 0.4496725171804428, "aux_2.acc_seg": 81.69550323486328, "aux_3.loss_ce": 0.4299832582473755, "aux_3.acc_seg": 85.57538604736328, "time": 0.5905275821685791, "iter": 100, "memory": 19652, "step": 100}
