{"lr": 0.0049521194290119246, "data_time": 0.09878287315368653, "loss": 1.7676506161689758, "decode.loss_ce": 0.24739823043346404, "decode.acc_seg": 90.69178009033203, "aux_0.loss_ce": 0.5998675942420959, "aux_0.acc_seg": 72.9719467163086, "aux_1.loss_ce": 0.3724980533123016, "aux_1.acc_seg": 82.79055786132812, "aux_2.loss_ce": 0.2899719446897507, "aux_2.acc_seg": 87.75316619873047, "aux_3.loss_ce": 0.25791480094194413, "aux_3.acc_seg": 89.63877868652344, "time": 0.4022484064102173, "iter": 664, "memory": 19198, "step": 664}
{"lr": 0.009555466234936583, "data_time": 0.00903010368347168, "loss": 1.2550819098949433, "decode.loss_ce": 0.1761875219643116, "decode.acc_seg": 93.18655395507812, "aux_0.loss_ce": 0.4285145699977875, "aux_0.acc_seg": 82.87744903564453, "aux_1.loss_ce": 0.25914141833782195, "aux_1.acc_seg": 88.90094757080078, "aux_2.loss_ce": 0.20402012914419174, "aux_2.acc_seg": 91.23611450195312, "aux_3.loss_ce": 0.1872182734310627, "aux_3.acc_seg": 92.39661407470703, "time": 0.44725043773651124, "iter": 5000, "memory": 2889, "step": 5000}
{"aAcc": 57.28, "mIoU": 27.05, "mAcc": 43.04, "avg_val_loss": 13.80274629811689, "data_time": 0.004680862956576877, "time": 0.08883456336127388, "step": 5000}
{"lr": 0.009106373674004149, "data_time": 0.09499881267547608, "loss": 0.9519143283367157, "decode.loss_ce": 0.12406795769929886, "decode.acc_seg": 93.11216735839844, "aux_0.loss_ce": 0.3245771497488022, "aux_0.acc_seg": 83.98316955566406, "aux_1.loss_ce": 0.20014015287160875, "aux_1.acc_seg": 88.62361145019531, "aux_2.loss_ce": 0.15842063054442407, "aux_2.acc_seg": 90.85077667236328, "aux_3.loss_ce": 0.14470845833420753, "aux_3.acc_seg": 90.67877960205078, "time": 0.36326577663421633, "iter": 10000, "memory": 10746, "step": 10000}
{"aAcc": 50.65, "mIoU": 24.34, "mAcc": 39.21, "avg_val_loss": 15.379918828656331, "data_time": 0.003715855055003367, "time": 0.0878852079818624, "step": 10000}
{"lr": 0.008654777854268367, "data_time": 0.007419848442077636, "loss": 1.0045633971691132, "decode.loss_ce": 0.11908957883715629, "decode.acc_seg": 96.03744506835938, "aux_0.loss_ce": 0.36209033727645873, "aux_0.acc_seg": 83.6485595703125, "aux_1.loss_ce": 0.20675848424434662, "aux_1.acc_seg": 90.65455627441406, "aux_2.loss_ce": 0.16874765008687972, "aux_2.acc_seg": 92.64727783203125, "aux_3.loss_ce": 0.14787732884287835, "aux_3.acc_seg": 93.73322296142578, "time": 0.42184498310089114, "iter": 15000, "memory": 2889, "step": 15000}
{"aAcc": 59.55, "mIoU": 30.67, "mAcc": 44.72, "avg_val_loss": 16.09981037700092, "data_time": 0.0038489967650690523, "time": 0.08696143484432788, "step": 15000}
{"lr": 0.008200516139713258, "data_time": 0.10883393287658691, "loss": 0.8551729619503021, "decode.loss_ce": 0.07938375882804394, "decode.acc_seg": 97.55110931396484, "aux_0.loss_ce": 0.30982447117567063, "aux_0.acc_seg": 89.67194366455078, "aux_1.loss_ce": 0.1910540521144867, "aux_1.acc_seg": 92.2788314819336, "aux_2.loss_ce": 0.1474964886903763, "aux_2.acc_seg": 94.45999908447266, "aux_3.loss_ce": 0.12741418182849884, "aux_3.acc_seg": 95.33177947998047, "time": 0.38346574306488035, "iter": 20000, "memory": 2889, "step": 20000}
{"aAcc": 59.84, "mIoU": 31.12, "mAcc": 44.77, "avg_val_loss": 15.427581634732984, "data_time": 0.003752971171275475, "time": 0.08510642199717182, "step": 20000}
{"lr": 0.007743404442460137, "data_time": 0.1313462495803833, "loss": 1.0461503088474273, "decode.loss_ce": 0.10035727061331272, "decode.acc_seg": 96.22411346435547, "aux_0.loss_ce": 0.38611110001802446, "aux_0.acc_seg": 78.61583709716797, "aux_1.loss_ce": 0.24518732279539107, "aux_1.acc_seg": 90.13883209228516, "aux_2.loss_ce": 0.1753277823328972, "aux_2.acc_seg": 94.64016723632812, "aux_3.loss_ce": 0.13916682451963425, "aux_3.acc_seg": 94.37950134277344, "time": 0.34851899147033694, "iter": 25000, "memory": 2889, "step": 25000}
{"aAcc": 61.03, "mIoU": 32.28, "mAcc": 45.96, "avg_val_loss": 14.767997813927582, "data_time": 0.004225202780340834, "time": 0.087080357080024, "step": 25000}
{"lr": 0.007283232762750171, "data_time": 0.23252596855163574, "loss": 1.0405317962169647, "decode.loss_ce": 0.09517134055495262, "decode.acc_seg": 95.0628890991211, "aux_0.loss_ce": 0.38571072816848756, "aux_0.acc_seg": 82.67749786376953, "aux_1.loss_ce": 0.24823796153068542, "aux_1.acc_seg": 87.5028305053711, "aux_2.loss_ce": 0.17559050917625427, "aux_2.acc_seg": 89.71988677978516, "aux_3.loss_ce": 0.13582128658890724, "aux_3.acc_seg": 93.62005615234375, "time": 0.43382701873779295, "iter": 30000, "memory": 2889, "step": 30000}
{"aAcc": 54.26, "mIoU": 26.74, "mAcc": 41.67, "avg_val_loss": 14.75877865676001, "data_time": 0.0037543498756087276, "time": 0.08639498401904053, "step": 30000}
{"lr": 0.006819759413287659, "data_time": 0.1919360876083374, "loss": 0.7636676907539368, "decode.loss_ce": 0.05958947390317917, "decode.acc_seg": 97.08039093017578, "aux_0.loss_ce": 0.30176475644111633, "aux_0.acc_seg": 88.49488830566406, "aux_1.loss_ce": 0.17421420589089393, "aux_1.acc_seg": 92.28150177001953, "aux_2.loss_ce": 0.1259079620242119, "aux_2.acc_seg": 93.97494506835938, "aux_3.loss_ce": 0.10219127461314201, "aux_3.acc_seg": 94.38227844238281, "time": 0.39252068996429446, "iter": 35000, "memory": 2889, "step": 35000}
{"aAcc": 73.75, "mIoU": 43.86, "mAcc": 55.33, "avg_val_loss": 13.12729258021707, "data_time": 0.003877795191931883, "time": 0.08659695944606333, "step": 35000}
{"lr": 0.006352703407289149, "data_time": 0.0499000072479248, "loss": 0.6904937088489532, "decode.loss_ce": 0.05463517382740975, "decode.acc_seg": 98.76544189453125, "aux_0.loss_ce": 0.2877833187580109, "aux_0.acc_seg": 92.64216613769531, "aux_1.loss_ce": 0.14481717497110366, "aux_1.acc_seg": 95.0893325805664, "aux_2.loss_ce": 0.11083992049098015, "aux_2.acc_seg": 96.17288970947266, "aux_3.loss_ce": 0.0924181155860424, "aux_3.acc_seg": 97.1840591430664, "time": 0.3663378953933716, "iter": 40000, "memory": 2889, "step": 40000}
{"aAcc": 57.53, "mIoU": 29.11, "mAcc": 43.54, "avg_val_loss": 13.156832028754279, "data_time": 0.0038019019589984496, "time": 0.08555040285486869, "step": 40000}
{"lr": 0.005881734222075994, "data_time": 0.14669766426086425, "loss": 0.8545296788215637, "decode.loss_ce": 0.06501317024230957, "decode.acc_seg": 97.79844665527344, "aux_0.loss_ce": 0.34617179334163667, "aux_0.acc_seg": 86.7242202758789, "aux_1.loss_ce": 0.19931663423776627, "aux_1.acc_seg": 91.57544708251953, "aux_2.loss_ce": 0.13488088324666023, "aux_2.acc_seg": 95.03900146484375, "aux_3.loss_ce": 0.1091471865773201, "aux_3.acc_seg": 96.02100372314453, "time": 0.34960098266601564, "iter": 45000, "memory": 2889, "step": 45000}
{"aAcc": 60.18, "mIoU": 31.11, "mAcc": 45.44, "avg_val_loss": 13.447566406706725, "data_time": 0.004068266790351952, "time": 0.08594960331123842, "step": 45000}
{"lr": 0.0054064577076796795, "data_time": 0.23755476474761963, "loss": 0.9736836075782775, "decode.loss_ce": 0.05987500511109829, "decode.acc_seg": 98.37361145019531, "aux_0.loss_ce": 0.4271583050489426, "aux_0.acc_seg": 76.71133422851562, "aux_1.loss_ce": 0.22831330299377442, "aux_1.acc_seg": 84.76366424560547, "aux_2.loss_ce": 0.15140463411808014, "aux_2.acc_seg": 89.95633697509766, "aux_3.loss_ce": 0.1069323629140854, "aux_3.acc_seg": 95.95222473144531, "time": 0.43809916973114016, "iter": 50000, "memory": 2889, "step": 50000}
{"aAcc": 79.98, "mIoU": 49.87, "mAcc": 59.79, "avg_val_loss": 12.45787411727616, "data_time": 0.003754182295365767, "time": 0.08379536510306822, "step": 50000}
