{"lr": 0.0015943962641761188, "data_time": 0.49660890102386473, "loss": 2.192415189743042, "decode.loss_seg": 1.4306649684906005, "aux_0.loss_seg": 0.2758891984820366, "aux_1.loss_seg": 0.20713306069374085, "aux_2.loss_seg": 0.16142188534140586, "aux_3.loss_seg": 0.11730602011084557, "time": 0.6303549528121948, "iter": 100, "memory": 19250, "step": 100}
{"aAcc": 42.57, "mIoU": 19.46, "mAcc": 39.84, "avg_val_loss": 0.0, "data_time": 0.020844096361204635, "time": 0.09165589753971544, "step": 100}
{"lr": 0.002194796531020685, "data_time": 0.2995202302932739, "loss": 1.589534294605255, "decode.loss_seg": 1.0203861832618712, "aux_0.loss_seg": 0.21336087286472322, "aux_1.loss_seg": 0.14811494201421738, "aux_2.loss_seg": 0.11782924085855484, "aux_3.loss_seg": 0.08984304666519165, "time": 0.576166820526123, "iter": 200, "memory": 17083, "step": 200}
{"aAcc": 56.61, "mIoU": 38.18, "mAcc": 56.21, "avg_val_loss": 0.0, "data_time": 0.032108534341570974, "time": 0.09076166701042788, "step": 200}
{"lr": 0.0027951967978652476, "data_time": 0.4105048656463623, "loss": 1.6010759890079498, "decode.loss_seg": 1.0750079512596131, "aux_0.loss_seg": 0.18700059354305268, "aux_1.loss_seg": 0.13550410121679307, "aux_2.loss_seg": 0.1133884184062481, "aux_3.loss_seg": 0.09017489999532699, "time": 0.5452304363250733, "iter": 300, "memory": 2389, "step": 300}
{"aAcc": 56.25, "mIoU": 38.61, "mAcc": 52.72, "avg_val_loss": 0.0, "data_time": 0.01424740648817742, "time": 0.07409765528536391, "step": 300}
{"lr": 0.0033955970647098093, "data_time": 0.049177026748657225, "loss": 1.441847950220108, "decode.loss_seg": 0.9566006332635879, "aux_0.loss_seg": 0.1716713711619377, "aux_1.loss_seg": 0.12846893072128296, "aux_2.loss_seg": 0.1048323504626751, "aux_3.loss_seg": 0.08027464002370835, "time": 0.6777813196182251, "iter": 400, "memory": 2389, "step": 400}
{"aAcc": 50.03, "mIoU": 30.92, "mAcc": 50.27, "avg_val_loss": 0.0, "data_time": 0.022343109393941945, "time": 0.08130957340372019, "step": 400}
{"lr": 0.003995997331554373, "data_time": 0.02066085338592529, "loss": 1.1527891337871552, "decode.loss_seg": 0.7037524521350861, "aux_0.loss_seg": 0.15372243747115136, "aux_1.loss_seg": 0.1184935562312603, "aux_2.loss_seg": 0.09632392823696137, "aux_3.loss_seg": 0.08049678392708301, "time": 0.6938470840454102, "iter": 500, "memory": 2389, "step": 500}
{"aAcc": 51.28, "mIoU": 29.14, "mAcc": 48.61, "avg_val_loss": 0.0, "data_time": 0.01045678675859824, "time": 0.06942605424201352, "step": 500}
{"lr": 0.0045963975983989375, "data_time": 0.09712338447570801, "loss": 1.3552317678928376, "decode.loss_seg": 0.9173328340053558, "aux_0.loss_seg": 0.1482716515660286, "aux_1.loss_seg": 0.11886203065514564, "aux_2.loss_seg": 0.09342849925160408, "aux_3.loss_seg": 0.07733678929507733, "time": 0.5448053359985352, "iter": 600, "memory": 2389, "step": 600}
{"aAcc": 51.19, "mIoU": 33.1, "mAcc": 51.8, "avg_val_loss": 0.0, "data_time": 0.023614760102896856, "time": 0.08236730783835225, "step": 600}
