{"lr": 0.005496825147513394, "data_time": 0.1125943660736084, "loss": 4.289183449745178, "decode.loss_ce": 0.7925780832767486, "decode.acc_seg": 65.0594482421875, "aux_0.loss_ce": 0.9965438544750214, "aux_0.acc_seg": 55.88016891479492, "aux_1.loss_ce": 0.8981277763843536, "aux_1.acc_seg": 59.1601676940918, "aux_2.loss_ce": 0.8190500020980835, "aux_2.acc_seg": 60.03172302246094, "aux_3.loss_ce": 0.7828836619853974, "aux_3.acc_seg": 63.21905517578125, "time": 0.4089386463165283, "iter": 756, "memory": 19198, "step": 756}
{"lr": 0.009106373674004149, "data_time": 0.16614794731140137, "loss": 3.4499411582946777, "decode.loss_ce": 0.5796116948127746, "decode.acc_seg": 70.18205261230469, "aux_0.loss_ce": 0.8715678989887238, "aux_0.acc_seg": 60.86994552612305, "aux_1.loss_ce": 0.7426780462265015, "aux_1.acc_seg": 64.3572769165039, "aux_2.loss_ce": 0.6653976321220398, "aux_2.acc_seg": 66.62411499023438, "aux_3.loss_ce": 0.5906858384609223, "aux_3.acc_seg": 69.57128143310547, "time": 0.37046959400177004, "iter": 10000, "memory": 2889, "step": 10000}
{"aAcc": 3.16, "mIoU": 0.42, "mAcc": 6.44, "avg_val_loss": 34.43712932059639, "data_time": 0.017152354591771175, "time": 0.37551943126477694, "step": 10000}
{"lr": 0.008200516139713258, "data_time": 0.00875539779663086, "loss": 3.2389906883239745, "decode.loss_ce": 0.5351216793060303, "decode.acc_seg": 79.08633422851562, "aux_0.loss_ce": 0.8358786165714264, "aux_0.acc_seg": 72.89322662353516, "aux_1.loss_ce": 0.7086456954479218, "aux_1.acc_seg": 75.59078216552734, "aux_2.loss_ce": 0.621587610244751, "aux_2.acc_seg": 77.6723861694336, "aux_3.loss_ce": 0.5377570301294327, "aux_3.acc_seg": 79.22949981689453, "time": 0.374507999420166, "iter": 20000, "memory": 10746, "step": 20000}
{"aAcc": 3.02, "mIoU": 0.61, "mAcc": 6.03, "avg_val_loss": 33.521098028986074, "data_time": 0.011884463330109915, "time": 0.35732108106215793, "step": 20000}
{"lr": 0.007283232762750171, "data_time": 0.043831682205200194, "loss": 3.1276171922683718, "decode.loss_ce": 0.48721508085727694, "decode.acc_seg": 73.36572265625, "aux_0.loss_ce": 0.8493699431419373, "aux_0.acc_seg": 65.09217071533203, "aux_1.loss_ce": 0.7043240129947662, "aux_1.acc_seg": 67.34272003173828, "aux_2.loss_ce": 0.5901472866535187, "aux_2.acc_seg": 70.2788314819336, "aux_3.loss_ce": 0.4965608775615692, "aux_3.acc_seg": 73.25672149658203, "time": 0.3532907009124756, "iter": 30000, "memory": 2889, "step": 30000}
{"aAcc": 5.7, "mIoU": 1.23, "mAcc": 6.67, "avg_val_loss": 32.39080003395415, "data_time": 0.013319594164689382, "time": 0.36513671030600864, "step": 30000}
{"lr": 0.006352703407289149, "data_time": 0.2533463954925537, "loss": 2.795421290397644, "decode.loss_ce": 0.42852731347084044, "decode.acc_seg": 87.46533203125, "aux_0.loss_ce": 0.7778520047664642, "aux_0.acc_seg": 75.35211181640625, "aux_1.loss_ce": 0.6314425468444824, "aux_1.acc_seg": 82.3648910522461, "aux_2.loss_ce": 0.5247362047433853, "aux_2.acc_seg": 85.39611053466797, "aux_3.loss_ce": 0.4328632116317749, "aux_3.acc_seg": 87.26616668701172, "time": 0.4569129467010498, "iter": 40000, "memory": 2889, "step": 40000}
