{"lr": 0.0036395469202292075, "data_time": 0.3491609811782837, "loss": 5.195202207565307, "decode.loss_ce": 0.8520171105861664, "decode.acc_seg": 75.86644744873047, "aux_0.loss_ce": 1.3114759802818299, "aux_0.acc_seg": 70.25588989257812, "aux_1.loss_ce": 1.090016919374466, "aux_1.acc_seg": 71.30950164794922, "aux_2.loss_ce": 0.9823421716690064, "aux_2.acc_seg": 72.77544403076172, "aux_3.loss_ce": 0.9593501627445221, "aux_3.acc_seg": 73.40621948242188, "time": 1.2554277658462525, "iter": 590, "memory": 19198, "step": 590}
{"lr": 0.009721126298637587, "data_time": 0.6830663442611694, "loss": 2.95118088722229, "decode.loss_ce": 0.43695722222328187, "decode.acc_seg": 82.41911315917969, "aux_0.loss_ce": 0.8248763501644134, "aux_0.acc_seg": 69.6043930053711, "aux_1.loss_ce": 0.6038392692804336, "aux_1.acc_seg": 78.10211181640625, "aux_2.loss_ce": 0.5445982635021209, "aux_2.acc_seg": 78.39522552490234, "aux_3.loss_ce": 0.5409098148345948, "aux_3.acc_seg": 76.9371109008789, "time": 0.8877443313598633, "iter": 4719, "memory": 2889, "step": 4719}
{"lr": 0.009439402926735176, "data_time": 0.008771014213562012, "loss": 3.190006136894226, "decode.loss_ce": 0.4635061174631119, "decode.acc_seg": 86.12638854980469, "aux_0.loss_ce": 0.9055374145507813, "aux_0.acc_seg": 74.55327606201172, "aux_1.loss_ce": 0.6572879016399383, "aux_1.acc_seg": 81.03727722167969, "aux_2.loss_ce": 0.5840932637453079, "aux_2.acc_seg": 82.55977630615234, "aux_3.loss_ce": 0.5795814007520675, "aux_3.acc_seg": 82.08855438232422, "time": 1.0485249042510987, "iter": 9438, "memory": 2889, "step": 9438}
{"aAcc": 79.35, "mIoU": 29.9, "mAcc": 38.21, "avg_val_loss": 4.266097931563854, "data_time": 0.01723059415817261, "time": 0.37207123279571536, "step": 10000}
{"lr": 0.009156731965892454, "data_time": 0.567065954208374, "loss": 2.618347692489624, "decode.loss_ce": 0.38630842566490176, "decode.acc_seg": 81.16967010498047, "aux_0.loss_ce": 0.7376836359500885, "aux_0.acc_seg": 69.92522430419922, "aux_1.loss_ce": 0.5233934760093689, "aux_1.acc_seg": 75.91178131103516, "aux_2.loss_ce": 0.4818479150533676, "aux_2.acc_seg": 76.0433349609375, "aux_3.loss_ce": 0.4891142964363098, "aux_3.acc_seg": 73.89299774169922, "time": 1.0597019910812377, "iter": 14157, "memory": 10746, "step": 14157}
{"lr": 0.008873077129022095, "data_time": 0.008880615234375, "loss": 2.7267991304397583, "decode.loss_ce": 0.41123217940330503, "decode.acc_seg": 83.37805938720703, "aux_0.loss_ce": 0.7576011180877685, "aux_0.acc_seg": 73.73255920410156, "aux_1.loss_ce": 0.5495516777038574, "aux_1.acc_seg": 79.01483154296875, "aux_2.loss_ce": 0.5025992006063461, "aux_2.acc_seg": 78.81777954101562, "aux_3.loss_ce": 0.5058149367570877, "aux_3.acc_seg": 77.32605743408203, "time": 1.0466101169586182, "iter": 18876, "memory": 2889, "step": 18876}
{"aAcc": 80.92, "mIoU": 30.78, "mAcc": 39.64, "avg_val_loss": 3.95574389912188, "data_time": 0.013410799574143815, "time": 0.36424143007486176, "step": 20000}
{"lr": 0.008588399379948031, "data_time": 0.7026352643966675, "loss": 2.4214982748031617, "decode.loss_ce": 0.3384506806731224, "decode.acc_seg": 83.0322265625, "aux_0.loss_ce": 0.7020045578479767, "aux_0.acc_seg": 72.6092758178711, "aux_1.loss_ce": 0.4862438827753067, "aux_1.acc_seg": 78.57305908203125, "aux_2.loss_ce": 0.4445426851511002, "aux_2.acc_seg": 78.51844787597656, "aux_3.loss_ce": 0.4502564400434494, "aux_3.acc_seg": 77.23444366455078, "time": 0.9065090656280518, "iter": 23595, "memory": 2889, "step": 23595}
{"lr": 0.008302656614382897, "data_time": 0.008463668823242187, "loss": 2.4182419776916504, "decode.loss_ce": 0.35007113218307495, "decode.acc_seg": 83.537109375, "aux_0.loss_ce": 0.6922054648399353, "aux_0.acc_seg": 67.99083709716797, "aux_1.loss_ce": 0.4723722726106644, "aux_1.acc_seg": 76.99744415283203, "aux_2.loss_ce": 0.44496968686580657, "aux_2.acc_seg": 80.12027740478516, "aux_3.loss_ce": 0.45862340927124023, "aux_3.acc_seg": 79.40010833740234, "time": 1.1950605630874633, "iter": 28314, "memory": 2889, "step": 28314}
{"aAcc": 81.95, "mIoU": 36.74, "mAcc": 42.15, "avg_val_loss": 3.9801220585405823, "data_time": 0.011016730034705435, "time": 0.35807816817028687, "step": 30000}
{"lr": 0.00801580329002511, "data_time": 0.32876858711242674, "loss": 2.382545065879822, "decode.loss_ce": 0.3320342928171158, "decode.acc_seg": 87.322998046875, "aux_0.loss_ce": 0.7038170754909515, "aux_0.acc_seg": 71.90894317626953, "aux_1.loss_ce": 0.4710909277200699, "aux_1.acc_seg": 81.81016540527344, "aux_2.loss_ce": 0.4317431300878525, "aux_2.acc_seg": 83.19711303710938, "aux_3.loss_ce": 0.44385965168476105, "aux_3.acc_seg": 83.72205352783203, "time": 0.9918940305709839, "iter": 33033, "memory": 2889, "step": 33033}
{"lr": 0.007727789995269878, "data_time": 0.009549689292907716, "loss": 2.39583580493927, "decode.loss_ce": 0.34141723811626434, "decode.acc_seg": 81.54822540283203, "aux_0.loss_ce": 0.7050450772047043, "aux_0.acc_seg": 73.26494598388672, "aux_1.loss_ce": 0.47277689874172213, "aux_1.acc_seg": 78.16477966308594, "aux_2.loss_ce": 0.4339082300662994, "aux_2.acc_seg": 77.9288330078125, "aux_3.loss_ce": 0.44268840849399566, "aux_3.acc_seg": 76.47538757324219, "time": 1.136390256881714, "iter": 37752, "memory": 2889, "step": 37752}
{"aAcc": 84.36, "mIoU": 38.17, "mAcc": 43.15, "avg_val_loss": 3.8537327897921205, "data_time": 0.013055931223501073, "time": 0.3628625232394379, "step": 40000}
{"lr": 0.007438562943328386, "data_time": 1.0204829931259156, "loss": 2.6790337324142457, "decode.loss_ce": 0.39301168024539945, "decode.acc_seg": 81.59210968017578, "aux_0.loss_ce": 0.7473039984703064, "aux_0.acc_seg": 63.54288864135742, "aux_1.loss_ce": 0.5257536202669144, "aux_1.acc_seg": 73.96761322021484, "aux_2.loss_ce": 0.49545157253742217, "aux_2.acc_seg": 76.93489074707031, "aux_3.loss_ce": 0.5175128757953644, "aux_3.acc_seg": 75.76466369628906, "time": 1.2367021560668945, "iter": 42471, "memory": 2889, "step": 42471}
{"lr": 0.0071480633749831605, "data_time": 0.670022988319397, "loss": 2.319855439662933, "decode.loss_ce": 0.3365045726299286, "decode.acc_seg": 88.92021942138672, "aux_0.loss_ce": 0.6510014086961746, "aux_0.acc_seg": 80.29094696044922, "aux_1.loss_ce": 0.46160848736763, "aux_1.acc_seg": 84.18533325195312, "aux_2.loss_ce": 0.42883466482162474, "aux_2.acc_seg": 85.49955749511719, "aux_3.loss_ce": 0.44190627336502075, "aux_3.acc_seg": 83.57888793945312, "time": 0.8730177879333496, "iter": 47190, "memory": 2889, "step": 47190}
{"aAcc": 79.74, "mIoU": 40.1, "mAcc": 48.66, "avg_val_loss": 3.8375750541687013, "data_time": 0.012610893438358119, "time": 0.3626988359016947, "step": 50000}
{"lr": 0.006856226848520539, "data_time": 0.9630195617675781, "loss": 2.304234206676483, "decode.loss_ce": 0.3251504421234131, "decode.acc_seg": 86.98477935791016, "aux_0.loss_ce": 0.6659422039985656, "aux_0.acc_seg": 76.33133697509766, "aux_1.loss_ce": 0.4542784929275513, "aux_1.acc_seg": 82.83983612060547, "aux_2.loss_ce": 0.4216144919395447, "aux_2.acc_seg": 82.76516723632812, "aux_3.loss_ce": 0.43724856674671175, "aux_3.acc_seg": 81.0361099243164, "time": 1.2209370136260986, "iter": 51909, "memory": 2889, "step": 51909}
{"lr": 0.006562982389022747, "data_time": 1.0698068618774415, "loss": 2.5805285692214968, "decode.loss_ce": 0.3597606152296066, "decode.acc_seg": 88.06266784667969, "aux_0.loss_ce": 0.763500428199768, "aux_0.acc_seg": 77.28394317626953, "aux_1.loss_ce": 0.5212005019187927, "aux_1.acc_seg": 83.18000030517578, "aux_2.loss_ce": 0.4633840322494507, "aux_2.acc_seg": 84.43099975585938, "aux_3.loss_ce": 0.4726830065250397, "aux_3.acc_seg": 83.69172668457031, "time": 1.273762822151184, "iter": 56628, "memory": 2889, "step": 56628}
{"aAcc": 81.66, "mIoU": 36.79, "mAcc": 42.6, "avg_val_loss": 3.9261104146639507, "data_time": 0.0126613980472678, "time": 0.3595264689757092, "step": 60000}
{"lr": 0.006268251460602264, "data_time": 0.9045337915420533, "loss": 2.2285970568656923, "decode.loss_ce": 0.3194142818450928,