{"lr": 0.003443555014236119, "data_time": 0.009141349792480468, "loss": 3.359646368026733, "decode.loss_ce": 0.606011563539505, "decode.acc_seg": 65.41622161865234, "aux_0.loss_ce": 0.8544313848018646, "aux_0.acc_seg": 54.42510986328125, "aux_1.loss_ce": 0.701983779668808, "aux_1.acc_seg": 58.90383529663086, "aux_2.loss_ce": 0.617017412185669, "aux_2.acc_seg": 64.74911499023438, "aux_3.loss_ce": 0.5802022725343704, "aux_3.acc_seg": 66.00428009033203, "time": 0.5468657493591309, "iter": 410, "memory": 19198, "step": 410}
{"lr": 0.009106373674004149, "data_time": 0.011450242996215821, "loss": 2.474748635292053, "decode.loss_ce": 0.4045627623796463, "decode.acc_seg": 82.01039123535156, "aux_0.loss_ce": 0.6666647553443908, "aux_0.acc_seg": 71.35099792480469, "aux_1.loss_ce": 0.5354963153600693, "aux_1.acc_seg": 76.61727905273438, "aux_2.loss_ce": 0.4607709676027298, "aux_2.acc_seg": 80.38705444335938, "aux_3.loss_ce": 0.407253822684288, "aux_3.acc_seg": 80.38522338867188, "time": 0.5637559413909912, "iter": 10000, "memory": 2889, "step": 10000}
{"aAcc": 89.11, "mIoU": 59.62, "mAcc": 66.1, "avg_val_loss": 8.36631583409991, "data_time": 0.0055598455005221896, "time": 0.10071031623416477, "step": 10000}
{"lr": 0.008200516139713258, "data_time": 0.2760771751403809, "loss": 2.4558220744132995, "decode.loss_ce": 0.3937877923250198, "decode.acc_seg": 76.15283203125, "aux_0.loss_ce": 0.6737419068813324, "aux_0.acc_seg": 65.34388732910156, "aux_1.loss_ce": 0.5353107005357742, "aux_1.acc_seg": 71.91383361816406, "aux_2.loss_ce": 0.45751199424266814, "aux_2.acc_seg": 73.99288940429688, "aux_3.loss_ce": 0.39546968042850494, "aux_3.acc_seg": 77.77139282226562, "time": 0.500239634513855, "iter": 20000, "memory": 10746, "step": 20000}
{"aAcc": 88.37, "mIoU": 59.04, "mAcc": 66.0, "avg_val_loss": 6.6014228118158815, "data_time": 0.0046921622198066795, "time": 0.09822578176426518, "step": 20000}
{"lr": 0.007283232762750171, "data_time": 0.022825026512145997, "loss": 2.4352203607559204, "decode.loss_ce": 0.38186983913183215, "decode.acc_seg": 84.55489349365234, "aux_0.loss_ce": 0.6798826813697815, "aux_0.acc_seg": 66.55616760253906, "aux_1.loss_ce": 0.5372691094875336, "aux_1.acc_seg": 71.33621978759766, "aux_2.loss_ce": 0.45230355858802795, "aux_2.acc_seg": 79.23422241210938, "aux_3.loss_ce": 0.38389518707990644, "aux_3.acc_seg": 84.4923324584961, "time": 0.4411454200744629, "iter": 30000, "memory": 2889, "step": 30000}
{"aAcc": 89.23, "mIoU": 60.02, "mAcc": 66.58, "avg_val_loss": 5.030543761144844, "data_time": 0.005011781620609258, "time": 0.09741912395621086, "step": 30000}
{"lr": 0.006352703407289149, "data_time": 0.21093544960021973, "loss": 2.284640038013458, "decode.loss_ce": 0.3481492757797241, "decode.acc_seg": 86.23294830322266, "aux_0.loss_ce": 0.6236820340156555, "aux_0.acc_seg": 67.74833679199219, "aux_1.loss_ce": 0.5073426514863968, "aux_1.acc_seg": 75.68183135986328, "aux_2.loss_ce": 0.4488223284482956, "aux_2.acc_seg": 78.56916809082031, "aux_3.loss_ce": 0.35664370059967043, "aux_3.acc_seg": 88.03172302246094, "time": 0.43935723304748536, "iter": 40000, "memory": 2889, "step": 40000}
{"aAcc": 87.97, "mIoU": 58.4, "mAcc": 65.45, "avg_val_loss": 4.225329699995487, "data_time": 0.005037605894642764, "time": 0.09681934369376917, "step": 40000}
{"lr": 0.0054064577076796795, "data_time": 0.19529290199279786, "loss": 2.3123261451721193, "decode.loss_ce": 0.34239075481891634, "decode.acc_seg": 83.0086669921875, "aux_0.loss_ce": 0.6676717460155487, "aux_0.acc_seg": 71.24466705322266, "aux_1.loss_ce": 0.5338063806295394, "aux_1.acc_seg": 77.0598373413086, "aux_2.loss_ce": 0.43418608903884887, "aux_2.acc_seg": 82.58560943603516, "aux_3.loss_ce": 0.33427118211984636, "aux_3.acc_seg": 83.68061065673828, "time": 0.5326739072799682, "iter": 50000, "memory": 2889, "step": 50000}
{"aAcc": 76.45, "mIoU": 45.75, "mAcc": 56.5, "avg_val_loss": 4.559329657675957, "data_time": 0.0050345387004167175, "time": 0.09840422776215885, "step": 50000}
