{"lr": 0.0049698958789654414, "data_time": 0.008951449394226074, "loss": 3.473107647895813, "decode.loss_ce": 0.6356150954961777, "decode.acc_seg": 75.87078094482422, "aux_0.loss_ce": 0.8627199411392212, "aux_0.acc_seg": 57.013221740722656, "aux_1.loss_ce": 0.7090660333633423, "aux_1.acc_seg": 70.40555572509766, "aux_2.loss_ce": 0.6258648604154586, "aux_2.acc_seg": 75.78450012207031, "aux_3.loss_ce": 0.6398417770862579, "aux_3.acc_seg": 75.61722564697266, "time": 0.49754245281219484, "iter": 667, "memory": 19198, "step": 667}
{"lr": 0.009106373674004149, "data_time": 0.009660673141479493, "loss": 2.4533015489578247, "decode.loss_ce": 0.3973590314388275, "decode.acc_seg": 84.78894805908203, "aux_0.loss_ce": 0.6643895506858826, "aux_0.acc_seg": 70.99955749511719, "aux_1.loss_ce": 0.5332779616117478, "aux_1.acc_seg": 79.195556640625, "aux_2.loss_ce": 0.4517848134040833, "aux_2.acc_seg": 82.65411376953125, "aux_3.loss_ce": 0.40649016201496124, "aux_3.acc_seg": 84.05155944824219, "time": 0.4711200952529907, "iter": 10000, "memory": 2889, "step": 10000}
{"aAcc": 89.42, "mIoU": 63.79, "mAcc": 68.61, "avg_val_loss": 4.15186511911659, "data_time": 0.004565717909071181, "time": 0.3564745537439982, "step": 10000}
{"lr": 0.008200516139713258, "data_time": 0.008780813217163086, "loss": 2.5639480113983155, "decode.loss_ce": 0.4066823422908783, "decode.acc_seg": 88.9158935546875, "aux_0.loss_ce": 0.7108295381069183, "aux_0.acc_seg": 71.04827880859375, "aux_1.loss_ce": 0.5600218057632447, "aux_1.acc_seg": 78.20149993896484, "aux_2.loss_ce": 0.4744325429201126, "aux_2.acc_seg": 85.63938903808594, "aux_3.loss_ce": 0.41198180317878724, "aux_3.acc_seg": 88.82422637939453, "time": 0.39454035758972167, "iter": 20000, "memory": 10746, "step": 20000}
{"aAcc": 85.95, "mIoU": 64.07, "mAcc": 70.66, "avg_val_loss": 3.2973584347923555, "data_time": 0.0036465577169955436, "time": 0.3409354115801217, "step": 20000}
{"lr": 0.007283232762750171, "data_time": 0.0100480318069458, "loss": 2.430215835571289, "decode.loss_ce": 0.3967298060655594, "decode.acc_seg": 86.50111389160156, "aux_0.loss_ce": 0.6516854584217071, "aux_0.acc_seg": 70.6223373413086, "aux_1.loss_ce": 0.528007048368454, "aux_1.acc_seg": 77.51483154296875, "aux_2.loss_ce": 0.46092153489589693, "aux_2.acc_seg": 81.03827667236328, "aux_3.loss_ce": 0.3928719997406006, "aux_3.acc_seg": 86.49327850341797, "time": 0.5101182222366333, "iter": 30000, "memory": 2889, "step": 30000}
{"aAcc": 65.39, "mIoU": 35.91, "mAcc": 49.64, "avg_val_loss": 3.0837994797896315, "data_time": 0.003754461948200234, "time": 0.3413273024717614, "step": 30000}
{"lr": 0.006352703407289149, "data_time": 0.010380291938781738, "loss": 2.252958822250366, "decode.loss_ce": 0.3470973536372185, "decode.acc_seg": 87.31744384765625, "aux_0.loss_ce": 0.6295065402984619, "aux_0.acc_seg": 78.00399780273438, "aux_1.loss_ce": 0.4919688880443573, "aux_1.acc_seg": 82.97083282470703, "aux_2.loss_ce": 0.4233840614557266, "aux_2.acc_seg": 83.98078155517578, "aux_3.loss_ce": 0.3610020101070404, "aux_3.acc_seg": 87.64600372314453, "time": 0.49510917663574217, "iter": 40000, "memory": 2889, "step": 40000}
{"aAcc": 72.59, "mIoU": 43.14, "mAcc": 54.74, "avg_val_loss": 4.430120482875058, "data_time": 0.003770153696944074, "time": 0.3516516193846641, "step": 40000}
{"lr": 0.0054064577076796795, "data_time": 0.034923863410949704, "loss": 2.31159348487854, "decode.loss_ce": 0.34387535899877547, "decode.acc_seg": 79.6435546875, "aux_0.loss_ce": 0.6589333772659302, "aux_0.acc_seg": 60.800445556640625, "aux_1.loss_ce": 0.5331603109836578, "aux_1.acc_seg": 70.92194366455078, "aux_2.loss_ce": 0.4297792464494705, "aux_2.acc_seg": 75.44144439697266, "aux_3.loss_ce": 0.3458451732993126, "aux_3.acc_seg": 80.32688903808594, "time": 0.5477591276168823, "iter": 50000, "memory": 2889, "step": 50000}
{"aAcc": 83.69, "mIoU": 55.15, "mAcc": 62.74, "avg_val_loss": 4.829466069931449, "data_time": 0.0037915267859752848, "time": 0.3515586715579826, "step": 50000}
{"lr": 0.004440959115695473, "data_time": 0.02259042263031006, "loss": 2.501240587234497, "decode.loss_ce": 0.36166582107543943, "decode.acc_seg": 88.5584487915039, "aux_0.loss_ce": 0.7065535843372345, "aux_0.acc_seg": 63.659446716308594, "aux_1.loss_ce": 0.5773415267467499, "aux_1.acc_seg": 73.92394256591797, "aux_2.loss_ce": 0.4818469613790512, "aux_2.acc_seg": 80.24366760253906, "aux_3.loss_ce": 0.3738326668739319, "aux_3.acc_seg": 88.2201156616211, "time": 0.4961625814437866, "iter": 60000, "memory": 2889, "step": 60000}
{"aAcc": 87.82, "mIoU": 61.02, "mAcc": 66.47, "avg_val_loss": 4.47605054675262, "data_time": 0.003634572822080219, "time": 0.3440076014947997, "step": 60000}
{"lr": 0.0034507407905215665, "data_time": 0.010286593437194824, "loss": 2.568848156929016, "decode.loss_ce": 0.3938436031341553, "decode.acc_seg": 85.08200073242188, "aux_0.loss_ce": 0.7047851383686066, "aux_0.acc_seg": 77.86866760253906, "aux_1.loss_ce": 0.5774772822856903, "aux_1.acc_seg": 82.86133575439453, "aux_2.loss_ce": 0.49457013607025146, "aux_2.acc_seg": 84.39260864257812, "aux_3.loss_ce": 0.3981719821691513, "aux_3.acc_seg": 84.56883239746094, "time": 0.4275787353515625, "iter": 70000, "memory": 2889, "step": 70000}
{"aAcc": 62.53, "mIoU": 36.37, "mAcc": 50.8, "avg_val_loss": 4.862577115977472, "data_time": 0.0036750738478024095, "time": 0.3447733052289671, "step": 70000}
{"lr": 0.002426262391078836, "data_time": 0.21646339893341066, "loss": 2.102315056324005, "decode.loss_ce": 0.310973596572876, "decode.acc_seg": 87.8927230834961, "aux_0.loss_ce": 0.613335132598877, "aux_0.acc_seg": 79.33222198486328, "aux_1.loss_ce": 0.4728221148252487, "aux_1.acc_seg": 83.21661376953125, "aux_2.loss_ce": 0.39085293710231783, "aux_2.acc_seg": 85.77461242675781, "aux_3.loss_ce": 0.31433128118515014, "aux_3.acc_seg": 88.09783172607422, "time": 0.49753005504608155, "iter": 80000, "memory": 2889, "step": 80000}
{"aAcc": 79.61, "mIoU": 52.25, "mAcc": 61.38, "avg_val_loss": 4.500133187774241, "data_time": 0.003902877249368807, "time": 0.3528990782549535, "step": 80000}
{"lr": 0.0013466131488271919, "data_time": 0.16802408695220947, "loss": 2.3400978565216066, "decode.loss_ce": 0.32852700650691985, "decode.acc_seg": 91.06300354003906, "aux_0.loss_ce": 0.6712417483329773, "aux_0.acc_seg": 73.18611145019531, "aux_1.loss_ce": 0.5515416502952576, "aux_1.acc_seg": 80.42378234863281, "aux_2.loss_ce": 0.44781083762645724, "aux_2.acc_seg": 86.0770034790039, "aux_3.loss_ce": 0.34097658544778825, "aux_3.acc_seg": 90.8185043334961, "time": 0.3809573888778687, "iter": 90000, "memory": 2889, "step": 90000}
{"aAcc": 72.34, "mIoU": 42.97, "mAcc": 54.49, "avg_val_loss": 4.747513312491435, "data_time": 0.0037635879347435387, "time": 0.3517554572839166, "step": 90000}
{"lr": 0.0001, "data_time": 0.2517211437225342, "loss": 2.10575110912323, "decode.loss_ce": 0.30353821963071825, "decode.acc_seg": 92.68206024169922, "aux_0.loss_ce": 0.6077138394117355, "aux_0.acc_seg": 81.2330551147461, "aux_1.loss_ce": 0.49033870100975036, "aux_1.acc_seg": 87.68822479248047, "aux_2.loss_ce": 0.38926729261875154, "aux_2.acc_seg": 89.25655364990234, "aux_3.loss_ce": 0.31489308178424835, "aux_3.acc_seg": 92.3832778930664, "time": 0.4554002285003662, "iter": 100000, "memory": 2889, "step": 100000}
{"aAcc": 68.8, "mIoU": 39.89, "mAcc": 52.18, "avg_val_loss": 4.778610523282088, "data_time": 0.00378936991723308, "time": 0.35395639963002, "step": 100000}
