{"lr": 0.0015943962641761188, "data_time": 0.5512394189834595, "loss": 4.286871480941772, "decode.loss_ce": 2.228860950469971, "decode.acc_seg": 65.24549865722656, "aux_0.loss_ce": 0.7764155983924865, "aux_0.acc_seg": 57.19761276245117, "aux_1.loss_ce": 0.822653180360794, "aux_1.acc_seg": 50.27338790893555, "aux_2.loss_ce": 0.45894175469875337, "aux_2.acc_seg": 76.46111297607422, "time": 0.6840312480926514, "iter": 100, "memory": 9437, "step": 100}
{"aAcc": 48.77, "mIoU": 31.51, "mAcc": 51.22, "avg_val_loss": 12.197807650119938, "data_time": 0.02275155034176139, "time": 0.07134342748065327, "step": 100}
{"lr": 0.002194796531020685, "data_time": 0.6100993394851685, "loss": 3.5292908430099486, "decode.loss_ce": 2.0000338435173033, "decode.acc_seg": 90.85083770751953, "aux_0.loss_ce": 0.5888646066188812, "aux_0.acc_seg": 78.16838836669922, "aux_1.loss_ce": 0.6076682597398758, "aux_1.acc_seg": 71.48650360107422, "aux_2.loss_ce": 0.3327240854501724, "aux_2.acc_seg": 90.77083587646484, "time": 0.7193819522857666, "iter": 200, "memory": 34144, "step": 200}
{"aAcc": 54.83, "mIoU": 37.74, "mAcc": 56.15, "avg_val_loss": 12.152333692500466, "data_time": 0.02496932292806691, "time": 0.07106921316563398, "step": 200}
{"lr": 0.0027951967978652476, "data_time": 0.392200231552124, "loss": 3.0335288524627684, "decode.loss_ce": 1.599726963043213, "decode.acc_seg": 88.27983093261719, "aux_0.loss_ce": 0.5449460506439209, "aux_0.acc_seg": 78.9457778930664, "aux_1.loss_ce": 0.5866411745548248, "aux_1.acc_seg": 76.47044372558594, "aux_2.loss_ce": 0.3022146254777908, "aux_2.acc_seg": 89.57111358642578, "time": 0.727411937713623, "iter": 300, "memory": 892, "step": 300}
{"aAcc": 59.02, "mIoU": 39.91, "mAcc": 57.78, "avg_val_loss": 11.996896521970775, "data_time": 0.024378579238365436, "time": 0.07113971381351866, "step": 300}
{"lr": 0.0033955970647098093, "data_time": 0.010542917251586913, "loss": 3.0664219856262207, "decode.loss_ce": 1.6832061886787415, "decode.acc_seg": 91.5146713256836, "aux_0.loss_ce": 0.48247080147266386, "aux_0.acc_seg": 79.37744903564453, "aux_1.loss_ce": 0.6094732135534286, "aux_1.acc_seg": 62.86838912963867, "aux_2.loss_ce": 0.2912717923521996, "aux_2.acc_seg": 92.97905731201172, "time": 0.5031554460525512, "iter": 400, "memory": 892, "step": 400}
{"aAcc": 60.55, "mIoU": 41.0, "mAcc": 58.51, "avg_val_loss": 11.788659991968794, "data_time": 0.024344989623146497, "time": 0.07185346504737591, "step": 400}
{"lr": 0.003995997331554373, "data_time": 0.10747230052947998, "loss": 2.752283549308777, "decode.loss_ce": 1.4326686680316925, "decode.acc_seg": 91.30110931396484, "aux_0.loss_ce": 0.4528834730386734, "aux_0.acc_seg": 85.44261169433594, "aux_1.loss_ce": 0.5942135572433471, "aux_1.acc_seg": 68.30450439453125, "aux_2.loss_ce": 0.27251786440610887, "aux_2.acc_seg": 90.61455535888672, "time": 0.49768388271331787, "iter": 500, "memory": 892, "step": 500}
{"aAcc": 62.22, "mIoU": 45.28, "mAcc": 62.61, "avg_val_loss": 11.146426713640928, "data_time": 0.027611389927480412, "time": 0.07637436088474317, "step": 500}
{"lr": 0.0045963975983989375, "data_time": 0.34440925121307375, "loss": 2.4409046530723573, "decode.loss_ce": 1.2010222017765044, "decode.acc_seg": 87.18499755859375, "aux_0.loss_ce": 0.4520472288131714, "aux_0.acc_seg": 77.82994842529297, "aux_1.loss_ce": 0.5472940117120743, "aux_1.acc_seg": 71.22900390625, "aux_2.loss_ce": 0.2405412197113037, "aux_2.acc_seg": 88.76100158691406, "time": 0.5499013185501098, "iter": 600, "memory": 892, "step": 600}
